family,seed,method,common_equal_relative_error,bank_level_mae,bank_contrast_mae,same_choice_as_hist
gaussian,81000,historical_se_penalty,0.06562599861832795,0.05852100056496428,0.03479943184906596,1
gaussian,81000,support_mix50,0.06375953284724346,0.05605872267029247,0.031874562752468735,1
gaussian,81000,support_band50,0.06375953284724346,0.056058722670292487,0.03187456275246873,1
gaussian,81000,filtered_historical,0.032354247955118036,0.07722293516779402,0.12283269382112688,0
gaussian,81001,historical_se_penalty,0.013633137431180397,0.019760398066949153,0.02317050809516471,1
gaussian,81001,support_mix50,0.021828820805927417,0.02678050436378586,0.025264221580550476,1
gaussian,81001,support_band50,0.02182882080592722,0.02678050436378584,0.02526422158055046,1
gaussian,81001,filtered_historical,0.10266209290953972,0.1511191682081501,0.11822421769274429,0
gaussian,81002,historical_se_penalty,0.021978246590440505,0.04361300205441992,0.03616070170212786,1
gaussian,81002,support_mix50,0.03185613539083606,0.04970191213586338,0.04274650610557008,0
gaussian,81002,support_band50,0.03185613539083606,0.049701912135863356,0.04274650610557009,0
gaussian,81002,filtered_historical,0.07859434477596104,0.11479643545270132,0.08925996208718812,0
gaussian,81003,historical_se_penalty,0.012213574427308157,0.03433504693748888,0.035298784170385934,1
gaussian,81003,support_mix50,0.03632706791902903,0.05096137162963582,0.03390685009375755,0
gaussian,81003,support_band50,0.03632706791902903,0.050961371629635835,0.03390685009375755,0
gaussian,81003,filtered_historical,0.051999958690138355,0.0804033333721677,0.05974784641996264,0
gaussian,81004,historical_se_penalty,0.023675070502481497,0.02714312404233768,0.03243586549586717,1
gaussian,81004,support_mix50,0.0139819096642623,0.027665474487780273,0.0556930789910154,1
gaussian,81004,support_band50,0.0139819096642623,0.027665474487780266,0.05569307899101537,1
gaussian,81004,filtered_historical,0.07987632442114881,0.11103328864405622,0.06127730290628753,0
gaussian,81005,historical_se_penalty,0.08267569411395907,0.08256712832913385,0.09099217002496186,1
gaussian,81005,support_mix50,0.10016926565227023,0.09829998035215395,0.08936093779721481,1
gaussian,81005,support_band50,0.10016926565227023,0.0982999803521539,0.08936093779721475,1
gaussian,81005,filtered_historical,0.16502689138383358,0.19274585504732328,0.09794308003330832,0
gaussian,81006,historical_se_penalty,0.02281944483901405,0.042358267482416646,0.0935973877977189,1
gaussian,81006,support_mix50,0.024326990754172932,0.03843622752720082,0.08247685700848519,1
gaussian,81006,support_band50,0.024326990754172932,0.03843622752720082,0.08247685700848527,1
gaussian,81006,filtered_historical,0.15266305949678788,0.24171495881687666,0.20101105833420282,1
gaussian,81007,historical_se_penalty,0.004213250277248838,0.028091340740505014,0.03168026278805263,1
gaussian,81007,support_mix50,0.008640290327332439,0.028944638010123164,0.02584442881956996,0
gaussian,81007,support_band50,0.008640290327332439,0.02894463801012314,0.02584442881956995,0
gaussian,81007,filtered_historical,0.03547599519568786,0.0857979408302156,0.0914594342078992,0
gaussian,81008,historical_se_penalty,0.009958809323106175,0.016557666388411583,0.021048217451343065,1
gaussian,81008,support_mix50,0.0113106621878851,0.016851480322145822,0.017226876542942023,0
gaussian,81008,support_band50,0.0113106621878851,0.016851480322145805,0.017226876542942006,0
gaussian,81008,filtered_historical,0.027540926439513762,0.0708114476334473,0.07722820827518104,0
gaussian,81009,historical_se_penalty,0.09294287093573748,0.11234591253436764,0.05243412134432302,1
gaussian,81009,support_mix50,0.08325016396983854,0.10157380683503998,0.05116700696945339,0
gaussian,81009,support_band50,0.08325016396983854,0.10157380683503993,0.051167006969453366,0
gaussian,81009,filtered_historical,0.06771254320526075,0.09472812239073193,0.06056259448373459,0
gaussian,81010,historical_se_penalty,0.04758923973641348,0.047207884948759084,0.03674465611086848,1
gaussian,81010,support_mix50,0.043370281575736254,0.0541748028414891,0.037004474435119075,1
gaussian,81010,support_band50,0.043370281575736254,0.054174802841489116,0.03700447443511908,1
gaussian,81010,filtered_historical,0.02819025792592205,0.06710562869285859,0.05334170921187735,1
gaussian,81011,historical_se_penalty,0.012076406962138958,0.02916907597860426,0.039109829985746476,1
gaussian,81011,support_mix50,0.012237866587795585,0.02770429975325357,0.030129212574339585,1
gaussian,81011,support_band50,0.012237866587795585,0.02770429975325358,0.030129212574339568,1
gaussian,81011,filtered_historical,0.03545080465505108,0.07286566579877905,0.12017308467270256,0
gaussian,81012,historical_se_penalty,0.06787941507626039,0.07593286182913477,0.03967580957368563,1
gaussian,81012,support_mix50,0.06822382641293655,0.0648488058688126,0.03629151158512025,1
gaussian,81012,support_band50,0.06822382641293655,0.06484880586881263,0.036291511585120236,1
gaussian,81012,filtered_historical,0.12224044864560715,0.12314789245444381,0.0707228404086753,0
gaussian,81013,historical_se_penalty,0.019777411349494803,0.027455079232656342,0.0380503564799523,1
gaussian,81013,support_mix50,0.028007464119598098,0.036542922513220666,0.04093656370080593,1
gaussian,81013,support_band50,0.028007464119598098,0.03654292251322064,0.0409365637008059,1
gaussian,81013,filtered_historical,0.0896386046933829,0.13013530451499597,0.15752150272302118,0
gaussian,81014,historical_se_penalty,0.02452132007869635,0.042925609651706186,0.09643431501176139,1
gaussian,81014,support_mix50,0.04812512390840822,0.056819733684239176,0.09876955408928231,0
gaussian,81014,support_band50,0.04812512390840822,0.05681973368423913,0.09876955408928226,0
gaussian,81014,filtered_historical,0.019496960219278926,0.0804844756592547,0.07798917085431274,0
gaussian,81015,historical_se_penalty,0.1405841123269204,0.11390274801393618,0.04490551843311935,1
gaussian,81015,support_mix50,0.13427907154796223,0.10811247790513473,0.042586607953251504,1
gaussian,81015,support_band50,0.13427907154796223,0.10811247790513476,0.04258660795325149,1
gaussian,81015,filtered_historical,0.01993565170088438,0.0909742903680942,0.11978782234585983,0
gaussian,81016,historical_se_penalty,0.030898266154620036,0.0409679669582188,0.07658617049698666,1
gaussian,81016,support_mix50,0.03417856635763642,0.048106199582528424,0.0578377295898963,0
gaussian,81016,support_band50,0.03417856635763623,0.0481061995825284,0.057837729589896275,0
gaussian,81016,filtered_historical,0.020352636551004118,0.0755097639153019,0.1412039263168116,1
gaussian,81017,historical_se_penalty,0.012366938874721012,0.044134694416546896,0.07862594945097219,1
gaussian,81017,support_mix50,0.031904608257318175,0.06378029492107586,0.1283985807032475,1
gaussian,81017,support_band50,0.031904608257318175,0.06378029492107583,0.12839858070324744,1
gaussian,81017,filtered_historical,0.1287751716076391,0.15768422599966267,0.13975531315602374,0
gaussian,81018,historical_se_penalty,0.07452834801154047,0.09048669592309626,0.03503932363536608,1
gaussian,81018,support_mix50,0.0758478936807289,0.08890212301595987,0.03822807581935756,1
gaussian,81018,support_band50,0.0758478936807289,0.08890212301595991,0.03822807581935754,1
gaussian,81018,filtered_historical,0.06794422193850737,0.09843512306195414,0.09082694972288305,0
gaussian,81019,historical_se_penalty,0.02349080908969777,0.03924835412601563,0.09550979208780132,1
gaussian,81019,support_mix50,0.02860392042590922,0.04861146389954346,0.11340117326315166,1
gaussian,81019,support_band50,0.02860392042590902,0.04861146389954343,0.11340117326315162,1
gaussian,81019,filtered_historical,0.003763297111597743,0.08355969588791015,0.09397699669690716,0
gaussian,81020,historical_se_penalty,0.08448436405812693,0.08034417349998078,0.046379405967537375,1
gaussian,81020,support_mix50,0.09003404449191786,0.08104063534573404,0.027437295628500825,0
gaussian,81020,support_band50,0.09003404449191807,0.08104063534573407,0.027437295628500814,0
gaussian,81020,filtered_historical,0.010999571560838637,0.0854258820301889,0.10899372020804181,0
gaussian,81021,historical_se_penalty,0.01622685532099798,0.03955303776533587,0.054581207782968835,1
gaussian,81021,support_mix50,0.022339049182749347,0.04035251673962607,0.0537304722633456,1
gaussian,81021,support_band50,0.022339049182749347,0.04035251673962607,0.05373047226334559,1
gaussian,81021,filtered_historical,0.0830865459444887,0.10455218950348491,0.08993144226132985,0
gaussian,81022,historical_se_penalty,0.014881621372922054,0.028777098856921837,0.03300996359159661,1
gaussian,81022,support_mix50,0.039607147281486885,0.04088938108110869,0.037851077278686696,1
gaussian,81022,support_band50,0.039607147281486885,0.04088938108110871,0.037851077278686675,1
gaussian,81022,filtered_historical,0.05144665685913264,0.06860355725441356,0.05674126052799619,0
gaussian,81023,historical_se_penalty,0.01624496540179903,0.024641264243933564,0.02311965348596944,1
gaussian,81023,support_mix50,0.004963385661332569,0.025733174539955394,0.03177040066050996,0
gaussian,81023,support_band50,0.004963385661332373,0.02573317453995537,0.031770400660509915,0
gaussian,81023,filtered_historical,0.02525129558438741,0.03816504355894407,0.03566174356048269,0
gaussian,81024,historical_se_penalty,0.009680538866060176,0.042155558640266155,0.046848060146909745,1
gaussian,81024,support_mix50,0.01164711011299522,0.03364223952572379,0.042246969862621546,0
gaussian,81024,support_band50,0.01164711011299522,0.03364223952572379,0.04224696986262153,0
gaussian,81024,filtered_historical,0.04996422087048122,0.06892367954385381,0.08733330295622824,0
gaussian,81025,historical_se_penalty,0.006982952057961754,0.043568198606628014,0.08662573794928864,1
gaussian,81025,support_mix50,0.015622287349959081,0.042466153114671036,0.0658357316437572,0
gaussian,81025,support_band50,0.015622287349959081,0.042466153114671036,0.06583573164375715,0
gaussian,81025,filtered_historical,0.004427209603083774,0.05768427462718356,0.10595283215784843,0
gaussian,81026,historical_se_penalty,0.056219180619296934,0.06513306613071347,0.03192705383573516,1
gaussian,81026,support_mix50,0.08099169168287303,0.07998389757519851,0.03474842280004464,0
gaussian,81026,support_band50,0.08099169168287303,0.07998389757519854,0.03474842280004465,0
gaussian,81026,filtered_historical,0.008014891976360888,0.052699708695933725,0.08371456957974645,1
gaussian,81027,historical_se_penalty,0.032853084951716655,0.04141021827413655,0.04339900623361086,1
gaussian,81027,support_mix50,0.048650098345302206,0.057392233765849544,0.047879327490185385,0
gaussian,81027,support_band50,0.048650098345302206,0.05739223376584952,0.04787932749018552,0
gaussian,81027,filtered_historical,0.03416417861826355,0.07748082473427392,0.07291573866718505,0
gaussian,81028,historical_se_penalty,0.12269096451721336,0.13066284502689346,0.03292150867226654,1
gaussian,81028,support_mix50,0.15119909946578106,0.159589423251325,0.023877671441373476,0
gaussian,81028,support_band50,0.15119909946578106,0.15958942325132505,0.02387767144137347,0
gaussian,81028,filtered_historical,0.09026166295325684,0.1311757948100182,0.15424167719568113,1
gaussian,81029,historical_se_penalty,0.03202608260977291,0.042555813587519475,0.04772445286999865,1
gaussian,81029,support_mix50,0.01670686781545689,0.03381908544056594,0.06204729998972509,1
gaussian,81029,support_band50,0.01670686781545689,0.03381908544056594,0.06204729998972506,1
gaussian,81029,filtered_historical,0.026267325622852142,0.059412880287680915,0.07289900366705454,0
gaussian,81030,historical_se_penalty,0.03351033412601333,0.04137499321405355,0.0621055540366578,1
gaussian,81030,support_mix50,0.0535006705492762,0.060301696641563325,0.06844058054610358,0
gaussian,81030,support_band50,0.0535006705492762,0.06030169664156328,0.06844058054610352,0
gaussian,81030,filtered_historical,0.08814069499032134,0.1190901055185326,0.05633041549117759,0
gaussian,81031,historical_se_penalty,0.044019892096665264,0.04130445144219716,0.049166390116881016,1
gaussian,81031,support_mix50,0.03600884003361451,0.044919472918306495,0.05419009175592756,0
gaussian,81031,support_band50,0.03600884003361451,0.0449194729183065,0.05419009175592752,0
gaussian,81031,filtered_historical,0.1371726078312429,0.2131621949513839,0.11325376050331507,0
gaussian,81032,historical_se_penalty,0.047725089828034334,0.06473848185075481,0.04721007977295577,1
gaussian,81032,support_mix50,0.027803342812657027,0.03843879112878017,0.034289404851429485,0
gaussian,81032,support_band50,0.027803342812657027,0.038438791128780146,0.03428940485142961,0
gaussian,81032,filtered_historical,0.15484138476582057,0.20357111455834187,0.11504380451929683,1
gaussian,81033,historical_se_penalty,0.023254386685304874,0.04977974003326936,0.04216142647275844,1
gaussian,81033,support_mix50,0.04570115340539297,0.05919264460528045,0.04599808516812149,1
gaussian,81033,support_band50,0.04570115340539297,0.059192644605280474,0.04599808516812149,1
gaussian,81033,filtered_historical,0.0005746018963830321,0.08494014737306196,0.08781230141803265,1
gaussian,81034,historical_se_penalty,0.005305899316266372,0.05027140010930576,0.05610816528963585,1
gaussian,81034,support_mix50,0.013684158341515134,0.04620697610792248,0.04403801471151052,0
gaussian,81034,support_band50,0.01368415834151533,0.04620697610792248,0.0440380147115105,0
gaussian,81034,filtered_historical,0.07155299111215233,0.10048544183194114,0.10011656078537204,0
gaussian,81035,historical_se_penalty,0.03229449887895419,0.041944323708463786,0.03199437317245937,1
gaussian,81035,support_mix50,0.03263113799721485,0.03756523976126981,0.03127288158540778,1
gaussian,81035,support_band50,0.03263113799721485,0.037565239761269825,0.03127288158540777,1
gaussian,81035,filtered_historical,0.03397583385282013,0.06983311308440965,0.07180383937895594,0
gaussian,81036,historical_se_penalty,0.07117101247336319,0.07053978305960755,0.02478680375952781,1
gaussian,81036,support_mix50,0.07387851729831572,0.07414636166289057,0.026555115470314836,1
gaussian,81036,support_band50,0.07387851729831592,0.0741463616628906,0.026555115470314822,1
gaussian,81036,filtered_historical,0.0362153646073286,0.055437505240565225,0.08077437388482443,1
gaussian,81037,historical_se_penalty,0.002853108739408424,0.029585651565292213,0.058963034571705625,1
gaussian,81037,support_mix50,0.004269043190947946,0.030690157017274483,0.05663856313450147,1
gaussian,81037,support_band50,0.004269043190947946,0.030690157017274487,0.05663856313450145,1
gaussian,81037,filtered_historical,0.008768618893703835,0.04837473070691955,0.0841414741655765,0
gaussian,81038,historical_se_penalty,0.07081488997066299,0.07229317138573893,0.04211202369346174,1
gaussian,81038,support_mix50,0.06009085407771792,0.07211608436096588,0.0495191713697748,1
gaussian,81038,support_band50,0.06009085407771812,0.07211608436096592,0.04951917136977477,1
gaussian,81038,filtered_historical,0.11770980782944858,0.13785698257732226,0.06543254926756242,0
gaussian,81039,historical_se_penalty,0.014480663264691745,0.034130596710676336,0.07480191651942078,1
gaussian,81039,support_mix50,0.018144000431255625,0.0354253479634594,0.08955144714398132,1
gaussian,81039,support_band50,0.018144000431255625,0.03542534796345938,0.08955144714398128,1
gaussian,81039,filtered_historical,0.023106608043709672,0.06229771637032861,0.12413555890424237,0
gaussian,81040,historical_se_penalty,0.08788711122538924,0.08420736792509947,0.08902093936051766,1
gaussian,81040,support_mix50,0.051474920024517486,0.07025251593616516,0.07654607484820705,1
gaussian,81040,support_band50,0.051474920024517486,0.07025251593616517,0.0765460748482071,1
gaussian,81040,filtered_historical,0.051233578471770326,0.08227010333739443,0.11930295140976035,0
gaussian,81041,historical_se_penalty,0.037408167621570246,0.04237858896878069,0.06345435422572873,1
gaussian,81041,support_mix50,0.07275296249087355,0.06647910826221985,0.05098201424095996,1
gaussian,81041,support_band50,0.07275296249087355,0.0664791082622199,0.05098201424095993,1
gaussian,81041,filtered_historical,0.03776271536577842,0.07854085275603917,0.11070472734066673,1
gaussian,81042,historical_se_penalty,0.06639782027847277,0.064982720251171,0.07057035346534007,1
gaussian,81042,support_mix50,0.07258514113454516,0.07224587483968878,0.07077033400013444,0
gaussian,81042,support_band50,0.07258514113454516,0.07224587483968875,0.07077033400013456,0
gaussian,81042,filtered_historical,0.11570542177861828,0.13082228426702175,0.08663999224002913,0
gaussian,81043,historical_se_penalty,0.030259809393418987,0.0564538286828937,0.03464870908066267,1
gaussian,81043,support_mix50,0.03295076975414258,0.05610154901638686,0.03784577494499382,0
gaussian,81043,support_band50,0.03295076975414258,0.0561015490163869,0.0378457749449938,0
gaussian,81043,filtered_historical,0.01979466043156331,0.08185205100883744,0.09698669626117362,0
gaussian,81044,historical_se_penalty,0.003404332439664142,0.036206906122196875,0.0686002521157418,1
gaussian,81044,support_mix50,0.025794808382111564,0.04651275992303662,0.05433727293719985,0
gaussian,81044,support_band50,0.025794808382111564,0.0465127599230366,0.05433727293719982,0
gaussian,81044,filtered_historical,0.007348427977673783,0.06794465985410192,0.14867055032071194,1
gaussian,81045,historical_se_penalty,0.018925226343163144,0.036183048272451716,0.025409854455404342,1
gaussian,81045,support_mix50,0.02027771836648848,0.04014369519806331,0.02731281701250499,0
gaussian,81045,support_band50,0.02027771836648848,0.04014369519806333,0.02731281701250498,0
gaussian,81045,filtered_historical,0.00274094525489221,0.04775722460593167,0.0499794451308551,1
gaussian,81046,historical_se_penalty,0.004636205983304274,0.028447525859108792,0.03282744393334333,1
gaussian,81046,support_mix50,0.02233818646268401,0.03692051486927783,0.06525273934077441,1
gaussian,81046,support_band50,0.02233818646268401,0.03692051486927781,0.06525273934077433,1
gaussian,81046,filtered_historical,0.11011238292868024,0.13988205885080127,0.09350423347739267,0
gaussian,81047,historical_se_penalty,0.001973267103802574,0.026132627091159454,0.04743076589584668,1
gaussian,81047,support_mix50,0.01000205299734344,0.021227901731736835,0.026529039200370707,0
gaussian,81047,support_band50,0.010002052997343636,0.021227901731736852,0.02652903920037068,0
gaussian,81047,filtered_historical,0.02883060884833806,0.05897311743020475,0.06546146289790185,1
gaussian,81048,historical_se_penalty,0.006696866905608351,0.04182056833462957,0.04264418335934438,1
gaussian,81048,support_mix50,0.010678725408866859,0.038518859926862735,0.03887617569755947,1
gaussian,81048,support_band50,0.010678725408866663,0.03851885992686275,0.038876175697559474,1
gaussian,81048,filtered_historical,0.0033815277178016693,0.07239247533966706,0.090616821520684,0
gaussian,81049,historical_se_penalty,0.015043992306973682,0.04434164055209366,0.030875673743894393,1
gaussian,81049,support_mix50,0.05919091778685607,0.07057154942645448,0.037096129205484225,0
gaussian,81049,support_band50,0.05919091778685607,0.07057154942645451,0.03709612920548424,0
gaussian,81049,filtered_historical,0.020457820275661207,0.041766215269987264,0.049260305810782126,0
gaussian,81050,historical_se_penalty,0.0438962252755981,0.041972293016671186,0.07731508824454099,1
gaussian,81050,support_mix50,0.014580962227120168,0.02486220011010011,0.040292627447039424,0
gaussian,81050,support_band50,0.014580962227120168,0.024862200110100086,0.04029262744703939,0
gaussian,81050,filtered_historical,0.009026276529023557,0.05195268568544818,0.05035998539090072,1
gaussian,81051,historical_se_penalty,0.034971356872339286,0.04019345635158317,0.031190175752642164,1
gaussian,81051,support_mix50,0.04444895309010276,0.04151498556663303,0.03210215732236253,0
gaussian,81051,support_band50,0.04444895309010276,0.04151498556663305,0.03210215732236251,0
gaussian,81051,filtered_historical,0.006121369872041697,0.05562875007275454,0.05704544141255676,0
gaussian,81052,historical_se_penalty,0.04412673872120331,0.05222478248710491,0.0410499975037701,1
gaussian,81052,support_mix50,0.05329162358781912,0.06083020178860559,0.036410638309363176,0
gaussian,81052,support_band50,0.05329162358781893,0.06083020178860554,0.03641063830936315,0
gaussian,81052,filtered_historical,0.047451951285097806,0.0657089826968583,0.058256151952981935,0
gaussian,81053,historical_se_penalty,0.06995228810726734,0.10226132293917904,0.04892149008579378,1
gaussian,81053,support_mix50,0.0700342272066441,0.09078967438126025,0.04006302128339691,1
gaussian,81053,support_band50,0.0700342272066441,0.09078967438126029,0.04006302128339689,1
gaussian,81053,filtered_historical,0.054396708493670134,0.07389605146818252,0.05667629373012658,0
gaussian,81054,historical_se_penalty,0.002819106726118083,0.026630849752582078,0.02655500857960467,1
gaussian,81054,support_mix50,0.02036748113580497,0.024285069547451847,0.024515897107695705,0
gaussian,81054,support_band50,0.02036748113580497,0.024285069547451854,0.024515897107695712,0
gaussian,81054,filtered_historical,0.029077442020574825,0.041950862829583685,0.04481407135885315,0
gaussian,81055,historical_se_penalty,0.08590604464752868,0.08078070495193772,0.05337626406697533,1
gaussian,81055,support_mix50,0.08416879305738041,0.08123174295028188,0.040331492706168974,0
gaussian,81055,support_band50,0.08416879305738041,0.08123174295028184,0.04033149270616895,0
gaussian,81055,filtered_historical,0.027905537061421033,0.037637604110337654,0.04143881642780117,0
gaussian,81056,historical_se_penalty,0.03261419728476559,0.04898507737601736,0.04829274068837191,1
gaussian,81056,support_mix50,0.023288618231436985,0.04349526194840629,0.07358349424338433,1
gaussian,81056,support_band50,0.023288618231436985,0.0434952619484063,0.0735834942433843,1
gaussian,81056,filtered_historical,0.03994481576987938,0.08613791513462082,0.1127451281977144,0
gaussian,81057,historical_se_penalty,0.041137612253189654,0.04020543277582341,0.05512471381864826,1
gaussian,81057,support_mix50,0.024549990555232496,0.034270907927141714,0.053406805105867504,0
gaussian,81057,support_band50,0.024549990555232496,0.03427090792714175,0.05340680510586747,0
gaussian,81057,filtered_historical,0.029208530912469857,0.06451024317027293,0.09782584233134586,1
gaussian,81058,historical_se_penalty,0.006847267701799284,0.04027189433274218,0.05227666292381018,1
gaussian,81058,support_mix50,0.009158037660151169,0.03416679779210045,0.05601408582774048,0
gaussian,81058,support_band50,0.009158037660151169,0.03416679779210045,0.05601408582774046,0
gaussian,81058,filtered_historical,0.007091973102907028,0.03793312498543749,0.046621611608728006,0
gaussian,81059,historical_se_penalty,0.02477923136239232,0.04183062523384853,0.07826113472064436,1
gaussian,81059,support_mix50,0.048305390243614826,0.053361108430524655,0.10176480831864648,0
gaussian,81059,support_band50,0.048305390243614826,0.05336110843052464,0.10176480831864666,0
gaussian,81059,filtered_historical,0.17823741572385463,0.2222586727130796,0.23386580311771593,0
gaussian,81060,historical_se_penalty,0.022371696283934088,0.0329620161364977,0.031898017338353755,1
gaussian,81060,support_mix50,0.0033843456268993115,0.03248394791658965,0.03358679188366776,1
gaussian,81060,support_band50,0.0033843456268993115,0.03248394791658966,0.03358679188366775,1
gaussian,81060,filtered_historical,0.0675267112341145,0.08844721171250436,0.0691116865108519,0
gaussian,81061,historical_se_penalty,0.01423537739292081,0.027405087699212478,0.03521773931293097,1
gaussian,81061,support_mix50,0.002237692278960207,0.02474038371669145,0.03142300102843795,0
gaussian,81061,support_band50,0.002237692278960207,0.024740383716691457,0.03142300102843795,0
gaussian,81061,filtered_historical,0.032963064261651104,0.07321749526485939,0.07224537635200486,0
gaussian,81062,historical_se_penalty,0.03606443489815285,0.04782282319161675,0.04674141642481589,1
gaussian,81062,support_mix50,0.04056361507043619,0.04950359747801667,0.043000528793727136,0
gaussian,81062,support_band50,0.04056361507043619,0.049503597478016685,0.043000528793727115,0
gaussian,81062,filtered_historical,0.001844154668139348,0.08628791481994098,0.10737468887963707,0
gaussian,81063,historical_se_penalty,0.08222269119460666,0.0774365501080991,0.08606881758210704,1
gaussian,81063,support_mix50,0.06052267178934499,0.07748711517267641,0.07086737956930189,0
gaussian,81063,support_band50,0.06052267178934499,0.07748711517267635,0.07086737956930185,0
gaussian,81063,filtered_historical,0.008718278881831068,0.046957828136337317,0.04679929630516222,0
gaussian,81064,historical_se_penalty,0.06261089150131131,0.06995107382432283,0.05828699165012089,1
gaussian,81064,support_mix50,0.057848017528829974,0.06939616098686677,0.055633488145898836,1
gaussian,81064,support_band50,0.057848017528829974,0.06939616098686678,0.05563348814589881,1
gaussian,81064,filtered_historical,0.02795206837774918,0.04774824680764274,0.1068619088491021,1
gaussian,81065,historical_se_penalty,0.028227831839233997,0.051762860116229645,0.060193536323108796,1
gaussian,81065,support_mix50,0.0071250337634495,0.04270011212138218,0.04860951357688885,0
gaussian,81065,support_band50,0.0071250337634495,0.042700112121382174,0.04860951357688882,0
gaussian,81065,filtered_historical,0.06469781659772625,0.08684997216165315,0.10985047850276024,0
gaussian,81066,historical_se_penalty,0.002114290059577378,0.03907505715808063,0.08826194773038849,1
gaussian,81066,support_mix50,0.0003471755735498844,0.03248451140838907,0.04900654476635576,0
gaussian,81066,support_band50,0.0003471755735498844,0.03248451140838907,0.04900654476635573,0
gaussian,81066,filtered_historical,0.018558396687003195,0.07265020173707923,0.0759271237317462,0
gaussian,81067,historical_se_penalty,0.014862911250473301,0.03938001087456863,0.09065322623801353,1
gaussian,81067,support_mix50,0.00844856722457018,0.03332638779509887,0.09027687895359732,0
gaussian,81067,support_band50,0.00844856722457018,0.03332638779509887,0.09027687895359751,0
gaussian,81067,filtered_historical,0.00509652748051099,0.05688557277787593,0.11086171798876382,1
gaussian,81068,historical_se_penalty,0.061201872702584675,0.04891361385685517,0.03312551604756841,1
gaussian,81068,support_mix50,0.06839809359255962,0.0687549588015235,0.03810700676963321,0
gaussian,81068,support_band50,0.06839809359255962,0.06875495880152346,0.03810700676963319,0
gaussian,81068,filtered_historical,0.12239782326479816,0.126173107212547,0.07883672930225707,0
gaussian,81069,historical_se_penalty,0.06399862470458739,0.06338723993579164,0.03815447818494243,1
gaussian,81069,support_mix50,0.07442511838047929,0.07915400262983287,0.024092402860918582,0
gaussian,81069,support_band50,0.0744251183804795,0.07915400262983291,0.024092402860918575,0
gaussian,81069,filtered_historical,0.11496071349646976,0.13687670950508313,0.0626950578325857,0
gaussian,81070,historical_se_penalty,0.023050162900240506,0.033739400771080556,0.036747907601707874,1
gaussian,81070,support_mix50,0.027218406745685993,0.03357494124451869,0.0435037488565041,0
gaussian,81070,support_band50,0.027218406745685993,0.03357494124451867,0.04350374885650407,0
gaussian,81070,filtered_historical,0.0901485375059901,0.12009112593654535,0.13527803200300476,0
gaussian,81071,historical_se_penalty,6.177228327257315e-05,0.03163416211993668,0.08920760979804658,1
gaussian,81071,support_mix50,0.018914080658075233,0.03242212334316942,0.0744600935975458,1
gaussian,81071,support_band50,0.018914080658075233,0.03242212334316944,0.07446009359754578,1
gaussian,81071,filtered_historical,0.07133414893430343,0.10150279642283878,0.0933368656671325,0
gaussian,81072,historical_se_penalty,0.026781174256844478,0.03947382710076045,0.06281300638325067,1
gaussian,81072,support_mix50,0.024065627935881257,0.03904786782155744,0.06062565357910376,1
gaussian,81072,support_band50,0.024065627935881257,0.03904786782155745,0.060625653579103746,1
gaussian,81072,filtered_historical,0.014585460155374833,0.08163931215605051,0.13936468585125403,0
gaussian,81073,historical_se_penalty,0.024771903146691657,0.04772085607719179,0.09549666945829714,1
gaussian,81073,support_mix50,0.0256279700557152,0.04595903192435841,0.06651123486330594,0
gaussian,81073,support_band50,0.0256279700557152,0.04595903192435838,0.06651123486330592,0
gaussian,81073,filtered_historical,0.01621922796677313,0.03933625891565195,0.05055770030186857,0
gaussian,81074,historical_se_penalty,0.030451911886755223,0.054629470067163656,0.1843578386513965,1
gaussian,81074,support_mix50,0.01014145539823782,0.04984943445924418,0.1299246722443262,0
gaussian,81074,support_band50,0.01014145539823782,0.04984943445924418,0.12992467224432613,0
gaussian,81074,filtered_historical,0.003274588811544235,0.09094257248972445,0.2630748169759591,1
gaussian,81075,historical_se_penalty,0.022056831341418434,0.0391773254258481,0.03484750874431437,1
gaussian,81075,support_mix50,0.03501851475870643,0.044449552774115685,0.04014928281273149,1
gaussian,81075,support_band50,0.03501851475870643,0.04444955277411571,0.04014928281273152,1
gaussian,81075,filtered_historical,0.01465026370758278,0.07268238820661227,0.07325202693549143,1
gaussian,81076,historical_se_penalty,0.01378142143653995,0.035178100310052154,0.13230705709355575,1
gaussian,81076,support_mix50,0.00451922491649882,0.032830907842229015,0.1449075010729162,0
gaussian,81076,support_band50,0.00451922491649882,0.032830907842229015,0.14490750107291617,0
gaussian,81076,filtered_historical,0.0806169742804837,0.08956394515555328,0.08263542467683678,0
gaussian,81077,historical_se_penalty,0.03299835895420044,0.041921536184945554,0.025300624331632868,1
gaussian,81077,support_mix50,0.007510545636392863,0.03006220491029799,0.027556142484441437,0
gaussian,81077,support_band50,0.007510545636392863,0.030062204910298013,0.02755614248444144,0
gaussian,81077,filtered_historical,0.0006505992511661592,0.02571851627328194,0.024514837193351426,0
gaussian,81078,historical_se_penalty,0.0361129220531831,0.04520490774542367,0.09079570728108122,1
gaussian,81078,support_mix50,0.03106103129755538,0.04240109010979749,0.07351228914313629,1
gaussian,81078,support_band50,0.031061031297555185,0.04240109010979747,0.07351228914313625,1
gaussian,81078,filtered_historical,0.057943349395965946,0.06956490416590506,0.09158292515404341,0
gaussian,81079,historical_se_penalty,0.0557617621616072,0.05062830734689897,0.07815462967757594,1
gaussian,81079,support_mix50,0.0696019133912901,0.0646641487602241,0.08159327940611118,0
gaussian,81079,support_band50,0.0696019133912901,0.06466414876022407,0.08159327940611112,0
gaussian,81079,filtered_historical,0.0752691081085384,0.0645886159445192,0.05698506351803865,1
gaussian,81080,historical_se_penalty,0.004911103015686757,0.023674962405705113,0.02666007394315398,1
gaussian,81080,support_mix50,0.007299885325387109,0.021369720803668342,0.023818741547172003,1
gaussian,81080,support_band50,0.007299885325387109,0.021369720803668352,0.023818741547171975,1
gaussian,81080,filtered_historical,0.026545420695479473,0.06640431463749166,0.10160236129148685,0
gaussian,81081,historical_se_penalty,0.004399486284010598,0.04069752217856629,0.11869847881634525,1
gaussian,81081,support_mix50,0.00691109008135805,0.04211292122893581,0.1027773016334923,1
gaussian,81081,support_band50,0.0069110900813582465,0.042112921228935805,0.10277730163349229,1
gaussian,81081,filtered_historical,0.0673994152070442,0.08448796775879508,0.08184589165096581,0
gaussian,81082,historical_se_penalty,0.04860485875297989,0.048560566372463,0.04186600263924685,1
gaussian,81082,support_mix50,0.06029512208412899,0.06249760446442501,0.037524641252973834,1
gaussian,81082,support_band50,0.06029512208412899,0.062497604464424976,0.03752464125297382,1
gaussian,81082,filtered_historical,0.15320667164645918,0.17332188118923716,0.07799340963418824,0
gaussian,81083,historical_se_penalty,0.036049908466327975,0.05199245544590226,0.04441862828762611,1
gaussian,81083,support_mix50,0.056502443732348376,0.05574272627596049,0.03315678628654383,0
gaussian,81083,support_band50,0.056502443732348376,0.05574272627596052,0.033156786286543824,0
gaussian,81083,filtered_historical,0.0689959536062968,0.08750000490708768,0.06282328764722575,0
gaussian,81084,historical_se_penalty,0.07407665183242045,0.0659793870789286,0.1001068513244944,1
gaussian,81084,support_mix50,0.06333823049477313,0.06030364715373641,0.08643637535213408,1
gaussian,81084,support_band50,0.06333823049477313,0.06030364715373643,0.08643637535213405,1
gaussian,81084,filtered_historical,0.06794552581936758,0.08443023601133044,0.12501617757347655,0
gaussian,81085,historical_se_penalty,0.02983395176327578,0.0376465160636324,0.04843642819663469,1
gaussian,81085,support_mix50,0.027051488873060574,0.03852635072532613,0.05077170811645253,0
gaussian,81085,support_band50,0.027051488873060768,0.038526350725326154,0.05077170811645264,0
gaussian,81085,filtered_historical,0.036728257895147144,0.08320936430179607,0.08170774084050697,0
gaussian,81086,historical_se_penalty,0.07333110437703814,0.07791877373037161,0.029103664629190045,1
gaussian,81086,support_mix50,0.08578778906662841,0.09145146293900062,0.028481873034250184,0
gaussian,81086,support_band50,0.08578778906662841,0.09145146293900065,0.02848187303425019,0
gaussian,81086,filtered_historical,0.07861689427322369,0.10318705226958111,0.08619489783074717,0
gaussian,81087,historical_se_penalty,0.12219819445446675,0.10599567362160257,0.04410500282459176,1
gaussian,81087,support_mix50,0.12062138337662627,0.11628693801572068,0.02588878789182075,1
gaussian,81087,support_band50,0.12062138337662627,0.11628693801572074,0.025888787891820798,1
gaussian,81087,filtered_historical,0.09060623268131013,0.08118314361388905,0.07240593555365578,0
gaussian,81088,historical_se_penalty,0.02851500150084865,0.044949263307196216,0.030305850278876507,1
gaussian,81088,support_mix50,0.019308334857234828,0.041129909891945655,0.03720421724022114,0
gaussian,81088,support_band50,0.019308334857234828,0.04112990989194566,0.03720421724022115,0
gaussian,81088,filtered_historical,0.03778331497869475,0.05420675002215573,0.051008080907194234,1
gaussian,81089,historical_se_penalty,0.14849143370359502,0.15075119431575723,0.06716358290185892,1
gaussian,81089,support_mix50,0.17952821270114203,0.1834951742991709,0.04987776934343603,1
gaussian,81089,support_band50,0.17952821270114203,0.18349517429917084,0.049877769343436,1
gaussian,81089,filtered_historical,0.17828426753272744,0.196188893790184,0.16440003625512067,0
gaussian,81090,historical_se_penalty,0.05387093836402185,0.06137908435234026,0.04780082842722276,1
gaussian,81090,support_mix50,0.05841119376538213,0.0647468650501267,0.05119622516544267,1
gaussian,81090,support_band50,0.05841119376538213,0.06474686505012672,0.051196225165442664,1
gaussian,81090,filtered_historical,0.006176440771894473,0.0435599930988614,0.04260165472407627,0
gaussian,81091,historical_se_penalty,0.12050071695098478,0.1047513961305125,0.07009658649790011,1
gaussian,81091,support_mix50,0.12807340382419452,0.11959752602080058,0.07147609541343716,0
gaussian,81091,support_band50,0.12807340382419433,0.11959752602080051,0.07147609541343714,0
gaussian,81091,filtered_historical,0.13201862243354046,0.13676739817524092,0.09110720716296838,0
gaussian,81092,historical_se_penalty,0.033778939251177725,0.037136839724281584,0.09547463028078255,1
gaussian,81092,support_mix50,0.03881434725875257,0.04297863677118341,0.07989268843278993,0
gaussian,81092,support_band50,0.03881434725875276,0.042978636771183444,0.07989268843278989,0
gaussian,81092,filtered_historical,0.017423133932184396,0.07056758446904318,0.1279568598285424,0
gaussian,81093,historical_se_penalty,0.05617529414150221,0.051454652366216214,0.06314211740863722,1
gaussian,81093,support_mix50,0.05116922888512295,0.04984203845601995,0.046688090591850764,1
gaussian,81093,support_band50,0.05116922888512295,0.04984203845601992,0.04668809059185073,1
gaussian,81093,filtered_historical,0.09692406243795587,0.11913679627786848,0.09349508158372366,0
gaussian,81094,historical_se_penalty,0.005020964168423155,0.03737040515483811,0.08492907174313556,1
gaussian,81094,support_mix50,0.014833431809681743,0.029678061857286428,0.06614544553340669,1
gaussian,81094,support_band50,0.014833431809681939,0.02967806185728644,0.06614544553340665,1
gaussian,81094,filtered_historical,0.06383719703479797,0.07406956130133582,0.04583142842304246,1
gaussian,81095,historical_se_penalty,0.028344692590363204,0.04562303443040033,0.11113285037133805,1
gaussian,81095,support_mix50,0.010477604661610336,0.03800446673962315,0.10560406639050575,1
gaussian,81095,support_band50,0.010477604661610336,0.038004466739623134,0.10560406639050582,1
gaussian,81095,filtered_historical,0.04152418821045779,0.06934327264290194,0.12431245609246828,0
gaussian,81096,historical_se_penalty,0.060800038018369716,0.06742829810672225,0.04508794088626303,1
gaussian,81096,support_mix50,0.07940288699675989,0.0810868063791339,0.05293851835586907,1
gaussian,81096,support_band50,0.07940288699675989,0.08108680637913393,0.05293851835586905,1
gaussian,81096,filtered_historical,0.09363318261989223,0.11424844759645537,0.0625446993003152,1
gaussian,81097,historical_se_penalty,0.08571091605396142,0.07654729159769746,0.06603907043237299,1
gaussian,81097,support_mix50,0.08475178718630676,0.08289547595337195,0.07401687987004682,0
gaussian,81097,support_band50,0.08475178718630656,0.08289547595337186,0.07401687987004676,0
gaussian,81097,filtered_historical,0.018825063053329406,0.04495962023157761,0.05782919607692611,0
gaussian,81098,historical_se_penalty,0.03757723895092287,0.05291710831202755,0.034008131463636584,1
gaussian,81098,support_mix50,0.036294069766672966,0.05470572872464348,0.032112407098339374,1
gaussian,81098,support_band50,0.036294069766672966,0.054705728724643514,0.03211240709833938,1
gaussian,81098,filtered_historical,0.05053022866591405,0.08405840667897112,0.056515877589865,0
gaussian,81099,historical_se_penalty,0.022349607974850715,0.030606001516940363,0.03574136210538496,1
gaussian,81099,support_mix50,0.027174593671208815,0.04332613810463705,0.020194246019275504,0
gaussian,81099,support_band50,0.027174593671208815,0.04332613810463709,0.02019424601927552,0
gaussian,81099,filtered_historical,0.014833765350855408,0.061605363039159845,0.10089665889757324,0
gaussian,81100,historical_se_penalty,0.048644566552346585,0.04978496663391406,0.0436401940158277,1
gaussian,81100,support_mix50,0.031514507273601854,0.03648105550552748,0.03735788125874168,1
gaussian,81100,support_band50,0.031514507273601854,0.036481055505527486,0.03735788125874168,1
gaussian,81100,filtered_historical,0.016686523648873786,0.05632406916535131,0.05622596332060612,0
gaussian,81101,historical_se_penalty,0.13388684035173878,0.11375047542165731,0.044186273446328965,1
gaussian,81101,support_mix50,0.12769017829403703,0.11459790008445832,0.03607624379627343,0
gaussian,81101,support_band50,0.12769017829403703,0.11459790008445835,0.036076243796273416,0
gaussian,81101,filtered_historical,0.11467481953812829,0.09255404797875573,0.06134005453181707,0
gaussian,81102,historical_se_penalty,0.005765580437261489,0.039074336342377634,0.03911077040226554,1
gaussian,81102,support_mix50,0.020956317043521477,0.037900727120251436,0.0393279912651954,0
gaussian,81102,support_band50,0.020956317043521477,0.03790072712025145,0.03932799126519532,0
gaussian,81102,filtered_historical,0.004916053136339171,0.059899702640579235,0.07508524356279969,1
gaussian,81103,historical_se_penalty,0.05373887081448173,0.04906623448603445,0.029117177404603716,1
gaussian,81103,support_mix50,0.04902583087828086,0.043141337228044814,0.031365745078651065,0
gaussian,81103,support_band50,0.04902583087828086,0.04314133722804483,0.031365745078651065,0
gaussian,81103,filtered_historical,0.021886197746450398,0.04085753719357849,0.036925647880321516,0
gaussian,81104,historical_se_penalty,0.02865387179210579,0.03341571593363178,0.035390008170918065,1
gaussian,81104,support_mix50,0.0751417157402774,0.06143164165391614,0.04217943521462294,0
gaussian,81104,support_band50,0.07514171574027721,0.06143164165391609,0.04217943521462292,0
gaussian,81104,filtered_historical,0.0503315964419729,0.07129436532833208,0.041142124479150236,0
gaussian,81105,historical_se_penalty,0.032593878764318095,0.0356066197427944,0.07158731073316635,1
gaussian,81105,support_mix50,0.03363800513620228,0.03333102416096604,0.07555965879433686,1
gaussian,81105,support_band50,0.03363800513620228,0.03333102416096605,0.07555965879433683,1
gaussian,81105,filtered_historical,0.047266190631494176,0.10131436236705785,0.16791653190547054,1
gaussian,81106,historical_se_penalty,0.02895725364661519,0.049384099645846224,0.058137828195942785,1
gaussian,81106,support_mix50,0.012167563157880068,0.045461635032773534,0.05645895919652289,1
gaussian,81106,support_band50,0.012167563157880068,0.04546163503277355,0.056458959196522863,1
gaussian,81106,filtered_historical,0.03731020510210408,0.06211178004032705,0.05301815319825724,0
gaussian,81107,historical_se_penalty,0.01219684999413692,0.03584863860573498,0.08359033580566713,1
gaussian,81107,support_mix50,0.017412196601055842,0.03781825221214188,0.08028999809589712,1
gaussian,81107,support_band50,0.017412196601055842,0.037818252212141884,0.0802899980958971,1
gaussian,81107,filtered_historical,0.0384449165126576,0.09017374258369557,0.1394598697437561,0
gaussian,81108,historical_se_penalty,0.008616270908180769,0.04248285968620962,0.08315142702543282,1
gaussian,81108,support_mix50,0.004000566465857196,0.04477407596888942,0.09673041021334272,1
gaussian,81108,support_band50,0.004000566465857196,0.044774075968889396,0.09673041021334267,1
gaussian,81108,filtered_historical,0.03725400891999602,0.09923120152370675,0.12767568231373205,0
gaussian,81109,historical_se_penalty,0.022206199311887116,0.027862064996740588,0.031097784392367045,1
gaussian,81109,support_mix50,0.024339652851299683,0.029684435172532567,0.022060931191823722,0
gaussian,81109,support_band50,0.024339652851299683,0.029684435172532594,0.02206093119182371,0
gaussian,81109,filtered_historical,0.06049274680827389,0.08225079578900985,0.06411993716317273,0
gaussian,81110,historical_se_penalty,0.07334364785937468,0.07668666361231746,0.04791217568772182,1
gaussian,81110,support_mix50,0.0688247321908815,0.07309947013781352,0.052981288973310364,0
gaussian,81110,support_band50,0.0688247321908815,0.07309947013781355,0.052981288973310336,0
gaussian,81110,filtered_historical,0.012109162069056136,0.09508229806515883,0.13613105145910825,0
gaussian,81111,historical_se_penalty,0.006933225980047078,0.04397677770051607,0.03930183313627776,1
gaussian,81111,support_mix50,0.021601460268773385,0.04599613437481691,0.03312759801627076,1
gaussian,81111,support_band50,0.021601460268773385,0.04599613437481694,0.03312759801627076,1
gaussian,81111,filtered_historical,0.03056233118853923,0.08373497181405194,0.08965785713895491,0
gaussian,81112,historical_se_penalty,0.08556660501337689,0.08581536424552252,0.042966124629591325,1
gaussian,81112,support_mix50,0.06602513878850133,0.06536600109745035,0.03920412145246225,0
gaussian,81112,support_band50,0.06602513878850133,0.06536600109745029,0.03920412145246221,0
gaussian,81112,filtered_historical,0.009031087204599674,0.046772276836446296,0.05250440490893978,0
gaussian,81113,historical_se_penalty,0.019720581801493376,0.04244779418589722,0.06171947460293293,1
gaussian,81113,support_mix50,0.03096684797949052,0.04158791254619146,0.047680183622221796,1
gaussian,81113,support_band50,0.03096684797949052,0.04158791254619147,0.04768018362222177,1
gaussian,81113,filtered_historical,0.07265535688232135,0.07143028426991399,0.05485363877529761,0
gaussian,81114,historical_se_penalty,0.02558159207871046,0.02464721144767016,0.03707867850132737,1
gaussian,81114,support_mix50,0.03885944293124054,0.033489029595692964,0.02605978563204149,0
gaussian,81114,support_band50,0.03885944293124054,0.033489029595692985,0.026059785632041584,0
gaussian,81114,filtered_historical,0.05732746640266115,0.05167252636932886,0.031723222069501796,0
gaussian,81115,historical_se_penalty,0.039699261332860294,0.04984635119041466,0.023023910548280825,1
gaussian,81115,support_mix50,0.004062800273999333,0.02612086290444,0.026246524166341795,0
gaussian,81115,support_band50,0.004062800273999333,0.02612086290443999,0.026246524166341798,0
gaussian,81115,filtered_historical,0.06144492694724283,0.07237691199507068,0.05042056024762882,1
gaussian,81116,historical_se_penalty,0.025637178797235746,0.04298271124205341,0.06775691118050345,1
gaussian,81116,support_mix50,0.04293173872023692,0.04626959648203728,0.06632902619177375,0
gaussian,81116,support_band50,0.04293173872023712,0.04626959648203731,0.06632902619177382,0
gaussian,81116,filtered_historical,0.029167378623513318,0.0632020624222163,0.07677355792357733,0
gaussian,81117,historical_se_penalty,0.009241219532325583,0.03281390146811607,0.035002735317074686,1
gaussian,81117,support_mix50,0.024414762815463068,0.03452125807435175,0.04011810902188067,0
gaussian,81117,support_band50,0.024414762815463068,0.03452125807435175,0.04011810902188068,0
gaussian,81117,filtered_historical,0.09835117856344001,0.10937196553955972,0.07742201318709749,0
gaussian,81118,historical_se_penalty,0.06323236204828508,0.08375282638560204,0.03595479411908844,1
gaussian,81118,support_mix50,0.08513336994282697,0.0998319447262427,0.03427923129830516,1
gaussian,81118,support_band50,0.08513336994282697,0.09983194472624272,0.0342792312983052,1
gaussian,81118,filtered_historical,0.07378162714297895,0.09281964606521037,0.10635959826650963,0
gaussian,81119,historical_se_penalty,0.02466339486256115,0.04198055079664756,0.029819387179893346,1
gaussian,81119,support_mix50,0.006657056873927406,0.0267719749446787,0.02862705650679553,1
gaussian,81119,support_band50,0.006657056873927406,0.02677197494467869,0.028627056506795517,1
gaussian,81119,filtered_historical,0.08692168266515594,0.11224291738721438,0.08496267520089412,0
gaussian,81120,historical_se_penalty,0.01601240330370759,0.04469087724761985,0.044221566470964924,1
gaussian,81120,support_mix50,0.05477740844462021,0.053035859393018255,0.03943125059807792,1
gaussian,81120,support_band50,0.05477740844462021,0.053035859393018275,0.03943125059807792,1
gaussian,81120,filtered_historical,0.0016858539422842957,0.09354544546349741,0.09544647596544456,0
gaussian,81121,historical_se_penalty,0.08219693549094298,0.09300941548711256,0.059498296668201674,1
gaussian,81121,support_mix50,0.04118575556303702,0.06737392483865694,0.04918411854788586,0
gaussian,81121,support_band50,0.04118575556303702,0.06737392483865697,0.04918411854788584,0
gaussian,81121,filtered_historical,0.09237333552438863,0.11747311239608259,0.066457569134759,0
gaussian,81122,historical_se_penalty,0.024467829418480514,0.0432259551620961,0.04536699656744891,1
gaussian,81122,support_mix50,0.018345846558737836,0.040040872233228074,0.04612451145503721,0
gaussian,81122,support_band50,0.018345846558737836,0.040040872233228046,0.04612451145503718,0
gaussian,81122,filtered_historical,0.002548875384884322,0.04925789069216851,0.04659839326837015,0
gaussian,81123,historical_se_penalty,0.06948057712311793,0.07582604792385209,0.03302384060942548,1
gaussian,81123,support_mix50,0.05790743125955198,0.06570455843573718,0.03835843430949618,0
gaussian,81123,support_band50,0.05790743125955198,0.06570455843573714,0.038358434309496175,0
gaussian,81123,filtered_historical,0.12485312038663167,0.14494405494031573,0.05338158906930421,0
gaussian,81124,historical_se_penalty,0.04130390171887582,0.05840277718851842,0.08975762866695054,1
gaussian,81124,support_mix50,0.05886472772775056,0.06703644766094925,0.08563264680706133,1
gaussian,81124,support_band50,0.05886472772775056,0.06703644766094922,0.0856326468070613,1
gaussian,81124,filtered_historical,0.11359434748893035,0.16033840291754792,0.07688571960246189,0
gaussian,81125,historical_se_penalty,0.05137528608129813,0.06346461541740499,0.04849369801795837,1
gaussian,81125,support_mix50,0.045792221607370044,0.05124358977256676,0.026357411539284704,0
gaussian,81125,support_band50,0.045792221607370044,0.051243589772566794,0.026357411539284708,0
gaussian,81125,filtered_historical,0.09136598828219056,0.12116361316562928,0.07719251713239268,0
gaussian,81126,historical_se_penalty,0.11020207231568589,0.13305682861438609,0.09821647530898883,1
gaussian,81126,support_mix50,0.08654373009951305,0.10755746841621838,0.0941629591298148,0
gaussian,81126,support_band50,0.08654373009951305,0.10755746841621842,0.09416295912981486,0
gaussian,81126,filtered_historical,0.16040324381446355,0.19906000463672588,0.08752049252687494,0
gaussian,81127,historical_se_penalty,0.027245225426819134,0.05403577441179622,0.08858087068336727,1
gaussian,81127,support_mix50,0.04591875497240431,0.05324256501731456,0.05770501247094155,0
gaussian,81127,support_band50,0.04591875497240431,0.053242565017314544,0.05770501247094155,0
gaussian,81127,filtered_historical,0.10429132120561325,0.14691886709919336,0.1858743285307544,1
gaussian,81128,historical_se_penalty,0.020333959146063733,0.029869967513741377,0.031131525705959867,1
gaussian,81128,support_mix50,0.013482355098270199,0.028003680626149472,0.028148266541496294,1
gaussian,81128,support_band50,0.013482355098270199,0.028003680626149472,0.028148266541496294,1
gaussian,81128,filtered_historical,0.0542258449825376,0.05855823398864278,0.0744637351271879,1
gaussian,81129,historical_se_penalty,0.02955706913074618,0.048489394889558564,0.07146930871988857,1
gaussian,81129,support_mix50,0.02361875027110783,0.0497820982869784,0.06396543715063562,1
gaussian,81129,support_band50,0.02361875027110783,0.04978209828697841,0.06396543715063567,1
gaussian,81129,filtered_historical,0.02793843977750662,0.05669709163789773,0.12350336951873646,1
gaussian,81130,historical_se_penalty,0.08351489930049054,0.07117126498816961,0.041904363289544465,1
gaussian,81130,support_mix50,0.04089270821948544,0.04510814785320143,0.058907299566319724,1
gaussian,81130,support_band50,0.04089270821948544,0.04510814785320141,0.0589072995663197,1
gaussian,81130,filtered_historical,0.09912958923433476,0.10265994800034005,0.05478564454860804,1
gaussian,81131,historical_se_penalty,0.02634572718208777,0.03596698021955179,0.08555978453356444,1
gaussian,81131,support_mix50,0.01769969066498828,0.039098818236156074,0.09009901509347622,1
gaussian,81131,support_band50,0.01769969066498828,0.03909881823615606,0.0900990150934762,1
gaussian,81131,filtered_historical,0.009955378527687048,0.04103612414747421,0.04621760679880018,0
gaussian,81132,historical_se_penalty,0.034735568125128784,0.05294707665748251,0.04358826648928097,1
gaussian,81132,support_mix50,0.007557319641531551,0.039365265799079306,0.055064172036799114,1
gaussian,81132,support_band50,0.007557319641531551,0.03936526579907931,0.05506417203679909,1
gaussian,81132,filtered_historical,0.03752473695290783,0.08236897936353664,0.08444679753333934,0
gaussian,81133,historical_se_penalty,0.03320597120328121,0.03498130583676137,0.04700607794845584,1
gaussian,81133,support_mix50,0.08274518745855705,0.059626760012073454,0.05754867954042793,1
gaussian,81133,support_band50,0.08274518745855705,0.059626760012073475,0.05754867954042791,1
gaussian,81133,filtered_historical,0.03233874752552058,0.11458288525523255,0.12956852470604158,0
gaussian,81134,historical_se_penalty,0.05346126774591439,0.05822141445382026,0.0257434044063346,1
gaussian,81134,support_mix50,0.02705111145965899,0.03388698963169877,0.02307671004265509,0
gaussian,81134,support_band50,0.02705111145965899,0.03388698963169881,0.023076710042655105,0
gaussian,81134,filtered_historical,0.08464634587535654,0.09937786103651938,0.06558021807355642,0
gaussian,81135,historical_se_penalty,0.033909355566588174,0.045170344436246734,0.022806460143044407,1
gaussian,81135,support_mix50,0.01597687784665212,0.03163187992842131,0.021015264022449357,1
gaussian,81135,support_band50,0.01597687784665212,0.03163187992842134,0.021015264022449257,1
gaussian,81135,filtered_historical,0.008610953466187435,0.054985245847522395,0.055924151891326726,0
gaussian,81136,historical_se_penalty,0.0639703772936307,0.05717087269545647,0.07488193299354823,1
gaussian,81136,support_mix50,0.042616589039654554,0.04888514932384481,0.0655952662099851,0
gaussian,81136,support_band50,0.042616589039654554,0.04888514932384482,0.06559526620998506,0
gaussian,81136,filtered_historical,0.07639782551388284,0.1293999678747308,0.059524825045192076,0
gaussian,81137,historical_se_penalty,0.006461370617321656,0.027511293869372087,0.02810456171395268,1
gaussian,81137,support_mix50,0.002868086816553058,0.022384627728884558,0.028422163585440665,1
gaussian,81137,support_band50,0.002868086816553058,0.022384627728884554,0.028422163585440648,1
gaussian,81137,filtered_historical,0.01771106805109326,0.06959152930313901,0.06482759476091086,0
gaussian,81138,historical_se_penalty,0.03389375450386623,0.044594731614028806,0.06988379783792179,1
gaussian,81138,support_mix50,0.012783855773274157,0.03476976323054566,0.05186628058387812,0
gaussian,81138,support_band50,0.012783855773274157,0.03476976323054565,0.05186628058387809,0
gaussian,81138,filtered_historical,0.09268113177693367,0.1393252964758506,0.07024774377471932,0
gaussian,81139,historical_se_penalty,0.059734256157216205,0.07292023260490714,0.04971246136252231,1
gaussian,81139,support_mix50,0.05302166414886424,0.06702728683115623,0.06508145190541582,1
gaussian,81139,support_band50,0.05302166414886424,0.06702728683115623,0.06508145190541582,1
gaussian,81139,filtered_historical,0.03675208762411611,0.08011529974581194,0.09297232826216799,1
gaussian,81140,historical_se_penalty,0.0525223663885813,0.03872746487598327,0.043415594152140156,1
gaussian,81140,support_mix50,0.041522652105202305,0.037283537032930476,0.04404319743518789,1
gaussian,81140,support_band50,0.041522652105202305,0.03728353703293045,0.044043197435188045,1
gaussian,81140,filtered_historical,0.10173453101819091,0.09358951503021894,0.07155335500335952,0
gaussian,81141,historical_se_penalty,0.024683140870794117,0.046825290649340434,0.05063356958173547,1
gaussian,81141,support_mix50,0.05693778736352575,0.052898123317073595,0.03079771992166302,0
gaussian,81141,support_band50,0.05693778736352575,0.05289812331707361,0.03079771992166303,0
gaussian,81141,filtered_historical,0.019080425731029894,0.06601900806605582,0.09540332953123923,0
gaussian,81142,historical_se_penalty,0.05765258888690724,0.07167403648594112,0.0400113423032642,1
gaussian,81142,support_mix50,0.06373724327293856,0.07713543691586572,0.046651712793910054,1
gaussian,81142,support_band50,0.06373724327293856,0.07713543691586577,0.04665171279391006,1
gaussian,81142,filtered_historical,0.11931044289568582,0.13553566420778645,0.08133117145082447,0
gaussian,81143,historical_se_penalty,0.06203495772104228,0.05299109201305716,0.09651348600863746,1
gaussian,81143,support_mix50,0.044989968338040344,0.04273055697001934,0.0886935250724117,0
gaussian,81143,support_band50,0.044989968338040344,0.04273055697001935,0.08869352507241167,0
gaussian,81143,filtered_historical,0.06242241447407156,0.056883071914690095,0.09067421464574098,1
gaussian,81144,historical_se_penalty,0.058630300337448454,0.058654279435495796,0.045454480753856545,1
gaussian,81144,support_mix50,0.04143711828025306,0.04856120543532963,0.04562660469122182,1
gaussian,81144,support_band50,0.04143711828025306,0.048561205435329616,0.04562660469122179,1
gaussian,81144,filtered_historical,0.03092526060781057,0.06563887076331408,0.06633057949342326,0
gaussian,81145,historical_se_penalty,0.04460685715635344,0.05039385810349536,0.03837045380874578,1
gaussian,81145,support_mix50,0.06023104434166029,0.05752984700202079,0.03614712238292789,1
gaussian,81145,support_band50,0.06023104434166029,0.05752984700202075,0.03614712238292789,1
gaussian,81145,filtered_historical,0.00844635292584035,0.05996019805108638,0.059516962651614054,0
gaussian,81146,historical_se_penalty,0.02789146342270636,0.04164074185856107,0.04497664528179625,1
gaussian,81146,support_mix50,0.009393280579609075,0.0326952479065707,0.047419507878195225,0
gaussian,81146,support_band50,0.009393280579609075,0.03269524790657068,0.04741950787819521,0
gaussian,81146,filtered_historical,0.07396729242942376,0.10481663904484166,0.09246131826398425,0
gaussian,81147,historical_se_penalty,0.0559868597971864,0.043815101061618955,0.025110192715773395,1
gaussian,81147,support_mix50,0.06987940522364565,0.05516452482401143,0.03726290314568811,0
gaussian,81147,support_band50,0.06987940522364565,0.05516452482401144,0.03726290314568808,0
gaussian,81147,filtered_historical,0.04085104939729481,0.10035146336746739,0.0871233246392771,0
gaussian,81148,historical_se_penalty,0.0003093284809303231,0.024826407442699237,0.03521435215174561,1
gaussian,81148,support_mix50,0.0018113149517246059,0.021294006217398326,0.02445190421137816,0
gaussian,81148,support_band50,0.0018113149517246059,0.02129400621739834,0.02445190421137815,0
gaussian,81148,filtered_historical,0.027287258332728062,0.060870252748096314,0.07088684559011767,0
gaussian,81149,historical_se_penalty,0.020106819807563847,0.033410831213668765,0.04852403300122143,1
gaussian,81149,support_mix50,0.00021046077577628814,0.03578086523641228,0.0851934103678485,1
gaussian,81149,support_band50,0.00021046077577628814,0.03578086523641229,0.08519341036784847,1
gaussian,81149,filtered_historical,0.09060013917109314,0.1110185860044688,0.09607064556484014,0
gaussian,81150,historical_se_penalty,0.001285055027984236,0.024910026597668247,0.0711214345636538,1
gaussian,81150,support_mix50,0.01588614045488269,0.028588708603865556,0.08148802494737703,0
gaussian,81150,support_band50,0.015886140454882496,0.028588708603865528,0.08148802494737699,0
gaussian,81150,filtered_historical,0.06302996828567507,0.10076659695309709,0.05264664818075438,0
gaussian,81151,historical_se_penalty,0.0192678180940598,0.04279869739130311,0.10313959594735263,1
gaussian,81151,support_mix50,0.02169798414676225,0.033242653666007,0.07747661830050584,1
gaussian,81151,support_band50,0.02169798414676225,0.033242653666007,0.07747661830050581,1
gaussian,81151,filtered_historical,0.07717857449910608,0.10340826713696218,0.13624380887095536,0
gaussian,81152,historical_se_penalty,0.006167063284048588,0.03593009147762905,0.03818614881128811,1
gaussian,81152,support_mix50,0.0029583585663938367,0.03440761941210265,0.038910119217247206,0
gaussian,81152,support_band50,0.0029583585663938367,0.03440761941210265,0.03891011921724731,0
gaussian,81152,filtered_historical,0.08669364973045286,0.11671458131756617,0.05627469872498473,0
gaussian,81153,historical_se_penalty,0.08627037689493629,0.08705188817621105,0.07562891585565255,1
gaussian,81153,support_mix50,0.09456236142652057,0.08516116815197539,0.06715665415538828,0
gaussian,81153,support_band50,0.09456236142652057,0.0851611681519754,0.06715665415538824,0
gaussian,81153,filtered_historical,0.007884206703788796,0.06370425358424112,0.1508497103275646,1
gaussian,81154,historical_se_penalty,0.049109087517811734,0.044960205806234305,0.05446262986452805,1
gaussian,81154,support_mix50,0.010464784440703541,0.031714576336613454,0.054084053442477686,0
gaussian,81154,support_band50,0.010464784440703345,0.03171457633661345,0.054084053442477645,0
gaussian,81154,filtered_historical,0.10758521451903894,0.11392052247134014,0.06609311325784224,0
gaussian,81155,historical_se_penalty,0.018844114093482266,0.04837767614009505,0.1009963476861218,1
gaussian,81155,support_mix50,0.030343534402596208,0.04617854111138045,0.07315577528110881,0
gaussian,81155,support_band50,0.030343534402596208,0.04617854111138043,0.0731557752811088,0
gaussian,81155,filtered_historical,0.010663543052696293,0.05893078582734594,0.14817532130730768,1
gaussian,81156,historical_se_penalty,0.03144807275967772,0.04232920630743794,0.04421489830989464,1
gaussian,81156,support_mix50,0.052953808308703665,0.054040149285090225,0.043520636500108165,0
gaussian,81156,support_band50,0.052953808308703665,0.054040149285090246,0.043520636500108026,0
gaussian,81156,filtered_historical,0.030078769639147674,0.0788299191852253,0.08528548894653652,0
gaussian,81157,historical_se_penalty,0.05681307047076043,0.05807245820576306,0.04015505977138336,1
gaussian,81157,support_mix50,0.052985084867087015,0.052524299003584914,0.04234828545511587,1
gaussian,81157,support_band50,0.052985084867087015,0.052524299003584934,0.04234828545511585,1
gaussian,81157,filtered_historical,0.08868942897908937,0.0891343265403543,0.04935116529587165,0
gaussian,81158,historical_se_penalty,0.012288026906590465,0.036241714078683894,0.03628441978701289,1
gaussian,81158,support_mix50,0.004326761263692472,0.03498609013176336,0.04208763095239351,0
gaussian,81158,support_band50,0.004326761263692472,0.03498609013176335,0.042087630952393505,0
gaussian,81158,filtered_historical,0.0709119807979307,0.09859943304536813,0.052726762136781125,0
gaussian,81159,historical_se_penalty,0.0009205835247786877,0.03220006632518223,0.06292215333792879,1
gaussian,81159,support_mix50,0.0028536370956254,0.031003374151566693,0.06351233201035406,1
gaussian,81159,support_band50,0.0028536370956254,0.031003374151566683,0.063512332010354,1
gaussian,81159,filtered_historical,0.05821764105120749,0.08036081676823847,0.0645403973076994,0
gaussian,81160,historical_se_penalty,0.0710407313014484,0.06954090436590969,0.052150740688724,1
gaussian,81160,support_mix50,0.0115089428437416,0.030649032660150274,0.0376804437067976,0
gaussian,81160,support_band50,0.0115089428437416,0.03064903266015026,0.03768044370679757,0
gaussian,81160,filtered_historical,0.16418133999346765,0.1791193706013932,0.06585026502554674,0
gaussian,81161,historical_se_penalty,0.046211430649986826,0.04132252420485806,0.04069384891570801,1
gaussian,81161,support_mix50,0.011167799707824406,0.022157612895538904,0.024364347590024267,0
gaussian,81161,support_band50,0.011167799707824406,0.022157612895538904,0.024364347590024253,0
gaussian,81161,filtered_historical,0.06900820361650295,0.10481787268478543,0.1284541694326238,0
gaussian,81162,historical_se_penalty,0.03826479417363732,0.046948204118855134,0.04427784330313074,1
gaussian,81162,support_mix50,0.010641092009913635,0.03496466683487484,0.036268213911973005,1
gaussian,81162,support_band50,0.010641092009913635,0.03496466683487483,0.03626821391197299,1
gaussian,81162,filtered_historical,0.004254029528727081,0.04981891780217429,0.05727838646070908,0
gaussian,81163,historical_se_penalty,0.015157503988562575,0.031095696288170816,0.06750504671848002,1
gaussian,81163,support_mix50,0.026434831306693052,0.045930411145733506,0.07925614683952313,0
gaussian,81163,support_band50,0.026434831306693052,0.04593041114573348,0.07925614683952308,0
gaussian,81163,filtered_historical,0.07952385890405723,0.13419333749592488,0.19855110743595666,0
gaussian,81164,historical_se_penalty,0.08458147197942865,0.08585685748565589,0.06835331464096464,1
gaussian,81164,support_mix50,0.08101367116705706,0.07840574081742077,0.06691242571531437,1
gaussian,81164,support_band50,0.08101367116705706,0.07840574081742077,0.06691242571531435,1
gaussian,81164,filtered_historical,0.06835852345475318,0.07988142479243089,0.052108268914428844,0
gaussian,81165,historical_se_penalty,0.11236163880024165,0.10683542799552388,0.0725962353976569,1
gaussian,81165,support_mix50,0.12765063041524058,0.12570581297204472,0.05576507219506655,0
gaussian,81165,support_band50,0.12765063041524058,0.12570581297204472,0.05576507219506654,0
gaussian,81165,filtered_historical,0.14572122650515829,0.1448478316504078,0.09235356430656833,0
gaussian,81166,historical_se_penalty,0.043434428568359856,0.06192691290107409,0.06366965495828973,1
gaussian,81166,support_mix50,0.07678830270938919,0.08876428108642817,0.042044316182315036,0
gaussian,81166,support_band50,0.07678830270938919,0.0887642810864282,0.04204431618231501,0
gaussian,81166,filtered_historical,0.0152179022241759,0.07734215280221869,0.11941001104599462,0
gaussian,81167,historical_se_penalty,0.031372536285055076,0.04408437615469129,0.07068820035667159,1
gaussian,81167,support_mix50,0.03239334888908992,0.04513207982740176,0.06232909828913774,1
gaussian,81167,support_band50,0.03239334888908992,0.045132079827401764,0.062329098289137734,1
gaussian,81167,filtered_historical,0.034477220111720046,0.08028821484304396,0.07517040688849679,0
gaussian,81168,historical_se_penalty,0.08348027049988843,0.06996007487468972,0.050674998519662354,1
gaussian,81168,support_mix50,0.08991652144761708,0.07201155195955115,0.03865905522428894,0
gaussian,81168,support_band50,0.08991652144761708,0.07201155195955111,0.03865905522428891,0
gaussian,81168,filtered_historical,0.15788934215005504,0.16391439236092004,0.09236384990315119,0
gaussian,81169,historical_se_penalty,0.005380602749046765,0.040616970041821125,0.06433727424433817,1
gaussian,81169,support_mix50,0.014642141833157686,0.04059796941717787,0.05826225716166998,0
gaussian,81169,support_band50,0.014642141833157686,0.04059796941717786,0.05826225716166997,0
gaussian,81169,filtered_historical,0.012394382475318086,0.07999973857387521,0.10193169822151611,1
gaussian,81170,historical_se_penalty,0.016017658073056242,0.03545838026158694,0.081914954317866,1
gaussian,81170,support_mix50,0.03224818466201911,0.0414055510661547,0.05054506627395635,0
gaussian,81170,support_band50,0.03224818466201911,0.041405551066154726,0.05054506627395633,0
gaussian,81170,filtered_historical,0.08560799359180289,0.10801216966231789,0.10775292363009709,0
gaussian,81171,historical_se_penalty,0.008389025040343594,0.027355373213105154,0.05232902809937246,1
gaussian,81171,support_mix50,0.014851023292184646,0.03184430184738816,0.06056858958142189,1
gaussian,81171,support_band50,0.014851023292184646,0.031844301847388144,0.06056858958142186,1
gaussian,81171,filtered_historical,0.0021179417340973557,0.05722048141096441,0.15827346706377246,1
gaussian,81172,historical_se_penalty,0.01666945431557092,0.043218078085156236,0.046158010785920606,1
gaussian,81172,support_mix50,0.016231505567349425,0.04226481524669215,0.05109168702316922,1
gaussian,81172,support_band50,0.016231505567349425,0.04226481524669214,0.05109168702316922,1
gaussian,81172,filtered_historical,0.06648104853820146,0.10365857754110051,0.08843225799799015,0
gaussian,81173,historical_se_penalty,0.015495009709621702,0.036167930637616495,0.030606148649610525,1
gaussian,81173,support_mix50,0.021013863213029317,0.03910147771082328,0.030474914322551578,1
gaussian,81173,support_band50,0.021013863213029123,0.039101477710823264,0.030474914322551564,1
gaussian,81173,filtered_historical,0.02423217235657145,0.07138959519292212,0.10713536575958024,0
gaussian,81174,historical_se_penalty,0.06699295554653491,0.0665546969231109,0.048820083776537286,1
gaussian,81174,support_mix50,0.05809887993369026,0.05521176390933947,0.03496174146212678,1
gaussian,81174,support_band50,0.05809887993369026,0.0552117639093395,0.03496174146212677,1
gaussian,81174,filtered_historical,0.12251115203965093,0.12626455595534497,0.04739741295568484,0
gaussian,81175,historical_se_penalty,0.16984610055709115,0.1402832340453904,0.09343125928263578,1
gaussian,81175,support_mix50,0.21088627720630454,0.1970359376305734,0.1121349057925626,1
gaussian,81175,support_band50,0.21088627720630454,0.19703593763057334,0.11213490579256258,1
gaussian,81175,filtered_historical,0.18125043097379437,0.15637305797913412,0.0875111436021006,0
gaussian,81176,historical_se_penalty,0.016049043838391445,0.035183654517741955,0.03368111645859854,1
gaussian,81176,support_mix50,0.035356087675844194,0.0367280753148318,0.034118370203596794,1
gaussian,81176,support_band50,0.035356087675844194,0.036728075314831826,0.03411837020359689,1
gaussian,81176,filtered_historical,0.07485199931511115,0.09074271487244459,0.04745369530767413,0
gaussian,81177,historical_se_penalty,0.04661234940380557,0.06465547208904125,0.05475662615003129,1
gaussian,81177,support_mix50,0.015103231744863532,0.046831554482844956,0.04803103185431337,1
gaussian,81177,support_band50,0.015103231744863532,0.046831554482844935,0.04803103185431336,1
gaussian,81177,filtered_historical,0.057524903555510404,0.08636601422304246,0.05335956747591697,1
gaussian,81178,historical_se_penalty,0.0016801438850844045,0.039605558899759606,0.09014232649501394,1
gaussian,81178,support_mix50,0.02610666189628765,0.04236238429246825,0.06027454561096836,0
gaussian,81178,support_band50,0.02610666189628765,0.042362384292468226,0.060274545610968344,0
gaussian,81178,filtered_historical,0.005540689514168033,0.07407814340194252,0.13881589885013987,1
gaussian,81179,historical_se_penalty,0.02545459416348558,0.04629242085124018,0.06258562177002887,1
gaussian,81179,support_mix50,0.013418600560094413,0.03815999401068296,0.06741221453325792,0
gaussian,81179,support_band50,0.013418600560094413,0.03815999401068297,0.0674122145332579,0
gaussian,81179,filtered_historical,0.06770468299525342,0.0811987144612838,0.06818368311017958,1
gaussian,81180,historical_se_penalty,0.07500862032563817,0.07287286849082725,0.0466825863428311,1
gaussian,81180,support_mix50,0.08363989254309696,0.09010618806273701,0.04222237664679835,1
gaussian,81180,support_band50,0.08363989254309696,0.09010618806273703,0.04222237664679833,1
gaussian,81180,filtered_historical,0.04565438344590013,0.08372463710232744,0.11990341575586828,1
gaussian,81181,historical_se_penalty,0.060315110257113086,0.06628342259168331,0.04967009944230292,1
gaussian,81181,support_mix50,0.08407621606845009,0.0795556208391853,0.04434123818389952,0
gaussian,81181,support_band50,0.08407621606845009,0.07955562083918531,0.044341238183899546,0
gaussian,81181,filtered_historical,0.02996920880321383,0.05963274879350871,0.06068707077634986,0
gaussian,81182,historical_se_penalty,0.13165263539836286,0.13522542821727998,0.05506240326237627,1
gaussian,81182,support_mix50,0.10683489306840944,0.12030729189676437,0.06066538179669688,1
gaussian,81182,support_band50,0.10683489306840944,0.12030729189676433,0.06066538179669703,1
gaussian,81182,filtered_historical,0.11763208778887088,0.12245144317220048,0.08281570444360133,0
gaussian,81183,historical_se_penalty,0.051166820803446,0.04046854744606516,0.0740341424919619,1
gaussian,81183,support_mix50,0.041441592593638624,0.036433146046639636,0.044228248008553545,0
gaussian,81183,support_band50,0.041441592593638624,0.03643314604663962,0.04422824800855352,0
gaussian,81183,filtered_historical,0.05015590103792962,0.06858544853323169,0.1421706581350308,0
gaussian,81184,historical_se_penalty,0.056059794940534646,0.06121613811365716,0.06801513104145003,1
gaussian,81184,support_mix50,0.042391906143858356,0.05406904517101987,0.05452109574491357,1
gaussian,81184,support_band50,0.042391906143858356,0.05406904517101984,0.054521095744913546,1
gaussian,81184,filtered_historical,0.018998155280129162,0.10392005047529404,0.1531313912417311,0
gaussian,81185,historical_se_penalty,0.022725713746044766,0.05021319432276708,0.046160523040431695,1
gaussian,81185,support_mix50,0.017094632548715256,0.053111176241715095,0.049233266785469944,1
gaussian,81185,support_band50,0.017094632548715256,0.053111176241715075,0.04923326678546992,1
gaussian,81185,filtered_historical,0.09857398039445985,0.13988401139434145,0.1046566161938714,0
gaussian,81186,historical_se_penalty,0.050910172488356796,0.052782145455324746,0.0799591321389146,1
gaussian,81186,support_mix50,0.026247882851298504,0.05175673260440648,0.0891427957609855,0
gaussian,81186,support_band50,0.026247882851298504,0.05175673260440648,0.08914279576098544,0
gaussian,81186,filtered_historical,0.10692984474854128,0.11373170144126966,0.09082914860533622,0
gaussian,81187,historical_se_penalty,0.004550314074685124,0.045621956899274084,0.0583693695595728,1
gaussian,81187,support_mix50,0.008578026153622192,0.04035598650503196,0.05959487863717805,1
gaussian,81187,support_band50,0.008578026153622192,0.04035598650503193,0.05959487863717803,1
gaussian,81187,filtered_historical,0.019964153655747986,0.0601097090205866,0.09447072487020854,0
gaussian,81188,historical_se_penalty,0.07936327884230211,0.07991960723099649,0.07834284312983102,1
gaussian,81188,support_mix50,0.043847146388012154,0.05219997226167804,0.07064044356786174,1
gaussian,81188,support_band50,0.043847146388012154,0.05219997226167802,0.07064044356786173,1
gaussian,81188,filtered_historical,0.009646692232404669,0.0942109726069805,0.09441214825474543,0
gaussian,81189,historical_se_penalty,0.08493874566713006,0.08042722403647146,0.059556934817324894,1
gaussian,81189,support_mix50,0.06379544932619927,0.05968656778173298,0.050188873219210235,0
gaussian,81189,support_band50,0.06379544932619927,0.05968656778173295,0.05018887321921027,0
gaussian,81189,filtered_historical,0.09212034554834216,0.0960319363701253,0.05647135521723189,0
gaussian,81190,historical_se_penalty,0.05881553389180077,0.054746723889874255,0.06947982884425599,1
gaussian,81190,support_mix50,0.07795270769549675,0.06615010142393501,0.06037584846237026,1
gaussian,81190,support_band50,0.07795270769549675,0.06615010142393504,0.06037584846237022,1
gaussian,81190,filtered_historical,0.024029580284592473,0.045282831141506594,0.06623396069206786,0
gaussian,81191,historical_se_penalty,0.056898913541915015,0.056494404850647884,0.09036523650718387,1
gaussian,81191,support_mix50,0.06470729757113974,0.07468973146499258,0.09007383810674062,1
gaussian,81191,support_band50,0.06470729757113974,0.07468973146499253,0.09007383810674056,1
gaussian,81191,filtered_historical,0.08556750848071397,0.11024453797335633,0.10406962743845298,0
gaussian,81192,historical_se_penalty,0.029553794503125494,0.033826920749839555,0.03584462934419284,1
gaussian,81192,support_mix50,0.025175440129705656,0.03599285661328622,0.032246252693528314,0
gaussian,81192,support_band50,0.025175440129705656,0.035992856613286245,0.0322462526935283,0
gaussian,81192,filtered_historical,0.02817313659366193,0.07885229433376878,0.06656679135356688,0
gaussian,81193,historical_se_penalty,0.02586757104296524,0.03918585994771395,0.09654851434022965,1
gaussian,81193,support_mix50,0.02166926550554648,0.0377199801265885,0.07047270899905281,1
gaussian,81193,support_band50,0.02166926550554648,0.037719980126588525,0.07047270899905277,1
gaussian,81193,filtered_historical,0.10386693444654756,0.13181216616646343,0.12846563806488076,0
gaussian,81194,historical_se_penalty,0.025195038479521027,0.058113118951273426,0.11766324856155654,1
gaussian,81194,support_mix50,0.04117641124776263,0.06404669980353367,0.06813731039591212,0
gaussian,81194,support_band50,0.04117641124776263,0.06404669980353364,0.06813731039591209,0
gaussian,81194,filtered_historical,0.18876497978259424,0.25140915575790257,0.28383039734197396,0
gaussian,81195,historical_se_penalty,0.008872785564752387,0.031394583078999116,0.03803795903746032,1
gaussian,81195,support_mix50,0.011982935446726612,0.03291206972922166,0.029753817533487367,0
gaussian,81195,support_band50,0.011982935446726612,0.03291206972922167,0.02975381753348736,0
gaussian,81195,filtered_historical,0.02648256280047169,0.06809667940616917,0.050095048601721176,0
gaussian,81196,historical_se_penalty,0.027840997018068952,0.03893891559228875,0.02403217651014958,1
gaussian,81196,support_mix50,0.002502904734194464,0.024922596129543527,0.023945493626592738,1
gaussian,81196,support_band50,0.002502904734194464,0.024922596129543513,0.023945493626592724,1
gaussian,81196,filtered_historical,0.02150828744791364,0.04247040479747836,0.044413183419975036,0
gaussian,81197,historical_se_penalty,0.010106738359792682,0.0271390657225702,0.0341380473946172,1
gaussian,81197,support_mix50,0.033655355867157954,0.03797148287128291,0.027453461894758963,0
gaussian,81197,support_band50,0.033655355867157954,0.03797148287128294,0.027453461894758967,0
gaussian,81197,filtered_historical,0.003870341176849812,0.06653660060902587,0.07646395138138358,0
gaussian,81198,historical_se_penalty,0.02521381180464926,0.04083219014792873,0.027071693295235323,1
gaussian,81198,support_mix50,0.00936603541027533,0.03913469548614824,0.04765206860096849,0
gaussian,81198,support_band50,0.00936603541027533,0.039134695486148265,0.04765206860096853,0
gaussian,81198,filtered_historical,0.023378063676027214,0.075151777413295,0.08392623254152878,0
gaussian,81199,historical_se_penalty,0.05496388785305532,0.05929301799557786,0.04940114844680455,1
gaussian,81199,support_mix50,0.03954491428853872,0.04360810618398343,0.05282335899097477,1
gaussian,81199,support_band50,0.03954491428853872,0.04360810618398345,0.05282335899097475,1
gaussian,81199,filtered_historical,0.014584761757625606,0.057824310189454456,0.05750508204119502,0
student_t4,81000,historical_se_penalty,0.026975126577444365,0.07840660103061589,0.16667020327697255,1
student_t4,81000,support_mix50,0.00017338826737084388,0.062050878033660696,0.15694212134165741,1
student_t4,81000,support_band50,0.023863703173691787,0.06397018260542722,0.17109489893585922,1
student_t4,81000,filtered_historical,0.06290074542509644,0.11317127979491283,0.14547935479502963,1
student_t4,81001,historical_se_penalty,0.08374845730479731,0.09043145159793353,0.2183104797361031,1
student_t4,81001,support_mix50,0.07984619336131674,0.09941966544206345,0.20897550494613207,1
student_t4,81001,support_band50,0.07984619336131674,0.09941966544206347,0.20897550494613204,1
student_t4,81001,filtered_historical,0.014254481304812832,0.09543359936784948,0.1896987457835875,0
student_t4,81002,historical_se_penalty,0.027897706693912203,0.06871844729118955,0.13584664379178826,1
student_t4,81002,support_mix50,0.013990173075541444,0.05870045869890535,0.12528430084189562,1
student_t4,81002,support_band50,0.01081122532768189,0.044782977662900805,0.10881005291825653,1
student_t4,81002,filtered_historical,0.0627681036092502,0.11757620991865202,0.07588859161224665,0
student_t4,81003,historical_se_penalty,0.03461753709091262,0.0786382190868895,0.10210317408348034,1
student_t4,81003,support_mix50,0.05418827949591815,0.07221306946578837,0.09704215345989056,0
student_t4,81003,support_band50,0.06311607249160672,0.07976343211330758,0.10015514793060913,0
student_t4,81003,filtered_historical,0.007744186375050994,0.05424451548719376,0.052745673694220944,0
student_t4,81004,historical_se_penalty,0.23938678983464357,0.2655313261815429,0.19080069714501502,1
student_t4,81004,support_mix50,0.28735128794544346,0.3188463986232602,0.1666132051090186,0
student_t4,81004,support_band50,0.3113581448048145,0.3491090897918692,0.18180578999015176,0
student_t4,81004,filtered_historical,0.24147347337545857,0.2633890010073464,0.13577954911903706,0
student_t4,81005,historical_se_penalty,0.09063243877155068,0.11610121066983034,0.08237879919933076,1
student_t4,81005,support_mix50,0.03925374023105335,0.06751139307305906,0.0550216851831824,1
student_t4,81005,support_band50,0.03925374023105335,0.06751139307305905,0.055021685183182394,1
student_t4,81005,filtered_historical,0.3566280688363541,0.4579405092794987,0.16156001074318593,0
student_t4,81006,historical_se_penalty,0.08306167084689983,0.1058905208302792,0.07745861310230574,1
student_t4,81006,support_mix50,0.030800048546995158,0.08865396358949973,0.09197099403483457,1
student_t4,81006,support_band50,0.05856141790201187,0.0913630527155041,0.08368180787351932,1
student_t4,81006,filtered_historical,0.06791286047535341,0.10345908604374626,0.1058311610807633,0
student_t4,81007,historical_se_penalty,0.02475619197885559,0.045994246094748906,0.0536282462777519,1
student_t4,81007,support_mix50,0.038629625879275625,0.06186396070923666,0.05531378356456129,0
student_t4,81007,support_band50,0.019470982917929782,0.04068867837398112,0.03991047912343024,0
student_t4,81007,filtered_historical,0.06704880757357944,0.11356054265697453,0.07382724600018213,0
student_t4,81008,historical_se_penalty,0.05169768088486283,0.06614445254167887,0.06890982760089158,1
student_t4,81008,support_mix50,0.05383062750335678,0.06786802207976225,0.04370683701913102,1
student_t4,81008,support_band50,0.0007472786841897297,0.038632449674630316,0.03809873624421722,0
student_t4,81008,filtered_historical,0.031049658381650094,0.05178721118053742,0.05052119929049133,0
student_t4,81009,historical_se_penalty,0.07115666871142654,0.09001365498970372,0.07603260178876749,1
student_t4,81009,support_mix50,0.06477398508992985,0.10073889112567233,0.059239674499206314,0
student_t4,81009,support_band50,0.06477398508992985,0.10073889112567239,0.05923967449920631,0
student_t4,81009,filtered_historical,0.04126034796063499,0.1009490053769702,0.10200760224789981,0
student_t4,81010,historical_se_penalty,0.05140587657373595,0.07372931080423853,0.03370605923177783,1
student_t4,81010,support_mix50,0.05923104324986955,0.07714711393036465,0.04451044979339891,0
student_t4,81010,support_band50,0.06928131319556415,0.08795277602251847,0.04472694089291381,0
student_t4,81010,filtered_historical,0.060817268007681016,0.12313010723288578,0.10026655211353826,0
student_t4,81011,historical_se_penalty,0.009527783737679851,0.04162631032365144,0.08978873759235476,1
student_t4,81011,support_mix50,0.03097705325695585,0.06690871094248707,0.10567071032773395,0
student_t4,81011,support_band50,0.0565546545741628,0.06635947587132236,0.07780049828644087,0
student_t4,81011,filtered_historical,0.045189571894034185,0.11251327197929223,0.1208706995615705,0
student_t4,81012,historical_se_penalty,0.06668372136872995,0.08085687990300207,0.054202533312810885,1
student_t4,81012,support_mix50,0.048554357722739694,0.07664236433666745,0.06376319215861334,1
student_t4,81012,support_band50,0.04855435772273952,0.07664236433666743,0.06376319215861334,1
student_t4,81012,filtered_historical,0.16176171890868588,0.23175548979300745,0.15997242499082132,0
student_t4,81013,historical_se_penalty,0.007453330852349159,0.06551546332375782,0.06983752658703002,1
student_t4,81013,support_mix50,0.044744727607351965,0.06124992249637095,0.05771674450366676,0
student_t4,81013,support_band50,0.044744727607351965,0.06124992249637093,0.05771674450366676,0
student_t4,81013,filtered_historical,0.1340417794388208,0.19734181703864082,0.14435182080841033,0
student_t4,81014,historical_se_penalty,0.032187777459730844,0.0733480965203013,0.05802044311509243,1
student_t4,81014,support_mix50,0.04460976681389913,0.08952397724371393,0.07383471840944358,0
student_t4,81014,support_band50,0.01482115520613015,0.06448174541032689,0.0650010674267991,0
student_t4,81014,filtered_historical,0.3897144901654542,0.599307014716678,0.30612809250558626,0
student_t4,81015,historical_se_penalty,0.04643995135027166,0.10849211700840813,0.15834385487536587,1
student_t4,81015,support_mix50,0.050319442938054355,0.10358867540301624,0.14157508576458158,1
student_t4,81015,support_band50,0.050319442938054355,0.10358867540301626,0.14157508576458158,1
student_t4,81015,filtered_historical,0.04086538319774996,0.0887468201967534,0.27042427368976946,1
student_t4,81016,historical_se_penalty,0.05085230851876131,0.0742558945298284,0.12390581358938604,1
student_t4,81016,support_mix50,0.02842801989418548,0.03684681812446463,0.055039747331090495,0
student_t4,81016,support_band50,0.02842801989418548,0.0368468181244646,0.05503974733109045,0
student_t4,81016,filtered_historical,0.06476162952456402,0.10524791431934694,0.13887842502208783,0
student_t4,81017,historical_se_penalty,0.06687597106604591,0.09501453539511646,0.12484102708309192,1
student_t4,81017,support_mix50,0.09950755527450733,0.10658814322391645,0.11460845801506522,0
student_t4,81017,support_band50,0.09950755527450733,0.10658814322391645,0.11460845801506528,0
student_t4,81017,filtered_historical,0.08405938315031657,0.09704328694616507,0.05923615618597028,0
student_t4,81018,historical_se_penalty,0.07354978696726709,0.10713504082298896,0.12350493841437603,1
student_t4,81018,support_mix50,0.07944815101046108,0.1094991042046269,0.1090544121837312,0
student_t4,81018,support_band50,0.11766233686830212,0.15224769851107203,0.08900077735492805,0
student_t4,81018,filtered_historical,0.012024918028320735,0.1392214362429522,0.20094629129471903,0
student_t4,81019,historical_se_penalty,0.018142473142026695,0.05106212975783137,0.08482431906469762,1
student_t4,81019,support_mix50,0.024503760296956875,0.07697787174644333,0.09425345464805587,0
student_t4,81019,support_band50,0.024503760296956875,0.07697787174644333,0.09425345464805585,0
student_t4,81019,filtered_historical,0.0143276178276633,0.08811343190126825,0.09060868041819373,0
student_t4,81020,historical_se_penalty,0.09752405324562381,0.1149415217337912,0.08829356946301699,1
student_t4,81020,support_mix50,0.14681466980986774,0.16385570329287968,0.1264260020705048,1
student_t4,81020,support_band50,0.08069945908217513,0.08840505388393198,0.09860225696677077,1
student_t4,81020,filtered_historical,0.3091557685521398,0.3732314265094442,0.1469639851767604,0
student_t4,81021,historical_se_penalty,0.046498637212000093,0.05952750515616554,0.09667410758312316,1
student_t4,81021,support_mix50,0.010042355307254365,0.045062683259720016,0.10878128112866267,1
student_t4,81021,support_band50,0.010042355307254365,0.04506268325972001,0.10878128112866264,1
student_t4,81021,filtered_historical,0.09396296475206121,0.10912476596405353,0.12291830264176101,1
student_t4,81022,historical_se_penalty,0.10917292220979653,0.1643305328886647,0.08879034312072678,1
student_t4,81022,support_mix50,0.10969705158545633,0.1602455779936443,0.07658041883567565,1
student_t4,81022,support_band50,0.10969705158545633,0.16024557799364436,0.07658041883567568,1
student_t4,81022,filtered_historical,0.09649832058756871,0.14218493987186942,0.1737544168103571,1
student_t4,81023,historical_se_penalty,0.3671246536055316,0.4336730347749997,0.11677255501332795,1
student_t4,81023,support_mix50,0.31402991851558887,0.36254119877549923,0.09515009835811294,1
student_t4,81023,support_band50,0.31402991851558887,0.3625411987754991,0.09515009835811288,1
student_t4,81023,filtered_historical,0.41342613059104694,0.4903586515074751,0.20594236388399337,0
student_t4,81024,historical_se_penalty,0.029486036883696057,0.06025474505938364,0.1582231273569524,1
student_t4,81024,support_mix50,0.08064766661391581,0.08710422211137733,0.1830136519224347,0
student_t4,81024,support_band50,0.017999241137659824,0.05234681575221661,0.1373948413217903,0
student_t4,81024,filtered_historical,0.025058346677552516,0.07726360182737946,0.1060463477247182,0
student_t4,81025,historical_se_penalty,0.05787825484621448,0.10397250124068566,0.16009702527256578,1
student_t4,81025,support_mix50,0.03170768811799803,0.09642233171992076,0.11777663308330974,0
student_t4,81025,support_band50,0.03170768811799785,0.09642233171992075,0.11777663308330971,0
student_t4,81025,filtered_historical,0.04752168567495586,0.113303553416639,0.10716757018437091,0
student_t4,81026,historical_se_penalty,0.016317319935490415,0.06772255318469647,0.1413108965448048,1
student_t4,81026,support_mix50,0.028264907589088215,0.07601970423479455,0.16398542477275788,1
student_t4,81026,support_band50,0.028264907589088038,0.07601970423479457,0.1639854247727578,1
student_t4,81026,filtered_historical,0.04532459893250751,0.12725765594435234,0.12924006023471407,0
student_t4,81027,historical_se_penalty,0.1073211228247917,0.12907411093893678,0.09604304686650013,1
student_t4,81027,support_mix50,0.11265017125992048,0.12857764347974748,0.08310254890272419,0
student_t4,81027,support_band50,0.11265017125992048,0.1285776434797475,0.08310254890272416,0
student_t4,81027,filtered_historical,0.17469707440411403,0.23104861993613382,0.10400663633141746,0
student_t4,81028,historical_se_penalty,0.01621385138596142,0.05358067628514047,0.06707842466590497,1
student_t4,81028,support_mix50,0.03643399777878292,0.05737355407668144,0.06452439541352592,1
student_t4,81028,support_band50,0.03643399777878292,0.05737355407668145,0.0645243954135259,1
student_t4,81028,filtered_historical,0.013497046863429993,0.07668299597971133,0.07722457740182008,0
student_t4,81029,historical_se_penalty,0.038620948148449435,0.06448440515271293,0.08172649124527029,1
student_t4,81029,support_mix50,0.027318701293928674,0.05311709145359342,0.06995442745225607,1
student_t4,81029,support_band50,0.027318701293928674,0.05311709145359342,0.06995442745225602,1
student_t4,81029,filtered_historical,0.019782973271275678,0.09580720509911643,0.09654342475666762,0
student_t4,81030,historical_se_penalty,0.16652797832579033,0.2163261045770976,0.037359401505696464,1
student_t4,81030,support_mix50,0.14460025309575603,0.2047094632851441,0.042994497080163264,0
student_t4,81030,support_band50,0.14460025309575603,0.2047094632851442,0.04299449708016328,0
student_t4,81030,filtered_historical,0.026887407034495464,0.14313874102468754,0.138803490933762,0
student_t4,81031,historical_se_penalty,0.0822000621528974,0.1070944567457086,0.14529955747507242,1
student_t4,81031,support_mix50,0.08520604313993957,0.11710542303700641,0.13086101300344732,0
student_t4,81031,support_band50,0.08520604313993975,0.11710542303700647,0.13086101300344727,0
student_t4,81031,filtered_historical,0.06585659945913426,0.11672657157076265,0.16329054675547275,0
student_t4,81032,historical_se_penalty,0.20810276580990036,0.2517523175417306,0.037156054515913715,1
student_t4,81032,support_mix50,0.20056322082925843,0.24319600315359202,0.03529566079058431,0
student_t4,81032,support_band50,0.20056322082925843,0.24319600315359208,0.03529566079058431,0
student_t4,81032,filtered_historical,0.1923128396832722,0.19805849753173277,0.08424353306722225,1
student_t4,81033,historical_se_penalty,0.02833589945521702,0.09797790207351521,0.18750806231161335,1
student_t4,81033,support_mix50,0.0655907986568031,0.12749841938427822,0.22280130257630684,1
student_t4,81033,support_band50,0.12217608203487966,0.1470178172677102,0.11584289216614878,1
student_t4,81033,filtered_historical,0.06449924465048704,0.08838646243235597,0.1130828200097761,0
student_t4,81034,historical_se_penalty,0.11626414086313204,0.128501986589141,0.1225733914746261,1
student_t4,81034,support_mix50,0.13017533870895748,0.13524170418278758,0.10787852771569718,0
student_t4,81034,support_band50,0.1384516279149497,0.14375811792741644,0.10445737701771385,0
student_t4,81034,filtered_historical,0.022593180137057273,0.09663526541211039,0.1507429343081301,0
student_t4,81035,historical_se_penalty,0.014886196485688386,0.06645482952185755,0.13896861310064573,1
student_t4,81035,support_mix50,0.00539195934108132,0.06340237624236156,0.1411205446501435,1
student_t4,81035,support_band50,0.030972636062917627,0.04794083044099486,0.10971512758479895,1
student_t4,81035,filtered_historical,0.09988041552415854,0.19068165316588942,0.1362066143646256,0
student_t4,81036,historical_se_penalty,0.18173221428649708,0.2208870696641994,0.07539759577064373,1
student_t4,81036,support_mix50,0.17111922441598534,0.2032514328974475,0.07579518338804113,0
student_t4,81036,support_band50,0.1711192244159855,0.20325143289744754,0.07579518338804116,0
student_t4,81036,filtered_historical,0.03512322435632023,0.09364880666517955,0.10319121403728675,1
student_t4,81037,historical_se_penalty,0.08336107336005279,0.09034528246164522,0.04433587665098829,1
student_t4,81037,support_mix50,0.12398070810276492,0.11929894625703501,0.052107601642354916,1
student_t4,81037,support_band50,0.10536513211684136,0.09948735991591773,0.05229846688225162,1
student_t4,81037,filtered_historical,0.08994166198406682,0.11706985370373134,0.12334145130565892,0
student_t4,81038,historical_se_penalty,0.019030944499608557,0.06587289731718055,0.13507284441258283,1
student_t4,81038,support_mix50,0.012907168449492561,0.06598167357053035,0.08647135390006357,0
student_t4,81038,support_band50,0.012907168449492561,0.06598167357053035,0.08647135390006354,0
student_t4,81038,filtered_historical,0.020097805399424233,0.10130230453825627,0.1024645468405389,0
student_t4,81039,historical_se_penalty,0.0715463142247404,0.10646447863922845,0.12352016618176148,1
student_t4,81039,support_mix50,0.12021162639243989,0.1566495700266718,0.08941740741839882,0
student_t4,81039,support_band50,0.12021162639243989,0.15664957002667185,0.08941740741839879,0
student_t4,81039,filtered_historical,0.014678866717956752,0.07474182039184592,0.15769703647595218,1
student_t4,81040,historical_se_penalty,0.03264556949934327,0.05424758681092702,0.09453755287434355,1
student_t4,81040,support_mix50,0.0878854274469758,0.12243633084595293,0.09668286955092525,1
student_t4,81040,support_band50,0.07273342289524438,0.10549038815135585,0.08989507087890068,1
student_t4,81040,filtered_historical,0.06769566956519406,0.10396015183049472,0.10654132081811479,0
student_t4,81041,historical_se_penalty,0.11237866818745433,0.1278359614177266,0.07359866854256399,1
student_t4,81041,support_mix50,0.07804529025958652,0.09246640731854053,0.07579468343923404,1
student_t4,81041,support_band50,0.0291223004974334,0.049673381652896004,0.07198628349453648,1
student_t4,81041,filtered_historical,0.004273796714385786,0.07902657928400564,0.08538434086445171,0
student_t4,81042,historical_se_penalty,0.008693302725511439,0.046260996596429245,0.06595993218939171,1
student_t4,81042,support_mix50,0.055450220022374555,0.09294968616707644,0.08745240498992668,1
student_t4,81042,support_band50,0.04947304418816749,0.0865695897037542,0.08692407767285665,1
student_t4,81042,filtered_historical,0.09445547941267268,0.17915215487410213,0.14417451071427176,0
student_t4,81043,historical_se_penalty,0.1471355707002353,0.17647910796445507,0.18838470849006816,1
student_t4,81043,support_mix50,0.2712630208161561,0.2929985378746321,0.29368670414187314,1
student_t4,81043,support_band50,0.2712630208161559,0.29299853787463204,0.29368670414187303,1
student_t4,81043,filtered_historical,0.6926056616779463,0.8963247679875197,0.33218363301446113,0
student_t4,81044,historical_se_penalty,0.08479310085074725,0.11986394499317901,0.10964440651562896,1
student_t4,81044,support_mix50,0.05866756153350244,0.0960594907352689,0.10393345761171598,1
student_t4,81044,support_band50,0.05866756153350262,0.09605949073526893,0.10393345761171592,1
student_t4,81044,filtered_historical,0.1666881285229345,0.2162010966992992,0.15328339703277247,1
student_t4,81045,historical_se_penalty,0.11999171083968366,0.13465771675782626,0.04531463048792772,1
student_t4,81045,support_mix50,0.10921650109506781,0.12648881222314862,0.036322567025761976,1
student_t4,81045,support_band50,0.10921650109506781,0.12648881222314864,0.036322567025761976,1
student_t4,81045,filtered_historical,0.0445091178880249,0.10335376204470809,0.1272782639848258,0
student_t4,81046,historical_se_penalty,0.09354738585724577,0.1256611502620538,0.09452218591909674,1
student_t4,81046,support_mix50,0.10080911372405783,0.13649417759712776,0.10722069363946438,1
student_t4,81046,support_band50,0.13475479684589511,0.17505517262675316,0.10754723795589859,1
student_t4,81046,filtered_historical,0.5716342967322605,0.762894345278198,0.22799653713908136,0
student_t4,81047,historical_se_penalty,0.031586051904676476,0.054192137243236335,0.04091090019973835,1
student_t4,81047,support_mix50,0.04253671138694189,0.07000766628788561,0.05272467807698573,0
student_t4,81047,support_band50,0.0444114999197503,0.07105403239076649,0.0521823141281126,0
student_t4,81047,filtered_historical,0.06558847414468846,0.09054665720978652,0.05452937408318609,0
student_t4,81048,historical_se_penalty,0.015213669096895912,0.052197608885841754,0.061841467653317155,1
student_t4,81048,support_mix50,0.006204202825464698,0.04611111934376611,0.042648734988701205,1
student_t4,81048,support_band50,0.018560128335089004,0.035642815797134124,0.044845075168563286,1
student_t4,81048,filtered_historical,0.19690478691077776,0.24618012547419116,0.059409059424586935,0
student_t4,81049,historical_se_penalty,0.13024790977385628,0.12251743437522528,0.06611417629797027,1
student_t4,81049,support_mix50,0.07565335945742314,0.07490573238116294,0.052719767140248286,1
student_t4,81049,support_band50,0.07635925006913379,0.07566330924304865,0.052791500477954306,1
student_t4,81049,filtered_historical,0.25965344375810473,0.2828156452421561,0.14671436363375656,0
student_t4,81050,historical_se_penalty,0.04273383203048163,0.09781931438377078,0.11310836881238467,1
student_t4,81050,support_mix50,0.02140481924782116,0.09574362428832711,0.13643419029632098,1
student_t4,81050,support_band50,0.02140481924782116,0.09574362428832711,0.13643419029632095,1
student_t4,81050,filtered_historical,0.011576604531690399,0.13536250137498865,0.14460644173619983,0
student_t4,81051,historical_se_penalty,0.030376461991660005,0.08316538024392507,0.14453864851543674,1
student_t4,81051,support_mix50,0.03904698908784074,0.0988893439070131,0.16234552824415094,1
student_t4,81051,support_band50,0.03904698908784074,0.09888934390701305,0.16234552824415088,1
student_t4,81051,filtered_historical,0.07457329892904979,0.11274056394532392,0.11947442169878443,1
student_t4,81052,historical_se_penalty,0.1356964362724271,0.16632114554285546,0.07322115484553521,1
student_t4,81052,support_mix50,0.12204006009627981,0.14556935616737998,0.07497597175542889,1
student_t4,81052,support_band50,0.13063887418949774,0.15566752102737183,0.07463546516962041,1
student_t4,81052,filtered_historical,0.2218569104989294,0.282759124680627,0.07984566459309887,0
student_t4,81053,historical_se_penalty,0.015956179500789695,0.05302925579943531,0.049871149228890556,1
student_t4,81053,support_mix50,0.005599284580163052,0.05198921769589921,0.05284142909592077,1
student_t4,81053,support_band50,0.005599284580163052,0.05198921769589922,0.052841429095920725,1
student_t4,81053,filtered_historical,0.24219385282161496,0.3104006730915845,0.13271315809938886,0
student_t4,81054,historical_se_penalty,0.14901837133495652,0.1604666849231097,0.09888519377616925,1
student_t4,81054,support_mix50,0.15682346937112532,0.16661749596861808,0.08170596670741127,1
student_t4,81054,support_band50,0.15682346937112532,0.166617495968618,0.08170596670741138,1
student_t4,81054,filtered_historical,1.0998174730883115,1.4663225153443005,0.5572806339051272,0
student_t4,81055,historical_se_penalty,0.023653623083910377,0.056620778989717215,0.11396177113880562,1
student_t4,81055,support_mix50,0.07609386276208388,0.10406987833077964,0.07305075421954287,0
student_t4,81055,support_band50,0.07609386276208388,0.10406987833077969,0.07305075421954282,0
student_t4,81055,filtered_historical,0.07316215165050387,0.13655458042977112,0.18824698753572217,0
student_t4,81056,historical_se_penalty,0.07431788810884687,0.09951834200553168,0.06329754459468766,1
student_t4,81056,support_mix50,0.04796890138306502,0.0768886904467588,0.0681501408178249,0
student_t4,81056,support_band50,0.04796890138306502,0.07688869044675885,0.06815014081782486,0
student_t4,81056,filtered_historical,0.21541298367157666,0.3504032112483146,0.2865809072759263,0
student_t4,81057,historical_se_penalty,0.10334304292242948,0.1411605437212245,0.03716429030494069,1
student_t4,81057,support_mix50,0.09599602713299588,0.12741943644246115,0.06981016295196357,0
student_t4,81057,support_band50,0.11253871796276485,0.14692909394500928,0.06209519071338504,0
student_t4,81057,filtered_historical,0.11126479368917228,0.15560821789288695,0.18864454282930634,0
student_t4,81058,historical_se_penalty,0.11742511726987584,0.13303650960174976,0.08605931531634434,1
student_t4,81058,support_mix50,0.1223037579979891,0.13509944209311986,0.06498779897155298,0
student_t4,81058,support_band50,0.1223037579979891,0.13509944209311991,0.06498779897155295,0
student_t4,81058,filtered_historical,0.01143128439174306,0.08630930885799229,0.08419595547977533,0
student_t4,81059,historical_se_penalty,0.11715930951900068,0.17668077435068122,0.06477467811482564,1
student_t4,81059,support_mix50,0.09415753501855104,0.1480068289831993,0.06638136555039335,0
student_t4,81059,support_band50,0.09415753501855104,0.14800682898319933,0.06638136555039338,0
student_t4,81059,filtered_historical,0.1526108009206559,0.2247845942408241,0.1072771065765303,0
student_t4,81060,historical_se_penalty,0.03407445978003617,0.06607744946766823,0.1395009157798288,1
student_t4,81060,support_mix50,0.012818702585695124,0.061799856064212275,0.1251604853281009,1
student_t4,81060,support_band50,0.012818702585694945,0.061799856064212275,0.12516048532810084,1
student_t4,81060,filtered_historical,0.04108178330177729,0.12613060179671437,0.17935857859341106,0
student_t4,81061,historical_se_penalty,0.18960390019785284,0.23916983655973942,0.07302231963834123,1
student_t4,81061,support_mix50,0.17212449106037267,0.22547495299136025,0.05084525160257496,0
student_t4,81061,support_band50,0.17212449106037267,0.22547495299136025,0.05084525160257495,0
student_t4,81061,filtered_historical,0.20586573780270442,0.2603478096938886,0.09247281769700501,0
student_t4,81062,historical_se_penalty,0.02145951182743838,0.039918277466973164,0.06474267090711056,1
student_t4,81062,support_mix50,0.042384626137822026,0.055619267729618595,0.07286694283405125,1
student_t4,81062,support_band50,0.044910159233869415,0.05872553516293539,0.0735146922069065,1
student_t4,81062,filtered_historical,0.14341882034609565,0.23646963398952672,0.11264660199611519,0
student_t4,81063,historical_se_penalty,0.03203993567951799,0.04891143762053489,0.12792163350681965,1
student_t4,81063,support_mix50,0.017581898968028746,0.04360989486621635,0.12114328048285933,1
student_t4,81063,support_band50,0.03947150780604744,0.05763799562943065,0.10711002853594516,1
student_t4,81063,filtered_historical,0.11786283360389146,0.14855820113442184,0.14802881069741303,1
student_t4,81064,historical_se_penalty,0.07109694097143823,0.11543909789404481,0.1176401724087775,1
student_t4,81064,support_mix50,0.11232841928856986,0.15645337376204294,0.1581882711963963,1
student_t4,81064,support_band50,0.0364053511847914,0.07587829500954553,0.09038062753460145,1
student_t4,81064,filtered_historical,0.22833526848109315,0.3241134699725593,0.11814808410795521,0
student_t4,81065,historical_se_penalty,0.17542899527319974,0.21815883259787694,0.03840375845729919,1
student_t4,81065,support_mix50,0.20741579085337222,0.24610071189333957,0.030615299372787737,0
student_t4,81065,support_band50,0.20741579085337222,0.24610071189333965,0.030615299372787737,0
student_t4,81065,filtered_historical,0.3636954696406817,0.46607916910770714,0.06278671555842426,0
student_t4,81066,historical_se_penalty,0.01119205857552305,0.05038486807313755,0.09026028176559218,1
student_t4,81066,support_mix50,0.014187349273128721,0.0549037509995472,0.07777109193209408,0
student_t4,81066,support_band50,0.014187349273128721,0.05490375099954724,0.07777109193209404,0
student_t4,81066,filtered_historical,0.10472776972045808,0.13731869448045217,0.10840197242384764,0
student_t4,81067,historical_se_penalty,0.0680702954210328,0.08615220610911116,0.100843023399719,1
student_t4,81067,support_mix50,0.08363110490444628,0.09876944021455311,0.08506340204201826,0
student_t4,81067,support_band50,0.08363110490444628,0.09876944021455315,0.08506340204201825,0
student_t4,81067,filtered_historical,0.06809883652672316,0.16525467802548663,0.15488449791150463,0
student_t4,81068,historical_se_penalty,0.10822463020000275,0.098933579226683,0.10655272508110147,1
student_t4,81068,support_mix50,0.12242678408512646,0.10340937811172429,0.11184607270250149,1
student_t4,81068,support_band50,0.15930083034629,0.14058503972083977,0.10144801133064027,0
student_t4,81068,filtered_historical,0.19605510503065673,0.4374386991565632,0.23762109021799635,0
student_t4,81069,historical_se_penalty,0.08082255666378478,0.09813781333946274,0.06854825391865697,1
student_t4,81069,support_mix50,0.04776708942597722,0.07610990517432337,0.08843497478406016,1
student_t4,81069,support_band50,0.04776708942597722,0.07610990517432341,0.08843497478406011,1
student_t4,81069,filtered_historical,0.1839239555280918,0.21569709748195437,0.10130031692739655,0
student_t4,81070,historical_se_penalty,0.023729573085905706,0.0668256804800503,0.11838129715510182,1
student_t4,81070,support_mix50,0.01872361935427532,0.07311043477145475,0.12659110666472306,1
student_t4,81070,support_band50,0.01872361935427532,0.07311043477145474,0.126591106664723,1
student_t4,81070,filtered_historical,0.30502609856150936,0.396645894752887,0.22050957935427123,1
student_t4,81071,historical_se_penalty,0.1014728358812753,0.1115764677535011,0.08989886910405026,1
student_t4,81071,support_mix50,0.09390126222473878,0.10756179857729113,0.06280540933156095,0
student_t4,81071,support_band50,0.09390126222473878,0.10756179857729119,0.06280540933156092,0
student_t4,81071,filtered_historical,0.07743069098951963,0.12708685290578448,0.1372926477901117,0
student_t4,81072,historical_se_penalty,0.01334915758142209,0.07635998806047636,0.15657310716522882,1
student_t4,81072,support_mix50,0.021619191751577237,0.0648459069579029,0.12393424377849224,1
student_t4,81072,support_band50,0.12963960569130922,0.1429722138973345,0.08704130918467731,0
student_t4,81072,filtered_historical,0.1948487635952963,0.24535011884718533,0.10465914331071823,0
student_t4,81073,historical_se_penalty,0.12648927912498165,0.14720461384246145,0.04763464262512224,1
student_t4,81073,support_mix50,0.09451581832870348,0.11260591804174108,0.05416203299714509,0
student_t4,81073,support_band50,0.09451581832870348,0.11260591804174112,0.0541620329971451,0
student_t4,81073,filtered_historical,0.018315469853133492,0.08813335774322299,0.09751543195674059,0
student_t4,81074,historical_se_penalty,0.03444023944962957,0.046270631029494726,0.06382223396696173,1
student_t4,81074,support_mix50,0.07179560510495826,0.07416970745782207,0.08381931381834766,1
student_t4,81074,support_band50,0.060263263154065674,0.06338323686930115,0.07865589530484826,1
student_t4,81074,filtered_historical,0.19407184265907457,0.25828903791138863,0.052874229153948175,0
student_t4,81075,historical_se_penalty,0.09613087703622422,0.09706443712268742,0.2253613348362194,1
student_t4,81075,support_mix50,0.14505318428332872,0.1750626242292162,0.2058834756374842,0
student_t4,81075,support_band50,0.12620399764174178,0.15081729053505658,0.20307773957408756,0
student_t4,81075,filtered_historical,0.048249628166536385,0.12473138317023895,0.17868682233643193,0
student_t4,81076,historical_se_penalty,0.06628258757425771,0.10015921450908342,0.12152277228557073,1
student_t4,81076,support_mix50,0.08968469995371003,0.1114155921120219,0.10375524329838422,0
student_t4,81076,support_band50,0.08968469995371003,0.11141559211202193,0.10375524329838419,0
student_t4,81076,filtered_historical,0.12330443691412238,0.18406348009439855,0.172029341045606,0
student_t4,81077,historical_se_penalty,0.08235168121047626,0.12314136539867646,0.2634429104920919,1
student_t4,81077,support_mix50,0.0790816941532596,0.11434398789576436,0.23815098522863773,0
student_t4,81077,support_band50,0.09037974325901375,0.12526646805969083,0.25008796224463875,0
student_t4,81077,filtered_historical,0.10620105573702986,0.20349488911305547,0.1794115799995944,0
student_t4,81078,historical_se_penalty,0.11827053679598033,0.10148842300035558,0.061122603023422796,1
student_t4,81078,support_mix50,0.10542751444388496,0.09574651278644589,0.05452798423378193,1
student_t4,81078,support_band50,0.1351819182626168,0.1269777238223497,0.05605511203611165,1
student_t4,81078,filtered_historical,0.01186848814053701,0.10025102724455136,0.11475081455704138,0
student_t4,81079,historical_se_penalty,0.013699096799104103,0.09014888340658345,0.22144534451567469,1
student_t4,81079,support_mix50,0.016513130422553084,0.07755478408220985,0.1961500135353021,0
student_t4,81079,support_band50,0.016513130422553264,0.07755478408220985,0.19615001353530204,0
student_t4,81079,filtered_historical,0.02327044437425184,0.10633670048356188,0.30797511941348865,1
student_t4,81080,historical_se_penalty,0.012361431039988055,0.054310808634457995,0.08535041708921975,1
student_t4,81080,support_mix50,0.06634002902606134,0.08391745806632032,0.058361869788266726,0
student_t4,81080,support_band50,0.06634002902606134,0.08391745806632037,0.058361869788266706,0
student_t4,81080,filtered_historical,0.06343885962821486,0.14724981378578603,0.1951481650564466,0
student_t4,81081,historical_se_penalty,0.07983762823749561,0.09798088789998366,0.1640072856179781,1
student_t4,81081,support_mix50,0.038756383570165545,0.059512829846217266,0.15172662986724925,1
student_t4,81081,support_band50,0.03928148680861478,0.059874616414903936,0.15202477887907936,1
student_t4,81081,filtered_historical,0.019348742855037016,0.18920116018083236,0.22609133897270575,0
student_t4,81082,historical_se_penalty,0.002533776939117294,0.04689293894042745,0.17078511944474326,1
student_t4,81082,support_mix50,0.007245428661167978,0.04677866699620929,0.1207544177035967,0
student_t4,81082,support_band50,0.0639466892278115,0.09966910399165574,0.08809395619784426,0
student_t4,81082,filtered_historical,0.01773146503953087,0.0901197409396295,0.12000470948870964,0
student_t4,81083,historical_se_penalty,0.09733259854835055,0.12798931304257163,0.15880007612043362,1
student_t4,81083,support_mix50,0.09972184555235965,0.1377693416747985,0.19775216471390875,0
student_t4,81083,support_band50,0.003378130368542219,0.07082199447196035,0.13944787489255092,0
student_t4,81083,filtered_historical,0.12950455346292505,0.18354969105148797,0.09997960597583344,0
student_t4,81084,historical_se_penalty,0.06601087673549014,0.08333084237558495,0.13186097255198337,1
student_t4,81084,support_mix50,0.061226287949148826,0.07808129182107319,0.12331943278225689,1
student_t4,81084,support_band50,0.061226287949148826,0.07808129182107322,0.12331943278225684,1
student_t4,81084,filtered_historical,0.03584630144705026,0.1315593778941566,0.1282365706527699,0
student_t4,81085,historical_se_penalty,0.07117193469622879,0.10991727422868541,0.07896381392237749,1
student_t4,81085,support_mix50,0.09211284474902993,0.11853965846684048,0.07646000937688029,0
student_t4,81085,support_band50,0.09211284474902993,0.1185396584668405,0.07646000937688026,0
student_t4,81085,filtered_historical,0.041663360038990835,0.09663096364728246,0.07896909310959621,0
student_t4,81086,historical_se_penalty,0.27622687032526744,0.3334739872778699,0.21854778964967173,1
student_t4,81086,support_mix50,0.3034310794291918,0.34714309800993776,0.17270978435161133,0
student_t4,81086,support_band50,0.19825439001897865,0.2200700592543633,0.13566444925882767,1
student_t4,81086,filtered_historical,0.3053788357782503,0.37774553395183874,0.12282044601034207,0
student_t4,81087,historical_se_penalty,0.04962449261151856,0.09728942730538938,0.14037132449552217,1
student_t4,81087,support_mix50,0.01782098055449304,0.055571103645165876,0.09181677786112423,0
student_t4,81087,support_band50,0.01782098055449286,0.05557110364516585,0.09181677786112419,0
student_t4,81087,filtered_historical,0.18597042676606723,0.22819710844596128,0.12193012652025728,0
student_t4,81088,historical_se_penalty,0.05614046494117217,0.10460084744509135,0.12083786333984639,1
student_t4,81088,support_mix50,0.05860274538615931,0.10620233871935972,0.1261753140057228,1
student_t4,81088,support_band50,0.05860274538615931,0.10620233871935979,0.12617531400572274,1
student_t4,81088,filtered_historical,0.06426789992398295,0.14449610169988134,0.27716211916945194,0
student_t4,81089,historical_se_penalty,0.01073944633110032,0.06143856745259241,0.09910695183483353,1
student_t4,81089,support_mix50,0.021107833918654614,0.050339004334646276,0.07660387041947511,0
student_t4,81089,support_band50,0.021107833918654437,0.050339004334646255,0.07660387041947508,0
student_t4,81089,filtered_historical,0.06485756569552556,0.14017800063252597,0.17135661867792765,0
student_t4,81090,historical_se_penalty,0.0013644522179262133,0.04770465443828409,0.08232637748565477,1
student_t4,81090,support_mix50,0.03513321830291346,0.06192882426409945,0.05619534539361754,1
student_t4,81090,support_band50,0.03513321830291346,0.06192882426409948,0.05619534539361752,1
student_t4,81090,filtered_historical,0.08622090668709308,0.13674018975465077,0.10644508164150537,0
student_t4,81091,historical_se_penalty,0.08164091391062162,0.09275273885207368,0.07799367326451029,1
student_t4,81091,support_mix50,0.04601922488791959,0.07148508242243015,0.08073080065351136,0
student_t4,81091,support_band50,0.0438927153919187,0.06960651109432589,0.07992455678871067,0
student_t4,81091,filtered_historical,0.21694351901535788,0.28445757202419897,0.2170071260570755,0
student_t4,81092,historical_se_penalty,0.06737595024092913,0.1151694024960033,0.07760918713949808,1
student_t4,81092,support_mix50,0.05663385850111242,0.10699226612259932,0.08151412436448298,0
student_t4,81092,support_band50,0.05663385850111242,0.10699226612259935,0.08151412436448298,0
student_t4,81092,filtered_historical,0.024928867043316028,0.1392499262317069,0.15064990067430112,0
student_t4,81093,historical_se_penalty,0.050373420852841355,0.10034056442034103,0.09281121509779883,1
student_t4,81093,support_mix50,0.0699173151785731,0.12506658497731044,0.09951358218793462,0
student_t4,81093,support_band50,0.10511513679879264,0.16608925956693757,0.10798489881034283,0
student_t4,81093,filtered_historical,0.4634269154980113,0.7186754715989486,0.2487261172470943,0
student_t4,81094,historical_se_penalty,0.2054998839572178,0.24776561944066133,0.22325788504588273,1
student_t4,81094,support_mix50,0.1977573333342739,0.23129241567101994,0.27420290769517947,1
student_t4,81094,support_band50,0.1977573333342739,0.23129241567101994,0.2742029076951794,1
student_t4,81094,filtered_historical,0.2246364952968316,0.26728515932451735,0.1661309989978953,0
student_t4,81095,historical_se_penalty,0.10176148878135874,0.11898466127211207,0.09902388644030302,1
student_t4,81095,support_mix50,0.07593702041423256,0.09946022220501632,0.10689718295388778,1
student_t4,81095,support_band50,0.07593702041423256,0.09946022220501637,0.10689718295388796,1
student_t4,81095,filtered_historical,0.13848869207966719,0.14627199599604168,0.09261173439375968,1
student_t4,81096,historical_se_penalty,0.07411793153305661,0.10382023108154294,0.1657967370644707,1
student_t4,81096,support_mix50,0.11155651953316781,0.12456735483871902,0.16717373021975282,1
student_t4,81096,support_band50,0.07910770259037408,0.12177704055453528,0.20834164371342942,1
student_t4,81096,filtered_historical,0.14498775494569072,0.268859480570806,0.30393732158187875,0
student_t4,81097,historical_se_penalty,0.1814573154773882,0.19438699517308605,0.1029900801370688,1
student_t4,81097,support_mix50,0.17387401749868864,0.18622944148407222,0.08427896878374212,0
student_t4,81097,support_band50,0.17387401749868864,0.18622944148407228,0.08427896878374211,0
student_t4,81097,filtered_historical,0.16313839985548959,0.14908055595118713,0.08026862120910133,0
student_t4,81098,historical_se_penalty,0.04886887076956632,0.07276062815785644,0.08372326723862168,1
student_t4,81098,support_mix50,0.03063949430470812,0.06076266984366351,0.05016269092042747,0
student_t4,81098,support_band50,0.03063949430470812,0.06076266984366355,0.05016269092042745,0
student_t4,81098,filtered_historical,0.1176202624276239,0.15008494511194057,0.10543376795757475,0
student_t4,81099,historical_se_penalty,0.08826515930041177,0.13420119428933222,0.2309197281487134,1
student_t4,81099,support_mix50,0.08701039829132744,0.14029970764253252,0.22807948286402469,0
student_t4,81099,support_band50,0.08701039829132744,0.14029970764253247,0.22807948286402463,0
student_t4,81099,filtered_historical,0.39962483718940905,0.5323568072040854,0.44897592557768073,0
student_t4,81100,historical_se_penalty,0.07918946078728606,0.09864789559557163,0.10104762772047289,1
student_t4,81100,support_mix50,0.007228304121169947,0.07033333965086096,0.08054079505218456,0
student_t4,81100,support_band50,0.08598269096786679,0.10016195877169055,0.06791905577032906,0
student_t4,81100,filtered_historical,0.01800314502213573,0.10738568959621447,0.17001768941166676,0
student_t4,81101,historical_se_penalty,0.03554042931276521,0.07719464080888283,0.10760200071561775,1
student_t4,81101,support_mix50,0.06945182110328188,0.0949862904281479,0.12702276525280673,1
student_t4,81101,support_band50,0.14336289263267857,0.15130975630782847,0.0804286533114198,1
student_t4,81101,filtered_historical,0.16701246384322777,0.18239153128903995,0.06768295421266358,1
student_t4,81102,historical_se_penalty,0.0018671529496848954,0.04135026497774857,0.04789564693709177,1
student_t4,81102,support_mix50,0.01887287292611891,0.052494837244196006,0.0731988896386287,1
student_t4,81102,support_band50,0.01887287292611891,0.052494837244195985,0.07319888963862867,1
student_t4,81102,filtered_historical,0.0368152758964285,0.11615722284381821,0.10616760312538469,0
student_t4,81103,historical_se_penalty,0.03181292908838668,0.08282752249429226,0.1809123566992893,1
student_t4,81103,support_mix50,0.048533949431607326,0.09061313761594955,0.1890887055724699,1
student_t4,81103,support_band50,0.048533949431607326,0.09061313761594955,0.18908870557247007,1
student_t4,81103,filtered_historical,0.09491405407513617,0.14592459912074016,0.348351883102429,1
student_t4,81104,historical_se_penalty,0.08203851559634436,0.15946385676213157,0.07650326816769648,1
student_t4,81104,support_mix50,0.1281734381305819,0.1910696363484167,0.07765204401123987,0
student_t4,81104,support_band50,0.008182580679188185,0.07507961955286045,0.06712652162490622,0
student_t4,81104,filtered_historical,0.10304025303200048,0.17467644716060446,0.08712818617896154,0
student_t4,81105,historical_se_penalty,0.059182253099361704,0.07301003919172565,0.10836547630036389,1
student_t4,81105,support_mix50,0.048758471389985854,0.07778584313411642,0.12057640106345105,0
student_t4,81105,support_band50,0.048758471389985854,0.0777858431341164,0.120576401063451,0
student_t4,81105,filtered_historical,0.04209054412513761,0.08499414898122407,0.13767803720891122,0
student_t4,81106,historical_se_penalty,0.14861690614672107,0.17127842979027544,0.20284137835556024,1
student_t4,81106,support_mix50,0.130390018544279,0.17519687396121106,0.2278664864655495,0
student_t4,81106,support_band50,0.024558117449239174,0.05571977570797924,0.10450843314939992,0
student_t4,81106,filtered_historical,0.13457878620455785,0.1748724752345052,0.16895204368030778,0
student_t4,81107,historical_se_penalty,0.12175087187571965,0.14530330343822306,0.08587245287112467,1
student_t4,81107,support_mix50,0.13533240369359928,0.15698882101547276,0.06528932126170639,0
student_t4,81107,support_band50,0.13533240369359928,0.15698882101547282,0.06528932126170636,0
student_t4,81107,filtered_historical,0.14365106057692467,0.2811108097744918,0.3202182296449129,0
student_t4,81108,historical_se_penalty,0.06847270575464892,0.07277741677824334,0.10168614140427862,1
student_t4,81108,support_mix50,0.05764215619754933,0.072178528354225,0.08970102245200887,0
student_t4,81108,support_band50,0.03282760895738557,0.06357049074522703,0.11086809422783844,0
student_t4,81108,filtered_historical,0.04707585452194904,0.0804631753515971,0.13939178713341363,0
student_t4,81109,historical_se_penalty,0.1270999422101093,0.13256308179927007,0.15435857252133453,1
student_t4,81109,support_mix50,0.18948175390326283,0.20473624168296473,0.22647406844354465,1
student_t4,81109,support_band50,0.11799910402448646,0.12101482931634255,0.19313523309055738,1
student_t4,81109,filtered_historical,0.17977590906865556,0.21474693911636228,0.18382574395312445,0
student_t4,81110,historical_se_penalty,0.17511757223047644,0.2310483820580878,0.24887754093125214,1
student_t4,81110,support_mix50,0.18173799864911744,0.2391128576887005,0.2870258583975664,1
student_t4,81110,support_band50,0.17989374224980806,0.2370230981404507,0.2855174629357856,1
student_t4,81110,filtered_historical,0.030480994187279033,0.09290365687933823,0.1784866674625217,1
student_t4,81111,historical_se_penalty,0.10537124045592858,0.12149288722268654,0.06398020307843055,1
student_t4,81111,support_mix50,0.07498520853405062,0.08699812124818918,0.05841524136154878,0
student_t4,81111,support_band50,0.07506507661486592,0.08706757624409552,0.058408615947996685,0
student_t4,81111,filtered_historical,0.0905083740510201,0.15003278996923455,0.11241845000364976,0
student_t4,81112,historical_se_penalty,0.04708220274820655,0.07942982770547799,0.08693859304765877,1
student_t4,81112,support_mix50,0.06290374153906085,0.0787431679032428,0.081806306356359,1
student_t4,81112,support_band50,0.06290374153906085,0.07874316790324286,0.08180630635635895,1
student_t4,81112,filtered_historical,0.05325464709765013,0.08164373006462855,0.04274761393040564,0
student_t4,81113,historical_se_penalty,0.07375842640997612,0.07287265614444288,0.09298167098365163,1
student_t4,81113,support_mix50,0.09018631416680327,0.08202394526096629,0.09222202874861668,0
student_t4,81113,support_band50,0.07497679333932336,0.07689962146810342,0.10698548975018321,0
student_t4,81113,filtered_historical,0.042805581264404924,0.13848357177826703,0.20824197947706158,1
student_t4,81114,historical_se_penalty,0.04642768735179568,0.07520797676212186,0.08229457780399892,1
student_t4,81114,support_mix50,0.03900260684621153,0.06361579671512993,0.08640740724328573,1
student_t4,81114,support_band50,0.03900260684621153,0.06361579671512993,0.08640740724328586,1
student_t4,81114,filtered_historical,0.16551868336139802,0.19123194690625547,0.05999932279958288,0
student_t4,81115,historical_se_penalty,0.02816444468545297,0.06699285540264532,0.07698851972229323,1
student_t4,81115,support_mix50,0.003998435472049085,0.057318394975357574,0.06967740107706506,0
student_t4,81115,support_band50,0.003998435472049085,0.05731839497535756,0.06967740107706505,0
student_t4,81115,filtered_historical,0.15801902646179888,0.22759744992204547,0.13983957894319374,0
student_t4,81116,historical_se_penalty,0.06739579626300643,0.08629448140661518,0.13433579500537235,1
student_t4,81116,support_mix50,0.06577750384039947,0.09297962244649532,0.14631042967373276,1
student_t4,81116,support_band50,0.06577750384039947,0.09297962244649537,0.1463104296737327,1
student_t4,81116,filtered_historical,0.27305097397056494,0.339421554040282,0.13250004312675098,0
student_t4,81117,historical_se_penalty,0.13236938833223372,0.15322255878078264,0.0625302210118703,1
student_t4,81117,support_mix50,0.14315364222620056,0.1583340946652524,0.061195466653683785,0
student_t4,81117,support_band50,0.14315364222620072,0.15833409466525242,0.061195466653683785,0
student_t4,81117,filtered_historical,0.0773041324146653,0.14511523443561844,0.11818087232340482,0
student_t4,81118,historical_se_penalty,0.16708602349915136,0.18046394108020988,0.04635372458746379,1
student_t4,81118,support_mix50,0.12706894669326096,0.14960658440374788,0.038330997124673395,0
student_t4,81118,support_band50,0.15102824414026783,0.1771630005361804,0.03934759525697188,0
student_t4,81118,filtered_historical,0.2569622585097634,0.2777259015848821,0.08396336001994459,0
student_t4,81119,historical_se_penalty,0.0583598069384024,0.07147772336784779,0.05638302613031562,1
student_t4,81119,support_mix50,0.03483837327544246,0.054123587926598604,0.049365315215630416,0
student_t4,81119,support_band50,0.01582456023375878,0.04906329593527427,0.0489506978129888,0
student_t4,81119,filtered_historical,0.2124603201790916,0.2811444512184911,0.09788751059658252,0
student_t4,81120,historical_se_penalty,0.007986618027401743,0.03790261203619002,0.10883513062443062,1
student_t4,81120,support_mix50,0.03001699974620058,0.07253958232539445,0.0712494223700152,0
student_t4,81120,support_band50,0.03001699974620058,0.07253958232539447,0.07124942237001516,0
student_t4,81120,filtered_historical,0.011884543659908231,0.10079864476662484,0.09954410102052487,0
student_t4,81121,historical_se_penalty,0.047968423030780825,0.07220735250260292,0.09977188624102014,1
student_t4,81121,support_mix50,0.0828821575890715,0.09505824650724534,0.0854870256906977,0
student_t4,81121,support_band50,0.08288215758907168,0.09505824650724536,0.08548702569069766,0
student_t4,81121,filtered_historical,0.42539779380582643,0.637047238679419,0.4939396247964053,1
student_t4,81122,historical_se_penalty,0.009827422646429976,0.040119677417797386,0.034863435442395285,1
student_t4,81122,support_mix50,0.0038791641852332645,0.04808221484387078,0.05876302973515935,0
student_t4,81122,support_band50,0.0038791641852332645,0.04808221484387078,0.05876302973515938,0
student_t4,81122,filtered_historical,0.07533839582468149,0.11029468429100275,0.07455596709148009,1
student_t4,81123,historical_se_penalty,0.15055679336977054,0.18182566841238149,0.16906261827937852,1
student_t4,81123,support_mix50,0.12327461294262851,0.164424245244656,0.1581418871743445,0
student_t4,81123,support_band50,0.13113656140341476,0.1745888552307689,0.16135307404657898,0
student_t4,81123,filtered_historical,0.36577412259034325,0.48204531363361053,0.2706013070684743,0
student_t4,81124,historical_se_penalty,0.034467096120862295,0.0662203727702066,0.06746967424235724,1
student_t4,81124,support_mix50,0.06509788127931584,0.07803077610038144,0.06527256026042376,1
student_t4,81124,support_band50,0.06509788127931602,0.07803077610038146,0.06527256026042372,1
student_t4,81124,filtered_historical,0.06275997860370797,0.12666521620604182,0.11798712985370026,0
student_t4,81125,historical_se_penalty,0.0014619031945320732,0.029998309208639853,0.026263280396129126,1
student_t4,81125,support_mix50,0.01864819435336465,0.035244303699099075,0.023924255308532875,1
student_t4,81125,support_band50,0.01864819435336465,0.0352443036990991,0.023924255308532854,1
student_t4,81125,filtered_historical,0.09231362931077387,0.15821048655134715,0.11337908003338276,0
student_t4,81126,historical_se_penalty,0.08200545768603724,0.15748005458709782,0.3041248998075306,1
student_t4,81126,support_mix50,0.024792331467122113,0.12744608580791147,0.29697133508729817,0
student_t4,81126,support_band50,0.024792331467122113,0.12744608580791147,0.29697133508729817,0
student_t4,81126,filtered_historical,0.04211834132293564,0.07401558790242405,0.1921098081676446,0
student_t4,81127,historical_se_penalty,0.10465856958956415,0.10841173403967613,0.13580555382554557,1
student_t4,81127,support_mix50,0.11863029148930493,0.1313994216740305,0.13653063211131325,0
student_t4,81127,support_band50,0.08711156895664614,0.10132895270587065,0.12201666129854641,0
student_t4,81127,filtered_historical,0.3204579092282068,0.39854902003723264,0.33169111325692274,0
student_t4,81128,historical_se_penalty,0.0574726542602242,0.09162534532879918,0.05450896261000335,1
student_t4,81128,support_mix50,0.1373804646377685,0.18614147767562508,0.052859539443911245,0
student_t4,81128,support_band50,0.1373804646377685,0.18614147767562514,0.05285953944391123,0
student_t4,81128,filtered_historical,0.18260729280091206,0.26341254730663194,0.24392661793764608,0
student_t4,81129,historical_se_penalty,0.17343413394344345,0.22445328054311686,0.08192342628129874,1
student_t4,81129,support_mix50,0.14750286429691514,0.19210175064252094,0.03294314069459862,0
student_t4,81129,support_band50,0.14750286429691514,0.192101750642521,0.03294314069459861,0
student_t4,81129,filtered_historical,0.22842494155645995,0.30137086691705234,0.10611344115195655,0
student_t4,81130,historical_se_penalty,0.046354759989417176,0.06085996647394827,0.03910268532621622,1
student_t4,81130,support_mix50,0.038080682594814765,0.0455113316043038,0.03820370398403792,0
student_t4,81130,support_band50,0.038080682594814945,0.045511331604303824,0.038203703984037926,0
student_t4,81130,filtered_historical,0.04115501425032983,0.12934601453017022,0.1351100580014472,0
student_t4,81131,historical_se_penalty,0.4691927773940611,0.5675414506893347,0.4274361656662765,1
student_t4,81131,support_mix50,0.5240800062552556,0.6198010216640755,0.46886712299459254,1
student_t4,81131,support_band50,0.5240800062552556,0.6198010216640754,0.46886712299459243,1
student_t4,81131,filtered_historical,0.47755542967861747,0.5584692721846485,0.16887199033075387,0
student_t4,81132,historical_se_penalty,0.2044101832209662,0.25167598861398793,0.050625993451381655,1
student_t4,81132,support_mix50,0.21320867029977086,0.26689674856628276,0.03567044338365241,1
student_t4,81132,support_band50,0.21320867029977086,0.2668967485662828,0.035670443383652405,1
student_t4,81132,filtered_historical,0.04755446567794034,0.06925020662948797,0.1008752309463373,1
student_t4,81133,historical_se_penalty,0.02868868445386735,0.08454470159519434,0.13586639151218335,1
student_t4,81133,support_mix50,0.022223021535383643,0.05727182560742026,0.11097410200698872,1
student_t4,81133,support_band50,0.022223021535383643,0.057271825607420265,0.11097410200698866,1
student_t4,81133,filtered_historical,0.16713991881670343,0.2225784867176194,0.05981416133496435,1
student_t4,81134,historical_se_penalty,0.14819312813010058,0.18698206507041878,0.11768083546182273,1
student_t4,81134,support_mix50,0.13483153736211592,0.17185425545708627,0.1112839186679393,0
student_t4,81134,support_band50,0.13483153736211592,0.17185425545708632,0.11128391866793934,0
student_t4,81134,filtered_historical,0.19748404889523383,0.2308922699374968,0.08482909240108231,0
student_t4,81135,historical_se_penalty,0.14817924491639653,0.19682346619961616,0.05714459255229424,1
student_t4,81135,support_mix50,0.14983031566411734,0.19942133391473627,0.05532886027192042,1
student_t4,81135,support_band50,0.14983031566411734,0.19942133391473632,0.05532886027192041,1
student_t4,81135,filtered_historical,0.08164410193276987,0.1498620618801897,0.13383796099845793,0
student_t4,81136,historical_se_penalty,0.016328384052233216,0.09401946330491477,0.1669338578237985,1
student_t4,81136,support_mix50,0.015387229978324184,0.09274672035502304,0.14529331566461334,0
student_t4,81136,support_band50,0.03787702287947805,0.10539484231932351,0.151690108527743,0
student_t4,81136,filtered_historical,0.1381259881024716,0.2354091745281079,0.29508969748813896,1
student_t4,81137,historical_se_penalty,0.1044005783220998,0.14142116604724747,0.05390458983651658,1
student_t4,81137,support_mix50,0.0716603547297148,0.11927746996780257,0.07268944760581961,0
student_t4,81137,support_band50,0.08006934695112586,0.13142778711380748,0.07666478720482249,1
student_t4,81137,filtered_historical,0.023476039721396478,0.08256379415495028,0.13211751043462863,0
student_t4,81138,historical_se_penalty,0.03584147632154733,0.07308353903977519,0.06488320408548395,1
student_t4,81138,support_mix50,0.009581414174213496,0.07121101995533587,0.0799914592622707,0
student_t4,81138,support_band50,0.008608047531934858,0.06814172903168289,0.07675202836764106,0
student_t4,81138,filtered_historical,0.011552510568507432,0.12988314408901894,0.126937499638747,0
student_t4,81139,historical_se_penalty,0.2767013771424531,0.29982695439953144,0.4273008890949088,1
student_t4,81139,support_mix50,0.2500356706129668,0.2773324224299492,0.3748787125996458,0
student_t4,81139,support_band50,0.2500356706129668,0.2773324224299492,0.37487871259964567,0
student_t4,81139,filtered_historical,0.677612837267114,0.835011320938267,0.1850301631217009,0
student_t4,81140,historical_se_penalty,0.06496427327291808,0.09706945642675259,0.0463057367352777,1
student_t4,81140,support_mix50,0.07808686308370304,0.11175767758143162,0.05571416120818061,1
student_t4,81140,support_band50,0.13418982207027202,0.17282303686895087,0.05059366414178903,1
student_t4,81140,filtered_historical,0.14495878256239533,0.20273442897094424,0.07518326484009336,0
student_t4,81141,historical_se_penalty,0.00318248258706246,0.03997379846503193,0.049940942914813144,1
student_t4,81141,support_mix50,0.008631131495117876,0.04109024564665754,0.04366069423737584,0
student_t4,81141,support_band50,0.08631644730952877,0.09113174533750291,0.03578095605296635,0
student_t4,81141,filtered_historical,0.9485713642470298,1.3451318034839987,0.7042929508391239,0
student_t4,81142,historical_se_penalty,0.10701565512999622,0.12862654180492472,0.12734375656302435,1
student_t4,81142,support_mix50,0.05030089640306115,0.09406950555380729,0.1876283805129969,1
student_t4,81142,support_band50,0.13193199875055042,0.16037391098363496,0.14793974495479476,0
student_t4,81142,filtered_historical,0.23738240775508287,0.30453605316307575,0.08655185133232775,0
student_t4,81143,historical_se_penalty,0.032389392763473905,0.06062706647849728,0.0818467974025134,1
student_t4,81143,support_mix50,0.04451130119240861,0.04894103637426111,0.061501901844151094,1
student_t4,81143,support_band50,0.04451130119240861,0.04894103637426114,0.06150190184415107,1
student_t4,81143,filtered_historical,0.08140162906422296,0.12423889049583293,0.0978160050486196,1
student_t4,81144,historical_se_penalty,0.3596485165575253,0.4196691186356415,0.39158215064805435,1
student_t4,81144,support_mix50,0.374281881335974,0.4361899806068179,0.3830815497050605,0
student_t4,81144,support_band50,0.28935403250804687,0.3324607746288198,0.31674908857686235,0
student_t4,81144,filtered_historical,0.5260009968669196,0.6210098979780092,0.17011605014750794,0
student_t4,81145,historical_se_penalty,0.11072589282357997,0.1360696025818331,0.04655987265238284,1
student_t4,81145,support_mix50,0.12484542827233033,0.15891506814820125,0.032911723890203616,0
student_t4,81145,support_band50,0.12484542827233033,0.1589150681482013,0.0329117238902036,0
student_t4,81145,filtered_historical,0.1266876396723528,0.16102402888475034,0.06639578510048039,0
student_t4,81146,historical_se_penalty,0.06441984679491672,0.05929203304065729,0.060898688474526924,1
student_t4,81146,support_mix50,0.017951391431874682,0.04146424126840482,0.042409770461789106,1
student_t4,81146,support_band50,0.017951391431874682,0.041464241268404825,0.0424097704617891,1
student_t4,81146,filtered_historical,0.185728647813865,0.21317801436625364,0.058975825705717126,0
student_t4,81147,historical_se_penalty,0.04037589904555839,0.0619473711947432,0.10203180887128695,1
student_t4,81147,support_mix50,0.03216928369429189,0.05636691423044006,0.09173950411195558,0
student_t4,81147,support_band50,0.03216928369429189,0.05636691423044008,0.09173950411195556,0
student_t4,81147,filtered_historical,0.21889026317250873,0.3390504541348776,0.19583622656967,0
student_t4,81148,historical_se_penalty,0.03793733942411834,0.0656381862049253,0.11288847475432276,1
student_t4,81148,support_mix50,0.09106283516352752,0.09695749408947667,0.08578762351599574,0
student_t4,81148,support_band50,0.09106283516352752,0.09695749408947668,0.08578762351599573,0
student_t4,81148,filtered_historical,0.011515154218687604,0.07966890736004699,0.08214790014699033,0
student_t4,81149,historical_se_penalty,0.2720696817810376,0.33973069289805374,0.08983461684091236,1
student_t4,81149,support_mix50,0.21234538171096876,0.27643693450209234,0.1041885919684913,1
student_t4,81149,support_band50,0.21234538171096876,0.2764369345020924,0.10418859196849127,1
student_t4,81149,filtered_historical,0.299808994238621,0.39224741060597434,0.07626463263578975,0
student_t4,81150,historical_se_penalty,0.17997539748080998,0.2161989828170635,0.06759767222048477,1
student_t4,81150,support_mix50,0.16163809413056293,0.2013300792827326,0.038757053215637556,0
student_t4,81150,support_band50,0.16163809413056293,0.20133007928273264,0.03875705321563754,0
student_t4,81150,filtered_historical,0.2071543883840002,0.2580109801684158,0.11881657902048298,1
student_t4,81151,historical_se_penalty,0.02143433676057792,0.0378255914103951,0.07018675163442341,1
student_t4,81151,support_mix50,0.07326543698712634,0.08944098368787116,0.052995323707397506,1
student_t4,81151,support_band50,0.07326543698712634,0.0894409836878712,0.052995323707397485,1
student_t4,81151,filtered_historical,0.13544352608531218,0.19991661319255233,0.0928155619503045,0
student_t4,81152,historical_se_penalty,0.08791430764505197,0.10879772655373751,0.08017134899276106,1
student_t4,81152,support_mix50,0.16038268444091033,0.20395460289573772,0.11907563408728787,1
student_t4,81152,support_band50,0.01243703240526396,0.06920154613284248,0.07388759566182974,1
student_t4,81152,filtered_historical,0.006583885583973382,0.12449923370765686,0.19247381851990372,0
student_t4,81153,historical_se_penalty,0.008729333654119919,0.06046171947538055,0.06097502334013178,1
student_t4,81153,support_mix50,0.006359496506563399,0.061224742400955344,0.056676875314993845,0
student_t4,81153,support_band50,0.02528913026433625,0.06874759715026514,0.05491176126043671,0
student_t4,81153,filtered_historical,0.006415125970191685,0.07300541780347172,0.0878344116807859,0
student_t4,81154,historical_se_penalty,0.179706702192099,0.18549222970838347,0.22633146652127517,1
student_t4,81154,support_mix50,0.1615925235595476,0.17394567961167462,0.2489128911669014,1
student_t4,81154,support_band50,0.16159252355954742,0.1739456796116746,0.24891289116690132,1
student_t4,81154,filtered_historical,0.09193561651248452,0.1161062799549037,0.12024446520813738,0
student_t4,81155,historical_se_penalty,0.1379083401555555,0.15483978278112961,0.13996041100888096,1
student_t4,81155,support_mix50,0.13561353859251118,0.14824741928520424,0.17186915195509214,1
student_t4,81155,support_band50,0.17110100793406396,0.1894926474790495,0.1810624244474871,1
student_t4,81155,filtered_historical,0.3074716567419788,0.3776220880983913,0.2971599567258642,0
student_t4,81156,historical_se_penalty,0.24235288664094806,0.2618283345586919,0.17587171915776104,1
student_t4,81156,support_mix50,0.20243566454081788,0.23034731640566825,0.1620443920975057,0
student_t4,81156,support_band50,0.1452332704422551,0.16435664610271059,0.12117087378717081,0
student_t4,81156,filtered_historical,0.2189190727516147,0.23157090121527174,0.22090275684999125,1
student_t4,81157,historical_se_penalty,0.21739852453033431,0.2786076946450847,0.036385753591730935,1
student_t4,81157,support_mix50,0.2352553158169318,0.29265976773768587,0.037182659579519516,1
student_t4,81157,support_band50,0.2352553158169318,0.292659767737686,0.0371826595795195,1
student_t4,81157,filtered_historical,0.2265984945190759,0.29374881475540765,0.07092375875833964,0
student_t4,81158,historical_se_penalty,0.11103935840545084,0.15997439489195697,0.06998664218391491,1
student_t4,81158,support_mix50,0.08173777316419316,0.1386337898514365,0.10424278637396918,1
student_t4,81158,support_band50,0.10629771457358286,0.1595276252883568,0.0948771391594177,1
student_t4,81158,filtered_historical,0.18706076723320167,0.26421974583235125,0.07677375258892566,0
student_t4,81159,historical_se_penalty,0.10964105269642785,0.13169877981575423,0.09935298503670946,1
student_t4,81159,support_mix50,0.07779212553722542,0.0946962328686549,0.11052504545533057,0
student_t4,81159,support_band50,0.11021652249743422,0.13213986016909227,0.09927901247335022,0
student_t4,81159,filtered_historical,0.02552316411723556,0.10467419818901698,0.19610384910192905,0
student_t4,81160,historical_se_penalty,0.10150672803387115,0.15679219234833178,0.04161705135399816,1
student_t4,81160,support_mix50,0.11812242101031399,0.17615040765443574,0.032869465363289,0
student_t4,81160,support_band50,0.11812242101031416,0.17615040765443576,0.032869465363289,0
student_t4,81160,filtered_historical,0.08828928443392647,0.13930891041332394,0.07058493940397867,0
student_t4,81161,historical_se_penalty,0.1480000750353336,0.19816754537399217,0.15918771581679578,1
student_t4,81161,support_mix50,0.1679087484785537,0.2073366911886903,0.16920487953355937,1
student_t4,81161,support_band50,0.18312486898150038,0.22755414587239156,0.15167122224184018,1
student_t4,81161,filtered_historical,0.035951981815643234,0.10008191417004392,0.14612179796493716,0
student_t4,81162,historical_se_penalty,0.12070145217314489,0.13347906041403787,0.06704572283035537,1
student_t4,81162,support_mix50,0.1133394134791099,0.13590756429501613,0.05778108199878612,0
student_t4,81162,support_band50,0.1133394134791099,0.13590756429501616,0.05778108199878611,0
student_t4,81162,filtered_historical,0.1451831410099785,0.26888088328768184,0.10686633309666242,0
student_t4,81163,historical_se_penalty,0.001988785601798949,0.05797040577603545,0.08215411356335207,1
student_t4,81163,support_mix50,0.038819149509307115,0.0573122138270823,0.09009317859797622,1
student_t4,81163,support_band50,0.038819149509307115,0.0573122138270823,0.0900931785979762,1
student_t4,81163,filtered_historical,0.09326197151114082,0.14127478247023284,0.17998295127467337,0
student_t4,81164,historical_se_penalty,0.025672091979881306,0.05783259573368814,0.17220531214951168,1
student_t4,81164,support_mix50,0.041042093863381125,0.06489366482553728,0.14334596054725354,0
student_t4,81164,support_band50,0.041042093863381306,0.0648936648255373,0.14334596054725351,0
student_t4,81164,filtered_historical,0.018926849006254038,0.09656175687036157,0.14954694566899684,1
student_t4,81165,historical_se_penalty,0.15240129371542635,0.1852590492728815,0.11078083089497591,1
student_t4,81165,support_mix50,0.1467084005533675,0.17550406555729023,0.1129636732442996,0
student_t4,81165,support_band50,0.17739393096464082,0.2098114350229234,0.12125549712401985,0
student_t4,81165,filtered_historical,0.25190464124594736,0.35416514284100165,0.12202642251047764,0
student_t4,81166,historical_se_penalty,0.017440537942926056,0.03676759769329615,0.13348480542545405,1
student_t4,81166,support_mix50,0.07114041795165614,0.07154963236887733,0.08333171461691324,0
student_t4,81166,support_band50,0.03194133244742352,0.03815615223808738,0.07552153364101026,0
student_t4,81166,filtered_historical,0.0207344092831151,0.05481346842400844,0.05530278000881741,0
student_t4,81167,historical_se_penalty,0.03478327727968538,0.04629889250385247,0.1458965264021557,1
student_t4,81167,support_mix50,0.055347067518367,0.05535501859865022,0.09921267784801341,0
student_t4,81167,support_band50,0.055347067518367,0.055355018598650246,0.09921267784801334,0
student_t4,81167,filtered_historical,0.08274383984084466,0.1714674988874724,0.08859317725706467,0
student_t4,81168,historical_se_penalty,0.08685348592849064,0.0858889915982688,0.1748568415450891,1
student_t4,81168,support_mix50,0.07180404472727238,0.08299164824719904,0.16004953073460357,1
student_t4,81168,support_band50,0.07180404472727238,0.08299164824719904,0.1600495307346035,1
student_t4,81168,filtered_historical,0.09745774311006347,0.269165188526272,0.41477589042936364,0
student_t4,81169,historical_se_penalty,0.15574144712072197,0.20255108223366539,0.053302375977520224,1
student_t4,81169,support_mix50,0.16236922405742946,0.2181732453394187,0.05919472706134545,0
student_t4,81169,support_band50,0.16236922405742946,0.21817324533941876,0.05919472706134535,0
student_t4,81169,filtered_historical,0.2680154101299513,0.36744287521147245,0.07757547192202284,0
student_t4,81170,historical_se_penalty,0.05916230154150069,0.08011983119942305,0.09719790401337565,1
student_t4,81170,support_mix50,0.07803982049153922,0.09491300150885847,0.07479790920104162,0
student_t4,81170,support_band50,0.07803982049153922,0.0949130015088585,0.07479790920104158,0
student_t4,81170,filtered_historical,0.1552926863370288,0.23932411640082252,0.18144891453145764,0
student_t4,81171,historical_se_penalty,0.016339310439463843,0.06460599040795334,0.11417273368813738,1
student_t4,81171,support_mix50,0.0407668075622696,0.06637777005773943,0.09717337374947171,1
student_t4,81171,support_band50,0.0407668075622696,0.06637777005773944,0.09717337374947187,1
student_t4,81171,filtered_historical,0.03833434551895747,0.14412555730722926,0.19761003718576756,0
student_t4,81172,historical_se_penalty,0.22475574450401473,0.292735134056694,0.1627379111840057,1
student_t4,81172,support_mix50,0.3314165220304871,0.4130096556768138,0.22209136030236767,0
student_t4,81172,support_band50,0.1493208358016429,0.18626157135393634,0.12103358500153706,1
student_t4,81172,filtered_historical,0.037107543673531126,0.1107926470531342,0.12549609270562193,0
student_t4,81173,historical_se_penalty,0.11158189353953643,0.11764675795106706,0.06571641473454883,1
student_t4,81173,support_mix50,0.12942938866681059,0.13615190605487182,0.060333139700256735,0
student_t4,81173,support_band50,0.12942938866681059,0.13615190605487185,0.060333139700256735,0
student_t4,81173,filtered_historical,0.07673989867248744,0.14212745388369902,0.1447712993864648,0
student_t4,81174,historical_se_penalty,0.004898509952006633,0.06967452451465753,0.08245495436611058,1
student_t4,81174,support_mix50,0.05419607308372566,0.09137716065445381,0.0687453139057603,1
student_t4,81174,support_band50,0.08431196027476617,0.12180588855897262,0.06946852566301379,1
student_t4,81174,filtered_historical,0.03966659682924481,0.11116956549002699,0.15443676597231062,1
student_t4,81175,historical_se_penalty,0.029367652655235332,0.053824772174543976,0.06333051470884721,1
student_t4,81175,support_mix50,0.04924035391474696,0.0677823938198494,0.06717831333862628,0
student_t4,81175,support_band50,0.04924035391474696,0.06778239381984938,0.06717831333862626,0
student_t4,81175,filtered_historical,0.08371365676522499,0.16107323852471142,0.1420383458047029,0
student_t4,81176,historical_se_penalty,0.06718329155779709,0.10783582980040064,0.11701337539470004,1
student_t4,81176,support_mix50,0.07344312780183189,0.11195701117726298,0.14128419059480554,1
student_t4,81176,support_band50,0.07344312780183189,0.111957011177263,0.1412841905948056,1
student_t4,81176,filtered_historical,0.15342399133232038,0.21179897054257668,0.09655637228611405,1
student_t4,81177,historical_se_penalty,0.16701238628672954,0.2386852206671852,0.12013557545874097,1
student_t4,81177,support_mix50,0.14764841572153944,0.21198061069083468,0.08452456335901629,0
student_t4,81177,support_band50,0.14764841572153944,0.21198061069083463,0.08452456335901624,0
student_t4,81177,filtered_historical,0.27127766177968626,0.3537126007065086,0.13588123123398002,0
student_t4,81178,historical_se_penalty,0.20874466345374498,0.2557047762847429,0.18688396468542295,1
student_t4,81178,support_mix50,0.20987533510337986,0.2697712307271764,0.19522712201676307,0
student_t4,81178,support_band50,0.2577982577757134,0.3307405024966344,0.23352699865211848,0
student_t4,81178,filtered_historical,0.3092152223594843,0.39383135415796494,0.3750169482990483,0
student_t4,81179,historical_se_penalty,0.12555486675087246,0.1626837092617489,0.0849390002892271,1
student_t4,81179,support_mix50,0.19816577217873263,0.231368678377109,0.0838281197464811,1
student_t4,81179,support_band50,0.14019632100333917,0.1629063325732127,0.06400954310005082,0
student_t4,81179,filtered_historical,0.25560078032823724,0.3311696467161099,0.21706131346613314,0
student_t4,81180,historical_se_penalty,0.0900418755746997,0.12859636774138183,0.05229694089762125,1
student_t4,81180,support_mix50,0.06060292509643669,0.08904527854965823,0.04334878167376203,0
student_t4,81180,support_band50,0.0826970830554566,0.11217073188161913,0.03952464101681668,0
student_t4,81180,filtered_historical,0.15027483094129912,0.22203195040338058,0.0658475457468177,0
student_t4,81181,historical_se_penalty,0.09247846531823732,0.10569395682424125,0.13443500600595468,1
student_t4,81181,support_mix50,0.133875998114107,0.17082461373561203,0.1600650119809482,1
student_t4,81181,support_band50,0.1107559243519103,0.13918883691522155,0.14572869797407872,1
student_t4,81181,filtered_historical,0.256415997985719,0.333031229579679,0.2095336637928487,1
student_t4,81182,historical_se_penalty,0.06822809908875146,0.0991030374862521,0.0683140036466694,1
student_t4,81182,support_mix50,0.07098371580724955,0.1034449518771083,0.0792562031982338,0
student_t4,81182,support_band50,0.07098371580724955,0.10344495187710831,0.0792562031982338,0
student_t4,81182,filtered_historical,0.2026294448107425,0.2928052855971118,0.13873959944450448,0
student_t4,81183,historical_se_penalty,0.14983801087676937,0.16249201426479284,0.05009028475746351,1
student_t4,81183,support_mix50,0.11621122500414052,0.1397626050630371,0.05620663436192767,1
student_t4,81183,support_band50,0.11621122500414052,0.13976260506303714,0.05620663436192763,1
student_t4,81183,filtered_historical,0.22009657398185833,0.2371288008164487,0.060264374549335115,0
student_t4,81184,historical_se_penalty,0.15166440551395485,0.17930119322246435,0.06747365182636206,1
student_t4,81184,support_mix50,0.144593071674701,0.16851772764485085,0.07523035391805065,1
student_t4,81184,support_band50,0.144593071674701,0.16851772764485073,0.07523035391805058,1
student_t4,81184,filtered_historical,0.11928708751342246,0.16025462763590473,0.04989659809714122,0
student_t4,81185,historical_se_penalty,0.06738138508196885,0.0717173561253937,0.0849547085432482,1
student_t4,81185,support_mix50,0.12050836610253783,0.1283094915740187,0.10668178664198953,0
student_t4,81185,support_band50,0.0838284047506635,0.08511512974375562,0.10114343025320532,1
student_t4,81185,filtered_historical,0.16906337935193708,0.19212483002257177,0.16287546363770602,0
student_t4,81186,historical_se_penalty,0.2839917506549092,0.357659096312554,0.36018793320486253,1
student_t4,81186,support_mix50,0.38256624417309787,0.46341599147176904,0.44872606333429355,1
student_t4,81186,support_band50,0.12233827102706128,0.14700195485990403,0.18341991986299405,0
student_t4,81186,filtered_historical,0.14735318210934806,0.19450936153154597,0.5219410682213638,1
student_t4,81187,historical_se_penalty,0.20751718470416866,0.2495303050618326,0.1057212479624333,1
student_t4,81187,support_mix50,0.2163193466676997,0.24246463399715426,0.1193363802785027,1
student_t4,81187,support_band50,0.21916298992138253,0.24959978351779166,0.11498650083517949,1
student_t4,81187,filtered_historical,0.23841115756584302,0.29929655096872665,0.1838606104899628,1
student_t4,81188,historical_se_penalty,0.12276602369692956,0.17051872029419657,0.03731948404291993,1
student_t4,81188,support_mix50,0.09642646232334741,0.1414024407001175,0.0557861500802679,1
student_t4,81188,support_band50,0.15581276054570067,0.2106369043345425,0.04278365060666251,1
student_t4,81188,filtered_historical,0.13857380976839778,0.18938624196894585,0.14981632264573314,0
student_t4,81189,historical_se_penalty,0.08068190875633878,0.09049929841972268,0.03934458462240672,1
student_t4,81189,support_mix50,0.08550619294176064,0.10758149981199569,0.04466192850824675,1
student_t4,81189,support_band50,0.08550619294176064,0.10758149981199573,0.04466192850824672,1
student_t4,81189,filtered_historical,0.19000342112890056,0.22209990062955245,0.06801096280218524,0
student_t4,81190,historical_se_penalty,0.09740720746746842,0.12377255411788725,0.07888215722510358,1
student_t4,81190,support_mix50,0.11067669125772706,0.12570838267430037,0.06892726186033737,1
student_t4,81190,support_band50,0.11028588500770685,0.12531059063808975,0.06912644632945145,1
student_t4,81190,filtered_historical,0.04484630945196592,0.08728870981592123,0.16629198221367025,0
student_t4,81191,historical_se_penalty,0.24076588293964352,0.2577794687613443,0.036002024112397446,1
student_t4,81191,support_mix50,0.22822131065218895,0.24580959736087354,0.03912194550587509,1
student_t4,81191,support_band50,0.22822131065218895,0.24580959736087354,0.039121945505875125,1
student_t4,81191,filtered_historical,0.2587096022255845,0.27905110325275184,0.07074829936467512,0
student_t4,81192,historical_se_penalty,0.04813605928046881,0.059269005834075364,0.13563571574084238,1
student_t4,81192,support_mix50,0.055470250182578354,0.06301179717556545,0.10070795856961375,0
student_t4,81192,support_band50,0.05805196419904855,0.06478244721020186,0.10239900518336292,0
student_t4,81192,filtered_historical,0.025688026356777655,0.06453469189912482,0.07562761783861068,0
student_t4,81193,historical_se_penalty,0.054826480017172705,0.0752215602384859,0.11883204152569045,1
student_t4,81193,support_mix50,0.0015235582332599133,0.057284532729337485,0.10057320136884616,1
student_t4,81193,support_band50,0.0015235582332599133,0.057284532729337485,0.10057320136884615,1
student_t4,81193,filtered_historical,0.1783457491765153,0.23931587904821044,0.2135556722710966,1
student_t4,81194,historical_se_penalty,0.06414929187208845,0.07484745005680593,0.08805943034832393,1
student_t4,81194,support_mix50,0.02589962306142834,0.031981545750490135,0.0701478465671014,0
student_t4,81194,support_band50,0.02589962306142834,0.03198154575049011,0.07014784656710135,0
student_t4,81194,filtered_historical,0.013504230026863219,0.06755615386591175,0.06877512369504657,0
student_t4,81195,historical_se_penalty,0.06383432205104325,0.06399231048822507,0.04360085881990181,1
student_t4,81195,support_mix50,0.030389173181651845,0.05294161860014137,0.05852159087770181,1
student_t4,81195,support_band50,0.030389173181651845,0.05294161860014136,0.058521590877701785,1
student_t4,81195,filtered_historical,0.012708251395535514,0.11614380313442749,0.15878084235931364,1
student_t4,81196,historical_se_penalty,0.16018036831604493,0.18970231642062063,0.05119366912346474,1
student_t4,81196,support_mix50,0.1613552103296622,0.2040136259617924,0.05030102360338555,1
student_t4,81196,support_band50,0.1613552103296622,0.20401362596179243,0.05030102360338552,1
student_t4,81196,filtered_historical,0.06613651695858395,0.09652238091423472,0.20238510626857673,1
student_t4,81197,historical_se_penalty,0.3590237364857331,0.4214785619515651,0.27689906027362826,1
student_t4,81197,support_mix50,0.32676086214753575,0.39583722530590154,0.2880735261635698,1
student_t4,81197,support_band50,0.32676086214753575,0.3958372253059015,0.28807352616356974,1
student_t4,81197,filtered_historical,0.310667129464808,0.35785252201669626,0.2178008167614796,0
student_t4,81198,historical_se_penalty,0.23101727826718924,0.30352771980124366,0.17447459181214944,1
student_t4,81198,support_mix50,0.29093125135401887,0.3710524835456321,0.21402665570545754,1
student_t4,81198,support_band50,0.2658899243235831,0.3407507444298109,0.19969513521284776,1
student_t4,81198,filtered_historical,0.41981936998221253,0.5792578584338018,0.2432727592500987,0
student_t4,81199,historical_se_penalty,0.10253853241055563,0.11667112046728097,0.039765310850145244,1
student_t4,81199,support_mix50,0.06002329596552398,0.06361004292927513,0.04082234990515358,0
student_t4,81199,support_band50,0.06002329596552398,0.06361004292927518,0.040822349905153606,0
student_t4,81199,filtered_historical,0.0432913051736348,0.13269609605052948,0.17140222955201578,0
asymmetric_crash,81000,historical_se_penalty,0.08301495488043595,0.2187103218200546,0.15473863058708953,1
asymmetric_crash,81000,support_mix50,0.06914401092755242,0.2096213282807024,0.1963158019686104,0
asymmetric_crash,81000,support_band50,0.06914401092755242,0.20962132828070226,0.1963158019686103,0
asymmetric_crash,81000,filtered_historical,0.2500982202418671,0.710200428370587,0.2995452827896515,0
asymmetric_crash,81001,historical_se_penalty,0.023530724967038515,0.06948376099642882,0.13651421321762597,1
asymmetric_crash,81001,support_mix50,0.0971363984058922,0.2352416138141571,0.11886109925764363,0
asymmetric_crash,81001,support_band50,0.025950617945563387,0.06587229555096127,0.09850073666616145,0
asymmetric_crash,81001,filtered_historical,0.005319744542324059,0.07610769719898773,0.12299988610996537,0
asymmetric_crash,81002,historical_se_penalty,0.15766185859355084,0.4109944269545607,0.19487475078574104,1
asymmetric_crash,81002,support_mix50,0.14333010859904846,0.3929212562886152,0.26373788255851355,0
asymmetric_crash,81002,support_band50,0.10124722530284012,0.27636859912335415,0.2505797637147852,1
asymmetric_crash,81002,filtered_historical,0.05545143201343038,0.2537798231569803,0.29056595949624614,0
asymmetric_crash,81003,historical_se_penalty,0.007929752215090922,0.09938195448367988,0.31890032096700993,1
asymmetric_crash,81003,support_mix50,0.014391029354018783,0.11463824172583104,0.3368141570500366,0
asymmetric_crash,81003,support_band50,0.014391029354018783,0.11463824172583101,0.3368141570500365,0
asymmetric_crash,81003,filtered_historical,0.48354542787999255,1.3778366863855354,1.126449760995284,0
asymmetric_crash,81004,historical_se_penalty,0.017919853514069207,0.08534562632932004,0.22396944785719283,1
asymmetric_crash,81004,support_mix50,0.009159503290877214,0.06331885206359818,0.2655542147992154,1
asymmetric_crash,81004,support_band50,0.009159503290877214,0.06331885206359815,0.26555421479921537,1
asymmetric_crash,81004,filtered_historical,0.23866651541105963,0.674438334198165,0.27215438955775617,1
asymmetric_crash,81005,historical_se_penalty,0.12621440508917542,0.34769945435365907,0.15506582857516954,1
asymmetric_crash,81005,support_mix50,0.1345905933912978,0.37141251090710586,0.14229761699907695,1
asymmetric_crash,81005,support_band50,0.1345905933912978,0.371412510907106,0.1422976169990769,1
asymmetric_crash,81005,filtered_historical,0.23904699147335004,0.7510599546675669,0.5222199923068463,0
asymmetric_crash,81006,historical_se_penalty,0.10520068361139404,0.3401971657234154,0.21055727871377689,1
asymmetric_crash,81006,support_mix50,0.10499755196682531,0.33456097948168434,0.21320763702168502,1
asymmetric_crash,81006,support_band50,0.10499755196682531,0.33456097948168423,0.21320763702168496,1
asymmetric_crash,81006,filtered_historical,0.10512982021324013,0.3255951000651932,0.11094583171001973,0
asymmetric_crash,81007,historical_se_penalty,0.10167332904354241,0.2540057340275087,0.1511710615358451,1
asymmetric_crash,81007,support_mix50,0.09057071503384014,0.24026739389225202,0.14749347788427608,0
asymmetric_crash,81007,support_band50,0.1109559358195727,0.29513985745143667,0.14183567822334958,0
asymmetric_crash,81007,filtered_historical,0.02027412614087138,0.31137809366657226,0.3106189154731104,0
asymmetric_crash,81008,historical_se_penalty,0.1722058472387254,0.4472784203808224,0.16139494455980408,1
asymmetric_crash,81008,support_mix50,0.1743062798006558,0.4464790780154716,0.13269599291015216,0
asymmetric_crash,81008,support_band50,0.18270297019687423,0.4705712458245639,0.12623109137131802,0
asymmetric_crash,81008,filtered_historical,0.1906852729470384,0.5134220934777383,0.18054339306302716,0
asymmetric_crash,81009,historical_se_penalty,0.20293700480770777,0.5462402658968747,0.18325137722003124,1
asymmetric_crash,81009,support_mix50,0.17959873465286144,0.4952140992844095,0.1956613519454583,0
asymmetric_crash,81009,support_band50,0.17959873465286158,0.49521409928440957,0.19566135194545853,0
asymmetric_crash,81009,filtered_historical,0.11716262299603822,0.33877905448860696,0.2073882574306329,0
asymmetric_crash,81010,historical_se_penalty,0.0016889800055647662,0.1068468564490775,0.18509232971671458,1
asymmetric_crash,81010,support_mix50,0.018673942263369308,0.13598680888253492,0.1696018318927203,1
asymmetric_crash,81010,support_band50,0.018673942263369464,0.13598680888253495,0.16960183189272046,1
asymmetric_crash,81010,filtered_historical,0.6204141200383283,1.7416433075494384,0.7595911985965551,0
asymmetric_crash,81011,historical_se_penalty,0.007903880954945116,0.08613699732855032,0.20509724608572366,1
asymmetric_crash,81011,support_mix50,0.05114247450825743,0.1801702732474128,0.19226321986773784,1
asymmetric_crash,81011,support_band50,0.05114247450825743,0.1801702732474127,0.19226321986773803,1
asymmetric_crash,81011,filtered_historical,0.06337947486213465,0.22562800243647166,0.21679973944584757,0
asymmetric_crash,81012,historical_se_penalty,0.014666015941732077,0.05780537326839619,0.08532080069789012,1
asymmetric_crash,81012,support_mix50,0.04902028651010068,0.14952376236855883,0.09525307332840235,1
asymmetric_crash,81012,support_band50,0.04902028651010068,0.14952376236855888,0.09525307332840234,1
asymmetric_crash,81012,filtered_historical,0.4553303763915367,1.2734731022791863,0.6433286285444877,0
asymmetric_crash,81013,historical_se_penalty,0.07597472896293164,0.16498074062617918,0.0751656076665612,1
asymmetric_crash,81013,support_mix50,0.09725778277193657,0.23209603650862504,0.068742292994611,0
asymmetric_crash,81013,support_band50,0.09725778277193657,0.23209603650862484,0.068742292994611,0
asymmetric_crash,81013,filtered_historical,0.11927185766880587,0.2816858041250137,0.24523074592559105,0
asymmetric_crash,81014,historical_se_penalty,0.09386969712589906,0.2829555750208835,0.12128820091228966,1
asymmetric_crash,81014,support_mix50,0.10029161223594375,0.3102104341517754,0.16024430480484964,1
asymmetric_crash,81014,support_band50,0.10029161223594375,0.3102104341517755,0.1602443048048495,1
asymmetric_crash,81014,filtered_historical,0.03951179209346265,0.14218745593953655,0.0851567786719158,0
asymmetric_crash,81015,historical_se_penalty,0.14435302200617106,0.4076546144482718,0.2507589796446245,1
asymmetric_crash,81015,support_mix50,0.1776670202240143,0.507107052284209,0.2743199859700784,1
asymmetric_crash,81015,support_band50,0.1776670202240143,0.507107052284209,0.27431998597007823,1
asymmetric_crash,81015,filtered_historical,0.16579759593654128,0.47187720317702847,0.13163560301150268,0
asymmetric_crash,81016,historical_se_penalty,0.12450516241389623,0.36937751673420843,0.30006089111979,1
asymmetric_crash,81016,support_mix50,0.1342001931808981,0.38570509567594385,0.3317232308168715,0
asymmetric_crash,81016,support_band50,0.15848876922518942,0.44074287371678994,0.3333522062944631,0
asymmetric_crash,81016,filtered_historical,0.1988551242215399,0.5784700833539227,0.26118958148106214,0
asymmetric_crash,81017,historical_se_penalty,0.08479574547730384,0.26578110950456146,0.2586166995080596,1
asymmetric_crash,81017,support_mix50,0.113356316151224,0.3343403680388915,0.2757934123360515,1
asymmetric_crash,81017,support_band50,0.113356316151224,0.3343403680388916,0.2757934123360514,1
asymmetric_crash,81017,filtered_historical,0.22292370306472267,0.6001442206994224,0.1653774908634172,0
asymmetric_crash,81018,historical_se_penalty,0.11394107913700098,0.2992035504411482,0.10606060795120034,1
asymmetric_crash,81018,support_mix50,0.15486196694619178,0.40925169811374684,0.07211516364102259,0
asymmetric_crash,81018,support_band50,0.2025952602374415,0.5349713427330317,0.035683954937100686,0
asymmetric_crash,81018,filtered_historical,0.005317248804667725,0.15065532620798963,0.14693062093787385,0
asymmetric_crash,81019,historical_se_penalty,0.017938408332671976,0.1063526420480872,0.06890171379712991,1
asymmetric_crash,81019,support_mix50,0.005306876849234503,0.08429979362917799,0.07015208080809093,1
asymmetric_crash,81019,support_band50,0.12160439662152,0.38797208498902025,0.10181654487038734,0
asymmetric_crash,81019,filtered_historical,0.12769404558845968,0.41232153195888727,0.12329333261457612,0
asymmetric_crash,81020,historical_se_penalty,0.006084958050073625,0.08827210300867104,0.2739737631882643,1
asymmetric_crash,81020,support_mix50,0.005805920443371871,0.07612701889665652,0.25663826945448365,1
asymmetric_crash,81020,support_band50,0.005805920443371871,0.07612701889665649,0.25663826945448354,1
asymmetric_crash,81020,filtered_historical,0.03670667846782933,0.10865331174797176,0.15566541813498525,0
asymmetric_crash,81021,historical_se_penalty,0.03221592520601637,0.13014119933167342,0.22307239696571707,1
asymmetric_crash,81021,support_mix50,0.009944533286713925,0.07927815875583392,0.24688414597135566,1
asymmetric_crash,81021,support_band50,0.012635399025408552,0.08241705665169126,0.24461691828691273,1
asymmetric_crash,81021,filtered_historical,0.3843991796878294,1.04831064285218,0.2910227723940245,0
asymmetric_crash,81022,historical_se_penalty,0.0763413695102085,0.21217615609443158,0.1214829445237357,1
asymmetric_crash,81022,support_mix50,0.09030220176222874,0.2584806282992643,0.10465580355349366,1
asymmetric_crash,81022,support_band50,0.09646424511434808,0.27649920717410703,0.10721244858197425,1
asymmetric_crash,81022,filtered_historical,0.08045040672324635,0.2265491951649558,0.10866144237450133,1
asymmetric_crash,81023,historical_se_penalty,0.06362443581733322,0.1864681330181581,0.20304422122151158,1
asymmetric_crash,81023,support_mix50,0.08556140609209682,0.2444454502997264,0.17538575252212293,1
asymmetric_crash,81023,support_band50,0.010217410535090702,0.08920139960299164,0.20574023838846553,0
asymmetric_crash,81023,filtered_historical,0.24114279584308548,0.7216385543503774,0.22468297767462284,0
asymmetric_crash,81024,historical_se_penalty,0.10135223624792163,0.28561744362283115,0.14527888807730327,1
asymmetric_crash,81024,support_mix50,0.1160333012353775,0.30365471320305215,0.17302110053357994,0
asymmetric_crash,81024,support_band50,0.10441073512653958,0.2710867927373439,0.1691186337587436,0
asymmetric_crash,81024,filtered_historical,0.13286134507535266,0.40364472280211816,0.22687054066095338,0
asymmetric_crash,81025,historical_se_penalty,0.0320595266122833,0.12931171639518027,0.17016372438676877,1
asymmetric_crash,81025,support_mix50,0.0058341985519892335,0.08245442369525717,0.1310011301650866,1
asymmetric_crash,81025,support_band50,0.017746956589270807,0.0943740224454377,0.13288280702682478,1
asymmetric_crash,81025,filtered_historical,0.20501335781171418,0.6089516866781742,0.10115206927918155,0
asymmetric_crash,81026,historical_se_penalty,0.1685644683820655,0.48551149926399323,0.11054683455679998,1
asymmetric_crash,81026,support_mix50,0.1598586126039725,0.45529640661862,0.10618433638897828,0
asymmetric_crash,81026,support_band50,0.19516911753389551,0.5543339428848846,0.14136672523360597,0
asymmetric_crash,81026,filtered_historical,0.11402832030299238,0.30911908113525904,0.27027300172477453,0
asymmetric_crash,81027,historical_se_penalty,0.19894808418065774,0.5424692901634023,0.24126955037123618,1
asymmetric_crash,81027,support_mix50,0.19003281187024354,0.5020200322142604,0.20502371570195366,0
asymmetric_crash,81027,support_band50,0.19003281187024368,0.5020200322142606,0.20502371570195357,0
asymmetric_crash,81027,filtered_historical,0.07321669517825014,0.24816581007110888,0.22362159685979702,0
asymmetric_crash,81028,historical_se_penalty,0.06212227239550916,0.1775195754797615,0.18604245664754523,1
asymmetric_crash,81028,support_mix50,0.10223054175956542,0.2877853394109621,0.17770771186080492,1
asymmetric_crash,81028,support_band50,0.12130328189579749,0.3454190652214451,0.16727408677039288,1
asymmetric_crash,81028,filtered_historical,0.0957553870268049,0.30261843973879143,0.1282671461271032,0
asymmetric_crash,81029,historical_se_penalty,0.04850186907019206,0.26979961400159447,0.8843365377789746,1
asymmetric_crash,81029,support_mix50,0.009673234925440229,0.22893907948870315,0.8048165527020976,0
asymmetric_crash,81029,support_band50,0.009673234925440229,0.2289390794887031,0.8048165527020976,0
asymmetric_crash,81029,filtered_historical,0.22533412476177322,0.7596604718628083,1.561267008450685,0
asymmetric_crash,81030,historical_se_penalty,0.0256783168379604,0.101770925953492,0.11387416465401332,1
asymmetric_crash,81030,support_mix50,0.02403065641607608,0.08139163874320635,0.10789215219711622,1
asymmetric_crash,81030,support_band50,0.02403065641607608,0.08139163874320622,0.10789215219711606,1
asymmetric_crash,81030,filtered_historical,0.08358139308897856,0.2817016356932049,0.13694701358714276,0
asymmetric_crash,81031,historical_se_penalty,0.1412658016471878,0.3957212619006428,0.06147286014422065,1
asymmetric_crash,81031,support_mix50,0.15607429579579415,0.4151496129569609,0.0728156973908477,0
asymmetric_crash,81031,support_band50,0.2513935576759863,0.6854377825564648,0.06973699442355201,0
asymmetric_crash,81031,filtered_historical,0.21609798349303486,0.6090283344493321,0.11098406352681257,0
asymmetric_crash,81032,historical_se_penalty,0.10692447879687675,0.32821034347081585,0.21098855767519384,1
asymmetric_crash,81032,support_mix50,0.1363354539035235,0.38342872098971786,0.2301747618850125,0
asymmetric_crash,81032,support_band50,0.12814188857056197,0.36087996880921897,0.22997357326474263,0
asymmetric_crash,81032,filtered_historical,0.3471768395749497,1.00406236633519,0.40002689045353174,0
asymmetric_crash,81033,historical_se_penalty,0.03291403124376664,0.1084474282967775,0.10716492848967574,1
asymmetric_crash,81033,support_mix50,0.009617623621291444,0.07487695802437389,0.0726427932740865,0
asymmetric_crash,81033,support_band50,0.031088258057818053,0.11161668352631461,0.08491289568023962,0
asymmetric_crash,81033,filtered_historical,0.3731700704711331,1.1284750429323973,0.2139713358478667,0
asymmetric_crash,81034,historical_se_penalty,0.08933446726616201,0.28636934853182294,0.12885673045982837,1
asymmetric_crash,81034,support_mix50,0.0991700267559789,0.29578014002871444,0.09368847437706038,1
asymmetric_crash,81034,support_band50,0.14579133678136688,0.4237424665427483,0.08509947542686364,0
asymmetric_crash,81034,filtered_historical,0.13584011810484267,0.4236644622281703,0.40746608619391056,0
asymmetric_crash,81035,historical_se_penalty,0.22552271861656104,0.6183984242749644,0.24969478149296673,1
asymmetric_crash,81035,support_mix50,0.22904801026114818,0.6282287734198571,0.20281965074723896,1
asymmetric_crash,81035,support_band50,0.22904801026114818,0.6282287734198573,0.20281965074723887,1
asymmetric_crash,81035,filtered_historical,0.24036270990390424,0.6723416712182324,0.4308246188828251,0
asymmetric_crash,81036,historical_se_penalty,0.16443527072163863,0.47301163042545097,0.1585199419434432,1
asymmetric_crash,81036,support_mix50,0.1543206272317988,0.425004112417248,0.19251333065470572,1
asymmetric_crash,81036,support_band50,0.16733563986744832,0.4620857375341195,0.19522073767882586,1
asymmetric_crash,81036,filtered_historical,0.01874734820494745,0.2916359808616561,0.38757185912182524,0
asymmetric_crash,81037,historical_se_penalty,0.09209761903354059,0.2695369596719282,0.19205598196093954,1
asymmetric_crash,81037,support_mix50,0.08265915649343313,0.21241936234993133,0.15267436178844537,1
asymmetric_crash,81037,support_band50,0.12486729802223576,0.33789307931291646,0.12720797243341997,1
asymmetric_crash,81037,filtered_historical,0.05132751292663632,0.13368507308473074,0.2127475219175827,1
asymmetric_crash,81038,historical_se_penalty,0.08545246154756522,0.23127120333057766,0.21464373687455948,1
asymmetric_crash,81038,support_mix50,0.061354575515757626,0.2186585257286926,0.23903235932648068,0
asymmetric_crash,81038,support_band50,0.04406920830630427,0.19195778333645824,0.23516338911340312,0
asymmetric_crash,81038,filtered_historical,0.06809893310635179,0.20634358757039165,0.1351468558443291,0
asymmetric_crash,81039,historical_se_penalty,0.0181259350389168,0.2032633852904685,0.4373444303959279,1
asymmetric_crash,81039,support_mix50,0.0716616726029936,0.27742764056551245,0.45122602864109784,0
asymmetric_crash,81039,support_band50,0.0716616726029936,0.27742764056551245,0.45122602864109773,0
asymmetric_crash,81039,filtered_historical,0.01936645359018441,0.27830375891114734,0.3563379280893003,0
asymmetric_crash,81040,historical_se_penalty,0.17237922096145847,0.4638189287902461,0.1439118535782258,1
asymmetric_crash,81040,support_mix50,0.16887421541753347,0.46420404125156384,0.11331223008670815,0
asymmetric_crash,81040,support_band50,0.16887421541753347,0.4642040412515636,0.11331223008670806,0
asymmetric_crash,81040,filtered_historical,0.8536550557409175,2.4255130791826516,0.7352347694627142,0
asymmetric_crash,81041,historical_se_penalty,0.056893725282008804,0.1846377114485959,0.37426006116368127,1
asymmetric_crash,81041,support_mix50,0.02666630313486975,0.138747093107784,0.398916461287162,0
asymmetric_crash,81041,support_band50,0.02666630313486975,0.13874709310778394,0.39891646128716185,0
asymmetric_crash,81041,filtered_historical,0.21118311279608507,0.6197972236523762,0.522403815268829,0
asymmetric_crash,81042,historical_se_penalty,0.005170463777985111,0.07772795848751704,0.10126780263854604,1
asymmetric_crash,81042,support_mix50,0.02777527504852915,0.09411086753923067,0.06650246806365706,0
asymmetric_crash,81042,support_band50,0.02777527504852915,0.09411086753923079,0.06650246806365699,0
asymmetric_crash,81042,filtered_historical,0.021204936782486104,0.15815878670713893,0.1511906487300285,0
asymmetric_crash,81043,historical_se_penalty,0.11380451152739095,0.43211021872225636,0.6712793693077409,1
asymmetric_crash,81043,support_mix50,0.1372707952424754,0.45582719676086525,0.6007517620648807,1
asymmetric_crash,81043,support_band50,0.1161807267911325,0.4210606869112499,0.6173454791876971,1
asymmetric_crash,81043,filtered_historical,0.12260181887955993,0.35943872847156605,0.10283713764133509,0
asymmetric_crash,81044,historical_se_penalty,0.052478195396225585,0.1567267660060545,0.03731779432618078,1
asymmetric_crash,81044,support_mix50,0.04970840349213157,0.14103406053101597,0.03478773210603239,1
asymmetric_crash,81044,support_band50,0.09908255509253668,0.31035078588640636,0.05646991963162729,0
asymmetric_crash,81044,filtered_historical,0.13351115141784903,0.3906526261215489,0.1775265362782642,0
asymmetric_crash,81045,historical_se_penalty,0.16177532557713922,0.46147881390110074,0.14601130180546865,1
asymmetric_crash,81045,support_mix50,0.1979824916362025,0.5622622694617937,0.1356425343064288,1
asymmetric_crash,81045,support_band50,0.17740583798933168,0.5055801755100828,0.11869693922991015,1
asymmetric_crash,81045,filtered_historical,0.1713439346288835,0.4876414238189409,0.06267952191763537,0
asymmetric_crash,81046,historical_se_penalty,0.09537388321755443,0.27432892606239023,0.09816331936644485,1
asymmetric_crash,81046,support_mix50,0.13471699869254908,0.3479716056858091,0.04572677015240383,0
asymmetric_crash,81046,support_band50,0.13471699869254908,0.34797160568580926,0.045726770152403985,0
asymmetric_crash,81046,filtered_historical,0.0649574286566849,0.32848288764564126,0.2907244965870838,0
asymmetric_crash,81047,historical_se_penalty,0.002993709034157252,0.10773533223489636,0.23731886505850788,1
asymmetric_crash,81047,support_mix50,0.0036779906525543074,0.14196939180950824,0.26194980140402635,1
asymmetric_crash,81047,support_band50,0.0036779906525543074,0.14196939180950824,0.2619498014040266,1
asymmetric_crash,81047,filtered_historical,0.087379062928517,0.48224209013558844,0.73662018959066,0
asymmetric_crash,81048,historical_se_penalty,0.12474712327441231,0.3574565850944483,0.12172085210013293,1
asymmetric_crash,81048,support_mix50,0.096405852930616,0.2564147104978383,0.09954207870020906,0
asymmetric_crash,81048,support_band50,0.096405852930616,0.25641471049783826,0.09954207870020898,0
asymmetric_crash,81048,filtered_historical,0.008414286452638678,0.1599365139684897,0.24663396969435103,0
asymmetric_crash,81049,historical_se_penalty,0.09984002807134763,0.22530601150321125,0.11518050309031154,1
asymmetric_crash,81049,support_mix50,0.1215909693400248,0.2939331774590251,0.1305241576478882,0
asymmetric_crash,81049,support_band50,0.11739250944590279,0.2826447737402634,0.1286554573890357,0
asymmetric_crash,81049,filtered_historical,0.10791661928778516,0.43718900907813446,0.3855152089644607,0
asymmetric_crash,81050,historical_se_penalty,0.06023325871700547,0.1478005490465466,0.24658485958794718,1
asymmetric_crash,81050,support_mix50,0.049409756053407326,0.14281540898919676,0.29646133365259736,1
asymmetric_crash,81050,support_band50,0.049409756053407326,0.14281540898919684,0.29646133365259725,1
asymmetric_crash,81050,filtered_historical,0.1013449463258051,0.27975128415849276,0.21330843608260872,0
asymmetric_crash,81051,historical_se_penalty,0.04324381633787161,0.17180483997933407,0.15220073389980596,1
asymmetric_crash,81051,support_mix50,0.07866255109217984,0.23378710845684222,0.1581218976626516,1
asymmetric_crash,81051,support_band50,0.14384953793404387,0.37625778395713544,0.10301659249339434,1
asymmetric_crash,81051,filtered_historical,0.10619309996816921,0.3185490101372996,0.21495083896576347,0
asymmetric_crash,81052,historical_se_penalty,0.1746053565447733,0.523716642844148,0.3923841520645503,1
asymmetric_crash,81052,support_mix50,0.15682451535591238,0.4845387946696226,0.3740830612328088,1
asymmetric_crash,81052,support_band50,0.15682451535591238,0.4845387946696227,0.37408306123280866,1
asymmetric_crash,81052,filtered_historical,0.3512815977525839,1.0002949056021553,0.34499373926328797,1
asymmetric_crash,81053,historical_se_penalty,0.11194322963921347,0.3212179246993148,0.11557758981632418,1
asymmetric_crash,81053,support_mix50,0.13272288798985032,0.3708085242621835,0.13711747714731978,1
asymmetric_crash,81053,support_band50,0.10782412701850588,0.30429961019872637,0.13955582869222133,1
asymmetric_crash,81053,filtered_historical,0.13744026106102056,0.3823125755466213,0.21855656956221284,0
asymmetric_crash,81054,historical_se_penalty,0.046388266881245296,0.11619384109735757,0.1194599685883967,1
asymmetric_crash,81054,support_mix50,0.07686931842185765,0.1893272827106226,0.10389988381351961,1
asymmetric_crash,81054,support_band50,0.06932623794804194,0.16805062912865087,0.10139140138767118,1
asymmetric_crash,81054,filtered_historical,0.10699421585073438,0.3080986097158349,0.3116015776315107,0
asymmetric_crash,81055,historical_se_penalty,0.22297416812320064,0.6432367571919665,0.34048915222670806,1
asymmetric_crash,81055,support_mix50,0.26402736715858693,0.7320622944671329,0.3321191740325964,0
asymmetric_crash,81055,support_band50,0.2233095803403746,0.622495405495764,0.3956360274262579,0
asymmetric_crash,81055,filtered_historical,0.052386652377025965,0.2963337496752248,0.5848498293677227,0
asymmetric_crash,81056,historical_se_penalty,0.11025852692168447,0.3112660728495442,0.16516711830777897,1
asymmetric_crash,81056,support_mix50,0.13097474872041975,0.33627873472737946,0.16215537224174298,1
asymmetric_crash,81056,support_band50,0.13097474872041975,0.3362787347273793,0.16215537224174326,1
asymmetric_crash,81056,filtered_historical,0.0540689250926092,0.24002686670475953,0.23294313522965618,0
asymmetric_crash,81057,historical_se_penalty,0.021524670213124753,0.12150934121139363,0.17972991145689593,1
asymmetric_crash,81057,support_mix50,0.09682292208593958,0.2675133219808413,0.21790142786810504,1
asymmetric_crash,81057,support_band50,0.12693942635201763,0.384325769524986,0.07720819980912026,1
asymmetric_crash,81057,filtered_historical,0.1928452926612557,0.5877359710747088,0.14697085423626813,0
asymmetric_crash,81058,historical_se_penalty,0.08234196973135552,0.2046950359162943,0.12092071092295888,1
asymmetric_crash,81058,support_mix50,0.05553043216450518,0.1480846100899672,0.11251894130637587,1
asymmetric_crash,81058,support_band50,0.1365849151405435,0.37290259912673174,0.09540006229789678,0
asymmetric_crash,81058,filtered_historical,0.14551614333557805,0.45573956799491844,0.24632901140313818,0
asymmetric_crash,81059,historical_se_penalty,0.03850548070836991,0.13068266390448732,0.1365321601302296,1
asymmetric_crash,81059,support_mix50,0.013811873622780392,0.07074273192827353,0.1468720183332919,0
asymmetric_crash,81059,support_band50,0.12092582628051066,0.35553840761438105,0.17468421746441534,0
asymmetric_crash,81059,filtered_historical,0.09066436422709771,0.22853220448684053,0.1342671340982631,0
asymmetric_crash,81060,historical_se_penalty,0.1258783466811004,0.3656661222473413,0.39854152520245145,1
asymmetric_crash,81060,support_mix50,0.13858992397599817,0.40895161345521713,0.45097725928177457,1
asymmetric_crash,81060,support_band50,0.13858992397599834,0.40895161345521724,0.45097725928177435,1
asymmetric_crash,81060,filtered_historical,0.19789034112708992,0.5229756527734258,0.31952310664975503,0
asymmetric_crash,81061,historical_se_penalty,0.26491503251580534,0.7195205584844968,0.058768442430682064,1
asymmetric_crash,81061,support_mix50,0.2125149117946843,0.5766960991836803,0.0951497651600543,0
asymmetric_crash,81061,support_band50,0.19363579740633005,0.5183743229520023,0.07022501669179161,0
asymmetric_crash,81061,filtered_historical,0.1919027726041594,0.5069711496588042,0.2812974131232296,0
asymmetric_crash,81062,historical_se_penalty,0.0843202571539908,0.23088180936981997,0.0677579902292103,1
asymmetric_crash,81062,support_mix50,0.1641969735747203,0.43314605359406677,0.08892191074810496,0
asymmetric_crash,81062,support_band50,0.1641969735747203,0.4331460535940669,0.08892191074810503,0
asymmetric_crash,81062,filtered_historical,0.05003575634373424,0.18367911435025475,0.3075823977526549,1
asymmetric_crash,81063,historical_se_penalty,0.06559064350698462,0.19278316422224318,0.1315029195606271,1
asymmetric_crash,81063,support_mix50,0.10959329516155568,0.30031594981272,0.13188366069516488,0
asymmetric_crash,81063,support_band50,0.10959329516155568,0.3003159498127201,0.13188366069516508,0
asymmetric_crash,81063,filtered_historical,0.09486773548887015,0.3572123122681634,0.2546241143159837,0
asymmetric_crash,81064,historical_se_penalty,0.020483729060332252,0.07896512430606441,0.13654072377637846,1
asymmetric_crash,81064,support_mix50,0.005736506251235659,0.0657540896112123,0.1107104854381263,0
asymmetric_crash,81064,support_band50,0.08131984973908951,0.21947015643937942,0.1155438750862043,0
asymmetric_crash,81064,filtered_historical,0.2310774378240994,0.6628814615651125,0.45565857332896254,0
asymmetric_crash,81065,historical_se_penalty,0.05344393116323349,0.19096628274867913,0.23881415236829415,1
asymmetric_crash,81065,support_mix50,0.0008707928172497326,0.12465016046478879,0.2695497648597607,1
asymmetric_crash,81065,support_band50,0.0008707928172497326,0.12465016046478875,0.2695497648597606,1
asymmetric_crash,81065,filtered_historical,0.025273517011522553,0.2485456655998896,0.2558275656530403,0
asymmetric_crash,81066,historical_se_penalty,0.14423126477890927,0.43184893217951514,0.0738320378442016,1
asymmetric_crash,81066,support_mix50,0.1592570198268255,0.4853801321020645,0.08835258935610361,0
asymmetric_crash,81066,support_band50,0.13839911851719502,0.4304624484401254,0.08258778011137949,0
asymmetric_crash,81066,filtered_historical,0.05458535129053655,0.20343523515180842,0.1836361901665114,0
asymmetric_crash,81067,historical_se_penalty,0.033227212539616066,0.1065208770624755,0.15720507024883165,1
asymmetric_crash,81067,support_mix50,0.06910191267573575,0.19705825352542108,0.16219164996551144,0
asymmetric_crash,81067,support_band50,0.06910191267573575,0.19705825352542103,0.1621916499655114,0
asymmetric_crash,81067,filtered_historical,0.04518311159618302,0.18668614490522747,0.16998171848134147,0
asymmetric_crash,81068,historical_se_penalty,0.06295430277229577,0.15666808108698962,0.06377033051959341,1
asymmetric_crash,81068,support_mix50,0.06439235897521639,0.1396478045127469,0.08972202228004511,0
asymmetric_crash,81068,support_band50,0.06460878211688623,0.14081159606072297,0.08985417527330693,0
asymmetric_crash,81068,filtered_historical,0.2025983567902295,0.6253620312868812,0.18900028475394504,0
asymmetric_crash,81069,historical_se_penalty,0.04197876412721917,0.15418538970263718,0.1548110205422883,1
asymmetric_crash,81069,support_mix50,0.038175962361172315,0.14296105359298308,0.12484837150952555,0
asymmetric_crash,81069,support_band50,0.038175962361172475,0.14296105359298322,0.12484837150952545,0
asymmetric_crash,81069,filtered_historical,0.30572548228309315,0.8621555866111013,0.4187002472778371,0
asymmetric_crash,81070,historical_se_penalty,0.13877161571333993,0.39247214108155093,0.16210442369215453,1
asymmetric_crash,81070,support_mix50,0.1413088776833306,0.3772783342820861,0.12996517472124236,0
asymmetric_crash,81070,support_band50,0.1850066838843669,0.5087841781616256,0.20428118713743823,0
asymmetric_crash,81070,filtered_historical,0.023453639336998584,0.25860752045007174,0.2647867376430828,0
asymmetric_crash,81071,historical_se_penalty,0.01637207523658669,0.15035497947083573,0.27746228275398754,1
asymmetric_crash,81071,support_mix50,0.059295866652435636,0.1892740009635892,0.25916039015004605,1
asymmetric_crash,81071,support_band50,0.05333837735224175,0.18235406340181676,0.2630723492997734,1
asymmetric_crash,81071,filtered_historical,0.16056859150575498,0.49089386955737413,0.38360584815409093,0
asymmetric_crash,81072,historical_se_penalty,0.14219995131536312,0.4084694450048817,0.2614736412667883,1
asymmetric_crash,81072,support_mix50,0.18405803642037197,0.5211510183873371,0.25305990440644216,0
asymmetric_crash,81072,support_band50,0.18405803642037197,0.5211510183873374,0.25305990440644205,0
asymmetric_crash,81072,filtered_historical,0.05344844831384752,0.2848449604845969,0.38727445763622165,0
asymmetric_crash,81073,historical_se_penalty,0.18920803692001983,0.5442281469362708,0.2850314098654528,1
asymmetric_crash,81073,support_mix50,0.1561615445470479,0.4718006305071975,0.2843313612240924,1
asymmetric_crash,81073,support_band50,0.16564068714265356,0.5000301705662926,0.2900628923269484,1
asymmetric_crash,81073,filtered_historical,0.07133620521792851,0.20756439470657354,0.4753670915193967,1
asymmetric_crash,81074,historical_se_penalty,0.0023284470075679723,0.062050598645711184,0.07577927447914101,1
asymmetric_crash,81074,support_mix50,0.037780730469076915,0.08871183938319861,0.09250428851026597,0
asymmetric_crash,81074,support_band50,0.038340369972019034,0.08976380942176534,0.0923335414973955,0
asymmetric_crash,81074,filtered_historical,0.21137652838392137,0.6310651532726561,0.15502273154854534,0
asymmetric_crash,81075,historical_se_penalty,0.0029510293347709106,0.13202401412651424,0.1828957661798201,1
asymmetric_crash,81075,support_mix50,0.024549210164129618,0.1683547683832697,0.22518242050477516,1
asymmetric_crash,81075,support_band50,0.06752928746878473,0.22060421106837919,0.22858081006184125,1
asymmetric_crash,81075,filtered_historical,0.20218644128552213,0.6054080058091377,0.2174522510666681,0
asymmetric_crash,81076,historical_se_penalty,0.0018583182407123791,0.11053928215285942,0.14849842299104277,1
asymmetric_crash,81076,support_mix50,0.02088654797860973,0.14560062434574672,0.16516099913843157,0
asymmetric_crash,81076,support_band50,0.021017045079682727,0.1457453114718359,0.1652224349603981,0
asymmetric_crash,81076,filtered_historical,0.063188138328912,0.1929035584126521,0.09909315988706031,0
asymmetric_crash,81077,historical_se_penalty,0.2543496840081621,0.7086405773203676,0.12809612097318993,1
asymmetric_crash,81077,support_mix50,0.28962515580562465,0.7974514356711692,0.1030020208799031,0
asymmetric_crash,81077,support_band50,0.28962515580562476,0.7974514356711692,0.10300202087990304,0
asymmetric_crash,81077,filtered_historical,0.2610112806187808,0.7332245208794819,0.22342081699029281,0
asymmetric_crash,81078,historical_se_penalty,0.03414120788520906,0.1324553443016797,0.15682145252074403,1
asymmetric_crash,81078,support_mix50,0.010805648555201825,0.09532584984406177,0.14190332591442087,0
asymmetric_crash,81078,support_band50,0.010805648555201825,0.09532584984406171,0.14190332591442117,0
asymmetric_crash,81078,filtered_historical,0.28535372682862525,0.8880361242990021,0.412479996528008,1
asymmetric_crash,81079,historical_se_penalty,0.1952321085364752,0.5365817378926121,0.12599597408820662,1
asymmetric_crash,81079,support_mix50,0.1790926946463166,0.5033268138895836,0.1108985007210849,0
asymmetric_crash,81079,support_band50,0.1153374781802082,0.32277537725473227,0.16635603470498583,0
asymmetric_crash,81079,filtered_historical,0.06314523646948407,0.3071813443537484,0.2457475926037424,0
asymmetric_crash,81080,historical_se_penalty,0.06128196716151581,0.18348480898282155,0.19935967821681366,1
asymmetric_crash,81080,support_mix50,0.028943280403253002,0.09531286809728601,0.16938928941987436,1
asymmetric_crash,81080,support_band50,0.04791427033733077,0.21150878030290562,0.2199647418540035,0
asymmetric_crash,81080,filtered_historical,0.08421206554931762,0.31478486341713596,0.2718059906080963,0
asymmetric_crash,81081,historical_se_penalty,0.13866465601945002,0.35362421607297456,0.07606320945051541,1
asymmetric_crash,81081,support_mix50,0.1479827796193008,0.4063402860081169,0.051483267365797634,0
asymmetric_crash,81081,support_band50,0.1479827796193008,0.4063402860081171,0.0514832673657976,0
asymmetric_crash,81081,filtered_historical,0.059647075134089886,0.25768291381601405,0.23064181837814957,0
asymmetric_crash,81082,historical_se_penalty,0.08853222754556488,0.27836907529021865,0.0907749587814404,1
asymmetric_crash,81082,support_mix50,0.08857697616237589,0.2565695989957393,0.0897921577173951,0
asymmetric_crash,81082,support_band50,0.08857697616237573,0.2565695989957391,0.08979215771739507,0
asymmetric_crash,81082,filtered_historical,0.5828372795087264,1.7065867390507816,0.4477713621388271,0
asymmetric_crash,81083,historical_se_penalty,0.12404904357175356,0.3441229603746356,0.19680635371886804,1
asymmetric_crash,81083,support_mix50,0.1666156992497377,0.45766610650328465,0.17230855555216487,0
asymmetric_crash,81083,support_band50,0.16661569924973788,0.45766610650328476,0.17230855555216482,0
asymmetric_crash,81083,filtered_historical,0.07384567611885282,0.23641892764979444,0.25760469717714163,0
asymmetric_crash,81084,historical_se_penalty,0.021733830408160553,0.06511958167582715,0.032949500094887466,1
asymmetric_crash,81084,support_mix50,0.022014365227745407,0.0790065775756973,0.048026596796485,0
asymmetric_crash,81084,support_band50,0.019858714738947625,0.07368450624407842,0.04791088749800599,0
asymmetric_crash,81084,filtered_historical,0.00968748066282987,0.06562387102156875,0.09598159700976414,0
asymmetric_crash,81085,historical_se_penalty,0.049669657179841106,0.1346003003701914,0.05798479678496809,1
asymmetric_crash,81085,support_mix50,0.04424825542243712,0.14145329303822982,0.04580253812527241,0
asymmetric_crash,81085,support_band50,0.04424825542243712,0.14145329303822987,0.045802538125272366,0
asymmetric_crash,81085,filtered_historical,0.18828343416622215,0.5571002178319334,0.2434825232069927,0
asymmetric_crash,81086,historical_se_penalty,0.20545757930279132,0.5337794225820112,0.14231851038935942,1
asymmetric_crash,81086,support_mix50,0.18367462694271294,0.48156186146422936,0.18038490232191987,1
asymmetric_crash,81086,support_band50,0.22879980828367846,0.6172801183968448,0.11934715193198578,0
asymmetric_crash,81086,filtered_historical,0.11580500475572655,0.3025543881553381,0.3182929737126504,1
asymmetric_crash,81087,historical_se_penalty,0.009623403510810265,0.15872103858966824,0.2572890428105436,1
asymmetric_crash,81087,support_mix50,0.006944953790293339,0.19347891910613513,0.3168241579623215,1
asymmetric_crash,81087,support_band50,0.006944953790293339,0.1934789191061351,0.3168241579623218,1
asymmetric_crash,81087,filtered_historical,0.029383639452889937,0.24433178027007724,0.4864717326360464,1
asymmetric_crash,81088,historical_se_penalty,0.05902124715573125,0.13241430964604406,0.09033367735632919,1
asymmetric_crash,81088,support_mix50,0.06501792625852684,0.16521473137153933,0.08135949149712818,1
asymmetric_crash,81088,support_band50,0.011303646904589433,0.07342023377610023,0.05671349357223018,0
asymmetric_crash,81088,filtered_historical,0.37623168817251024,1.073035865626104,0.4101020824576028,0
asymmetric_crash,81089,historical_se_penalty,0.0952769326176593,0.26502525870551186,0.0553585966617961,1
asymmetric_crash,81089,support_mix50,0.09549405883087421,0.2565282317334398,0.0652940721440711,0
asymmetric_crash,81089,support_band50,0.10456728955763167,0.2845470164943515,0.05344879406666605,0
asymmetric_crash,81089,filtered_historical,0.05421412334669143,0.14631321260471655,0.11782092322383403,0
asymmetric_crash,81090,historical_se_penalty,0.16671385072511982,0.5016658173540625,0.24162294802048725,1
asymmetric_crash,81090,support_mix50,0.11080125011579493,0.332392794307484,0.2031945804666041,1
asymmetric_crash,81090,support_band50,0.11080125011579493,0.33239279430748386,0.20319458046660396,1
asymmetric_crash,81090,filtered_historical,0.14201978465605744,0.4216665453266021,0.22277963321265842,0
asymmetric_crash,81091,historical_se_penalty,0.057893923153779024,0.13515589280069643,0.2590060894149344,1
asymmetric_crash,81091,support_mix50,0.09864807510616747,0.2400037816486327,0.18804647167327226,0
asymmetric_crash,81091,support_band50,0.09864807510616747,0.24000378164863276,0.18804647167327218,0
asymmetric_crash,81091,filtered_historical,0.11730107507771806,0.430707552521198,0.1966625438816366,0
asymmetric_crash,81092,historical_se_penalty,0.0017278300784770572,0.14475802013538258,0.29453588277157666,1
asymmetric_crash,81092,support_mix50,0.017378491459868868,0.12043156242860302,0.2833604935159187,1
asymmetric_crash,81092,support_band50,0.017378491459868868,0.12043156242860306,0.2833604935159186,1
asymmetric_crash,81092,filtered_historical,0.06702754204035771,0.25491672738702703,0.26575920444158474,0
asymmetric_crash,81093,historical_se_penalty,0.05243189277134392,0.15342969729253386,0.30677818503339876,1
asymmetric_crash,81093,support_mix50,0.04908202921019411,0.15868970529215987,0.3348008726851383,1
asymmetric_crash,81093,support_band50,0.04908202921019411,0.15868970529215984,0.33480087268513825,1
asymmetric_crash,81093,filtered_historical,0.2362227788548672,0.7151048379384871,0.4160330554273071,1
asymmetric_crash,81094,historical_se_penalty,0.148107460228796,0.4449258748854501,0.1909903338937413,1
asymmetric_crash,81094,support_mix50,0.18891282398890222,0.5221788659271234,0.24119439770404474,0
asymmetric_crash,81094,support_band50,0.18891282398890222,0.5221788659271235,0.2411943977040446,0
asymmetric_crash,81094,filtered_historical,0.2588882205971395,0.7651726410840849,0.5103552140699985,1
asymmetric_crash,81095,historical_se_penalty,0.04337302704661651,0.1849126304576627,0.25117253448392857,1
asymmetric_crash,81095,support_mix50,0.08397345021980972,0.27079263994884445,0.30470197866121845,0
asymmetric_crash,81095,support_band50,0.029019951781505682,0.16377614211830785,0.2270425442013635,0
asymmetric_crash,81095,filtered_historical,0.09586659059099761,0.2855744888118972,0.3462143057249463,0
asymmetric_crash,81096,historical_se_penalty,0.1170731896969855,0.3188528353409856,0.05712504630412031,1
asymmetric_crash,81096,support_mix50,0.113852477020732,0.3210404348818341,0.056529152160918895,0
asymmetric_crash,81096,support_band50,0.113852477020732,0.3210404348818342,0.05652915216091882,0
asymmetric_crash,81096,filtered_historical,0.18681614627493684,0.5755726640968669,0.2197830794615231,0
asymmetric_crash,81097,historical_se_penalty,0.11548174937134983,0.3468994565039738,0.41514818707764845,1
asymmetric_crash,81097,support_mix50,0.1579874465193567,0.44724591244979595,0.3979873981493605,1
asymmetric_crash,81097,support_band50,0.1579874465193567,0.447245912449796,0.3979873981493604,1
asymmetric_crash,81097,filtered_historical,0.10194647214168136,0.305822263448234,0.27211641915545803,0
asymmetric_crash,81098,historical_se_penalty,0.11500189098990589,0.31019413414193975,0.1205207876553599,1
asymmetric_crash,81098,support_mix50,0.08108173216280888,0.22598649759585931,0.12974378316203836,0
asymmetric_crash,81098,support_band50,0.08108173216280888,0.22598649759585943,0.1297437831620383,0
asymmetric_crash,81098,filtered_historical,0.09798252814461333,0.23986059501320794,0.08786815225791837,0
asymmetric_crash,81099,historical_se_penalty,0.05903636469876019,0.19573010311529906,0.20727745492842892,1
asymmetric_crash,81099,support_mix50,0.0827399061577515,0.25245878120483417,0.20994785528952906,1
asymmetric_crash,81099,support_band50,0.0827399061577515,0.25245878120483434,0.209947855289529,1
asymmetric_crash,81099,filtered_historical,0.13808249525275607,0.4023039143935296,0.48821740189327295,0
asymmetric_crash,81100,historical_se_penalty,0.024951769511804625,0.17571870713097176,0.26612013271330076,1
asymmetric_crash,81100,support_mix50,0.08377016267484348,0.27980395110146195,0.29886871768824036,0
asymmetric_crash,81100,support_band50,0.030663987283078724,0.2278960749772114,0.32455831542878427,0
asymmetric_crash,81100,filtered_historical,0.024516762679605883,0.114999910479064,0.14362123022380097,0
asymmetric_crash,81101,historical_se_penalty,0.09391277894795777,0.271137759168073,0.12420806762700022,1
asymmetric_crash,81101,support_mix50,0.10592257080599755,0.2630132513726439,0.13140559946397573,0
asymmetric_crash,81101,support_band50,0.11454271693360467,0.28888279357213836,0.12726815451017198,0
asymmetric_crash,81101,filtered_historical,0.2619566263403275,0.7611893421758731,0.3131334797498001,1
asymmetric_crash,81102,historical_se_penalty,0.029069302209576073,0.10844533289390407,0.10848920599892478,1
asymmetric_crash,81102,support_mix50,0.05046553621851339,0.12774872355801117,0.09942368788816207,0
asymmetric_crash,81102,support_band50,0.21201433720446694,0.5770047950012791,0.07996364622067088,1
asymmetric_crash,81102,filtered_historical,0.2025811425028318,0.5757394354590109,0.22110804007652196,0
asymmetric_crash,81103,historical_se_penalty,0.11336779335262588,0.32382170928103404,0.2595166499360393,1
asymmetric_crash,81103,support_mix50,0.10464255132762225,0.30806737099689263,0.2661216287240853,1
asymmetric_crash,81103,support_band50,0.10464255132762225,0.3080673709968926,0.2661216287240856,1
asymmetric_crash,81103,filtered_historical,0.11123088748859887,0.3039904693509701,0.2171554185568463,0
asymmetric_crash,81104,historical_se_penalty,0.09767023392517542,0.33992029942001173,0.5362548795565256,1
asymmetric_crash,81104,support_mix50,0.0741015163657975,0.26973588980322916,0.47477296242175493,1
asymmetric_crash,81104,support_band50,0.07410151636579766,0.26973588980322927,0.4747729624217552,1
asymmetric_crash,81104,filtered_historical,0.16970174384867773,0.4726444428308601,0.4776311976981439,1
asymmetric_crash,81105,historical_se_penalty,0.059297283565392295,0.13104002775881457,0.07333606004311716,1
asymmetric_crash,81105,support_mix50,0.06961692407933383,0.15154858459548368,0.07916108069599087,0
asymmetric_crash,81105,support_band50,0.06961692407933383,0.15154858459548376,0.07916108069599077,0
asymmetric_crash,81105,filtered_historical,0.019780499510082646,0.141500177109944,0.15242213520147943,0
asymmetric_crash,81106,historical_se_penalty,0.07478089152730985,0.23268808300710964,0.27456414376500565,1
asymmetric_crash,81106,support_mix50,0.11782204041447238,0.33837371717432496,0.24813775237323077,0
asymmetric_crash,81106,support_band50,0.16484129169431055,0.46917742602013196,0.25792875280902094,0
asymmetric_crash,81106,filtered_historical,0.17120281348041222,0.5009088830387315,0.37824761526642153,0
asymmetric_crash,81107,historical_se_penalty,0.07772563419964128,0.21489771718932227,0.26723263550918513,1
asymmetric_crash,81107,support_mix50,0.09228299605837009,0.25684860012015476,0.3091998361802772,1
asymmetric_crash,81107,support_band50,0.1620892912718591,0.4395075712729714,0.26861560531670414,1
asymmetric_crash,81107,filtered_historical,0.2543580801090597,0.708834153390384,0.12515146590651802,0
asymmetric_crash,81108,historical_se_penalty,0.04436968203421574,0.11745953954952108,0.1506482482238199,1
asymmetric_crash,81108,support_mix50,0.07632969523271142,0.18742811416565675,0.14897798919531857,1
asymmetric_crash,81108,support_band50,0.056726325731038314,0.13497036159052567,0.16161040255158501,1
asymmetric_crash,81108,filtered_historical,0.45083053093900594,1.353528374940308,0.4442804711692589,0
asymmetric_crash,81109,historical_se_penalty,0.05560525920009167,0.14188811215810648,0.1025922141064412,1
asymmetric_crash,81109,support_mix50,0.03922658012983806,0.12768940979703988,0.14600231054839471,1
asymmetric_crash,81109,support_band50,0.04932389020577062,0.1529903347944118,0.1512338541911719,1
asymmetric_crash,81109,filtered_historical,0.12398892205030158,0.3526030747305236,0.19276610679423867,0
asymmetric_crash,81110,historical_se_penalty,0.11748682423719509,0.38930420312442315,0.18417242072847162,1
asymmetric_crash,81110,support_mix50,0.09105226355537269,0.31274305336364794,0.1444042077040353,1
asymmetric_crash,81110,support_band50,0.09000385546444384,0.30909137981422974,0.14372809838654513,1
asymmetric_crash,81110,filtered_historical,0.053374595783051225,0.13162574968531124,0.1273904631628546,0
asymmetric_crash,81111,historical_se_penalty,0.15866244097565482,0.42441514859834206,0.09520762259359127,1
asymmetric_crash,81111,support_mix50,0.17304955970187996,0.4419536097989605,0.11046814146354514,1
asymmetric_crash,81111,support_band50,0.11738686342135296,0.29299972014840275,0.12928006683026222,1
asymmetric_crash,81111,filtered_historical,0.16019295137742265,0.44619674448977853,0.08005814403565852,0
asymmetric_crash,81112,historical_se_penalty,0.07945651098427094,0.23098253115111195,0.11865486049626578,1
asymmetric_crash,81112,support_mix50,0.11457316159009918,0.3205037162499318,0.05503449115002579,0
asymmetric_crash,81112,support_band50,0.11457316159009918,0.3205037162499319,0.05503449115002581,0
asymmetric_crash,81112,filtered_historical,0.18068344495701555,0.5271612612661223,0.2350346733681856,0
asymmetric_crash,81113,historical_se_penalty,0.026464186577077557,0.0867568249644407,0.08824621877701762,1
asymmetric_crash,81113,support_mix50,0.05793627859816717,0.1527477026013212,0.10853531133994858,0
asymmetric_crash,81113,support_band50,0.06878890358340159,0.17942432250763252,0.04884202325660012,0
asymmetric_crash,81113,filtered_historical,0.13382569986368623,0.4417380127568155,0.16751275374347335,0
asymmetric_crash,81114,historical_se_penalty,0.11315055394800808,0.34058368667080474,0.07550652061239373,1
asymmetric_crash,81114,support_mix50,0.12484835150648689,0.3473818293315913,0.03911941756160923,0
asymmetric_crash,81114,support_band50,0.17039003532891342,0.4802733601051416,0.05024250449647643,0
asymmetric_crash,81114,filtered_historical,0.472604037125654,1.3662385576837808,0.28008736868644796,0
asymmetric_crash,81115,historical_se_penalty,0.1124593855285648,0.3105701049123729,0.14944841444350962,1
asymmetric_crash,81115,support_mix50,0.12449815927257256,0.3516474775385151,0.12631739779995857,1
asymmetric_crash,81115,support_band50,0.08911460037448446,0.25029314581472084,0.13668374232653152,1
asymmetric_crash,81115,filtered_historical,0.04580814686336452,0.21300537062644453,0.3902695205508711,1
asymmetric_crash,81116,historical_se_penalty,0.13264601016491478,0.3356182270899775,0.0852616681717951,1
asymmetric_crash,81116,support_mix50,0.08184422353342516,0.20647359983832256,0.1412046797094322,1
asymmetric_crash,81116,support_band50,0.13723576087690714,0.37541109646884663,0.11276934394893877,1
asymmetric_crash,81116,filtered_historical,0.1255980369848649,0.3652697231303453,0.18886238968503535,0
asymmetric_crash,81117,historical_se_penalty,0.023815839144816442,0.14010399949889585,0.14180065970973438,1
asymmetric_crash,81117,support_mix50,0.04314892165781766,0.15448738052619607,0.10777511512062479,0
asymmetric_crash,81117,support_band50,0.04314892165781766,0.15448738052619618,0.10777511512062497,0
asymmetric_crash,81117,filtered_historical,0.03367906738928554,0.19777197785499512,0.2912672347023715,0
asymmetric_crash,81118,historical_se_penalty,0.19465327162965687,0.5260385923984893,0.1909443801437714,1
asymmetric_crash,81118,support_mix50,0.17808082476434825,0.49358942013517393,0.17906957601716395,0
asymmetric_crash,81118,support_band50,0.255141271385209,0.7128447624428157,0.21725634220583318,0
asymmetric_crash,81118,filtered_historical,0.2579670214246339,0.726109313794391,0.2064268629503545,0
asymmetric_crash,81119,historical_se_penalty,0.2676856143864517,0.7186089271146134,0.18352854246460376,1
asymmetric_crash,81119,support_mix50,0.27762548831206213,0.752367861417678,0.21772920126871675,1
asymmetric_crash,81119,support_band50,0.34553676910126696,0.9702984067736916,0.2542596535375439,1
asymmetric_crash,81119,filtered_historical,0.19425152856104488,0.5012516071201903,0.29135866398211263,0
asymmetric_crash,81120,historical_se_penalty,0.14000818939395618,0.3788949694594825,0.1702800384543073,1
asymmetric_crash,81120,support_mix50,0.1373307713542082,0.374403283691685,0.16252824227670246,0
asymmetric_crash,81120,support_band50,0.1373307713542082,0.3744032836916851,0.1625282422767027,0
asymmetric_crash,81120,filtered_historical,0.08920594935714331,0.23827726116067796,0.14370475578044586,0
asymmetric_crash,81121,historical_se_penalty,0.0802846668291277,0.18627424191379005,0.18895417587657817,1
asymmetric_crash,81121,support_mix50,0.11628364357225388,0.2913489202652298,0.2014238723533828,1
asymmetric_crash,81121,support_band50,0.11628364357225388,0.2913489202652296,0.20142387235338305,1
asymmetric_crash,81121,filtered_historical,0.16440688044861854,0.5048859646924637,0.18192596810936537,0
asymmetric_crash,81122,historical_se_penalty,0.046456478037262466,0.16992227649652594,0.1255359146583517,1
asymmetric_crash,81122,support_mix50,0.07920310393709691,0.23822371273328638,0.1510628704852956,0
asymmetric_crash,81122,support_band50,0.05889934190550366,0.18709475390355823,0.14034938244701448,0
asymmetric_crash,81122,filtered_historical,0.030821070904919583,0.09633290708751294,0.07737651929004906,0
asymmetric_crash,81123,historical_se_penalty,0.10441784358028645,0.2911292235584621,0.1716303063949532,1
asymmetric_crash,81123,support_mix50,0.10061294014823643,0.28070649835339745,0.19006177623910836,0
asymmetric_crash,81123,support_band50,0.10061294014823643,0.2807064983533975,0.19006177623910858,0
asymmetric_crash,81123,filtered_historical,0.08528729617574331,0.23625838487241066,0.11421916273977108,0
asymmetric_crash,81124,historical_se_penalty,0.06223851209950943,0.19859832927669346,0.1560984906203024,1
asymmetric_crash,81124,support_mix50,0.02533267838847263,0.15537016368329326,0.17220897379332234,0
asymmetric_crash,81124,support_band50,0.07145513307979078,0.1906062878261226,0.08361995376344801,1
asymmetric_crash,81124,filtered_historical,0.041427190094297406,0.18648004811935703,0.197017719652082,0
asymmetric_crash,81125,historical_se_penalty,0.06995689822945392,0.16663970405278644,0.18996578590141994,1
asymmetric_crash,81125,support_mix50,0.018198609229974627,0.0784636296307516,0.187388151752282,1
asymmetric_crash,81125,support_band50,0.018198609229974627,0.07846362963075164,0.18738815175228182,1
asymmetric_crash,81125,filtered_historical,0.011230273328055847,0.1266562559795389,0.11027143410679939,0
asymmetric_crash,81126,historical_se_penalty,0.0710252248890409,0.22944198198361454,0.39711182145807505,1
asymmetric_crash,81126,support_mix50,0.013907207298187159,0.13744101302326775,0.3201037914377248,0
asymmetric_crash,81126,support_band50,0.16443440185946895,0.4716395923472156,0.16030522346589784,0
asymmetric_crash,81126,filtered_historical,0.1990191002491771,0.5617299505241464,0.10468321075867822,0
asymmetric_crash,81127,historical_se_penalty,0.0962873026865488,0.2314436457883339,0.07272844886049876,1
asymmetric_crash,81127,support_mix50,0.11216482608932195,0.28557083254505844,0.08667379429800662,0
asymmetric_crash,81127,support_band50,0.12786395345408827,0.32822249922471913,0.07961082188690914,0
asymmetric_crash,81127,filtered_historical,0.06769609892023985,0.2481846564340632,0.226767904151876,0
asymmetric_crash,81128,historical_se_penalty,0.10175766571044989,0.2752076972704588,0.24854098388722978,1
asymmetric_crash,81128,support_mix50,0.10125979793002064,0.2771642922529956,0.2630464566500077,0
asymmetric_crash,81128,support_band50,0.10125979793002064,0.27716429225299566,0.2630464566500079,0
asymmetric_crash,81128,filtered_historical,0.28830212521162457,0.7939318660896069,0.31255280901329563,0
asymmetric_crash,81129,historical_se_penalty,0.07247564559119331,0.19306516317464734,0.05115524038292682,1
asymmetric_crash,81129,support_mix50,0.03952148119524258,0.11641944085523165,0.1348235080836471,1
asymmetric_crash,81129,support_band50,0.13569779874354485,0.3681757527857018,0.08611315967771743,1
asymmetric_crash,81129,filtered_historical,0.19217099705977453,0.5215728529315647,0.09308102071793879,0
asymmetric_crash,81130,historical_se_penalty,0.04352947585565181,0.16850502079800275,0.15804150069420767,1
asymmetric_crash,81130,support_mix50,0.03668822027477857,0.18327097687794125,0.16338433802303268,0
asymmetric_crash,81130,support_band50,0.036688220274778416,0.18327097687794117,0.16338433802303273,0
asymmetric_crash,81130,filtered_historical,0.02817444651091984,0.197638830414505,0.19212532762107723,0
asymmetric_crash,81131,historical_se_penalty,0.10787816015378889,0.3394546169683544,0.12848160517875512,1
asymmetric_crash,81131,support_mix50,0.13056800932262733,0.41947995929438125,0.17282198414495,1
asymmetric_crash,81131,support_band50,0.13056800932262733,0.41947995929438103,0.17282198414494987,1
asymmetric_crash,81131,filtered_historical,0.13200378489864145,0.3341321855662005,0.10428285811142592,1
asymmetric_crash,81132,historical_se_penalty,0.12285030696301082,0.33955396266302235,0.416414602763972,1
asymmetric_crash,81132,support_mix50,0.07249785042689628,0.26080235057297696,0.4305877012534175,0
asymmetric_crash,81132,support_band50,0.053596993873703806,0.23893387187478932,0.4371223037374927,0
asymmetric_crash,81132,filtered_historical,0.09884051167678871,0.43633230294412223,0.8048433570105915,0
asymmetric_crash,81133,historical_se_penalty,0.18466682074564658,0.5722752292420673,0.17659263664533878,1
asymmetric_crash,81133,support_mix50,0.1661215908669771,0.5241693995361508,0.16784918652134806,1
asymmetric_crash,81133,support_band50,0.1661215908669771,0.5241693995361507,0.16784918652134795,1
asymmetric_crash,81133,filtered_historical,0.6983252141416916,1.9995007159679972,0.36862923282297055,0
asymmetric_crash,81134,historical_se_penalty,0.00998345299780424,0.09103907660518636,0.15647847063567305,1
asymmetric_crash,81134,support_mix50,0.009260134920000036,0.0967906222729706,0.14137007592724363,0
asymmetric_crash,81134,support_band50,0.009260134920000036,0.09679062227297064,0.1413700759272435,0
asymmetric_crash,81134,filtered_historical,0.2458832563073371,0.8200662065323545,0.5655389967618519,0
asymmetric_crash,81135,historical_se_penalty,0.033090238118197376,0.12169007536762524,0.14792757494183031,1
asymmetric_crash,81135,support_mix50,0.071759643385256,0.22776829718603103,0.09097616489793564,0
asymmetric_crash,81135,support_band50,0.030931582397887836,0.12381993307250502,0.10374263881499388,0
asymmetric_crash,81135,filtered_historical,0.1642735990629382,0.4725205214687391,0.0983307299555701,0
asymmetric_crash,81136,historical_se_penalty,0.006277522354884389,0.07093909212468716,0.16623624801279108,1
asymmetric_crash,81136,support_mix50,0.017924218668577477,0.07383674657146423,0.19172317943350195,1
asymmetric_crash,81136,support_band50,0.017924218668577477,0.07383674657146423,0.19172317943350184,1
asymmetric_crash,81136,filtered_historical,0.1485337922463562,0.4114498859264245,0.20909415159127306,0
asymmetric_crash,81137,historical_se_penalty,0.0069087301717184885,0.06612666930906916,0.08986490994990057,1
asymmetric_crash,81137,support_mix50,0.03966738589170054,0.10953441862319056,0.06624954040328458,0
asymmetric_crash,81137,support_band50,0.03966738589170054,0.10953441862319067,0.06624954040328453,0
asymmetric_crash,81137,filtered_historical,0.14618633091084376,0.46921734654482933,0.34240459131984746,0
asymmetric_crash,81138,historical_se_penalty,0.013174355561872953,0.07767607759309932,0.1630748500594447,1
asymmetric_crash,81138,support_mix50,0.03681888862959908,0.11021462527582006,0.09355783937184917,0
asymmetric_crash,81138,support_band50,0.03681888862959908,0.11021462527582021,0.09355783937184903,0
asymmetric_crash,81138,filtered_historical,0.14851720440094188,0.44382490606553165,0.20366212012095458,0
asymmetric_crash,81139,historical_se_penalty,0.02144679849658445,0.1435899207257683,0.3185765389057518,1
asymmetric_crash,81139,support_mix50,0.07535024238774511,0.23680682020065905,0.3490172549660947,1
asymmetric_crash,81139,support_band50,0.07535024238774511,0.23680682020065916,0.3490172549660946,1
asymmetric_crash,81139,filtered_historical,0.24079984423291392,0.7163134386083608,0.09587386898088354,0
asymmetric_crash,81140,historical_se_penalty,0.002326853339016155,0.10774075515712203,0.16817896898086404,1
asymmetric_crash,81140,support_mix50,0.0021738600660809945,0.12401384390001484,0.17648467291221764,0
asymmetric_crash,81140,support_band50,0.002173860066081153,0.12401384390001484,0.17648467291221756,0
asymmetric_crash,81140,filtered_historical,0.14063482459183632,0.4717850312690069,0.353753626866886,0
asymmetric_crash,81141,historical_se_penalty,0.08136399894762773,0.2603917410410744,0.2818012264589516,1
asymmetric_crash,81141,support_mix50,0.05643369858962842,0.2042828968933841,0.30437684565012796,1
asymmetric_crash,81141,support_band50,0.05643369858962842,0.20428289689338397,0.30437684565012774,1
asymmetric_crash,81141,filtered_historical,0.04014068770179986,0.13162952413546958,0.38908928840173007,1
asymmetric_crash,81142,historical_se_penalty,0.01164285307250778,0.08843196621388226,0.16002323957735862,1
asymmetric_crash,81142,support_mix50,0.02918946222746103,0.11912155652334618,0.2328282761261013,1
asymmetric_crash,81142,support_band50,0.03850998795240193,0.1437908472416838,0.2386430116376807,1
asymmetric_crash,81142,filtered_historical,0.1823529864914808,0.4992811945614082,0.19434261414958895,0
asymmetric_crash,81143,historical_se_penalty,0.07284404083985792,0.21450913879390823,0.15347739773228314,1
asymmetric_crash,81143,support_mix50,0.014758555319785309,0.15632535179095886,0.17021887704712427,0
asymmetric_crash,81143,support_band50,0.014758555319785309,0.15632535179095883,0.1702188770471242,0
asymmetric_crash,81143,filtered_historical,0.016144800647777107,0.1271934416987657,0.1577126017761759,0
asymmetric_crash,81144,historical_se_penalty,0.10982940150135267,0.3265160215710582,0.07413531686977066,1
asymmetric_crash,81144,support_mix50,0.07379836892866264,0.2300358328371673,0.10573229371748648,1
asymmetric_crash,81144,support_band50,0.07379836892866264,0.23003583283716744,0.10573229371748635,1
asymmetric_crash,81144,filtered_historical,0.248247421403606,0.7110036865315397,0.1281447717120211,0
asymmetric_crash,81145,historical_se_penalty,0.012383360901425935,0.21353034329510595,0.5606923560263344,1
asymmetric_crash,81145,support_mix50,0.007445325700698785,0.21391492591402408,0.590716116152151,1
asymmetric_crash,81145,support_band50,0.007445325700698785,0.21391492591402414,0.5907161161521508,1
asymmetric_crash,81145,filtered_historical,0.5256185406312349,1.4937783600351522,0.6805891061850357,0
asymmetric_crash,81146,historical_se_penalty,0.08175689693498414,0.2651831546801916,0.11752984034671625,1
asymmetric_crash,81146,support_mix50,0.14165611137973944,0.4105041398740657,0.07682841587376628,0
asymmetric_crash,81146,support_band50,0.14765419777700217,0.42719337143466507,0.07787478524753766,0
asymmetric_crash,81146,filtered_historical,0.023722647806981762,0.15368758450833084,0.20329164648469955,0
asymmetric_crash,81147,historical_se_penalty,0.09728492406432444,0.2957255637167551,0.35724409010826647,1
asymmetric_crash,81147,support_mix50,0.11412546538545316,0.34857230252005905,0.2883778948974864,0
asymmetric_crash,81147,support_band50,0.14235768330117138,0.42651173394484,0.4003620286307596,0
asymmetric_crash,81147,filtered_historical,0.18756330958576625,0.5677685294007733,0.3417003705839294,0
asymmetric_crash,81148,historical_se_penalty,0.018513243841405794,0.07863771438278333,0.1893557866042598,1
asymmetric_crash,81148,support_mix50,0.03691825503896398,0.12605442375820264,0.1875546311494443,1
asymmetric_crash,81148,support_band50,0.02469137558893045,0.100019540787083,0.13919514826234705,1
asymmetric_crash,81148,filtered_historical,0.06324204085738058,0.2179674070297111,0.25540588070833536,0
asymmetric_crash,81149,historical_se_penalty,0.08574421374851232,0.25864149142146053,0.1341675200802638,1
asymmetric_crash,81149,support_mix50,0.10223310426728724,0.3071353646321581,0.08073806731385187,0
asymmetric_crash,81149,support_band50,0.07345955730076174,0.22280802009884515,0.09717475781313935,0
asymmetric_crash,81149,filtered_historical,0.3216005848375,0.9336830753951958,0.2311594770081559,0
asymmetric_crash,81150,historical_se_penalty,0.10697110874507902,0.34001705330021903,0.1103900642039529,1
asymmetric_crash,81150,support_mix50,0.10722393865087315,0.34783238861794846,0.11598075563503356,0
asymmetric_crash,81150,support_band50,0.11939318419039188,0.38410705070442536,0.12543986263719278,0
asymmetric_crash,81150,filtered_historical,0.24040193516265115,0.7294920225806121,0.15474929276742172,0
asymmetric_crash,81151,historical_se_penalty,0.14071872110824843,0.3942706894395883,0.16823450805807844,1
asymmetric_crash,81151,support_mix50,0.15957159499732193,0.42562901595081915,0.1900267284404641,1
asymmetric_crash,81151,support_band50,0.08656762127381322,0.22524052855879076,0.15327165657841904,1
asymmetric_crash,81151,filtered_historical,0.21500298517593763,0.6041481392889532,0.13604991634641292,0
asymmetric_crash,81152,historical_se_penalty,0.07291773412659103,0.24180813567763307,0.3046487597016951,1
asymmetric_crash,81152,support_mix50,0.09494779416442425,0.27979251998089544,0.3243461233610163,1
asymmetric_crash,81152,support_band50,0.09494779416442425,0.2797925199808955,0.3243461233610162,1
asymmetric_crash,81152,filtered_historical,0.04674027961038419,0.14901129331457874,0.14828789560079647,0
asymmetric_crash,81153,historical_se_penalty,0.06970349639789386,0.17976259407852635,0.12078586432817391,1
asymmetric_crash,81153,support_mix50,0.06408270309811588,0.1809803340058525,0.12099526449369782,1
asymmetric_crash,81153,support_band50,0.06408270309811588,0.1809803340058526,0.1209952644936977,1
asymmetric_crash,81153,filtered_historical,0.11384058376244423,0.3119422856995455,0.08139770509433676,0
asymmetric_crash,81154,historical_se_penalty,0.06730293212458666,0.21859233282965365,0.23553332711915737,1
asymmetric_crash,81154,support_mix50,0.02700803428437987,0.13612921750732188,0.21217817885037937,0
asymmetric_crash,81154,support_band50,0.0004931690348496181,0.10889974002873788,0.196649472935483,0
asymmetric_crash,81154,filtered_historical,0.0027729086161580097,0.09174310510533176,0.10159595662869081,0
asymmetric_crash,81155,historical_se_penalty,0.053649034053498974,0.1368665525790653,0.10955337859797529,1
asymmetric_crash,81155,support_mix50,0.11165213432922216,0.3212808337414061,0.07390446501262614,1
asymmetric_crash,81155,support_band50,0.11165213432922233,0.32128083374140615,0.07390446501262644,1
asymmetric_crash,81155,filtered_historical,0.17103680766917084,0.5052088813359616,0.25263455086598724,0
asymmetric_crash,81156,historical_se_penalty,0.0025754146909468217,0.06983856114225755,0.07487839896897391,1
asymmetric_crash,81156,support_mix50,0.014867594968619422,0.07335745418796635,0.07372241492386204,0
asymmetric_crash,81156,support_band50,0.014867594968619422,0.0733574541879664,0.073722414923862,0
asymmetric_crash,81156,filtered_historical,0.38927411164780973,1.0872768101447539,0.2311350694989233,0
asymmetric_crash,81157,historical_se_penalty,0.23648834074885539,0.6594566001987295,0.11690219579794854,1
asymmetric_crash,81157,support_mix50,0.2440073766847838,0.689458966663886,0.13030477480058159,0
asymmetric_crash,81157,support_band50,0.2440073766847838,0.689458966663886,0.13030477480058156,0
asymmetric_crash,81157,filtered_historical,0.1597252375558271,0.4212604929335237,0.10228398053646227,0
asymmetric_crash,81158,historical_se_penalty,0.03814572985536401,0.0696982794327386,0.05410850094240286,1
asymmetric_crash,81158,support_mix50,0.03169066081946136,0.07059770202003629,0.06872002527768528,0
asymmetric_crash,81158,support_band50,0.03169066081946136,0.07059770202003637,0.06872002527768517,0
asymmetric_crash,81158,filtered_historical,0.0424946372595546,0.20143455968250512,0.3721116249735784,1
asymmetric_crash,81159,historical_se_penalty,0.05440085311482156,0.20770729617519257,0.4547061133109002,1
asymmetric_crash,81159,support_mix50,0.05351787816833964,0.2083421063805515,0.4047371785201802,1
asymmetric_crash,81159,support_band50,0.05351787816833964,0.20834210638055142,0.4047371785201801,1
asymmetric_crash,81159,filtered_historical,0.14944281913178234,0.5205224346064455,0.7773709460550029,0
asymmetric_crash,81160,historical_se_penalty,0.18117067353521027,0.5274514522355064,0.10864057568963174,1
asymmetric_crash,81160,support_mix50,0.18976244227790873,0.5461801477414231,0.09584232624366047,1
asymmetric_crash,81160,support_band50,0.18976244227790873,0.5461801477414231,0.09584232624366039,1
asymmetric_crash,81160,filtered_historical,0.15206846248938466,0.4289023620963889,0.1968547852114535,0
asymmetric_crash,81161,historical_se_penalty,0.10602275423019086,0.3327572288684249,0.1542236903131014,1
asymmetric_crash,81161,support_mix50,0.0943149052071654,0.3205764124313731,0.1446574601011222,0
asymmetric_crash,81161,support_band50,0.0943149052071654,0.32057641243137297,0.1446574601011225,0
asymmetric_crash,81161,filtered_historical,0.05015465859720302,0.15142436932794406,0.10406959099764415,0
asymmetric_crash,81162,historical_se_penalty,0.06766229917046293,0.30224740460872285,1.1602409980269504,1
asymmetric_crash,81162,support_mix50,0.09251001095274376,0.34677610736574127,1.174231405918752,1
asymmetric_crash,81162,support_band50,0.09251001095274376,0.34677610736574116,1.174231405918752,1
asymmetric_crash,81162,filtered_historical,0.4138652690912234,1.1941389056264484,0.616151295565502,0
asymmetric_crash,81163,historical_se_penalty,0.10048486465195819,0.2706441112201442,0.12414156465135529,1
asymmetric_crash,81163,support_mix50,0.10145253944942598,0.2798977004948315,0.07813075122038904,0
asymmetric_crash,81163,support_band50,0.10512754904588789,0.2898159178224248,0.07953739001697323,0
asymmetric_crash,81163,filtered_historical,0.25562163393610454,0.7554247026281723,0.479609373481261,0
asymmetric_crash,81164,historical_se_penalty,0.12963666707183402,0.35301361552146915,0.2935604427464795,1
asymmetric_crash,81164,support_mix50,0.11342772357019132,0.3027555541612663,0.28712298668292247,0
asymmetric_crash,81164,support_band50,0.08957159180855964,0.24313836349858586,0.28457485425296203,0
asymmetric_crash,81164,filtered_historical,0.06367613750565222,0.15133905451965565,0.23832669153664204,0
asymmetric_crash,81165,historical_se_penalty,0.09351356123709809,0.28139436384117655,0.14390709348657124,1
asymmetric_crash,81165,support_mix50,0.08671590175027673,0.2629785923806066,0.16587937143845094,0
asymmetric_crash,81165,support_band50,0.08671590175027673,0.26297859238060667,0.16587937143845088,0
asymmetric_crash,81165,filtered_historical,0.07808656194817386,0.26698381510958713,0.19782240540667925,0
asymmetric_crash,81166,historical_se_penalty,0.06896743398780958,0.22440958822836746,0.16354687752127814,1
asymmetric_crash,81166,support_mix50,0.10503344208692231,0.31771172183975654,0.1660601666930571,0
asymmetric_crash,81166,support_band50,0.10503344208692231,0.3177117218397567,0.16606016669305695,0
asymmetric_crash,81166,filtered_historical,0.07236783361416335,0.2647819649588986,0.21805066543920415,0
asymmetric_crash,81167,historical_se_penalty,0.027012845582977948,0.16633645263348495,0.1405714188875713,1
asymmetric_crash,81167,support_mix50,0.038836143434857924,0.17744497053681182,0.1542726404818797,0
asymmetric_crash,81167,support_band50,0.03883614343485777,0.17744497053681174,0.15427264048187964,0
asymmetric_crash,81167,filtered_historical,0.26462085425836734,0.8478066694136542,0.20179746651504138,0
asymmetric_crash,81168,historical_se_penalty,0.26531166760919045,0.7687124471943703,0.26271365541241243,1
asymmetric_crash,81168,support_mix50,0.2322162170699773,0.6729278052435594,0.24510008295291372,1
asymmetric_crash,81168,support_band50,0.2322162170699773,0.6729278052435593,0.24510008295291408,1
asymmetric_crash,81168,filtered_historical,0.2639325437075096,0.7730636680023523,0.10342065912891288,0
asymmetric_crash,81169,historical_se_penalty,0.12040430851617577,0.31797431202540816,0.29282055621156106,1
asymmetric_crash,81169,support_mix50,0.20665225516565394,0.5541100009832901,0.3737301556553934,1
asymmetric_crash,81169,support_band50,0.19672437674483104,0.5198147435363615,0.36794706765871715,1
asymmetric_crash,81169,filtered_historical,0.09023045509914308,0.22939109485020465,0.40083889627483543,0
asymmetric_crash,81170,historical_se_penalty,0.022232961996127145,0.0702152513508518,0.0990678786996137,1
asymmetric_crash,81170,support_mix50,0.013233316883909576,0.09064865971064362,0.13120298597929467,1
asymmetric_crash,81170,support_band50,0.03458557780351762,0.10107978936829427,0.12983822030297362,1
asymmetric_crash,81170,filtered_historical,0.38277450152156073,1.0898660881102709,0.1718833329261609,0
asymmetric_crash,81171,historical_se_penalty,0.21422877469608345,0.5779051216171202,0.16517892496682557,1
asymmetric_crash,81171,support_mix50,0.22723610627657614,0.6137487035562142,0.2146566522007246,1
asymmetric_crash,81171,support_band50,0.22723610627657614,0.6137487035562141,0.2146566522007248,1
asymmetric_crash,81171,filtered_historical,0.2809643816235801,0.7523325360733745,0.09097625149394402,0
asymmetric_crash,81172,historical_se_penalty,0.09201856588693558,0.2525758350337419,0.12987127879544197,1
asymmetric_crash,81172,support_mix50,0.07797833775394092,0.22108432957787638,0.09706401573851896,0
asymmetric_crash,81172,support_band50,0.07797833775394092,0.22108432957787647,0.09706401573851918,0
asymmetric_crash,81172,filtered_historical,0.14493580010412804,0.4047588576980535,0.13871793610409838,0
asymmetric_crash,81173,historical_se_penalty,0.16505466448470454,0.48100969474196037,0.26191891429843606,1
asymmetric_crash,81173,support_mix50,0.15275779015960508,0.4394395142492162,0.3049269666277244,1
asymmetric_crash,81173,support_band50,0.14929456231740232,0.4298779524358481,0.30336194004962774,1
asymmetric_crash,81173,filtered_historical,0.25563699654330585,0.7583108678527595,0.3767861180555508,1
asymmetric_crash,81174,historical_se_penalty,0.03549453104250289,0.1511430968835184,0.13225764983840102,1
asymmetric_crash,81174,support_mix50,0.07684552382930891,0.21201200397758588,0.11125460176580697,0
asymmetric_crash,81174,support_band50,0.07684552382930891,0.21201200397758593,0.11125460176580697,0
asymmetric_crash,81174,filtered_historical,0.039023664255568434,0.1863457393051463,0.15692579180281568,0
asymmetric_crash,81175,historical_se_penalty,0.1837040427043943,0.5430563657102901,0.3595269003632886,1
asymmetric_crash,81175,support_mix50,0.20486662606476647,0.5920892749049996,0.3659491068818333,0
asymmetric_crash,81175,support_band50,0.24524086349457713,0.7034572096978494,0.34013232855216136,0
asymmetric_crash,81175,filtered_historical,0.2589736096834625,0.8112290496170995,0.2890194765345275,0
asymmetric_crash,81176,historical_se_penalty,0.08593759169430877,0.2551248082992085,0.09363441137869988,1
asymmetric_crash,81176,support_mix50,0.08793979660780048,0.26370017126487566,0.08782161335175039,0
asymmetric_crash,81176,support_band50,0.07223692894199583,0.21964211848818738,0.10068928139186116,0
asymmetric_crash,81176,filtered_historical,0.010541473555621957,0.37093447559549336,0.40574653478476735,0
asymmetric_crash,81177,historical_se_penalty,0.13691355384116843,0.39966889845789366,0.11415184284954487,1
asymmetric_crash,81177,support_mix50,0.12034252412111862,0.37170341975205334,0.13483933899707348,1
asymmetric_crash,81177,support_band50,0.23922000751653757,0.6946040554070615,0.15144877250065916,1
asymmetric_crash,81177,filtered_historical,0.02910989448651898,0.3189202991580418,0.4001780846005065,0
asymmetric_crash,81178,historical_se_penalty,0.0018491283040938885,0.09720393688285536,0.180046146507017,1
asymmetric_crash,81178,support_mix50,0.05588089376450632,0.19548209462563093,0.1612167754479066,0
asymmetric_crash,81178,support_band50,0.05588089376450632,0.19548209462563107,0.1612167754479065,0
asymmetric_crash,81178,filtered_historical,0.02971819055221964,0.2597806861674659,0.24816138777502073,0
asymmetric_crash,81179,historical_se_penalty,0.07368930262805048,0.1917824361405108,0.09578533115388319,1
asymmetric_crash,81179,support_mix50,0.09305017384872034,0.22921137752589926,0.10204665207442812,0
asymmetric_crash,81179,support_band50,0.08110895160434381,0.19599635330804818,0.09760201640446908,0
asymmetric_crash,81179,filtered_historical,0.17447042272126442,0.49068613885257845,0.11338848294550624,0
asymmetric_crash,81180,historical_se_penalty,0.08823356162256368,0.2669643822406472,0.2032174289025002,1
asymmetric_crash,81180,support_mix50,0.04402928387225095,0.20630424923492102,0.2165254352774749,0
asymmetric_crash,81180,support_band50,0.14022500752799172,0.4005996666630382,0.1591626392929719,0
asymmetric_crash,81180,filtered_historical,0.31293961838097273,0.8922734718383329,0.08750219605447579,0
asymmetric_crash,81181,historical_se_penalty,0.03040466805464558,0.2726819384331398,0.5585810515898696,1
asymmetric_crash,81181,support_mix50,0.0008298496302333687,0.27705236674926564,0.5584807661234847,0
asymmetric_crash,81181,support_band50,0.0008298496302335272,0.27705236674926564,0.5584807661234846,0
asymmetric_crash,81181,filtered_historical,0.005450426556625094,0.34138147524494594,0.5808983471617231,0
asymmetric_crash,81182,historical_se_penalty,0.05929117443265564,0.20186677268286854,0.1233831420914425,1
asymmetric_crash,81182,support_mix50,0.11124295307277765,0.32895396247496944,0.07045563981166134,0
asymmetric_crash,81182,support_band50,0.11124295307277765,0.32895396247496955,0.0704556398116613,0
asymmetric_crash,81182,filtered_historical,0.33200771979378885,0.9156186782754072,0.47194091976897623,0
asymmetric_crash,81183,historical_se_penalty,0.027484952322770338,0.18422101522254758,0.2472455624911258,1
asymmetric_crash,81183,support_mix50,0.031772158669574606,0.20214429414465546,0.310084017957583,1
asymmetric_crash,81183,support_band50,0.031772158669574446,0.2021442941446554,0.31008401795758295,1
asymmetric_crash,81183,filtered_historical,0.1623364573653118,0.5036916701721612,0.39616400117740574,0
asymmetric_crash,81184,historical_se_penalty,0.01045975807986322,0.05983711593640351,0.1375572477779727,1
asymmetric_crash,81184,support_mix50,0.04634241072665536,0.14611640387365676,0.14496092559893328,0
asymmetric_crash,81184,support_band50,0.02057488675124163,0.10118408662936976,0.1331916820206811,0
asymmetric_crash,81184,filtered_historical,0.16388049830374166,0.4804449755120724,0.17972411189435705,0
asymmetric_crash,81185,historical_se_penalty,0.1125600841460847,0.3417891693098842,0.11581578405539424,1
asymmetric_crash,81185,support_mix50,0.12491457520902229,0.38130165727627435,0.06678523128768082,1
asymmetric_crash,81185,support_band50,0.12491457520902229,0.3813016572762744,0.06678523128768078,1
asymmetric_crash,81185,filtered_historical,0.2146674162787604,0.6212638760801789,0.2352111802894911,1
asymmetric_crash,81186,historical_se_penalty,0.0636240983758747,0.1842615119853718,0.162118890031815,1
asymmetric_crash,81186,support_mix50,0.10366830599421378,0.27853463864113853,0.2012540162254382,1
asymmetric_crash,81186,support_band50,0.05830252803252702,0.15593200629721765,0.1618588210611655,1
asymmetric_crash,81186,filtered_historical,0.24648751966653784,0.6751764330165969,0.42835733927523373,0
asymmetric_crash,81187,historical_se_penalty,0.16383822558346012,0.4029467859811944,0.129200100630816,1
asymmetric_crash,81187,support_mix50,0.16708422985737553,0.42327955582832394,0.11821285445640478,0
asymmetric_crash,81187,support_band50,0.16708422985737553,0.42327955582832394,0.11821285445640467,0
asymmetric_crash,81187,filtered_historical,0.13105713504167996,0.2909717843515359,0.12388813377978032,0
asymmetric_crash,81188,historical_se_penalty,0.05656549328269228,0.14971143970290918,0.2651061316127853,1
asymmetric_crash,81188,support_mix50,0.02733853374483558,0.12631978428990714,0.31541010599505453,1
asymmetric_crash,81188,support_band50,0.02733853374483558,0.1263197842899072,0.3154101059950545,1
asymmetric_crash,81188,filtered_historical,0.03669157724953401,0.144838756219743,0.39005638057994885,0
asymmetric_crash,81189,historical_se_penalty,0.13266561104364724,0.4221983902295851,0.401494726838851,1
asymmetric_crash,81189,support_mix50,0.16306989548893217,0.4767146760218458,0.4318106213182677,1
asymmetric_crash,81189,support_band50,0.16306989548893186,0.4767146760218456,0.43181062131826753,1
asymmetric_crash,81189,filtered_historical,0.27346011992616753,0.8490892054668122,0.6820803451302709,1
asymmetric_crash,81190,historical_se_penalty,0.02983983738875269,0.08833685859763961,0.03361745754056926,1
asymmetric_crash,81190,support_mix50,0.055181453326786395,0.15826520299082641,0.08138753387904839,0
asymmetric_crash,81190,support_band50,0.055181453326786395,0.15826520299082653,0.08138753387904836,0
asymmetric_crash,81190,filtered_historical,0.12363880770492396,0.31988212352318274,0.06746621871968318,0
asymmetric_crash,81191,historical_se_penalty,0.07001847781639259,0.22399333399551663,0.09810004574377722,1
asymmetric_crash,81191,support_mix50,0.13035750216735573,0.3914153435282148,0.07124126555868428,0
asymmetric_crash,81191,support_band50,0.23591524956930288,0.680566814700883,0.20230025097466398,0
asymmetric_crash,81191,filtered_historical,0.1847310687454209,0.5726360367869301,0.5079016305975408,0
asymmetric_crash,81192,historical_se_penalty,0.04464967494142458,0.13487627415510214,0.18406722776130532,1
asymmetric_crash,81192,support_mix50,0.0424733164478888,0.15452727836912244,0.22002964842252629,0
asymmetric_crash,81192,support_band50,0.04247331644788864,0.1545272783691224,0.22002964842252618,0
asymmetric_crash,81192,filtered_historical,0.7114063818182863,2.043287644948697,0.3775395311439814,0
asymmetric_crash,81193,historical_se_penalty,0.015595106412213006,0.06457677778043282,0.14251350457803807,1
asymmetric_crash,81193,support_mix50,0.023633434989481256,0.08978788587489896,0.09274620101971355,0
asymmetric_crash,81193,support_band50,0.06825249038018538,0.18373920789514625,0.18207235328703997,1
asymmetric_crash,81193,filtered_historical,0.22269832094970715,0.6909401481397667,0.4460530582454127,0
asymmetric_crash,81194,historical_se_penalty,0.028603238520853985,0.06402881601614634,0.18469530227170705,1
asymmetric_crash,81194,support_mix50,0.0923566945947033,0.21205175548235602,0.19121439020025494,0
asymmetric_crash,81194,support_band50,0.05545592158401989,0.19719018671552432,0.1526249589660572,0
asymmetric_crash,81194,filtered_historical,0.5578959850899393,1.5672384438304487,0.4221218438427167,0
asymmetric_crash,81195,historical_se_penalty,0.01639600782041502,0.13351865940601593,0.19555548929503414,1
asymmetric_crash,81195,support_mix50,0.023123573362540898,0.16432756229071221,0.232033039643428,1
asymmetric_crash,81195,support_band50,0.023123573362540898,0.16432756229071224,0.2320330396434279,1
asymmetric_crash,81195,filtered_historical,0.18361032991713866,0.6344311734268644,0.5130973252796552,0
asymmetric_crash,81196,historical_se_penalty,0.023471835194348038,0.09078726817092814,0.1745484870047745,1
asymmetric_crash,81196,support_mix50,0.007274006857133846,0.08935151474789689,0.163786034492225,1
asymmetric_crash,81196,support_band50,0.03507857742554752,0.17137350483041816,0.20231628137497054,1
asymmetric_crash,81196,filtered_historical,0.2147714046531049,0.7170526986984023,0.17596444991682125,0
asymmetric_crash,81197,historical_se_penalty,0.017593558035654523,0.2346975079525478,0.41121652777196166,1
asymmetric_crash,81197,support_mix50,0.050056121922856515,0.2753734409158359,0.47128259338305484,1
asymmetric_crash,81197,support_band50,0.025331552672502963,0.23722152394592932,0.4377836169781901,1
asymmetric_crash,81197,filtered_historical,0.4859205012489003,1.3321479957314248,1.0631143292138232,0
asymmetric_crash,81198,historical_se_penalty,0.037055948111791234,0.15682845984242105,0.14257916778914212,1
asymmetric_crash,81198,support_mix50,0.01839675204877937,0.11828181131991032,0.10927483419143236,0
asymmetric_crash,81198,support_band50,0.01839675204877937,0.11828181131991027,0.10927483419143233,0
asymmetric_crash,81198,filtered_historical,0.04549133566595521,0.1907252640568282,0.31031208381746345,0
asymmetric_crash,81199,historical_se_penalty,0.07016824403741029,0.20781162139892212,0.18537761184155574,1
asymmetric_crash,81199,support_mix50,0.07619439002665818,0.2287671937212179,0.20334361916870014,1
asymmetric_crash,81199,support_band50,0.05371472171218265,0.2116870403624336,0.2282587008011704,1
asymmetric_crash,81199,filtered_historical,0.03761879888249965,0.35739317555437844,0.4263818859425345,0
ar1,81000,historical_se_penalty,0.14134917985658535,0.1550949935259847,0.10087872071975769,1
ar1,81000,support_mix50,0.1766321688967004,0.18749720925327815,0.11147902478835078,1
ar1,81000,support_band50,0.1766321688967002,0.18749720925327806,0.11147902478835073,1
ar1,81000,filtered_historical,0.06567450536346607,0.11928704815585496,0.15540313162763608,0
ar1,81001,historical_se_penalty,0.018339443874110486,0.03110039641876048,0.10731348021271458,1
ar1,81001,support_mix50,0.019845150136959065,0.031222749788770442,0.08527902105318687,1
ar1,81001,support_band50,0.019845150136959065,0.031222749788770456,0.08527902105318684,1
ar1,81001,filtered_historical,0.03286179641114398,0.0962209270165024,0.23012723018391615,0
ar1,81002,historical_se_penalty,0.10382749444050822,0.08280650778226793,0.09904427464713253,1
ar1,81002,support_mix50,0.07315537376491073,0.05234100868330929,0.09503112429920103,1
ar1,81002,support_band50,0.07315537376491073,0.052341008683309265,0.09503112429920099,1
ar1,81002,filtered_historical,0.0002541915077520287,0.0842035049080122,0.18486394771468204,0
ar1,81003,historical_se_penalty,0.15016715587936583,0.1476175433994006,0.048656986910876845,1
ar1,81003,support_mix50,0.17064387108057422,0.1546991533066973,0.0434315554216305,0
ar1,81003,support_band50,0.17064387108057433,0.15469915330669737,0.04343155542163052,0
ar1,81003,filtered_historical,0.06900043355054962,0.06509201243677419,0.060807836491316714,0
ar1,81004,historical_se_penalty,0.05470906173674919,0.04762984808628212,0.03912749001204136,1
ar1,81004,support_mix50,0.05844322224031635,0.054164379065997074,0.03404893115783506,0
ar1,81004,support_band50,0.05844322224031635,0.05416437906599704,0.03404893115783505,0
ar1,81004,filtered_historical,0.043398655005200994,0.07830890711963215,0.09332446739040799,0
ar1,81005,historical_se_penalty,0.05233943663325971,0.0908296459009469,0.13282272382597365,1
ar1,81005,support_mix50,0.06212048106913088,0.0961968625458061,0.13222534636161007,1
ar1,81005,support_band50,0.06212048106913088,0.0961968625458061,0.13222534636161,1
ar1,81005,filtered_historical,0.017864348123140014,0.1141908434897553,0.15214745936951857,0
ar1,81006,historical_se_penalty,0.006469908468493189,0.04207891796110348,0.045921271793870615,1
ar1,81006,support_mix50,0.014626250769373586,0.04198536581398112,0.055039783175236,1
ar1,81006,support_band50,0.014626250769373586,0.04198536581398113,0.05503978317523599,1
ar1,81006,filtered_historical,0.0831847567368762,0.09818588534330866,0.10560296907764673,0
ar1,81007,historical_se_penalty,0.02650610303284684,0.03750859261865553,0.04016621729336775,1
ar1,81007,support_mix50,0.020850282619823107,0.04204499533486056,0.04221702679958087,1
ar1,81007,support_band50,0.020850282619823107,0.04204499533486056,0.04221702679958088,1
ar1,81007,filtered_historical,0.05549892576562398,0.05695845271362051,0.05390815309327697,0
ar1,81008,historical_se_penalty,0.032685742194734545,0.04127643674334605,0.06288563951792386,1
ar1,81008,support_mix50,0.016651565088052656,0.029032753277174507,0.050513762563199296,0
ar1,81008,support_band50,0.016651565088052656,0.029032753277174483,0.05051376256319926,0
ar1,81008,filtered_historical,0.07965049939221006,0.13399606163168704,0.09095100163179305,0
ar1,81009,historical_se_penalty,0.10603912045020499,0.10066730933601994,0.09851109551127443,1
ar1,81009,support_mix50,0.06346172122464451,0.06997742163701247,0.09253511522654555,1
ar1,81009,support_band50,0.06346172122464451,0.06997742163701241,0.09253511522654549,1
ar1,81009,filtered_historical,0.013872224486651201,0.04911848501311436,0.05450336634145816,0
ar1,81010,historical_se_penalty,0.05377529942776908,0.058796583680313076,0.054091098272975376,1
ar1,81010,support_mix50,0.06483070132885269,0.057083263075320835,0.039116672026745014,0
ar1,81010,support_band50,0.06483070132885269,0.05708326307532086,0.039116672026745014,0
ar1,81010,filtered_historical,0.04243562299161833,0.06975034167791667,0.07187783508228941,0
ar1,81011,historical_se_penalty,0.08647995580199742,0.0966343026705659,0.0299371927736605,1
ar1,81011,support_mix50,0.07001084600717236,0.07334737370182022,0.025092744109368677,0
ar1,81011,support_band50,0.07001084600717256,0.07334737370182025,0.025092744109368667,0
ar1,81011,filtered_historical,0.10596008716506115,0.14936341410997644,0.10979632092470896,0
ar1,81012,historical_se_penalty,0.002927948651430075,0.0485052254606644,0.0481244313781305,1
ar1,81012,support_mix50,0.00235249711597351,0.040105353093715504,0.060544211126657865,0
ar1,81012,support_band50,0.00235249711597351,0.0401053530937155,0.06054421112665789,0
ar1,81012,filtered_historical,0.0019615211054333764,0.03738756864149401,0.03739297413369541,0
ar1,81013,historical_se_penalty,0.061301529647483914,0.08745509975997318,0.10106375892941216,1
ar1,81013,support_mix50,0.08103431034261928,0.10070473822821059,0.10840349518613615,0
ar1,81013,support_band50,0.08103431034261928,0.1007047382282106,0.10840349518613612,0
ar1,81013,filtered_historical,0.02105606887591279,0.09808802382410974,0.10896130189584002,0
ar1,81014,historical_se_penalty,0.029477916707569364,0.07248724885189294,0.17655573332634494,1
ar1,81014,support_mix50,0.0400305058373797,0.06613592275433718,0.174587912576466,1
ar1,81014,support_band50,0.0400305058373797,0.0661359227543372,0.17458791257646597,1
ar1,81014,filtered_historical,0.14490377644536614,0.18535118011636456,0.08655558422071917,0
ar1,81015,historical_se_penalty,0.053176633829602735,0.06301951095372817,0.036639742626648146,1
ar1,81015,support_mix50,0.07488463488660986,0.08788821603412199,0.04447163541290665,0
ar1,81015,support_band50,0.07488463488660986,0.08788821603412203,0.044471635412906614,0
ar1,81015,filtered_historical,0.10390463469200059,0.13013420544630633,0.11190346079318572,0
ar1,81016,historical_se_penalty,0.0071593072392045504,0.037613497629782174,0.058507168036731956,1
ar1,81016,support_mix50,0.03528419410186848,0.04695507920217113,0.0562411911952801,1
ar1,81016,support_band50,0.03528419410186848,0.04695507920217112,0.05624119119528007,1
ar1,81016,filtered_historical,0.011892973331869975,0.04593834747618707,0.057741160843545435,0
ar1,81017,historical_se_penalty,0.09890754594762301,0.09199369779846556,0.10588223119309817,1
ar1,81017,support_mix50,0.09563933316694172,0.08863228989998809,0.10094013854803302,1
ar1,81017,support_band50,0.09563933316694172,0.08863228989998809,0.100940138548033,1
ar1,81017,filtered_historical,0.27141764875221813,0.307402760072139,0.2855861663439825,0
ar1,81018,historical_se_penalty,0.120662588776802,0.11302903824856705,0.04285957257142815,1
ar1,81018,support_mix50,0.11752840843870822,0.10776115123197326,0.06280361407811262,1
ar1,81018,support_band50,0.11752840843870822,0.10776115123197319,0.06280361407811257,1
ar1,81018,filtered_historical,0.024576052357544016,0.06943125559861794,0.07916329223446773,0
ar1,81019,historical_se_penalty,0.09366928155324974,0.09857264008742858,0.11181250335083626,1
ar1,81019,support_mix50,0.09838422008650233,0.10886872518247592,0.08555146033021666,1
ar1,81019,support_band50,0.09838422008650233,0.10886872518247588,0.08555146033021663,1
ar1,81019,filtered_historical,0.012287657603763508,0.09567556280804829,0.10557488635176615,0
ar1,81020,historical_se_penalty,0.026163440703576138,0.045118059035680044,0.043225064250058204,1
ar1,81020,support_mix50,0.03047571334811651,0.04753483918031963,0.04358345470997641,1
ar1,81020,support_band50,0.03047571334811651,0.047534839180319644,0.04358345470997642,1
ar1,81020,filtered_historical,0.02085628295632885,0.08324670865226381,0.0774130215286182,0
ar1,81021,historical_se_penalty,0.0592931238955019,0.07227494091982453,0.05055477428645606,1
ar1,81021,support_mix50,0.06511675075733342,0.07903631535490518,0.03374914517606124,1
ar1,81021,support_band50,0.06511675075733342,0.07903631535490523,0.033749145176061215,1
ar1,81021,filtered_historical,0.1316962899457585,0.13863323677368886,0.09048128300114568,0
ar1,81022,historical_se_penalty,0.04483891871523093,0.056787064561226924,0.029665268672162855,1
ar1,81022,support_mix50,0.04841655472742661,0.05978251285250075,0.031874956867646874,1
ar1,81022,support_band50,0.04841655472742661,0.05978251285250077,0.031874956867646846,1
ar1,81022,filtered_historical,0.015750530003905645,0.0995270565090347,0.14009981660685156,1
ar1,81023,historical_se_penalty,0.06525982720132727,0.08441554017066874,0.07180594168964269,1
ar1,81023,support_mix50,0.0699826316742152,0.08413233396130244,0.06869145152275827,1
ar1,81023,support_band50,0.0699826316742152,0.08413233396130246,0.06869145152275825,1
ar1,81023,filtered_historical,0.04083046950179754,0.08435888482325794,0.0761290910210713,1
ar1,81024,historical_se_penalty,0.1313505441335486,0.14000918299568776,0.03926704515678556,1
ar1,81024,support_mix50,0.1169036025155913,0.11828946852961941,0.035104523559225304,1
ar1,81024,support_band50,0.1169036025155913,0.11828946852961943,0.03510452355922528,1
ar1,81024,filtered_historical,0.11752439118625134,0.13577789352418967,0.09888994601871075,0
ar1,81025,historical_se_penalty,0.10562611888064462,0.09179836766534383,0.06598515831554205,1
ar1,81025,support_mix50,0.09843308087314208,0.08922822992245208,0.05141253814257294,0
ar1,81025,support_band50,0.09843308087314188,0.08922822992245202,0.05141253814257299,0
ar1,81025,filtered_historical,0.12647611126859465,0.15135562124514335,0.18400819719230163,0
ar1,81026,historical_se_penalty,0.053021627681489526,0.05001770554474088,0.027083302592336468,1
ar1,81026,support_mix50,0.041198542923135184,0.04655950406514674,0.03284877490908453,0
ar1,81026,support_band50,0.04119854292313498,0.04655950406514671,0.03284877490908455,0
ar1,81026,filtered_historical,0.2058842879254828,0.2575068679789699,0.08115253855075899,0
ar1,81027,historical_se_penalty,0.09782553121489394,0.07532332366108052,0.20105993121994853,1
ar1,81027,support_mix50,0.08206301997467146,0.07091664501288128,0.20266946995817817,1
ar1,81027,support_band50,0.08206301997467146,0.07091664501288122,0.20266946995817808,1
ar1,81027,filtered_historical,0.12611840217056236,0.11209085386915192,0.0814102140386798,0
ar1,81028,historical_se_penalty,0.030538023019043656,0.03993856034770671,0.04454518642582996,1
ar1,81028,support_mix50,0.02896867090210874,0.04001004656544967,0.04131852383736094,1
ar1,81028,support_band50,0.02896867090210874,0.04001004656544964,0.04131852383736092,1
ar1,81028,filtered_historical,0.14332491263666566,0.17319361223440174,0.10989259148777446,0
ar1,81029,historical_se_penalty,0.05824753704134813,0.0609319169998078,0.07137627391035356,1
ar1,81029,support_mix50,0.029272220422274415,0.055043009658717196,0.06130067064575302,0
ar1,81029,support_band50,0.029272220422274415,0.05504300965871718,0.0613006706457531,0
ar1,81029,filtered_historical,0.111101406917527,0.13714631214063594,0.13174099194646668,0
ar1,81030,historical_se_penalty,0.13542835554067004,0.12278344226270091,0.0647737439406349,1
ar1,81030,support_mix50,0.13606424761359365,0.1269454995889016,0.06737696936187224,1
ar1,81030,support_band50,0.13606424761359365,0.1269454995889016,0.06737696936187222,1
ar1,81030,filtered_historical,0.24657393263810043,0.24527679029755736,0.04499674047494839,0
ar1,81031,historical_se_penalty,0.04959685808397594,0.08616172887534862,0.10281312374777687,1
ar1,81031,support_mix50,0.025893597148984582,0.07411778220169328,0.09626717894853648,1
ar1,81031,support_band50,0.025893597148984582,0.07411778220169328,0.09626717894853645,1
ar1,81031,filtered_historical,0.07136567639219848,0.07749911113768515,0.04973365234831295,0
ar1,81032,historical_se_penalty,0.10926663913994494,0.10957655202541293,0.06975898196056382,1
ar1,81032,support_mix50,0.09673641316256532,0.09366693642861837,0.0546068745216645,0
ar1,81032,support_band50,0.09673641316256532,0.09366693642861837,0.05460687452166448,0
ar1,81032,filtered_historical,0.21897055893702833,0.2521437876682877,0.061010379543571705,0
ar1,81033,historical_se_penalty,0.035353580369566415,0.055087771066146526,0.09843004237447321,1
ar1,81033,support_mix50,0.0245637194925123,0.05347943717468362,0.1006688473441711,0
ar1,81033,support_band50,0.0245637194925123,0.05347943717468363,0.10066884734417107,0
ar1,81033,filtered_historical,0.18307495774239127,0.1904727173796559,0.15065690712070887,1
ar1,81034,historical_se_penalty,0.14401240147431763,0.14881953568174738,0.08690119717576053,1
ar1,81034,support_mix50,0.14319527727441905,0.15213899547194595,0.09002760423389093,1
ar1,81034,support_band50,0.14319527727441905,0.15213899547194595,0.09002760423389093,1
ar1,81034,filtered_historical,0.0647147972083084,0.11030369720922974,0.13349148217905063,0
ar1,81035,historical_se_penalty,0.10354856743856906,0.09025731526592051,0.05534284760158106,1
ar1,81035,support_mix50,0.11365575897052677,0.10052965885996382,0.05679303541561362,0
ar1,81035,support_band50,0.11365575897052677,0.10052965885996379,0.0567930354156136,0
ar1,81035,filtered_historical,0.01763111975770033,0.058378412438281756,0.05165983249861682,0
ar1,81036,historical_se_penalty,0.04427223875356279,0.07405478752530588,0.04456531811442416,1
ar1,81036,support_mix50,0.052893057235359545,0.07161436141416548,0.038536586967716065,0
ar1,81036,support_band50,0.052893057235359545,0.07161436141416551,0.03853658696771607,0
ar1,81036,filtered_historical,0.09327929022215414,0.11165995150107248,0.08111196300353835,0
ar1,81037,historical_se_penalty,0.05667595288709865,0.06332407595994281,0.08463503326954504,1
ar1,81037,support_mix50,0.029679581098231596,0.05202087094651399,0.07971450614283038,1
ar1,81037,support_band50,0.029679581098231596,0.05202087094651397,0.07971450614283035,1
ar1,81037,filtered_historical,0.006188649856311182,0.06776737224629815,0.08827077908538128,1
ar1,81038,historical_se_penalty,0.022437090789187708,0.04734972172818561,0.07865859672538059,1
ar1,81038,support_mix50,0.04617642516999317,0.06209596811429694,0.07274369677340188,0
ar1,81038,support_band50,0.04617642516999298,0.0620959681142969,0.07274369677340183,0
ar1,81038,filtered_historical,0.03741691960505355,0.1010319422064787,0.09247668881326337,0
ar1,81039,historical_se_penalty,0.11294276505454785,0.13124036238047063,0.1270339933969404,1
ar1,81039,support_mix50,0.09780005820811728,0.11593929555814592,0.15728393917414538,0
ar1,81039,support_band50,0.09780005820811728,0.11593929555814593,0.15728393917414535,0
ar1,81039,filtered_historical,0.15372534513444702,0.1830646943082563,0.16515211962296752,1
ar1,81040,historical_se_penalty,0.10188286538049145,0.10248203284159695,0.07242740203047959,1
ar1,81040,support_mix50,0.06332466347307521,0.06713133939930338,0.05611781330654503,1
ar1,81040,support_band50,0.06332466347307521,0.06713133939930335,0.05611781330654501,1
ar1,81040,filtered_historical,0.3269344775566693,0.3883557447357556,0.18151762288304324,1
ar1,81041,historical_se_penalty,0.0008898299707206119,0.03950525366116444,0.06715518724381452,1
ar1,81041,support_mix50,0.011218290333066693,0.038673847425540316,0.06557301168135506,1
ar1,81041,support_band50,0.011218290333066693,0.038673847425540316,0.06557301168135504,1
ar1,81041,filtered_historical,0.1194895876698311,0.18155406904145738,0.08887611992330206,1
ar1,81042,historical_se_penalty,0.03508371051169129,0.04323440213035442,0.06503841711302343,1
ar1,81042,support_mix50,0.02610624013612819,0.04551024178799152,0.07416792131952145,0
ar1,81042,support_band50,0.02610624013612819,0.04551024178799154,0.07416792131952162,0
ar1,81042,filtered_historical,0.10535021715757165,0.1379364589334082,0.07977252872791048,0
ar1,81043,historical_se_penalty,0.018019355747771033,0.037334373617921746,0.04495880909765202,1
ar1,81043,support_mix50,0.015326074525961799,0.04064637725905494,0.048270436929585034,1
ar1,81043,support_band50,0.015326074525961799,0.04064637725905496,0.048270436929585006,1
ar1,81043,filtered_historical,0.026878613654580694,0.10154323814771209,0.13559593085339416,0
ar1,81044,historical_se_penalty,0.007835522349189213,0.06431257026502135,0.08511612106545541,1
ar1,81044,support_mix50,0.03458775759767203,0.05633067995687423,0.06748783489295164,0
ar1,81044,support_band50,0.03458775759767203,0.05633067995687423,0.06748783489295163,0
ar1,81044,filtered_historical,0.01610966594626719,0.06663711517445699,0.061656082009376875,0
ar1,81045,historical_se_penalty,0.11651322585041725,0.12169523895457712,0.13999855894894817,1
ar1,81045,support_mix50,0.10561895131865441,0.11683452147221245,0.14035942579658575,1
ar1,81045,support_band50,0.10561895131865441,0.11683452147221245,0.14035942579658592,1
ar1,81045,filtered_historical,0.006667958465184013,0.0729736348010138,0.08492680090329896,0
ar1,81046,historical_se_penalty,0.09441752353509973,0.08926722204300767,0.054608029773637615,1
ar1,81046,support_mix50,0.10815189595941184,0.09617035236882482,0.058364894732920725,0
ar1,81046,support_band50,0.10815189595941203,0.09617035236882485,0.05836489473292072,0
ar1,81046,filtered_historical,0.06582176408239934,0.1374861744293736,0.19899883574933647,0
ar1,81047,historical_se_penalty,0.03218697677952133,0.04668716272529843,0.05532657453995792,1
ar1,81047,support_mix50,0.03686622930043238,0.046192248346511346,0.061436437206908064,1
ar1,81047,support_band50,0.03686622930043238,0.04619224834651132,0.061436437206908036,1
ar1,81047,filtered_historical,0.024508012995820595,0.05973721401373616,0.0722167600933839,0
ar1,81048,historical_se_penalty,0.02477403861205818,0.06043560976447387,0.09397054641256729,1
ar1,81048,support_mix50,0.012640399417718613,0.0558481054708257,0.07773170438038425,1
ar1,81048,support_band50,0.012640399417718613,0.05584810547082571,0.07773170438038436,1
ar1,81048,filtered_historical,0.1077319517695381,0.14950049481872252,0.08801218654553683,0
ar1,81049,historical_se_penalty,0.06075708857376032,0.06961810077233808,0.09305235617418516,1
ar1,81049,support_mix50,0.04450500218966539,0.06556034708615634,0.07753416895499982,0
ar1,81049,support_band50,0.04450500218966539,0.06556034708615628,0.07753416895499979,0
ar1,81049,filtered_historical,0.011558155323598877,0.09682538784454955,0.0988281626025577,0
ar1,81050,historical_se_penalty,0.05618271593820396,0.05446057009721317,0.04809227056535637,1
ar1,81050,support_mix50,0.04529320984838985,0.0479207593625459,0.04854702717617919,1
ar1,81050,support_band50,0.04529320984838985,0.04792075936254592,0.04854702717617928,1
ar1,81050,filtered_historical,0.08818899607854187,0.09995871643370761,0.07315036471178193,0
ar1,81051,historical_se_penalty,0.03231655509178263,0.04399494735484423,0.04606215124152093,1
ar1,81051,support_mix50,0.012719838485895725,0.04003261573120769,0.05097932202484371,0
ar1,81051,support_band50,0.01271983848589553,0.04003261573120769,0.05097932202484369,0
ar1,81051,filtered_historical,0.051821360310656234,0.07046417199771446,0.04671019531121624,0
ar1,81052,historical_se_penalty,0.09688388502097735,0.09667782724354937,0.09045054611709732,1
ar1,81052,support_mix50,0.10278517502957513,0.10743038397175245,0.08099585739592052,0
ar1,81052,support_band50,0.10278517502957532,0.10743038397175247,0.08099585739592059,0
ar1,81052,filtered_historical,0.029611105335870153,0.10713258884979082,0.18896934032193002,0
ar1,81053,historical_se_penalty,0.17545809725473466,0.17217582681599686,0.047523322820941134,1
ar1,81053,support_mix50,0.14823459662198468,0.15497940732965143,0.05290104487359189,1
ar1,81053,support_band50,0.14823459662198468,0.15497940732965146,0.05290104487359187,1
ar1,81053,filtered_historical,0.170614378980009,0.20539667951243498,0.12062198734325566,0
ar1,81054,historical_se_penalty,0.018186801457835623,0.06032362228696078,0.07447478940740786,1
ar1,81054,support_mix50,0.0232903638377528,0.059057261671891244,0.061904992255994655,0
ar1,81054,support_band50,0.0232903638377528,0.05905726167189123,0.06190499225599464,0
ar1,81054,filtered_historical,0.05990163835792712,0.09378865866881131,0.10730506255136359,0
ar1,81055,historical_se_penalty,0.11992697812946215,0.13233749167882794,0.09757403786943661,1
ar1,81055,support_mix50,0.08349904768585678,0.10666398005364401,0.10240826437610207,1
ar1,81055,support_band50,0.08349904768585659,0.10666398005364396,0.10240826437610202,1
ar1,81055,filtered_historical,0.19686826942391444,0.21688393474786316,0.14936920695894476,1
ar1,81056,historical_se_penalty,0.04177445881976268,0.046954782605445944,0.08509952053430546,1
ar1,81056,support_mix50,0.021041383515058878,0.036130865102205804,0.05415308113231356,0
ar1,81056,support_band50,0.021041383515058878,0.036130865102205804,0.0541530811323137,0
ar1,81056,filtered_historical,0.02600506739802834,0.07049919934723035,0.11321332953798112,1
ar1,81057,historical_se_penalty,0.020735592913469197,0.03816271660628372,0.05702738668436396,1
ar1,81057,support_mix50,0.024608141825337212,0.03226167821982178,0.07552577935376427,1
ar1,81057,support_band50,0.024608141825337212,0.03226167821982179,0.07552577935376434,1
ar1,81057,filtered_historical,0.10661710969529709,0.1725257670415824,0.100108000462575,0
ar1,81058,historical_se_penalty,0.04982818116440218,0.06348034180248102,0.08384372336810395,1
ar1,81058,support_mix50,0.027734173545810613,0.04981487471279162,0.07087518082829093,1
ar1,81058,support_band50,0.027734173545810613,0.04981487471279164,0.0708751808282909,1
ar1,81058,filtered_historical,0.15009458953176286,0.16756910334168623,0.08498218094873626,0
ar1,81059,historical_se_penalty,0.03106037603861891,0.061654125679819254,0.09576523535462823,1
ar1,81059,support_mix50,0.04950352109246247,0.06340165750686763,0.09260187290478787,1
ar1,81059,support_band50,0.04950352109246247,0.0634016575068676,0.09260187290478782,1
ar1,81059,filtered_historical,0.09979873700361803,0.12743892006153767,0.11068596183699461,0
ar1,81060,historical_se_penalty,0.1766842190521109,0.196599652501465,0.08061972249943195,1
ar1,81060,support_mix50,0.192147037906686,0.2157315310460756,0.05802998537062335,1
ar1,81060,support_band50,0.192147037906686,0.2157315310460756,0.05802998537062334,1
ar1,81060,filtered_historical,0.15850964895824474,0.1750819340267701,0.17380345821749832,0
ar1,81061,historical_se_penalty,0.011995277392510469,0.056506540653070536,0.10947062735555327,1
ar1,81061,support_mix50,0.02691202220610283,0.06131048834107218,0.12185570734615576,1
ar1,81061,support_band50,0.026912022206102632,0.06131048834107217,0.12185570734615574,1
ar1,81061,filtered_historical,0.09260590394167385,0.1411039276642509,0.1818028522684543,1
ar1,81062,historical_se_penalty,0.028512292033920927,0.05065575515541285,0.11476635416438936,1
ar1,81062,support_mix50,0.07791523564025815,0.08389828337845295,0.12233432918790076,1
ar1,81062,support_band50,0.07496025910290927,0.08128613655587758,0.12153135150480368,1
ar1,81062,filtered_historical,0.03148847547715565,0.08776297076540857,0.08593031516529397,0
ar1,81063,historical_se_penalty,0.06788981953651209,0.0668419866456865,0.030280074121056638,1
ar1,81063,support_mix50,0.06427142138641811,0.0616236071189428,0.033271373800826266,0
ar1,81063,support_band50,0.06427142138641811,0.06162360711894275,0.03327137380082635,0
ar1,81063,filtered_historical,0.07301784937824866,0.09064830077813982,0.050693174463441584,0
ar1,81064,historical_se_penalty,0.020957993640263416,0.060504398034635136,0.06521384855785084,1
ar1,81064,support_mix50,0.017798665634220907,0.06387478143839966,0.07204826781185826,1
ar1,81064,support_band50,0.01779866563422071,0.06387478143839966,0.07204826781185823,1
ar1,81064,filtered_historical,0.17420498307318666,0.21445510346527505,0.15862649972145432,0
ar1,81065,historical_se_penalty,0.0009478138113561623,0.030344907493019872,0.06811258410333566,1
ar1,81065,support_mix50,0.007001849737774306,0.03940538203132201,0.056119215936003226,0
ar1,81065,support_band50,0.007001849737774306,0.03940538203132202,0.05611921593600334,0
ar1,81065,filtered_historical,0.058556881744909674,0.10100054315888327,0.11742034740677101,0
ar1,81066,historical_se_penalty,0.10144242611964317,0.09430587588658365,0.08501959919332427,1
ar1,81066,support_mix50,0.07100501992733813,0.06501025545998566,0.050122032864559685,0
ar1,81066,support_band50,0.07100501992733813,0.06501025545998566,0.05012203286455979,0
ar1,81066,filtered_historical,0.10122843260995863,0.10491208904471923,0.12991331330819209,0
ar1,81067,historical_se_penalty,0.08790886798720247,0.10155925024163781,0.05996873855972553,1
ar1,81067,support_mix50,0.09533486430621149,0.10741338650980563,0.062291810551185385,1
ar1,81067,support_band50,0.09533486430621149,0.10741338650980567,0.062291810551185385,1
ar1,81067,filtered_historical,0.039590315373539464,0.08457207084495946,0.0714607583014592,0
ar1,81068,historical_se_penalty,0.033184487979383434,0.041674282888263255,0.052425355441338015,1
ar1,81068,support_mix50,0.0429998024825641,0.05310312746205047,0.0469535961273611,1
ar1,81068,support_band50,0.04299980248256391,0.05310312746205043,0.046953596127361066,1
ar1,81068,filtered_historical,0.1668662008128724,0.21442877194668106,0.11875068270817708,0
ar1,81069,historical_se_penalty,0.12842943548391939,0.1184114069190256,0.06134814596989221,1
ar1,81069,support_mix50,0.11438193766862814,0.1171984484692104,0.04587779782511428,0
ar1,81069,support_band50,0.11438193766862814,0.1171984484692104,0.04587779782511427,0
ar1,81069,filtered_historical,0.2820148624762263,0.29769290072371424,0.14856645343098887,0
ar1,81070,historical_se_penalty,0.12220068642099793,0.09897129619789317,0.05283370856499471,1
ar1,81070,support_mix50,0.10309148255442424,0.08661019060807652,0.05713811701328561,0
ar1,81070,support_band50,0.10309148255442424,0.0866101906080765,0.05713811701328572,0
ar1,81070,filtered_historical,0.1091863297179217,0.16534251736878122,0.05190868952049453,0
ar1,81071,historical_se_penalty,0.04969377917084334,0.06673536453339922,0.09668298587555382,1
ar1,81071,support_mix50,0.0494207133487374,0.06456973629686115,0.07990395100902413,0
ar1,81071,support_band50,0.0494207133487374,0.06456973629686116,0.07990395100902413,0
ar1,81071,filtered_historical,0.11897095141891462,0.14292627477531641,0.1073463846938916,0
ar1,81072,historical_se_penalty,0.011018329936345337,0.05025689501526132,0.050111552927675135,1
ar1,81072,support_mix50,0.028298846371684668,0.042046832372156374,0.04507785715416938,0
ar1,81072,support_band50,0.0028834268597040793,0.03384981625586358,0.04493541407078343,0
ar1,81072,filtered_historical,0.10524194780055583,0.12800126779119064,0.06716817643963918,0
ar1,81073,historical_se_penalty,0.06741294802716086,0.0759614674536524,0.050044408309711595,1
ar1,81073,support_mix50,0.08515766321060306,0.08069932849899028,0.036657700845270584,1
ar1,81073,support_band50,0.08515766321060306,0.08069932849899031,0.036657700845270626,1
ar1,81073,filtered_historical,0.0765372966332972,0.1257223570691708,0.1259804866626791,0
ar1,81074,historical_se_penalty,0.036139342256230396,0.06588260547944864,0.07844281792554815,1
ar1,81074,support_mix50,0.03096197009221096,0.065865632575894,0.07045454078996712,0
ar1,81074,support_band50,0.030961970092211154,0.06586563257589402,0.07045454078996709,0
ar1,81074,filtered_historical,0.05215091302166539,0.14152160469833347,0.1516551242274983,0
ar1,81075,historical_se_penalty,0.010205682818616085,0.056505921222344456,0.0823264579799036,1
ar1,81075,support_mix50,0.00019399455271066647,0.0419783993448523,0.05258342760661425,0
ar1,81075,support_band50,0.00019399455271066647,0.041978399344852285,0.05258342760661422,0
ar1,81075,filtered_historical,0.006290406218282893,0.06399239154529927,0.049169005367916574,0
ar1,81076,historical_se_penalty,0.03410999872596571,0.04756138412472763,0.05209748766916239,1
ar1,81076,support_mix50,0.04060883338871928,0.04258119952599714,0.04215299802813593,1
ar1,81076,support_band50,0.04060883338871928,0.04258119952599714,0.042152998028135935,1
ar1,81076,filtered_historical,0.09182078035760165,0.11486393339026825,0.12415701743558741,0
ar1,81077,historical_se_penalty,0.07102052485236336,0.07219730070714886,0.0606260617903029,1
ar1,81077,support_mix50,0.04322785778294631,0.05731814667230597,0.06779866640663199,0
ar1,81077,support_band50,0.04322785778294631,0.05731814667230598,0.06779866640663196,0
ar1,81077,filtered_historical,0.0060551500287509,0.11178857490256988,0.15141271083572633,0
ar1,81078,historical_se_penalty,0.012413487819949762,0.0657112661518455,0.12109606332096359,1
ar1,81078,support_mix50,0.013828755518976825,0.07100086476974297,0.12828511364912493,1
ar1,81078,support_band50,0.013828755518976825,0.07100086476974295,0.1282851136491249,1
ar1,81078,filtered_historical,0.04473699488194249,0.07752627111304237,0.11407766350422485,0
ar1,81079,historical_se_penalty,0.05875200927532603,0.06320936712907307,0.10385148897042742,1
ar1,81079,support_mix50,0.06252170451919561,0.07974496388285705,0.09576263179926553,0
ar1,81079,support_band50,0.06252170451919561,0.07974496388285707,0.0957626317992655,0
ar1,81079,filtered_historical,0.028159684266666752,0.08513173005088298,0.24405349181293018,1
ar1,81080,historical_se_penalty,0.06329832766530538,0.08173413337821596,0.04386678728743169,1
ar1,81080,support_mix50,0.035931779684406265,0.0673681032588451,0.04870285757284089,0
ar1,81080,support_band50,0.035931779684406265,0.06736810325884512,0.04870285757284089,0
ar1,81080,filtered_historical,0.038446742105734566,0.06604756737447642,0.08751619202831853,0
ar1,81081,historical_se_penalty,0.07235919099265958,0.09547438671587063,0.11908321864085904,1
ar1,81081,support_mix50,0.07126191161605819,0.08720984436259031,0.12950481695503552,1
ar1,81081,support_band50,0.07126191161605819,0.08720984436259026,0.1295048169550355,1
ar1,81081,filtered_historical,0.02749211608080725,0.13136738765305742,0.1470241605453835,0
ar1,81082,historical_se_penalty,0.012044347646767718,0.057341493859273084,0.1070840585915936,1
ar1,81082,support_mix50,0.022921089642918533,0.057029201532888166,0.10465331297919091,1
ar1,81082,support_band50,0.02292108964291834,0.057029201532888166,0.10465331297919087,1
ar1,81082,filtered_historical,0.02921668340268074,0.06981834807919104,0.07097604988424697,0
ar1,81083,historical_se_penalty,0.12192940293978236,0.12539279407257797,0.06624728457216755,1
ar1,81083,support_mix50,0.10392814190468111,0.1160808155230611,0.0529802561431983,0
ar1,81083,support_band50,0.10392814190468111,0.1160808155230611,0.05298025614319827,0
ar1,81083,filtered_historical,0.15845261935376892,0.18281195002632414,0.06918623933067047,0
ar1,81084,historical_se_penalty,0.20017965593894496,0.20318681617049492,0.030100607655690406,1
ar1,81084,support_mix50,0.19719580634072756,0.19877038668178265,0.03794492973721981,0
ar1,81084,support_band50,0.19719580634072756,0.1987703866817827,0.037944929737219794,0
ar1,81084,filtered_historical,0.10613383381798261,0.12355309342208409,0.19376456433704836,1
ar1,81085,historical_se_penalty,0.07488550404609415,0.08067529232029859,0.0520658784608687,1
ar1,81085,support_mix50,0.05667936101121956,0.07257535430308527,0.053450290139395264,1
ar1,81085,support_band50,0.05667936101121956,0.07257535430308529,0.05345029013939525,1
ar1,81085,filtered_historical,0.088805550500331,0.161707870039177,0.13381923901896287,0
ar1,81086,historical_se_penalty,0.01151839266246072,0.06309010648541312,0.13736093209674352,1
ar1,81086,support_mix50,0.03200097485312311,0.0655028391998393,0.12954969010550446,1
ar1,81086,support_band50,0.03200097485312311,0.06550283919983929,0.12954969010550443,1
ar1,81086,filtered_historical,0.02633711565103991,0.07102608688724935,0.06329996885045167,0
ar1,81087,historical_se_penalty,0.15009467016740188,0.14820619548850916,0.05326321276493096,1
ar1,81087,support_mix50,0.1542661200207645,0.16183075817765735,0.049277563527455534,0
ar1,81087,support_band50,0.1542661200207645,0.16183075817765738,0.049277563527455534,0
ar1,81087,filtered_historical,0.2065361277070847,0.23097483231579807,0.10066466838487327,0
ar1,81088,historical_se_penalty,0.06843104107499345,0.08385174328516935,0.07470340950720303,1
ar1,81088,support_mix50,0.045373029484348695,0.06962979477777273,0.05019688987758061,1
ar1,81088,support_band50,0.045373029484348695,0.0696297947777727,0.05019688987758059,1
ar1,81088,filtered_historical,0.15816334037275304,0.1818018198814015,0.09565629543775284,0
ar1,81089,historical_se_penalty,0.05596216908842299,0.05934254476838354,0.08600323404305756,1
ar1,81089,support_mix50,0.051744444634104866,0.053757627033488034,0.08315881406069293,0
ar1,81089,support_band50,0.051744444634104866,0.05375762703348805,0.0831588140606929,0
ar1,81089,filtered_historical,0.0017508293670942048,0.07682995126709094,0.07913441272972706,0
ar1,81090,historical_se_penalty,0.08486410125052592,0.09561298134890381,0.11370501605205692,1
ar1,81090,support_mix50,0.07534007975927004,0.0864104252991637,0.1256885609242053,1
ar1,81090,support_band50,0.07534007975927004,0.0864104252991637,0.1256885609242053,1
ar1,81090,filtered_historical,0.0022401421196754988,0.08301540510539787,0.18116010805933805,0
ar1,81091,historical_se_penalty,0.005569326989510759,0.04626493111309289,0.10128695949270708,1
ar1,81091,support_mix50,0.05820031712610568,0.050020900036460175,0.0630480814982688,0
ar1,81091,support_band50,0.05820031712610568,0.050020900036460134,0.06304808149826875,0
ar1,81091,filtered_historical,0.07924547197030446,0.10109017772403231,0.07782413747122337,0
ar1,81092,historical_se_penalty,0.03178062932775274,0.04984208104947068,0.06448019781054976,1
ar1,81092,support_mix50,0.07661066913597378,0.08001031745738953,0.061161007677276766,0
ar1,81092,support_band50,0.07661066913597378,0.08001031745738955,0.06116100767727674,0
ar1,81092,filtered_historical,0.10589954103749147,0.13193946838617607,0.12827790674862694,0
ar1,81093,historical_se_penalty,0.02274964185238279,0.061693217268918646,0.07460386824605689,1
ar1,81093,support_mix50,0.009677252799230998,0.06598505711387706,0.07135082524877119,1
ar1,81093,support_band50,0.009677252799230998,0.06598505711387706,0.07135082524877116,1
ar1,81093,filtered_historical,0.07404740275981288,0.07752569188549291,0.05583674750512795,0
ar1,81094,historical_se_penalty,0.04612965480330647,0.08125249920891044,0.13882590398461164,1
ar1,81094,support_mix50,0.03601742268787549,0.07820184785956995,0.13342169323036993,0
ar1,81094,support_band50,0.03601742268787549,0.07820184785956992,0.13342169323036993,0
ar1,81094,filtered_historical,0.08308860028019623,0.1406420163974109,0.24981497477580544,0
ar1,81095,historical_se_penalty,0.04822648417120349,0.05356759839789322,0.06269771620923784,1
ar1,81095,support_mix50,0.061283161025275514,0.05219853013428887,0.05692051268677185,1
ar1,81095,support_band50,0.061283161025275514,0.05219853013428889,0.05692051268677197,1
ar1,81095,filtered_historical,0.04551131095538712,0.10811150619451383,0.1051875104049029,0
ar1,81096,historical_se_penalty,0.03464585048201739,0.041104581867048254,0.029299055344697584,1
ar1,81096,support_mix50,0.009820837275083498,0.026970278093806123,0.02529257393343116,1
ar1,81096,support_band50,0.009820837275083498,0.026970278093806112,0.02529257393343116,1
ar1,81096,filtered_historical,0.011702111474671638,0.041182389072739606,0.04164672954433689,0
ar1,81097,historical_se_penalty,0.09794241449861267,0.10152549950538035,0.12497938414155128,1
ar1,81097,support_mix50,0.1099806220830798,0.10373974786214465,0.11651835263648722,1
ar1,81097,support_band50,0.1099806220830798,0.10373974786214464,0.11651835263648719,1
ar1,81097,filtered_historical,0.19922937563753762,0.2421365657443028,0.1669993406336134,1
ar1,81098,historical_se_penalty,0.12537063558131914,0.1373639568174019,0.06055424217014918,1
ar1,81098,support_mix50,0.11004351767431755,0.12588844690928222,0.06459248776683409,0
ar1,81098,support_band50,0.11004351767431755,0.12588844690928225,0.0645924877668341,0
ar1,81098,filtered_historical,0.10340877838761951,0.11147438062841902,0.08253508196297303,0
ar1,81099,historical_se_penalty,0.00939504429698141,0.06872530783415443,0.07772922668838994,1
ar1,81099,support_mix50,0.0198600480309811,0.07968024457163889,0.07745012404288305,1
ar1,81099,support_band50,0.0198600480309811,0.0796802445716389,0.0774501240428831,1
ar1,81099,filtered_historical,0.012787777819064648,0.13877587679388745,0.1350615320534741,0
ar1,81100,historical_se_penalty,0.10286500065946559,0.12529834101401102,0.02562185043109914,1
ar1,81100,support_mix50,0.10165961080887854,0.11056587475076636,0.028015863688789385,1
ar1,81100,support_band50,0.10165961080887854,0.11056587475076639,0.028015863688789378,1
ar1,81100,filtered_historical,0.06641801657703464,0.08705972251063375,0.07562540627854152,0
ar1,81101,historical_se_penalty,0.017703977649578664,0.06824839791035145,0.11721344794251184,1
ar1,81101,support_mix50,0.04164897135628923,0.0626055222684714,0.08634721380601579,1
ar1,81101,support_band50,0.04164897135628923,0.06260552226847142,0.08634721380601577,1
ar1,81101,filtered_historical,0.1078164497958611,0.1556835974115004,0.21273175005306777,1
ar1,81102,historical_se_penalty,0.04360078896287127,0.06533822425836475,0.06129809707988604,1
ar1,81102,support_mix50,0.04074954776334058,0.06487135956011399,0.06447267010050804,1
ar1,81102,support_band50,0.04074954776334058,0.06487135956011397,0.06447267010050801,1
ar1,81102,filtered_historical,0.060979479629746765,0.0833584284188925,0.06814953064956945,0
ar1,81103,historical_se_penalty,0.13607254281460598,0.13437532844047045,0.0303980773222813,1
ar1,81103,support_mix50,0.12736801258494337,0.11830281787092585,0.027948534841403208,1
ar1,81103,support_band50,0.12736801258494349,0.11830281787092588,0.027948534841403246,1
ar1,81103,filtered_historical,0.012211794801845366,0.0700211767579357,0.06253012060934464,0
ar1,81104,historical_se_penalty,0.04309383793250588,0.06717131514067562,0.10278124069688276,1
ar1,81104,support_mix50,0.04871076834034261,0.06363716195650403,0.09264091397758015,1
ar1,81104,support_band50,0.04871076834034261,0.06363716195650397,0.09264091397758008,1
ar1,81104,filtered_historical,0.011147153156587649,0.09488205821802444,0.152882118202752,0
ar1,81105,historical_se_penalty,0.017212410143103818,0.05227941296579868,0.0787932640985341,1
ar1,81105,support_mix50,0.04088577008399364,0.06104070208500788,0.09160495248332763,1
ar1,81105,support_band50,0.04088577008399364,0.06104070208500788,0.09160495248332769,1
ar1,81105,filtered_historical,0.018404364086608435,0.1047716282814579,0.10815205680481249,0
ar1,81106,historical_se_penalty,0.1322750260497163,0.12604020923224538,0.14717157825216529,1
ar1,81106,support_mix50,0.1423484999524596,0.13010216722921675,0.17190694292099842,0
ar1,81106,support_band50,0.1423484999524596,0.13010216722921675,0.17190694292099856,0
ar1,81106,filtered_historical,0.16414202545819775,0.16672405964177214,0.160543489644278,0
ar1,81107,historical_se_penalty,0.08505545528391675,0.08238974779839475,0.0551187043181671,1
ar1,81107,support_mix50,0.09278196907932688,0.09792013404774771,0.06698620875133954,1
ar1,81107,support_band50,0.09278196907932688,0.09792013404774767,0.06698620875133952,1
ar1,81107,filtered_historical,0.22977844142608392,0.24046641824638457,0.1280319133718407,0
ar1,81108,historical_se_penalty,0.11152578073514745,0.12297716406903345,0.059056067141914595,1
ar1,81108,support_mix50,0.10590326893528647,0.12441177182264009,0.06651493277213591,0
ar1,81108,support_band50,0.10590326893528647,0.12441177182264014,0.06651493277213591,0
ar1,81108,filtered_historical,0.11178864785783939,0.14693999130142638,0.06958347578271247,0
ar1,81109,historical_se_penalty,0.050613158139786535,0.05852345056899698,0.09506090895803566,1
ar1,81109,support_mix50,0.06968195250750284,0.07708808995260195,0.10574549212953512,0
ar1,81109,support_band50,0.05706360668354616,0.0669354885742512,0.10009894121389236,0
ar1,81109,filtered_historical,0.08304541230598243,0.11365254854227608,0.08468338002898819,0
ar1,81110,historical_se_penalty,0.01278695503513558,0.04049841295241347,0.04221826586794941,1
ar1,81110,support_mix50,0.02162250602814486,0.04379286139887523,0.05544739932527432,1
ar1,81110,support_band50,0.021622506028144667,0.04379286139887523,0.05544739932527442,1
ar1,81110,filtered_historical,0.07689784787094149,0.12766053713164946,0.07953503404035457,0
ar1,81111,historical_se_penalty,0.011336027416779044,0.04617237460927054,0.04875718633272933,1
ar1,81111,support_mix50,0.023257286722214193,0.05074092722403931,0.05153591606679088,1
ar1,81111,support_band50,0.023257286722214193,0.05074092722403933,0.0515359160667908,1
ar1,81111,filtered_historical,0.05129056464792612,0.10115682762576925,0.08822961505462705,0
ar1,81112,historical_se_penalty,0.015558068495863098,0.04235039080670615,0.1285425682270369,1
ar1,81112,support_mix50,0.014250716198839126,0.04474616569827024,0.11326198257258707,1
ar1,81112,support_band50,0.014250716198839126,0.04474616569827025,0.11326198257258704,1
ar1,81112,filtered_historical,0.19379198917380175,0.2266417511842508,0.2772339805823209,1
ar1,81113,historical_se_penalty,0.01901643981938408,0.058325045789170665,0.06190787381032413,1
ar1,81113,support_mix50,0.010387777608489383,0.056290459828476976,0.0725849907745566,1
ar1,81113,support_band50,0.010387777608489383,0.056290459828476976,0.07258499077455663,1
ar1,81113,filtered_historical,0.0017216732916746054,0.06763180959901108,0.06774153266031172,0
ar1,81114,historical_se_penalty,0.10783768251449871,0.09611962459930623,0.05393008038900651,1
ar1,81114,support_mix50,0.09849862344908014,0.09207171120097331,0.050905871457001206,0
ar1,81114,support_band50,0.09849862344908014,0.09207171120097327,0.0509058714570012,0
ar1,81114,filtered_historical,0.0022495974926610364,0.07370275374686884,0.07223068506788358,0
ar1,81115,historical_se_penalty,0.09347029461900654,0.10344379786190175,0.0795277987906775,1
ar1,81115,support_mix50,0.09312911636348578,0.10571674887955887,0.0378980981320729,1
ar1,81115,support_band50,0.09312911636348599,0.10571674887955891,0.037898098132072885,1
ar1,81115,filtered_historical,0.005797649881693674,0.07207922066826948,0.14076825277182708,0
ar1,81116,historical_se_penalty,0.015397393381452455,0.03425716727820873,0.08159049685794044,1
ar1,81116,support_mix50,0.0002259802813232337,0.0341869834465149,0.0950102209960622,1
ar1,81116,support_band50,0.0002259802813232337,0.03418698344651489,0.09501022099606216,1
ar1,81116,filtered_historical,0.010507003096218749,0.09263690704353784,0.08853194279661257,0
ar1,81117,historical_se_penalty,0.14285988183042894,0.13026292353509264,0.08171919313555281,1
ar1,81117,support_mix50,0.13947005844779548,0.1294729904322134,0.10738585942800323,1
ar1,81117,support_band50,0.13947005844779528,0.12947299043221333,0.1073858594280032,1
ar1,81117,filtered_historical,0.11519538452470494,0.11577540884768782,0.07275536443454128,0
ar1,81118,historical_se_penalty,0.013670897160256164,0.04901352732469093,0.15788581208872057,1
ar1,81118,support_mix50,0.030512606698664485,0.05179902457203363,0.14123204092178374,0
ar1,81118,support_band50,0.030512606698664485,0.051799024572033656,0.1412320409217837,0
ar1,81118,filtered_historical,0.006439093060754404,0.09290463628872522,0.25011887672249805,0
ar1,81119,historical_se_penalty,0.05325269954293671,0.0880852420596894,0.19219721973176243,1
ar1,81119,support_mix50,0.06110958385304093,0.08202471667691831,0.14467389818978543,0
ar1,81119,support_band50,0.06110958385304093,0.08202471667691828,0.1446738981897854,0
ar1,81119,filtered_historical,0.07104138394774438,0.11073478342594056,0.0870590306609998,0
ar1,81120,historical_se_penalty,0.16754736858978045,0.1683992963311662,0.08465441574467635,1
ar1,81120,support_mix50,0.1577055250134134,0.16502943332667064,0.07867721359382068,0
ar1,81120,support_band50,0.1577055250134134,0.16502943332667058,0.07867721359382086,0
ar1,81120,filtered_historical,0.0178687367753543,0.0954528762261324,0.14489513700410564,0
ar1,81121,historical_se_penalty,0.03224117450496152,0.05473540523768096,0.039817276172628875,1
ar1,81121,support_mix50,0.03964974000508322,0.06419501047961843,0.04604387976895361,1
ar1,81121,support_band50,0.03964974000508322,0.06419501047961837,0.04604387976895364,1
ar1,81121,filtered_historical,0.07287860972966968,0.09182653837455099,0.09492147963538557,0
ar1,81122,historical_se_penalty,0.0831122179183434,0.07847017748639278,0.07836120404552172,1
ar1,81122,support_mix50,0.0701582773924254,0.07051008395695854,0.07681364453901851,0
ar1,81122,support_band50,0.0701582773924254,0.07051008395695856,0.07681364453901848,0
ar1,81122,filtered_historical,0.05031405714340982,0.09482767749847752,0.0954179046366522,0
ar1,81123,historical_se_penalty,0.01132965913779279,0.042488452371995694,0.14214812626359855,1
ar1,81123,support_mix50,0.0113492871990421,0.05047291439813335,0.13445679674384722,0
ar1,81123,support_band50,0.011349287199042296,0.05047291439813335,0.13445679674384714,0
ar1,81123,filtered_historical,0.0543171851284794,0.09224925127128605,0.14940775486879748,0
ar1,81124,historical_se_penalty,0.09194338584474138,0.09696510559593222,0.17611230098851505,1
ar1,81124,support_mix50,0.055013483858527765,0.0779612187684774,0.18236393627448572,0
ar1,81124,support_band50,0.055013483858527765,0.07796121876847738,0.1823639362744857,0
ar1,81124,filtered_historical,0.06615646498143164,0.08929556099274077,0.07225940935723404,0
ar1,81125,historical_se_penalty,0.011551603590613147,0.02982541295830715,0.0524834581586612,1
ar1,81125,support_mix50,0.001797071475775177,0.03411988935492552,0.03299872760090731,1
ar1,81125,support_band50,0.001797071475775177,0.0341198893549255,0.03299872760090729,1
ar1,81125,filtered_historical,0.02553726500665625,0.08528645571893476,0.14097998306689022,1
ar1,81126,historical_se_penalty,0.08211599628618627,0.07035738576871955,0.0640115418458898,1
ar1,81126,support_mix50,0.05676755052072981,0.05900813363881722,0.061781260087397705,1
ar1,81126,support_band50,0.05676755052072981,0.059008133638817246,0.06178126008739768,1
ar1,81126,filtered_historical,0.0779473378341268,0.10404122410275188,0.08734011068999874,1
ar1,81127,historical_se_penalty,0.02724546404750065,0.06597683286281235,0.06911673886985906,1
ar1,81127,support_mix50,0.030867463483375067,0.06934952661110629,0.05718013658153448,1
ar1,81127,support_band50,0.030867463483375067,0.0693495266111063,0.057180136581534466,1
ar1,81127,filtered_historical,0.009853893702660469,0.049612507208612856,0.08389111450335185,0
ar1,81128,historical_se_penalty,0.043978571199351606,0.07869134575465653,0.0626061772191964,1
ar1,81128,support_mix50,0.0683989736620415,0.08423448742222091,0.06334107740319934,1
ar1,81128,support_band50,0.07316141247067358,0.08849974062003405,0.06164956412409153,1
ar1,81128,filtered_historical,0.21267869058921574,0.2393045818439929,0.06860997509095867,0
ar1,81129,historical_se_penalty,0.04837907386095062,0.06506480364976087,0.08054678786804588,1
ar1,81129,support_mix50,0.05088157086677172,0.05830173858501199,0.06085907136403577,1
ar1,81129,support_band50,0.05088157086677172,0.05830173858501199,0.06085907136403574,1
ar1,81129,filtered_historical,0.026430038716946533,0.10993102046639998,0.15827328590443943,0
ar1,81130,historical_se_penalty,0.049115388402377044,0.07232684676550208,0.05871623066627147,1
ar1,81130,support_mix50,0.06598880758055124,0.0851592846039449,0.06463454654252102,0
ar1,81130,support_band50,0.06598880758055124,0.08515928460394492,0.06463454654252102,0
ar1,81130,filtered_historical,0.09036283765348188,0.1042157775337995,0.05150942244617878,0
ar1,81131,historical_se_penalty,0.03185838289289085,0.04866529213633833,0.049393937511090176,1
ar1,81131,support_mix50,0.033387128573052316,0.04663854842107768,0.04475708459348225,0
ar1,81131,support_band50,0.033387128573052316,0.04663854842107767,0.04475708459348224,0
ar1,81131,filtered_historical,0.03725133808807938,0.03601665977503835,0.03160709877806277,0
ar1,81132,historical_se_penalty,0.08392743318401824,0.08859617531390462,0.08547905999848227,1
ar1,81132,support_mix50,0.09929262977960941,0.10695940741769792,0.06098849565458366,1
ar1,81132,support_band50,0.09929262977960922,0.10695940741769788,0.06098849565458363,1
ar1,81132,filtered_historical,0.030294954420617366,0.09173871886078341,0.09101751035976881,0
ar1,81133,historical_se_penalty,0.029732133914793926,0.048797545534007114,0.09213248437712304,1
ar1,81133,support_mix50,0.005834448938893924,0.045327481957279085,0.060780189171198415,0
ar1,81133,support_band50,0.005834448938893924,0.045327481957279085,0.0607801891711984,0
ar1,81133,filtered_historical,0.016604456621506936,0.09173638068414909,0.09178803960694891,0
ar1,81134,historical_se_penalty,0.11846564141919916,0.13817868969836156,0.07685917854838288,1
ar1,81134,support_mix50,0.11743068923406597,0.14607606325015826,0.08116542217745584,1
ar1,81134,support_band50,0.10923305324174039,0.13752690653709906,0.07710277960544748,0
ar1,81134,filtered_historical,0.05035900822352462,0.08806072188874131,0.09274276684084752,0
ar1,81135,historical_se_penalty,0.03272851094591955,0.05930367421053498,0.08961614617491478,1
ar1,81135,support_mix50,0.013579207270145102,0.05723050542082515,0.06975540515653178,0
ar1,81135,support_band50,0.013579207270145102,0.05723050542082515,0.06975540515653177,0
ar1,81135,filtered_historical,0.096653553249456,0.152082570850577,0.1203147170245757,1
ar1,81136,historical_se_penalty,0.022148213915765803,0.0544970986551559,0.05078567615713111,1
ar1,81136,support_mix50,0.047437101636159,0.06642993053804674,0.07147099480232934,1
ar1,81136,support_band50,0.047437101636159,0.0664299305380467,0.07147099480232928,1
ar1,81136,filtered_historical,0.18334296753350746,0.22563675266649919,0.16154579877851227,1
ar1,81137,historical_se_penalty,0.055672036271408445,0.06141528310939208,0.054503949868108394,1
ar1,81137,support_mix50,0.04018989038872314,0.054965718689047344,0.045094557775979024,0
ar1,81137,support_band50,0.04018989038872314,0.05496571868904731,0.045094557775979004,0
ar1,81137,filtered_historical,0.04089589509857452,0.07369607927818829,0.1235166091111139,0
ar1,81138,historical_se_penalty,0.12020400139775655,0.13345518547913632,0.051541969001760765,1
ar1,81138,support_mix50,0.12014147895657734,0.12617099109174434,0.045905962523704914,1
ar1,81138,support_band50,0.12014147895657734,0.12617099109174434,0.0459059625237049,1
ar1,81138,filtered_historical,0.09840231791530886,0.11783451305696047,0.08013313905836274,0
ar1,81139,historical_se_penalty,0.13181261072958142,0.123031594755987,0.1282895977600846,1
ar1,81139,support_mix50,0.11592623304604052,0.11280714967618756,0.1148475563875511,1
ar1,81139,support_band50,0.11592623304604052,0.11280714967618753,0.11484755638755108,1
ar1,81139,filtered_historical,0.16580945552055926,0.1825303417461703,0.08691805080535489,0
ar1,81140,historical_se_penalty,0.015907131186084774,0.04285361566101864,0.10161807538717904,1
ar1,81140,support_mix50,0.01002328826378072,0.040373555744397716,0.07982422627274252,0
ar1,81140,support_band50,0.01002328826378072,0.0403735557443977,0.0798242262727425,0
ar1,81140,filtered_historical,0.14377467667954458,0.1944358674064436,0.12773418732206493,0
ar1,81141,historical_se_penalty,0.06605134024156302,0.0955370560284066,0.07601558534088733,1
ar1,81141,support_mix50,0.11378670350821288,0.1345027233950607,0.07441759013455139,0
ar1,81141,support_band50,0.11378670350821267,0.13450272339506064,0.07441759013455133,0
ar1,81141,filtered_historical,0.05224921721616279,0.09314305312391276,0.08597774376145788,0
ar1,81142,historical_se_penalty,0.0025652283711707557,0.05574433474502757,0.08741609016777031,1
ar1,81142,support_mix50,0.0079907102188281,0.059530533398013626,0.0683816529146245,1
ar1,81142,support_band50,0.0079907102188281,0.05953053339801364,0.06838165291462449,1
ar1,81142,filtered_historical,0.095376687895447,0.1103272731761746,0.14621912774719734,1
ar1,81143,historical_se_penalty,0.025790513308978726,0.054638484696262375,0.0515468091733933,1
ar1,81143,support_mix50,0.051393751144191244,0.07005091315636075,0.05132861600719914,0
ar1,81143,support_band50,0.051393751144191244,0.07005091315636074,0.05132861600719914,0
ar1,81143,filtered_historical,0.07284511657657622,0.12100404910525105,0.11933534200394942,0
ar1,81144,historical_se_penalty,0.014790476977438785,0.05154470850798538,0.10279524411404427,1
ar1,81144,support_mix50,0.029315822544147975,0.04560878255220146,0.12185026637551065,1
ar1,81144,support_band50,0.029315822544147975,0.045608782552201466,0.12185026637551061,1
ar1,81144,filtered_historical,0.11110552021418023,0.16616560765406085,0.06289540166606092,0
ar1,81145,historical_se_penalty,0.03269491989073044,0.037763450285581375,0.04239654844769336,1
ar1,81145,support_mix50,0.0426829440658086,0.051754908252670345,0.04421013604530866,1
ar1,81145,support_band50,0.0426829440658086,0.05175490825267038,0.044210136045308684,1
ar1,81145,filtered_historical,0.11302153389564513,0.11602763475780054,0.06076064396857305,0
ar1,81146,historical_se_penalty,0.013615821098707556,0.05494847005084157,0.07657211247367063,1
ar1,81146,support_mix50,0.022834029248461177,0.05877138271456241,0.07293120876396193,0
ar1,81146,support_band50,0.02283402924846098,0.0587713827145624,0.07293120876396192,0
ar1,81146,filtered_historical,0.019042352543275198,0.08830379231029228,0.15316858077477308,1
ar1,81147,historical_se_penalty,0.027895783186993258,0.04286832969721439,0.09741634063743174,1
ar1,81147,support_mix50,0.03659548186530132,0.04413420301461749,0.08850801892751811,1
ar1,81147,support_band50,0.03659548186530132,0.044134203014617526,0.08850801892751806,1
ar1,81147,filtered_historical,0.06157444025691917,0.10009943982485084,0.06648159562858966,0
ar1,81148,historical_se_penalty,0.0939944914595824,0.12014298044142033,0.05409742034737947,1
ar1,81148,support_mix50,0.12371225095004772,0.13734533286894207,0.052714429603262926,0
ar1,81148,support_band50,0.12371225095004772,0.13734533286894207,0.05271442960326291,0
ar1,81148,filtered_historical,0.058224989051952024,0.10280769029725727,0.06869052097453796,0
ar1,81149,historical_se_penalty,0.02412128313904274,0.07091107251012918,0.13116070269666918,1
ar1,81149,support_mix50,0.034546624797592636,0.07030401792850952,0.15186079609008685,1
ar1,81149,support_band50,0.027956054645561067,0.06697744793594401,0.14771657083740902,1
ar1,81149,filtered_historical,0.07411808813022029,0.14173290000751673,0.167778360601529,0
ar1,81150,historical_se_penalty,0.021207242803805433,0.06577920840550429,0.09108855378118251,1
ar1,81150,support_mix50,0.029863159210833417,0.06737604181837252,0.08435153211411554,1
ar1,81150,support_band50,0.029863159210833417,0.0673760418183725,0.08435153211411553,1
ar1,81150,filtered_historical,0.03451847810858386,0.11362178143938849,0.11136950083152031,0
ar1,81151,historical_se_penalty,0.058417335752807435,0.07186056589877861,0.10136960494602715,1
ar1,81151,support_mix50,0.08556624017827494,0.090564585564412,0.08689278134851873,0
ar1,81151,support_band50,0.08556624017827494,0.09056458556441198,0.08689278134851887,0
ar1,81151,filtered_historical,0.11616803763757513,0.11227903911545656,0.08193650540036773,0
ar1,81152,historical_se_penalty,0.019159112062639407,0.03487379346881968,0.05340948992019439,1
ar1,81152,support_mix50,0.03650930732788608,0.038735693915204046,0.05461676720698794,1
ar1,81152,support_band50,0.03650930732788608,0.03873569391520406,0.0546167672069879,1
ar1,81152,filtered_historical,0.1904717567720267,0.24123311644537856,0.08379678373405242,0
ar1,81153,historical_se_penalty,0.08382597502233503,0.07890485581125478,0.1061468805252436,1
ar1,81153,support_mix50,0.08065101117178897,0.08184954086202989,0.08682052917835098,1
ar1,81153,support_band50,0.08065101117178897,0.08184954086202986,0.08682052917835095,1
ar1,81153,filtered_historical,0.06924965840425687,0.08329182891953031,0.09715220923129814,1
ar1,81154,historical_se_penalty,0.04032963398412908,0.05382733605905315,0.10757320948255415,1
ar1,81154,support_mix50,0.012808707568013951,0.047055947152747704,0.0819212792688436,0
ar1,81154,support_band50,0.012808707568013951,0.047055947152747704,0.08192127926884357,0
ar1,81154,filtered_historical,0.09164126334339377,0.12629207894078034,0.07711756533737833,0
ar1,81155,historical_se_penalty,0.05224326032921055,0.05355597186269605,0.030390633036333655,1
ar1,81155,support_mix50,0.02530675544837002,0.0361892820224721,0.02836680279283523,1
ar1,81155,support_band50,0.02530675544837002,0.03618928202247207,0.028366802792835214,1
ar1,81155,filtered_historical,0.05611310352646045,0.08127418941846393,0.06495931389073303,0
ar1,81156,historical_se_penalty,0.028985966995518298,0.04276416657500874,0.09152055631595506,1
ar1,81156,support_mix50,0.031726916392882575,0.03632239585364052,0.051478847567186854,1
ar1,81156,support_band50,0.03172691639288238,0.036322395853640506,0.05147884756718683,1
ar1,81156,filtered_historical,0.012554882823380704,0.06733874254187945,0.07936155330537888,0
ar1,81157,historical_se_penalty,0.013024214605745288,0.03607142730701394,0.06941182622015336,1
ar1,81157,support_mix50,0.028760155364387578,0.04412818323102077,0.04405880902452315,1
ar1,81157,support_band50,0.028760155364387578,0.04412818323102079,0.04405880902452313,1
ar1,81157,filtered_historical,0.08989121133956174,0.10778624445938682,0.08901146814692625,0
ar1,81158,historical_se_penalty,0.012893504142373141,0.03901843909071943,0.06589368073058394,1
ar1,81158,support_mix50,0.02918225321755048,0.039717067251419054,0.06179592821753543,1
ar1,81158,support_band50,0.02918225321755048,0.03971706725141905,0.0617959282175354,1
ar1,81158,filtered_historical,0.08798807566622607,0.13627481389656387,0.08827620982335264,0
ar1,81159,historical_se_penalty,0.028523525436344805,0.0545069658241661,0.09021121635249145,1
ar1,81159,support_mix50,0.062472253442043,0.06321514281228587,0.048415638893565156,0
ar1,81159,support_band50,0.062472253442043,0.06321514281228591,0.0484156388935652,0
ar1,81159,filtered_historical,0.09322503303626721,0.133522897396861,0.11907008757276472,0
ar1,81160,historical_se_penalty,0.024743570684535185,0.032728788988474505,0.03287560025334564,1
ar1,81160,support_mix50,0.006745406547411771,0.038307944002768844,0.030171721677368073,0
ar1,81160,support_band50,0.006745406547411967,0.03830794400276887,0.03017172167736807,0
ar1,81160,filtered_historical,0.013310515881856201,0.07155015587645576,0.07180392696364685,0
ar1,81161,historical_se_penalty,0.03916577003756161,0.05989088930345199,0.06955625753530548,1
ar1,81161,support_mix50,0.03230937180592656,0.0604263977812005,0.05319226807242839,0
ar1,81161,support_band50,0.03230937180592656,0.06042639778120045,0.05319226807242835,0
ar1,81161,filtered_historical,0.21106706376424217,0.24296233009880663,0.07525020603206643,1
ar1,81162,historical_se_penalty,0.09804975584433771,0.10492580480180218,0.07939726126825021,1
ar1,81162,support_mix50,0.10186626071794938,0.11136337389950551,0.08111235087793678,0
ar1,81162,support_band50,0.10186626071794917,0.1113633738995055,0.08111235087793676,0
ar1,81162,filtered_historical,0.03429710427202256,0.07502543930932384,0.0465098410141046,0
ar1,81163,historical_se_penalty,0.07842708322500305,0.0678425270175624,0.024269366916688937,1
ar1,81163,support_mix50,0.09605196571742808,0.08851262387203665,0.028822883043849376,1
ar1,81163,support_band50,0.09605196571742808,0.0885126238720366,0.02882288304384937,1
ar1,81163,filtered_historical,0.1574085330260312,0.19016419729935255,0.06124552096787376,0
ar1,81164,historical_se_penalty,0.026650360036967077,0.05997584830823687,0.06037430665988784,1
ar1,81164,support_mix50,0.004397009955459572,0.05622048566315769,0.06068835986645796,0
ar1,81164,support_band50,0.004397009955459572,0.05622048566315769,0.060688359866458014,0
ar1,81164,filtered_historical,0.15150395323694,0.2033872870634466,0.08966080813022347,0
ar1,81165,historical_se_penalty,0.00995964612211631,0.051390134434235776,0.06059955158102028,1
ar1,81165,support_mix50,0.016277686403419662,0.053116929929390946,0.05288078311498953,0
ar1,81165,support_band50,0.016277686403419662,0.05311692992939096,0.05288078311498957,0
ar1,81165,filtered_historical,0.07338151200752815,0.1234054226002545,0.1119546853514436,0
ar1,81166,historical_se_penalty,0.06977851301219362,0.06904886774908996,0.04820216399845622,1
ar1,81166,support_mix50,0.05214905703229492,0.06113159780821228,0.04943485574013278,0
ar1,81166,support_band50,0.05214905703229492,0.06113159780821225,0.04943485574013275,0
ar1,81166,filtered_historical,0.07061909422332828,0.09199999059751028,0.11080415524700431,1
ar1,81167,historical_se_penalty,0.060506477297731856,0.06512940408973843,0.07508349253406556,1
ar1,81167,support_mix50,0.07471609135820012,0.07701720731483903,0.0633846224984097,1
ar1,81167,support_band50,0.07471609135820012,0.07701720731483896,0.06338462249840986,1
ar1,81167,filtered_historical,0.03927247251143203,0.07532818225667991,0.07996241988826584,1
ar1,81168,historical_se_penalty,0.11445996924463611,0.12511791066615888,0.06296132273984367,1
ar1,81168,support_mix50,0.08092979573631849,0.09824344255017226,0.06071623805748304,0
ar1,81168,support_band50,0.08092979573631849,0.09824344255017231,0.06071623805748303,0
ar1,81168,filtered_historical,0.04142449428036849,0.07106379412460885,0.08287099905772669,0
ar1,81169,historical_se_penalty,0.02604749495467,0.05960947742847075,0.07135909066623802,1
ar1,81169,support_mix50,0.0711791344694491,0.08844395111319711,0.08280562022365028,1
ar1,81169,support_band50,0.0711791344694491,0.08844395111319707,0.08280562022365023,1
ar1,81169,filtered_historical,0.04435992810790347,0.11306892455701809,0.1290472660045418,0
ar1,81170,historical_se_penalty,0.03823540535967408,0.040590793201991784,0.09507865247973481,1
ar1,81170,support_mix50,0.01999045122305093,0.04556518292284129,0.09395595070467501,1
ar1,81170,support_band50,0.01999045122305093,0.0455651829228413,0.09395595070467497,1
ar1,81170,filtered_historical,0.098029281601983,0.13300417398049097,0.03986338058263333,0
ar1,81171,historical_se_penalty,0.08875534877530707,0.11667701586715772,0.06281857786431662,1
ar1,81171,support_mix50,0.10417896425681963,0.11808269147633556,0.056064947739921364,1
ar1,81171,support_band50,0.10417896425681963,0.11808269147633559,0.056064947739921364,1
ar1,81171,filtered_historical,0.1492690635808223,0.16512511012198502,0.07739687689957732,0
ar1,81172,historical_se_penalty,0.04647956894531462,0.046884447131998214,0.07415881986498554,1
ar1,81172,support_mix50,0.04684727540854174,0.051642421449008075,0.06658069148368148,1
ar1,81172,support_band50,0.04684727540854174,0.05164242144900808,0.06658069148368148,1
ar1,81172,filtered_historical,0.029002664562413488,0.078965554311997,0.09840883864725661,0
ar1,81173,historical_se_penalty,0.028383804047081778,0.05852431560095558,0.04328558173777833,1
ar1,81173,support_mix50,0.009954264434835313,0.0396451745657531,0.0363943857800485,1
ar1,81173,support_band50,0.009954264434835313,0.039645174565753116,0.036394385780048506,1
ar1,81173,filtered_historical,0.0149499560321891,0.09253553991711311,0.09327016193911926,0
ar1,81174,historical_se_penalty,9.836781254898205e-05,0.04141316841960358,0.06564424096325157,1
ar1,81174,support_mix50,0.0020213163870290525,0.03282738501289978,0.04234218038746572,0
ar1,81174,support_band50,0.0020213163870288564,0.03282738501289978,0.042342180387465705,0
ar1,81174,filtered_historical,0.036967347978119666,0.07489721380748138,0.06722813289356559,0
ar1,81175,historical_se_penalty,0.01233228314797257,0.04212353364876889,0.056217823166459985,1
ar1,81175,support_mix50,0.010757616146312049,0.04112061383083052,0.054798807340061054,0
ar1,81175,support_band50,0.010757616146312049,0.04112061383083054,0.054798807340061116,0
ar1,81175,filtered_historical,0.013108729625571454,0.08796339123934005,0.16439445261090732,0
ar1,81176,historical_se_penalty,0.04695555115731389,0.07485836049103711,0.07118562595644375,1
ar1,81176,support_mix50,0.045073222461793655,0.07520733870725475,0.06037425337420272,0
ar1,81176,support_band50,0.045073222461793655,0.07520733870725475,0.06037425337420272,0
ar1,81176,filtered_historical,0.1031012676694051,0.12203930790201127,0.07036358141409628,0
ar1,81177,historical_se_penalty,0.047471420340692905,0.07799076302940863,0.07261224670523628,1
ar1,81177,support_mix50,0.04644447537639265,0.0733536999980354,0.06375393317133315,0
ar1,81177,support_band50,0.04644447537639265,0.07335369999803541,0.06375393317133315,0
ar1,81177,filtered_historical,0.07567800701506373,0.11019215031305035,0.08889010470956017,0
ar1,81178,historical_se_penalty,0.07485691624285853,0.06712040056048836,0.05992250326614407,1
ar1,81178,support_mix50,0.0697361639904038,0.07513169256496859,0.04664326064333008,1
ar1,81178,support_band50,0.0697361639904038,0.07513169256496861,0.04664326064333013,1
ar1,81178,filtered_historical,0.0161488412644993,0.06404329267958102,0.06219671764543931,0
ar1,81179,historical_se_penalty,0.0451889097154821,0.06092689442414192,0.058783361148115214,1
ar1,81179,support_mix50,0.0700987250714446,0.07353044610082554,0.06029544327189448,1
ar1,81179,support_band50,0.0700987250714446,0.07353044610082551,0.06029544327189444,1
ar1,81179,filtered_historical,0.07149205464413419,0.11693737542629941,0.08194672298960749,0
ar1,81180,historical_se_penalty,0.045650547645083646,0.04983961831302315,0.031297099457834196,1
ar1,81180,support_mix50,0.04680272966918355,0.05729536002215944,0.02386140649665766,0
ar1,81180,support_band50,0.04680272966918355,0.05729536002215942,0.023861406496657665,0
ar1,81180,filtered_historical,0.164171053410654,0.20224519332451127,0.09683708477027035,0
ar1,81181,historical_se_penalty,0.012986678269460495,0.05352401248920806,0.08194590102346862,1
ar1,81181,support_mix50,0.0202217027304908,0.05231193146118197,0.06859239502740579,0
ar1,81181,support_band50,0.0202217027304908,0.052311931461181974,0.06859239502740577,0
ar1,81181,filtered_historical,0.022085393225692362,0.05184581758088891,0.10184221458689548,0
ar1,81182,historical_se_penalty,0.0846732913670797,0.08848351496467378,0.06893729424376147,1
ar1,81182,support_mix50,0.07223575177028731,0.08671736326555785,0.09698673115857441,1
ar1,81182,support_band50,0.07223575177028731,0.08671736326555787,0.09698673115857435,1
ar1,81182,filtered_historical,0.04256869530041874,0.05979927107139663,0.06757078344954785,1
ar1,81183,historical_se_penalty,0.01492934527944773,0.022640208178902763,0.023337630777662117,1
ar1,81183,support_mix50,0.010066143324071852,0.022810283509716974,0.029542309916526434,1
ar1,81183,support_band50,0.010066143324071852,0.022810283509716967,0.02954230991652642,1
ar1,81183,filtered_historical,0.011336800459957788,0.059209505560697574,0.06427977527628484,0
ar1,81184,historical_se_penalty,0.11167604589382217,0.12493858915433424,0.09619849159697946,1
ar1,81184,support_mix50,0.12542500484015728,0.12664109559345127,0.09411805855961206,1
ar1,81184,support_band50,0.12542500484015728,0.1266410955934513,0.09411805855961211,1
ar1,81184,filtered_historical,0.1985058648744319,0.23754564515580726,0.08256105832881892,0
ar1,81185,historical_se_penalty,0.07661432690517468,0.09941468649936881,0.024042270833434024,1
ar1,81185,support_mix50,0.07521000545942962,0.09723303464222736,0.02059422970188518,0
ar1,81185,support_band50,0.07521000545942962,0.09723303464222739,0.02059422970188519,0
ar1,81185,filtered_historical,0.0836367903349996,0.11950143873129872,0.08434469264300827,0
ar1,81186,historical_se_penalty,0.00027581044400323075,0.05216999868955675,0.0882956593594701,1
ar1,81186,support_mix50,0.0035531990293869386,0.05305169666613292,0.06798587978591462,1
ar1,81186,support_band50,0.0035531990293869386,0.05305169666613292,0.06798587978591461,1
ar1,81186,filtered_historical,0.030203959363735815,0.11206357862484571,0.1409519331478122,0
ar1,81187,historical_se_penalty,0.11452030583282471,0.12788672543582963,0.09311527148608537,1
ar1,81187,support_mix50,0.11322388847565855,0.12280110732369365,0.06819292418453203,0
ar1,81187,support_band50,0.11322388847565874,0.1228011073236937,0.06819292418453199,0
ar1,81187,filtered_historical,0.08470754549068249,0.08022491922888192,0.1041160343864463,0
ar1,81188,historical_se_penalty,0.05234954139467295,0.06686279378670423,0.04872188867095904,1
ar1,81188,support_mix50,0.0641232223791901,0.07582150016386262,0.045297568611982385,0
ar1,81188,support_band50,0.0641232223791901,0.07582150016386266,0.04529756861198243,0
ar1,81188,filtered_historical,0.1254005151545899,0.13684613730811637,0.09966356665610716,0
ar1,81189,historical_se_penalty,0.004175624922099964,0.04510364466779804,0.057139656059689736,1
ar1,81189,support_mix50,0.016110673692205733,0.034631498844353154,0.04265971566565995,1
ar1,81189,support_band50,0.016110673692205733,0.03463149884435316,0.04265971566565994,1
ar1,81189,filtered_historical,0.07047568975388722,0.1168375249011442,0.1014962727444134,0
ar1,81190,historical_se_penalty,0.010412998454692086,0.03194087988622915,0.03897529414700781,1
ar1,81190,support_mix50,0.018407302452559813,0.034828855079049176,0.04645319108555577,0
ar1,81190,support_band50,0.018407302452559813,0.03482885507904916,0.04645319108555575,0
ar1,81190,filtered_historical,0.016823121868721848,0.06035631132222346,0.06305615644709117,0
ar1,81191,historical_se_penalty,0.0892801108296347,0.07328519303655615,0.0693960648251482,1
ar1,81191,support_mix50,0.03812097612821751,0.04484392359280996,0.053470544903205956,1
ar1,81191,support_band50,0.03812097612821751,0.044843923592809934,0.05347054490320593,1
ar1,81191,filtered_historical,0.05023519345044122,0.08643661339384749,0.15433683387637312,0
ar1,81192,historical_se_penalty,0.18968000075794586,0.21227374883727085,0.05496537234217763,1
ar1,81192,support_mix50,0.20343064797879326,0.20954930448813044,0.055509980103658756,1
ar1,81192,support_band50,0.20343064797879337,0.20954930448813047,0.05550998010365873,1
ar1,81192,filtered_historical,0.12713395522762436,0.13392465743705087,0.09158552683354935,0
ar1,81193,historical_se_penalty,0.018823816360335754,0.040979539448090206,0.07717539683565974,1
ar1,81193,support_mix50,0.050832139411802466,0.05412624672340902,0.07354215083765916,1
ar1,81193,support_band50,0.050832139411802466,0.054126246723408995,0.07354215083765932,1
ar1,81193,filtered_historical,0.10816246277305674,0.1393585649754848,0.10649637557393091,0
ar1,81194,historical_se_penalty,0.0077252407217890265,0.06512906686229115,0.08680630511157486,1
ar1,81194,support_mix50,0.01292077208068566,0.06281049255414005,0.08979404335945958,0
ar1,81194,support_band50,0.01292077208068566,0.06281049255414003,0.08979404335945952,0
ar1,81194,filtered_historical,0.04046462691492783,0.10762080692199447,0.10982349338742049,0
ar1,81195,historical_se_penalty,0.03055917503422726,0.05944502580911161,0.09878379952617847,1
ar1,81195,support_mix50,0.05277357491606135,0.06806006995291267,0.059988849415255924,0
ar1,81195,support_band50,0.05277357491606135,0.0680600699529127,0.059988849415255875,0
ar1,81195,filtered_historical,0.07275279220785787,0.10580238278995788,0.06165145032092082,0
ar1,81196,historical_se_penalty,0.04708106096312701,0.04824034797169444,0.11410256428935513,1
ar1,81196,support_mix50,0.07252239193523768,0.07701725736235487,0.11527266224060632,0
ar1,81196,support_band50,0.07252239193523768,0.07701725736235483,0.11527266224060627,0
ar1,81196,filtered_historical,0.036638761328046006,0.06894560075326284,0.0822330509848985,0
ar1,81197,historical_se_penalty,0.009039839606979547,0.03680771989748995,0.07850893815711828,1
ar1,81197,support_mix50,0.006025418297397759,0.04092332194826564,0.07817687393158403,0
ar1,81197,support_band50,0.006025418297397759,0.04092332194826564,0.07817687393158403,0
ar1,81197,filtered_historical,0.06538297899184549,0.0843812784831382,0.12971739334517735,1
ar1,81198,historical_se_penalty,0.01859069844876361,0.06996577861787485,0.080486597583731,1
ar1,81198,support_mix50,0.007782278559857523,0.05829729609064201,0.07569077777622922,0
ar1,81198,support_band50,0.007782278559857719,0.05829729609064203,0.07569077777622919,0
ar1,81198,filtered_historical,0.014758152742126024,0.0791786247795585,0.11695709918376267,1
ar1,81199,historical_se_penalty,0.014193173204542874,0.03957938036454639,0.08298233598215993,1
ar1,81199,support_mix50,0.023170201426946944,0.04064652546416621,0.08565333484056754,1
ar1,81199,support_band50,0.023170201426946944,0.04064652546416622,0.08565333484056752,1
ar1,81199,filtered_historical,0.0339572349636671,0.0785707281586209,0.07121346748970685,0
markov_volatility,81000,historical_se_penalty,0.22016582158043782,0.42796995342413685,0.04749064997749446,1
markov_volatility,81000,support_mix50,0.18627778640726425,0.3570003284660437,0.04818869128148897,0
markov_volatility,81000,support_band50,0.30920358429204814,0.5890930901193989,0.051792095512283066,0
markov_volatility,81000,filtered_historical,0.30012568369469467,0.5865902368108512,0.0980016614000606,0
markov_volatility,81001,historical_se_penalty,0.012658860747249942,0.05700999887287864,0.21302944370334484,1
markov_volatility,81001,support_mix50,0.10365817362423412,0.1885097319768493,0.38405404334826493,1
markov_volatility,81001,support_band50,0.0458806872363054,0.09840976111080361,0.30989111070424036,1
markov_volatility,81001,filtered_historical,0.3218273021004878,0.6954927189500888,0.15839519647581082,0
markov_volatility,81002,historical_se_penalty,0.24787142455909955,0.4931382182582066,0.08411445453464923,1
markov_volatility,81002,support_mix50,0.26585693801564325,0.512505643353106,0.07453161330611502,0
markov_volatility,81002,support_band50,0.24426850128636576,0.4731151828864635,0.07927583924891961,0
markov_volatility,81002,filtered_historical,0.03829911263210471,0.1709937517973862,0.1875601402847263,0
markov_volatility,81003,historical_se_penalty,0.12691257169519934,0.23753248810030422,0.13896164132916056,1
markov_volatility,81003,support_mix50,0.1293460478569257,0.2549883968519603,0.1605610222537489,1
markov_volatility,81003,support_band50,0.1293460478569257,0.25498839685196034,0.16056102225374883,1
markov_volatility,81003,filtered_historical,0.31890098359002567,0.6107397646078547,0.16789132334469223,0
markov_volatility,81004,historical_se_penalty,0.4493765783361087,0.8429112382374702,0.19958994190823373,1
markov_volatility,81004,support_mix50,0.5132435360157449,0.9764522438515685,0.24795231918354954,1
markov_volatility,81004,support_band50,0.34337779730049733,0.6359485891736734,0.19707263736684594,1
markov_volatility,81004,filtered_historical,0.10894325291459969,0.24515058105444917,0.11833176924266074,0
markov_volatility,81005,historical_se_penalty,0.1034483117149416,0.20119476775031253,0.22015720587766818,1
markov_volatility,81005,support_mix50,0.12121627752584586,0.22159851568788272,0.21882642210804337,1
markov_volatility,81005,support_band50,0.14699941003094602,0.27023521066685224,0.23773796459533023,1
markov_volatility,81005,filtered_historical,0.4277387173567742,0.909149000551583,0.39078896220482334,1
markov_volatility,81006,historical_se_penalty,0.03236006130510142,0.09144697441557716,0.12656406587198418,1
markov_volatility,81006,support_mix50,0.09156455442157009,0.176835520571071,0.1479102859752108,1
markov_volatility,81006,support_band50,0.03580764974666686,0.0895466486288381,0.09329631122005252,0
markov_volatility,81006,filtered_historical,0.18628431058861647,0.4431488760581766,0.16938530603029334,0
markov_volatility,81007,historical_se_penalty,0.1661221071342367,0.30832593250076584,0.08838697742566523,1
markov_volatility,81007,support_mix50,0.13646609965959128,0.258511103921056,0.0768401013141575,0
markov_volatility,81007,support_band50,0.16028545639409356,0.3065792628363338,0.08560417045208202,0
markov_volatility,81007,filtered_historical,0.40158082129011685,0.815385179075826,0.2629417235490657,1
markov_volatility,81008,historical_se_penalty,0.1047635875650463,0.20326726352702668,0.32090686103491817,1
markov_volatility,81008,support_mix50,0.13049528572076902,0.2531734085831033,0.3540444233092137,1
markov_volatility,81008,support_band50,0.13049528572076902,0.2531734085831032,0.3540444233092139,1
markov_volatility,81008,filtered_historical,0.3018456467193684,0.664975159655715,0.5763420322141045,1
markov_volatility,81009,historical_se_penalty,0.13461312238504547,0.2513710538261919,0.042477988803570364,1
markov_volatility,81009,support_mix50,0.08709903188363903,0.16725306524448807,0.03223197672585172,1
markov_volatility,81009,support_band50,0.15391219185416857,0.29274720020729567,0.03354300054163103,1
markov_volatility,81009,filtered_historical,0.27871623073384333,0.5341461947846349,0.13393925729704279,0
markov_volatility,81010,historical_se_penalty,0.14759104837332093,0.27016570699386583,0.063932794924326,1
markov_volatility,81010,support_mix50,0.16717368912746577,0.3110788462881355,0.05680394069865846,0
markov_volatility,81010,support_band50,0.16717368912746577,0.31107884628813554,0.05680394069865846,0
markov_volatility,81010,filtered_historical,0.286141732839769,0.5451607549818754,0.05574871024954758,0
markov_volatility,81011,historical_se_penalty,0.07555929295027751,0.15282541427157798,0.043228542264519124,1
markov_volatility,81011,support_mix50,0.072103858952639,0.1445076786230886,0.08016420047091781,1
markov_volatility,81011,support_band50,0.07210385895263911,0.14450767862308872,0.08016420047091777,1
markov_volatility,81011,filtered_historical,0.18208869733718738,0.3256102803149408,0.06279200914207816,0
markov_volatility,81012,historical_se_penalty,0.2220414776594902,0.43423889370104707,0.04778555293869647,1
markov_volatility,81012,support_mix50,0.23823640556014652,0.47216164015682005,0.05402033721186594,0
markov_volatility,81012,support_band50,0.23823640556014652,0.47216164015682005,0.054020337211865985,0
markov_volatility,81012,filtered_historical,0.38141470420799467,0.7392199973369462,0.0885052767729147,0
markov_volatility,81013,historical_se_penalty,0.3301572642367573,0.6331640548947082,0.07486868845771631,1
markov_volatility,81013,support_mix50,0.3392713738172844,0.6584044132895028,0.08145838352286887,0
markov_volatility,81013,support_band50,0.36087592432917837,0.6953601804323581,0.07939852404138659,0
markov_volatility,81013,filtered_historical,0.3737867927225271,0.7037216287474285,0.0668880953899267,0
markov_volatility,81014,historical_se_penalty,0.25236563092618364,0.4896936541248036,0.08314017082014048,1
markov_volatility,81014,support_mix50,0.22724205496477368,0.45743389726460026,0.0682695053674525,1
markov_volatility,81014,support_band50,0.22724205496477368,0.4574338972646004,0.06826950536745244,1
markov_volatility,81014,filtered_historical,0.3565693208263591,0.6904896994094588,0.10752208315159253,0
markov_volatility,81015,historical_se_penalty,0.3071089108294938,0.5849502209087,0.06006806752391701,1
markov_volatility,81015,support_mix50,0.30535952254240495,0.5864695793796051,0.06495596467915588,1
markov_volatility,81015,support_band50,0.30535952254240495,0.5864695793796052,0.06495596467915574,1
markov_volatility,81015,filtered_historical,0.2394286349232458,0.4357658448538925,0.06628316018535825,0
markov_volatility,81016,historical_se_penalty,0.3355916145456732,0.649858273413539,0.18367616758087593,1
markov_volatility,81016,support_mix50,0.32547129650110695,0.616666995251794,0.1648784184808627,0
markov_volatility,81016,support_band50,0.5028277123152162,0.965872379214164,0.29626591610103115,0
markov_volatility,81016,filtered_historical,0.1343178176027853,0.2604155657871224,0.15528548479365314,0
markov_volatility,81017,historical_se_penalty,0.08507802521786231,0.15055973968104452,0.06352630710441033,1
markov_volatility,81017,support_mix50,0.08247311215672629,0.14246621513125005,0.044443572446402846,0
markov_volatility,81017,support_band50,0.001571879338573341,0.03723841237359727,0.03805715976057319,0
markov_volatility,81017,filtered_historical,0.13804781925474058,0.3122448068287369,0.12324630426212126,0
markov_volatility,81018,historical_se_penalty,0.061187438206290815,0.11231095331962591,0.06494379150706577,1
markov_volatility,81018,support_mix50,0.06838443039851473,0.12722585473431366,0.047943146064677145,0
markov_volatility,81018,support_band50,0.06838443039851473,0.12722585473431372,0.047943146064677124,0
markov_volatility,81018,filtered_historical,0.2241673214907571,0.44464477746261294,0.049011418829516304,0
markov_volatility,81019,historical_se_penalty,0.07107291410279346,0.13914438152735456,0.10064855928070969,1
markov_volatility,81019,support_mix50,0.027726597048831247,0.09732110078120708,0.08513204467478844,1
markov_volatility,81019,support_band50,0.027726597048831247,0.0973211007812071,0.08513204467478844,1
markov_volatility,81019,filtered_historical,0.21091879774851355,0.4976011192640517,0.07811263862477268,0
markov_volatility,81020,historical_se_penalty,0.22159579505879548,0.41495789921665877,0.06461204305226434,1
markov_volatility,81020,support_mix50,0.2003115350712671,0.3850575745776006,0.0767888264960831,1
markov_volatility,81020,support_band50,0.3233448544055127,0.6131304792526796,0.07021469445890466,0
markov_volatility,81020,filtered_historical,0.07466147132533829,0.14428965789120626,0.11708103859501096,0
markov_volatility,81021,historical_se_penalty,0.24594986310559114,0.45618178852354346,0.06279041763358215,1
markov_volatility,81021,support_mix50,0.18299426547181186,0.3672892589448531,0.08767799926772367,0
markov_volatility,81021,support_band50,0.18299426547181186,0.36728925894485315,0.08767799926772378,0
markov_volatility,81021,filtered_historical,0.3005387240044906,0.5714101482210638,0.055509205211539674,0
markov_volatility,81022,historical_se_penalty,0.0024853759698668294,0.07591934224172528,0.2641312822511106,1
markov_volatility,81022,support_mix50,0.03245372843276843,0.08964712510436317,0.21337535841650895,1
markov_volatility,81022,support_band50,0.03245372843276855,0.08964712510436322,0.21337535841650887,1
markov_volatility,81022,filtered_historical,0.29185663489764696,0.680368713004918,0.44826131932197083,1
markov_volatility,81023,historical_se_penalty,0.1836995285259593,0.3470666031989838,0.08432405601318432,1
markov_volatility,81023,support_mix50,0.1853804973444639,0.3387693216337041,0.05631735605940921,1
markov_volatility,81023,support_band50,0.32482174243542744,0.5997856687640746,0.03343194904023493,0
markov_volatility,81023,filtered_historical,0.2988856728647741,0.5765029323204985,0.051399465777365635,0
markov_volatility,81024,historical_se_penalty,0.10347823253390609,0.19299592700617646,0.1663497260199666,1
markov_volatility,81024,support_mix50,0.1539976238164506,0.29328210265813914,0.20616618884632287,1
markov_volatility,81024,support_band50,0.15399762381645038,0.2932821026581391,0.2061661888463228,1
markov_volatility,81024,filtered_historical,0.09665004943706669,0.186010093587123,0.2176843998646564,1
markov_volatility,81025,historical_se_penalty,0.12791963468499337,0.22833384364007892,0.12966490967758815,1
markov_volatility,81025,support_mix50,0.1488037860111127,0.27405979088314075,0.12336655890243658,1
markov_volatility,81025,support_band50,0.1488037860111127,0.27405979088314064,0.1233665589024365,1
markov_volatility,81025,filtered_historical,0.31106417254341345,0.6099927579696491,0.05996635371259541,0
markov_volatility,81026,historical_se_penalty,0.1864308454956959,0.36711777624123465,0.0514582807446282,1
markov_volatility,81026,support_mix50,0.207891390580718,0.40352317601163645,0.059718231625696006,1
markov_volatility,81026,support_band50,0.207891390580718,0.40352317601163645,0.05971823162569603,1
markov_volatility,81026,filtered_historical,0.27906765320112115,0.5330571277832479,0.08835271367885476,0
markov_volatility,81027,historical_se_penalty,0.0329432776535396,0.08622733281591978,0.09860275376199365,1
markov_volatility,81027,support_mix50,0.12440153682589693,0.2418712060968036,0.11071579673723193,0
markov_volatility,81027,support_band50,0.1244015368258967,0.2418712060968035,0.110715796737232,0
markov_volatility,81027,filtered_historical,0.5998932569187508,1.3255150208971311,0.2223466173561046,0
markov_volatility,81028,historical_se_penalty,0.06490048699659887,0.12116849558008325,0.05212040778454848,1
markov_volatility,81028,support_mix50,0.13957712826435842,0.25665972668749715,0.055358180155021634,0
markov_volatility,81028,support_band50,0.2863335538939659,0.5212626929582838,0.09637896458561161,0
markov_volatility,81028,filtered_historical,0.2817687848409311,0.5257833763722484,0.09174930127199998,0
markov_volatility,81029,historical_se_penalty,0.3859831295844676,0.7229844796078925,0.04808689337269709,1
markov_volatility,81029,support_mix50,0.40281057804779036,0.7455252273173586,0.06684028344327167,0
markov_volatility,81029,support_band50,0.40281057804779036,0.7455252273173587,0.0668402834432717,0
markov_volatility,81029,filtered_historical,0.3960379773710227,0.7244241099406606,0.11767012020746742,0
markov_volatility,81030,historical_se_penalty,0.042524031036627455,0.08345051094629032,0.12034380578164372,1
markov_volatility,81030,support_mix50,0.055826858253644904,0.11788471099880853,0.059088488887000676,1
markov_volatility,81030,support_band50,0.055826858253644904,0.1178847109988086,0.05908848888700063,1
markov_volatility,81030,filtered_historical,0.13776622949194461,0.254614461915169,0.13494494464618254,0
markov_volatility,81031,historical_se_penalty,0.20051522108093187,0.38659365668763035,0.31826189042115055,1
markov_volatility,81031,support_mix50,0.23926835193942012,0.4617931788654705,0.3398788883489853,1
markov_volatility,81031,support_band50,0.01594033988843718,0.048243185368520014,0.11270463458763234,0
markov_volatility,81031,filtered_historical,0.28480265532658694,0.6003696705612386,0.06589912889376426,0
markov_volatility,81032,historical_se_penalty,0.17087914000914317,0.3285815565709706,0.06744627508549532,1
markov_volatility,81032,support_mix50,0.1413801052782404,0.27804158902309856,0.05593653024088415,1
markov_volatility,81032,support_band50,0.1413801052782404,0.27804158902309867,0.05593653024088412,1
markov_volatility,81032,filtered_historical,0.09207807314928135,0.15339138608763725,0.07700515850322888,0
markov_volatility,81033,historical_se_penalty,0.07070419929538944,0.1427050500825746,0.06467646388184208,1
markov_volatility,81033,support_mix50,0.07516168372407762,0.1558301871457039,0.05800618646097246,1
markov_volatility,81033,support_band50,0.04019924649134756,0.09947640858680963,0.062420727295355756,1
markov_volatility,81033,filtered_historical,0.15938294362842229,0.39470058268248076,0.24115636493364828,0
markov_volatility,81034,historical_se_penalty,0.1595527883159668,0.3103525414892034,0.043234836013674185,1
markov_volatility,81034,support_mix50,0.12965588035277187,0.2542471377720955,0.05683957531729715,0
markov_volatility,81034,support_band50,0.1363096359994348,0.2669371679621206,0.056928112773451604,0
markov_volatility,81034,filtered_historical,0.3467198682714308,0.6904405268121577,0.1228512054843869,0
markov_volatility,81035,historical_se_penalty,0.19197740404958744,0.3359501880582085,0.051760435025903315,1
markov_volatility,81035,support_mix50,0.10332488470981833,0.21063733037971058,0.0906906942357676,0
markov_volatility,81035,support_band50,0.10332488470981845,0.2106373303797107,0.09069069423576767,0
markov_volatility,81035,filtered_historical,0.35372514481310374,0.6693287293207426,0.12029675090020298,0
markov_volatility,81036,historical_se_penalty,0.31780686192905755,0.5846823871464466,0.04336598696071624,1
markov_volatility,81036,support_mix50,0.33012114986604185,0.6170066696528324,0.04387755002986206,1
markov_volatility,81036,support_band50,0.3578469186763788,0.669494934097192,0.04310196671192736,1
markov_volatility,81036,filtered_historical,0.3378122767047904,0.620041737653404,0.06968081189179105,0
markov_volatility,81037,historical_se_penalty,0.11629739764081644,0.21264405821570104,0.11341686774955433,1
markov_volatility,81037,support_mix50,0.035011702893674036,0.07648010809679204,0.16974016147587714,1
markov_volatility,81037,support_band50,0.07197490776453969,0.13730341273565777,0.1369357642791304,1
markov_volatility,81037,filtered_historical,0.12108831247768687,0.30130815275720674,0.14623312585346043,0
markov_volatility,81038,historical_se_penalty,0.08061369503112113,0.14767921062774692,0.09692119594622976,1
markov_volatility,81038,support_mix50,0.11191367067524516,0.19427764586415225,0.07479443996619121,0
markov_volatility,81038,support_band50,0.11191367067524494,0.19427764586415214,0.07479443996619117,0
markov_volatility,81038,filtered_historical,0.20219038186683966,0.4135913981292363,0.16576758632864141,0
markov_volatility,81039,historical_se_penalty,0.11057928702852363,0.2068828645723834,0.06110090456932114,1
markov_volatility,81039,support_mix50,0.10889753131302943,0.19771983676581842,0.062125886453594556,0
markov_volatility,81039,support_band50,0.0483659010269765,0.08418886609274925,0.0803429659424278,0
markov_volatility,81039,filtered_historical,0.3596187951831906,0.8326802747555448,0.23194454865775116,0
markov_volatility,81040,historical_se_penalty,0.13967020574172606,0.27083763485786494,0.051437105573449854,1
markov_volatility,81040,support_mix50,0.14259638763902738,0.27128780931312274,0.06201656643496525,1
markov_volatility,81040,support_band50,0.275105094035043,0.5187832266980111,0.09571628378525646,0
markov_volatility,81040,filtered_historical,0.25462133893345285,0.5058551320159814,0.12945120932386867,0
markov_volatility,81041,historical_se_penalty,0.14940094211402555,0.28571908947072316,0.11920883410192229,1
markov_volatility,81041,support_mix50,0.14185498613632755,0.25841528664705454,0.11848658008654096,1
markov_volatility,81041,support_band50,0.14185498613632755,0.25841528664705454,0.11848658008654085,1
markov_volatility,81041,filtered_historical,0.03798605994964699,0.1259393804250517,0.20606434773695737,0
markov_volatility,81042,historical_se_penalty,0.22906277005708342,0.457166367752964,0.04882027514707619,1
markov_volatility,81042,support_mix50,0.24362899592014217,0.4891649950832568,0.05145552913653052,0
markov_volatility,81042,support_band50,0.24362899592014228,0.4891649950832568,0.051455529136530447,0
markov_volatility,81042,filtered_historical,0.35769981649153404,0.7122740785530821,0.07251972300412651,0
markov_volatility,81043,historical_se_penalty,0.3826138270229952,0.7334324852108864,0.25761620900861737,1
markov_volatility,81043,support_mix50,0.3834996337695363,0.7355754860329419,0.25107455486714153,1
markov_volatility,81043,support_band50,0.38349963376953605,0.7355754860329418,0.2510745548671414,1
markov_volatility,81043,filtered_historical,0.39457136430564355,0.8245246190906087,0.24046330645562758,1
markov_volatility,81044,historical_se_penalty,0.22285919118471173,0.43773192826179314,0.06172256761255482,1
markov_volatility,81044,support_mix50,0.25427603767928963,0.4973062265551156,0.05487149539176279,1
markov_volatility,81044,support_band50,0.25427603767928963,0.4973062265551156,0.05487149539176279,1
markov_volatility,81044,filtered_historical,0.31150804778755964,0.6136551540499602,0.12092653552671276,0
markov_volatility,81045,historical_se_penalty,0.054247754311858666,0.1160279367840139,0.07715419314168967,1
markov_volatility,81045,support_mix50,0.1479348782076034,0.267596090999019,0.029987585938160827,1
markov_volatility,81045,support_band50,0.1479348782076035,0.2675960909990191,0.029987585938160845,1
markov_volatility,81045,filtered_historical,0.26026918281730016,0.5233447625131591,0.1847509127463188,0
markov_volatility,81046,historical_se_penalty,0.1684612654729421,0.30021288727580353,0.06876635676305598,1
markov_volatility,81046,support_mix50,0.21184330027740023,0.382961831666833,0.05917669607632673,1
markov_volatility,81046,support_band50,0.21184330027740023,0.382961831666833,0.05917669607632672,1
markov_volatility,81046,filtered_historical,0.2063866388748656,0.5656682087878966,0.3974866538254299,0
markov_volatility,81047,historical_se_penalty,0.14552910502692934,0.2838330965976919,0.16971039381755548,1
markov_volatility,81047,support_mix50,0.11195534204645136,0.21626246301011617,0.14889965859638846,0
markov_volatility,81047,support_band50,0.11195534204645136,0.21626246301011612,0.14889965859638843,0
markov_volatility,81047,filtered_historical,0.1544184070653914,0.3386071312772137,0.05775123044860642,0
markov_volatility,81048,historical_se_penalty,0.02368478748122142,0.07385293189133259,0.06498885128958605,1
markov_volatility,81048,support_mix50,0.02793734278277656,0.06300171582318499,0.1078085836796261,1
markov_volatility,81048,support_band50,0.02793734278277656,0.06300171582318498,0.10780858367962601,1
markov_volatility,81048,filtered_historical,0.25860843767243014,0.5258709939514697,0.13888627338324044,1
markov_volatility,81049,historical_se_penalty,0.05414744894055897,0.10349844366274506,0.17152616206502816,1
markov_volatility,81049,support_mix50,0.15918938927705192,0.29246604181288105,0.1590270152170277,1
markov_volatility,81049,support_band50,0.15918938927705192,0.2924660418128809,0.15902701521702778,1
markov_volatility,81049,filtered_historical,0.10834722815096434,0.2386715547936343,0.20020310939667899,0
markov_volatility,81050,historical_se_penalty,0.4349413863952266,0.8074267576154154,0.17486799270867684,1
markov_volatility,81050,support_mix50,0.4540328606055426,0.8404571905605497,0.22521675525276455,1
markov_volatility,81050,support_band50,0.4540328606055426,0.8404571905605495,0.2252167552527644,1
markov_volatility,81050,filtered_historical,0.08569263821900391,0.14866878829583838,0.0999463789297789,0
markov_volatility,81051,historical_se_penalty,0.17919418646666074,0.35544841110670256,0.1987474596310232,1
markov_volatility,81051,support_mix50,0.20569914929092117,0.40529781924081026,0.21764378710410642,1
markov_volatility,81051,support_band50,0.20569914929092117,0.40529781924081015,0.2176437871041063,1
markov_volatility,81051,filtered_historical,0.20516391249099827,0.4217941216662381,0.12123889639748914,0
markov_volatility,81052,historical_se_penalty,0.11988251266223311,0.22804875546973744,0.06047841758763974,1
markov_volatility,81052,support_mix50,0.08458626306282566,0.16412301086062964,0.045266692348056733,1
markov_volatility,81052,support_band50,0.08458626306282566,0.16412301086062955,0.04526669234805673,1
markov_volatility,81052,filtered_historical,0.08130020267152265,0.1987406320350521,0.1573890539802995,1
markov_volatility,81053,historical_se_penalty,0.175959877691624,0.3540190025924461,0.11202750106839228,1
markov_volatility,81053,support_mix50,0.12472384472967069,0.24945603166963035,0.09714828386153582,1
markov_volatility,81053,support_band50,0.14610529475505163,0.260624163163928,0.07601574163492751,0
markov_volatility,81053,filtered_historical,0.28681347795988354,0.5397935396615114,0.0830098076039078,0
markov_volatility,81054,historical_se_penalty,0.25204281176660387,0.49560298318030227,0.22008232302992253,1
markov_volatility,81054,support_mix50,0.258306828133904,0.5077908086661467,0.22041081705611962,1
markov_volatility,81054,support_band50,0.4832318511732614,0.9255345582392768,0.3156859794720413,1
markov_volatility,81054,filtered_historical,0.4314122609144573,0.9716479788629565,0.12956523697998276,0
markov_volatility,81055,historical_se_penalty,0.21032202528720756,0.41751768511488724,0.05994400084727465,1
markov_volatility,81055,support_mix50,0.1824635360772069,0.3846253324483557,0.056767345977034395,1
markov_volatility,81055,support_band50,0.1824635360772069,0.38462533244835573,0.05676734597703442,1
markov_volatility,81055,filtered_historical,0.1715842959712761,0.4025231639166507,0.18482740912422638,0
markov_volatility,81056,historical_se_penalty,0.009008941029184104,0.07372346306102166,0.21013856626308378,1
markov_volatility,81056,support_mix50,0.02641902386783014,0.08525218721087297,0.2293059487968969,1
markov_volatility,81056,support_band50,0.02641902386783014,0.08525218721087292,0.2293059487968968,1
markov_volatility,81056,filtered_historical,0.25188809297360465,0.5018354187946363,0.06838386075015351,0
markov_volatility,81057,historical_se_penalty,0.15844977248917463,0.30242541636734627,0.06319926227417248,1
markov_volatility,81057,support_mix50,0.15553248185214363,0.28987759619358505,0.0692310977481615,1
markov_volatility,81057,support_band50,0.14709484876869183,0.2741035493200697,0.06915822661588833,0
markov_volatility,81057,filtered_historical,0.39948695420946534,0.8888846166629096,0.1252241589606439,0
markov_volatility,81058,historical_se_penalty,0.10694965808145004,0.1937147170227751,0.052098708222677786,1
markov_volatility,81058,support_mix50,0.11379673233616806,0.20491255031475525,0.06546087077748439,1
markov_volatility,81058,support_band50,0.0803821569185794,0.14472069035702295,0.0756254372269905,1
markov_volatility,81058,filtered_historical,0.3065994291240075,0.6029187750037022,0.11742131075367147,0
markov_volatility,81059,historical_se_penalty,0.07891506356115127,0.15911716923408292,0.04801927870251743,1
markov_volatility,81059,support_mix50,0.054768185786527125,0.13778728472949175,0.09878869497442765,1
markov_volatility,81059,support_band50,0.19935578140963792,0.39246507183829443,0.07146390768918573,0
markov_volatility,81059,filtered_historical,0.3693528509083283,0.7030669264986642,0.33846237409736585,0
markov_volatility,81060,historical_se_penalty,0.15332461746655002,0.30635060512765105,0.05543244247986956,1
markov_volatility,81060,support_mix50,0.17307526424178238,0.3410884315175978,0.05071145939187548,1
markov_volatility,81060,support_band50,0.24551108912524625,0.47400126010390137,0.059331772669082114,1
markov_volatility,81060,filtered_historical,0.2773424705578688,0.5413775436198257,0.07298067997202146,0
markov_volatility,81061,historical_se_penalty,0.2648204308992961,0.5145972659007828,0.16371767819807964,1
markov_volatility,81061,support_mix50,0.3052358426158455,0.593320041956365,0.20421818079164566,1
markov_volatility,81061,support_band50,0.15399210691688747,0.30373439914675016,0.09762110559709322,1
markov_volatility,81061,filtered_historical,0.05538698768026803,0.14343029778167668,0.4259455735334845,1
markov_volatility,81062,historical_se_penalty,0.23488214747207015,0.4600749007788134,0.07331510155191126,1
markov_volatility,81062,support_mix50,0.24236887941633176,0.4741116436990041,0.0626644591789292,0
markov_volatility,81062,support_band50,0.24236887941633176,0.4741116436990041,0.06266445917892918,0
markov_volatility,81062,filtered_historical,0.29142406861810033,0.557835849500611,0.06830206315192099,0
markov_volatility,81063,historical_se_penalty,0.17356106299987417,0.33087173682616444,0.052551920644573334,1
markov_volatility,81063,support_mix50,0.16504187010576035,0.3066023171283174,0.05300844385939786,0
markov_volatility,81063,support_band50,0.09729374934876628,0.17686671122191258,0.09331203565988097,1
markov_volatility,81063,filtered_historical,0.3332864295646,0.6281263127490778,0.1596662957695016,0
markov_volatility,81064,historical_se_penalty,0.302714865014658,0.5773768683045776,0.21535092722208932,1
markov_volatility,81064,support_mix50,0.33119426424344095,0.6349120743955701,0.1967124091646182,1
markov_volatility,81064,support_band50,0.33119426424344095,0.6349120743955701,0.19671240916461855,1
markov_volatility,81064,filtered_historical,0.6058124187923686,1.262278024549766,0.35887828290159174,1
markov_volatility,81065,historical_se_penalty,0.1296522878821758,0.2575921397232554,0.10136079839703742,1
markov_volatility,81065,support_mix50,0.10445296650749891,0.21380065559514158,0.11664804837171028,1
markov_volatility,81065,support_band50,0.10445296650749891,0.21380065559514164,0.11664804837171022,1
markov_volatility,81065,filtered_historical,0.04614312167708612,0.10930018872369252,0.3750528556444402,0
markov_volatility,81066,historical_se_penalty,0.2696977212862628,0.5202720844800973,0.07180168513302655,1
markov_volatility,81066,support_mix50,0.2690237905209124,0.5282136411787612,0.04881310898160012,1
markov_volatility,81066,support_band50,0.2690237905209124,0.5282136411787612,0.04881310898160006,1
markov_volatility,81066,filtered_historical,0.4287684971009712,0.8332862504268838,0.055563820471673596,1
markov_volatility,81067,historical_se_penalty,0.1233801200276958,0.22613281145300618,0.2327605016096003,1
markov_volatility,81067,support_mix50,0.14554309181800562,0.27318491993707833,0.24263381404812906,1
markov_volatility,81067,support_band50,0.13197552201654264,0.24609807668530506,0.23197124272957415,1
markov_volatility,81067,filtered_historical,0.22581065100159617,0.45753983620993127,0.12595739917211304,1
markov_volatility,81068,historical_se_penalty,0.3580578355614617,0.711605770469088,0.05809718568036101,1
markov_volatility,81068,support_mix50,0.32474686299922856,0.6531899670339713,0.06511128901280888,1
markov_volatility,81068,support_band50,0.34500834913084605,0.6928848557956946,0.05859835594062835,1
markov_volatility,81068,filtered_historical,0.37012519195594024,0.7338003402159208,0.06286916845440405,1
markov_volatility,81069,historical_se_penalty,0.062336714148711184,0.12905599770651147,0.23586997656946695,1
markov_volatility,81069,support_mix50,0.05402994038060598,0.1174896143720241,0.2136791814673458,1
markov_volatility,81069,support_band50,0.1899065673152536,0.37510720682270804,0.32121856555697004,1
markov_volatility,81069,filtered_historical,0.07843400991789166,0.14927656052029842,0.11917721857775039,1
markov_volatility,81070,historical_se_penalty,0.3556245975654335,0.6744435785432704,0.15893211805473564,1
markov_volatility,81070,support_mix50,0.3625855304729241,0.694644166966912,0.2029083234989816,1
markov_volatility,81070,support_band50,0.36258553047292386,0.6946441669669119,0.2029083234989814,1
markov_volatility,81070,filtered_historical,0.39854720777361974,0.7852680923716335,0.24000493898982617,0
markov_volatility,81071,historical_se_penalty,0.24277003166101357,0.45787956908416594,0.035774098867470266,1
markov_volatility,81071,support_mix50,0.24574016162074033,0.4673089277020379,0.03475449612552452,1
markov_volatility,81071,support_band50,0.24574016162074033,0.4673089277020379,0.034754496125524524,1
markov_volatility,81071,filtered_historical,0.275635518036399,0.7230322650307168,0.15171500001175567,0
markov_volatility,81072,historical_se_penalty,0.09057992912440421,0.1729814041365163,0.041252212277496876,1
markov_volatility,81072,support_mix50,0.09059773595400045,0.18601331939711296,0.042495993769223625,1
markov_volatility,81072,support_band50,0.09059773595400045,0.1860133193971131,0.04249599376922364,1
markov_volatility,81072,filtered_historical,0.25589623177891196,0.4994921124469391,0.07634923797285427,0
markov_volatility,81073,historical_se_penalty,0.1179566151378647,0.20941140303507863,0.05239103259487329,1
markov_volatility,81073,support_mix50,0.11171203891801529,0.20877405926337092,0.05728748078097441,1
markov_volatility,81073,support_band50,0.11171203891801529,0.20877405926337095,0.057287480780974336,1
markov_volatility,81073,filtered_historical,0.015076710462544659,0.09064895197863958,0.09804965558832024,0
markov_volatility,81074,historical_se_penalty,0.02307526912792461,0.045585536770499493,0.0646750447554531,1
markov_volatility,81074,support_mix50,0.01857047294156496,0.04164472566700625,0.057797314659498736,0
markov_volatility,81074,support_band50,0.13784228161891796,0.27018519532726126,0.1407306183886813,1
markov_volatility,81074,filtered_historical,0.243280114646349,0.48636654705032806,0.25264411393996516,0
markov_volatility,81075,historical_se_penalty,0.34143423872459033,0.6645891581382446,0.1376883264157454,1
markov_volatility,81075,support_mix50,0.37028352604553805,0.7117572400648025,0.180892600570529,1
markov_volatility,81075,support_band50,0.3702835260455376,0.7117572400648025,0.18089260057052886,1
markov_volatility,81075,filtered_historical,0.312379499138943,0.6387794712518405,0.24519382133744688,0
markov_volatility,81076,historical_se_penalty,0.14138421486804734,0.26571170006602934,0.09246932350334601,1
markov_volatility,81076,support_mix50,0.1343534793243879,0.27048099533996145,0.11342007355061719,1
markov_volatility,81076,support_band50,0.1343534793243879,0.27048099533996156,0.11342007355061709,1
markov_volatility,81076,filtered_historical,0.2869914637138188,0.6708151715764132,0.2222017558764469,0
markov_volatility,81077,historical_se_penalty,0.3216017325799156,0.6249385310288493,0.06815051942585636,1
markov_volatility,81077,support_mix50,0.3076582047580622,0.6063088411997182,0.0741899859097582,1
markov_volatility,81077,support_band50,0.3076582047580623,0.6063088411997183,0.07418998590975821,1
markov_volatility,81077,filtered_historical,0.3568708076140848,0.7118872716157725,0.08053255490967172,0
markov_volatility,81078,historical_se_penalty,0.04826934732561426,0.09131913998343019,0.15752350310769125,1
markov_volatility,81078,support_mix50,0.07905225509212101,0.15379759888302968,0.19838351854219405,1
markov_volatility,81078,support_band50,0.07905225509212101,0.15379759888302957,0.19838351854219397,1
markov_volatility,81078,filtered_historical,0.25252764433832237,0.4849937075203598,0.1625451984719775,0
markov_volatility,81079,historical_se_penalty,0.15274326072075742,0.2934438010326671,0.06272276573907852,1
markov_volatility,81079,support_mix50,0.16234860714882096,0.29978783610152593,0.06685280529031795,0
markov_volatility,81079,support_band50,0.11051168123930408,0.20398945019637924,0.10751731043219831,1
markov_volatility,81079,filtered_historical,0.22272095579690174,0.41981647028345237,0.2063824158367149,0
markov_volatility,81080,historical_se_penalty,0.3149812735979693,0.6052430330809759,0.044693501004575045,1
markov_volatility,81080,support_mix50,0.311396769834991,0.5901898314871733,0.041673069650918944,1
markov_volatility,81080,support_band50,0.311396769834991,0.5901898314871734,0.04167306965091895,1
markov_volatility,81080,filtered_historical,0.3213171044618966,0.5968657305962664,0.0900732573425765,1
markov_volatility,81081,historical_se_penalty,0.09821885054323246,0.20899374653996686,0.0238117222050695,1
markov_volatility,81081,support_mix50,0.10956043315516457,0.23261871898187395,0.04526874270520324,0
markov_volatility,81081,support_band50,0.10956043315516457,0.232618718981874,0.045268742705203126,0
markov_volatility,81081,filtered_historical,0.1665210893613415,0.3232181510607087,0.09542964172314287,0
markov_volatility,81082,historical_se_penalty,0.11370106522433215,0.22753512884081112,0.031243684214839244,1
markov_volatility,81082,support_mix50,0.044282876271803856,0.10486287620197333,0.04074482400075659,0
markov_volatility,81082,support_band50,0.09798124367038955,0.16684675378342184,0.07783558189122161,0
markov_volatility,81082,filtered_historical,0.2455433291107718,0.44914057535848817,0.1023484984498279,0
markov_volatility,81083,historical_se_penalty,0.14078974420253043,0.2786296942504281,0.05457230799768711,1
markov_volatility,81083,support_mix50,0.1824425063622428,0.3606270317353515,0.08429739785881035,0
markov_volatility,81083,support_band50,0.15590121747923874,0.3109514213068617,0.07477489515925234,0
markov_volatility,81083,filtered_historical,0.27369561222133904,0.6146505995346658,0.17050879938107835,0
markov_volatility,81084,historical_se_penalty,0.16107950237530524,0.28505536873484,0.07450101914833389,1
markov_volatility,81084,support_mix50,0.1755126425174735,0.32414830324887645,0.1492800980505008,1
markov_volatility,81084,support_band50,0.12649489445691517,0.2299547411883772,0.11479811111926123,1
markov_volatility,81084,filtered_historical,0.07842318694164785,0.1926412255223909,0.10823666556501985,0
markov_volatility,81085,historical_se_penalty,0.07089060726049787,0.1617694196074182,0.13637321978782907,1
markov_volatility,81085,support_mix50,0.08181542359830975,0.1709110173988433,0.1530212694750648,1
markov_volatility,81085,support_band50,0.20976294828601635,0.41312031145871664,0.07025306023771137,0
markov_volatility,81085,filtered_historical,0.11321812342302914,0.2375282327090253,0.0716950182630157,0
markov_volatility,81086,historical_se_penalty,0.28330793146891126,0.5225409546518455,0.07396034414171469,1
markov_volatility,81086,support_mix50,0.25531472492688184,0.48187379396946767,0.05518560295224693,1
markov_volatility,81086,support_band50,0.3474226239553593,0.6538660385100176,0.05667869565270268,1
markov_volatility,81086,filtered_historical,0.4136282021503194,0.7857992429524069,0.07038935111172179,1
markov_volatility,81087,historical_se_penalty,0.11951629858911166,0.24282583527749238,0.16316239469476118,1
markov_volatility,81087,support_mix50,0.20355809767976427,0.3798642001399615,0.1403330582171113,1
markov_volatility,81087,support_band50,0.23869353453798328,0.4475673443477466,0.11837650791759298,1
markov_volatility,81087,filtered_historical,0.25005659761344434,0.47125396003951164,0.09565827388966133,0
markov_volatility,81088,historical_se_penalty,0.024602059829963073,0.06853835167299477,0.0846278918097493,1
markov_volatility,81088,support_mix50,0.030135828000089064,0.06993818762225511,0.07875209729351669,1
markov_volatility,81088,support_band50,0.04418214307996151,0.10685355021987968,0.08701151874988926,1
markov_volatility,81088,filtered_historical,0.06413323637240025,0.1277169135843946,0.10525806390572037,1
markov_volatility,81089,historical_se_penalty,0.0760269195373069,0.13719400065954243,0.14837865426212807,1
markov_volatility,81089,support_mix50,0.08491406390684611,0.15135120512776637,0.12502468512645176,1
markov_volatility,81089,support_band50,0.007296347360550033,0.0779302559459731,0.1853931029346039,1
markov_volatility,81089,filtered_historical,0.075246701089498,0.23258852664845606,0.20564869934258917,0
markov_volatility,81090,historical_se_penalty,0.19899488538223994,0.3937969696679389,0.12479003920105496,1
markov_volatility,81090,support_mix50,0.17983481768477805,0.3442409165964209,0.10479160346264622,1
markov_volatility,81090,support_band50,0.17983481768477805,0.3442409165964208,0.10479160346264613,1
markov_volatility,81090,filtered_historical,0.1787365373657569,0.36503959094853267,0.035516662033589316,0
markov_volatility,81091,historical_se_penalty,0.14762771854182563,0.2951531815655186,0.09956900617162834,1
markov_volatility,81091,support_mix50,0.18149693412149734,0.33787622304122683,0.08062461885237791,0
markov_volatility,81091,support_band50,0.02436076249652651,0.07270298935258224,0.05850284229189318,0
markov_volatility,81091,filtered_historical,0.1324075773240939,0.2727920331565017,0.059453798457812033,0
markov_volatility,81092,historical_se_penalty,0.13530568138486143,0.2631344639226135,0.048827151278249305,1
markov_volatility,81092,support_mix50,0.1448570928850783,0.266856640358165,0.05557186910334881,1
markov_volatility,81092,support_band50,0.1448570928850781,0.26685664035816486,0.05557186910334888,1
markov_volatility,81092,filtered_historical,0.7120062428005195,1.5082187968957852,0.285298547412813,1
markov_volatility,81093,historical_se_penalty,0.3807278683867029,0.7362549690707632,0.2105357656786503,1
markov_volatility,81093,support_mix50,0.4137226463040152,0.8070762309908216,0.18658482031602888,1
markov_volatility,81093,support_band50,0.4137226463040152,0.8070762309908216,0.18658482031602877,1
markov_volatility,81093,filtered_historical,0.21216233785307156,0.42312916325230054,0.2790126310677011,0
markov_volatility,81094,historical_se_penalty,0.08553957371848955,0.15657222436992252,0.0568156044635042,1
markov_volatility,81094,support_mix50,0.07029794556843921,0.13107627896804014,0.06701467129024843,0
markov_volatility,81094,support_band50,0.07029794556843921,0.13107627896804025,0.06701467129024834,0
markov_volatility,81094,filtered_historical,0.17977889561782456,0.3347383822554377,0.0868429554672136,0
markov_volatility,81095,historical_se_penalty,0.07759369119691871,0.15822581252465717,0.03675840583726135,1
markov_volatility,81095,support_mix50,0.10378953434189095,0.21688301174943675,0.06795690687978541,0
markov_volatility,81095,support_band50,0.10378953434189095,0.21688301174943686,0.06795690687978548,0
markov_volatility,81095,filtered_historical,0.40334936819753664,0.807593051269396,0.27580111413526986,0
markov_volatility,81096,historical_se_penalty,0.327981327315691,0.6283234032585351,0.06127357394943272,1
markov_volatility,81096,support_mix50,0.3077326816410362,0.5957297198398026,0.061441062844412,1
markov_volatility,81096,support_band50,0.3159948941240885,0.6111420424760589,0.0636882177169076,1
markov_volatility,81096,filtered_historical,0.05140061323401522,0.10693316876363171,0.1500621888722682,0
markov_volatility,81097,historical_se_penalty,0.3286415834749598,0.6316975066542834,0.30416434631226785,1
markov_volatility,81097,support_mix50,0.2964616672737387,0.5577607519132644,0.28992680934829823,1
markov_volatility,81097,support_band50,0.2916705945549497,0.5486786575078948,0.28528589220057643,1
markov_volatility,81097,filtered_historical,1.1538992870586955,2.4373320600174146,0.5599948645686466,0
markov_volatility,81098,historical_se_penalty,0.20816328744920537,0.40522094199757797,0.28263432042174014,1
markov_volatility,81098,support_mix50,0.22797992689525565,0.4334551962479899,0.26448111255100276,1
markov_volatility,81098,support_band50,0.24043866738344555,0.4579530717582226,0.27037366190553613,1
markov_volatility,81098,filtered_historical,0.33594543559425616,0.6794869400046529,0.17033042910179141,0
markov_volatility,81099,historical_se_penalty,0.18116502852322025,0.3638559519974485,0.06772574882246102,1
markov_volatility,81099,support_mix50,0.1788478355005165,0.3588645467306156,0.08250661529732206,1
markov_volatility,81099,support_band50,0.17884783550051628,0.35886454673061546,0.082506615297322,1
markov_volatility,81099,filtered_historical,0.15582224622500931,0.32720879074150677,0.10681027865005908,0
markov_volatility,81100,historical_se_penalty,0.2790232792002328,0.5142164639945621,0.04240207754291155,1
markov_volatility,81100,support_mix50,0.2738353307278944,0.5068921766590226,0.04318962618432352,0
markov_volatility,81100,support_band50,0.26452459214512314,0.4893160918166097,0.041373083055783876,0
markov_volatility,81100,filtered_historical,0.29127946205926286,0.7115821024137942,0.21980487955695657,0
markov_volatility,81101,historical_se_penalty,0.04446456293922733,0.10467232702621108,0.06660050171500505,1
markov_volatility,81101,support_mix50,0.033665368336563715,0.094160417281553,0.06404391676059518,1
markov_volatility,81101,support_band50,0.06881689139137809,0.12981245534559407,0.08714744461078808,0
markov_volatility,81101,filtered_historical,0.08403229754968929,0.1391557001809835,0.05484006734502524,0
markov_volatility,81102,historical_se_penalty,0.1789616734075344,0.3706645525633075,0.05294112063295657,1
markov_volatility,81102,support_mix50,0.19693993077879685,0.3982992314086911,0.05165642349844319,1
markov_volatility,81102,support_band50,0.1783155570231629,0.362092104079212,0.05207998871488123,1
markov_volatility,81102,filtered_historical,0.34978027956864594,0.7070745567802887,0.1145603787096538,0
markov_volatility,81103,historical_se_penalty,0.19468892228726573,0.38788088338119797,0.06790793980534887,1
markov_volatility,81103,support_mix50,0.1935215117889821,0.39088126279761276,0.04601898006995375,0
markov_volatility,81103,support_band50,0.1935215117889821,0.39088126279761276,0.04601898006995374,0
markov_volatility,81103,filtered_historical,0.18638860834810106,0.33606427059904975,0.09079389635202172,1
markov_volatility,81104,historical_se_penalty,0.4021876649417785,0.7644144566592305,0.17502486561145805,1
markov_volatility,81104,support_mix50,0.3546623048874141,0.6776260193131626,0.11081225002027532,1
markov_volatility,81104,support_band50,0.5030370237040636,0.9621197812877941,0.1711183368679429,1
markov_volatility,81104,filtered_historical,0.11596111176165985,0.27156503187061687,0.11753193838091636,0
markov_volatility,81105,historical_se_penalty,0.06559089246401437,0.10218996487880719,0.0771459936808847,1
markov_volatility,81105,support_mix50,0.03673825576630629,0.06795000480702604,0.045914465472594014,1
markov_volatility,81105,support_band50,0.03673825576630629,0.06795000480702597,0.045914465472593965,1
markov_volatility,81105,filtered_historical,0.23059926824284774,0.4865092014465218,0.160167656873671,0
markov_volatility,81106,historical_se_penalty,0.20280801358651537,0.3889716393698371,0.05523243244527231,1
markov_volatility,81106,support_mix50,0.16513193663428555,0.32014775006563956,0.04990809396306612,1
markov_volatility,81106,support_band50,0.16513193663428555,0.3201477500656396,0.04990809396306612,1
markov_volatility,81106,filtered_historical,0.20344658711832064,0.3776287305505055,0.17090293483190525,0
markov_volatility,81107,historical_se_penalty,0.38280418597534477,0.7117399199098324,0.057091472622628744,1
markov_volatility,81107,support_mix50,0.38931763921475987,0.7302648571543123,0.05530868201725757,0
markov_volatility,81107,support_band50,0.38931763921475987,0.7302648571543123,0.05530868201725755,0
markov_volatility,81107,filtered_historical,0.38850330705652125,0.7065123401225372,0.08221501537255728,0
markov_volatility,81108,historical_se_penalty,0.06038663495574898,0.12915277229851466,0.11995843662250034,1
markov_volatility,81108,support_mix50,0.13482443437384833,0.2580406006102778,0.1485489342103571,1
markov_volatility,81108,support_band50,0.04905957638389366,0.09417427572207752,0.07109363416738844,0
markov_volatility,81108,filtered_historical,0.11380042159292021,0.191169783313886,0.0723230579761011,0
markov_volatility,81109,historical_se_penalty,0.04887329290996225,0.08208399100719535,0.04334350330049417,1
markov_volatility,81109,support_mix50,0.097837068247542,0.1809579808632031,0.05901477113560701,0
markov_volatility,81109,support_band50,0.09124993769488729,0.16831669355158058,0.05809213362270682,0
markov_volatility,81109,filtered_historical,0.016873134552930383,0.09710047468851413,0.11599283949543464,0
markov_volatility,81110,historical_se_penalty,0.1419723793827327,0.24251694405805554,0.07308168017227501,1
markov_volatility,81110,support_mix50,0.12128906248048019,0.2185334500654168,0.07415608849327486,1
markov_volatility,81110,support_band50,0.06899939181232792,0.12862328370399795,0.07134276752444811,1
markov_volatility,81110,filtered_historical,0.11294019152739716,0.192813732112124,0.09101886807431304,0
markov_volatility,81111,historical_se_penalty,0.17692328331390378,0.3423697083026203,0.14142871856157657,1
markov_volatility,81111,support_mix50,0.14300229361739958,0.2845138753113741,0.13710927748573348,0
markov_volatility,81111,support_band50,0.13039279016078778,0.2609532775621456,0.1324559148631319,0
markov_volatility,81111,filtered_historical,0.12750532878829196,0.2622395948615211,0.0886899401047437,0
markov_volatility,81112,historical_se_penalty,0.09471869536350211,0.17129906508322806,0.0587837408133646,1
markov_volatility,81112,support_mix50,0.09209789524432471,0.15404581177638924,0.038126781112736464,0
markov_volatility,81112,support_band50,0.09209789524432448,0.15404581177638915,0.038126781112736416,0
markov_volatility,81112,filtered_historical,0.16280622466596958,0.3384928124959621,0.16897581507787124,0
markov_volatility,81113,historical_se_penalty,0.11248191959270885,0.21691792868412216,0.052326370477961466,1
markov_volatility,81113,support_mix50,0.09761212124186128,0.19286042351507726,0.046177932271647716,1
markov_volatility,81113,support_band50,0.09761212124186128,0.19286042351507737,0.04617793227164777,1
markov_volatility,81113,filtered_historical,0.29602145135683344,0.5675150909186977,0.10519504217288808,0
markov_volatility,81114,historical_se_penalty,0.037621280019807274,0.09745773358083772,0.11207643211697836,1
markov_volatility,81114,support_mix50,0.08378685589291736,0.1720568815642241,0.09871303050564863,1
markov_volatility,81114,support_band50,0.04030037465808243,0.09036313866928299,0.08124813584427391,1
markov_volatility,81114,filtered_historical,0.18514576680078765,0.34821996424116053,0.0738967921538503,0
markov_volatility,81115,historical_se_penalty,0.2505048689868162,0.489023561836737,0.05627549788383988,1
markov_volatility,81115,support_mix50,0.24165892138178005,0.47379088135966885,0.06173492486035241,1
markov_volatility,81115,support_band50,0.24165892138178005,0.47379088135966885,0.061734924860352376,1
markov_volatility,81115,filtered_historical,0.15589431261929373,0.22441427480600226,0.20333694826177992,1
markov_volatility,81116,historical_se_penalty,0.01240958317582551,0.06415351869861939,0.07276149838288179,1
markov_volatility,81116,support_mix50,0.008488309638323307,0.06361015122157007,0.07163216116476946,0
markov_volatility,81116,support_band50,0.14878633425320512,0.2920722887401975,0.09895299216043214,1
markov_volatility,81116,filtered_historical,0.4033055979512664,0.8811330106702125,0.08401070526343006,0
markov_volatility,81117,historical_se_penalty,0.2711248574878385,0.5200228620874469,0.247893753741372,1
markov_volatility,81117,support_mix50,0.28865943157902507,0.553174324078543,0.26839588740682613,1
markov_volatility,81117,support_band50,0.28865943157902507,0.5531743240785427,0.2683958874068264,1
markov_volatility,81117,filtered_historical,0.2117808421521416,0.4344810328232786,0.12842949882755117,0
markov_volatility,81118,historical_se_penalty,0.08294620048528467,0.15096234942485084,0.2131335466845705,1
markov_volatility,81118,support_mix50,0.07675977344844516,0.14270086729416617,0.22504168173824285,1
markov_volatility,81118,support_band50,0.07675977344844516,0.14270086729416612,0.2250416817382428,1
markov_volatility,81118,filtered_historical,0.12488366274594437,0.2669029217176911,0.0834793169212665,0
markov_volatility,81119,historical_se_penalty,0.1560711521063345,0.3114403411091839,0.06742382143895492,1
markov_volatility,81119,support_mix50,0.1364727456549957,0.2731510492169763,0.060508953128026476,1
markov_volatility,81119,support_band50,0.13647274565499548,0.27315104921697625,0.06050895312802644,1
markov_volatility,81119,filtered_historical,0.052406925719100717,0.13012317959272646,0.1175448417876301,0
markov_volatility,81120,historical_se_penalty,0.11439820438054708,0.20028139801579234,0.08012981525569854,1
markov_volatility,81120,support_mix50,0.10381782686437988,0.1906806915843442,0.07720856741361475,0
markov_volatility,81120,support_band50,0.21734208033050548,0.40872489640972026,0.15592351227587753,0
markov_volatility,81120,filtered_historical,0.12684773208646882,0.2742315816764022,0.08921637803042291,0
markov_volatility,81121,historical_se_penalty,0.18162207083825724,0.34043922432433565,0.058893679292204154,1
markov_volatility,81121,support_mix50,0.18588787909374999,0.36180074587440625,0.06264845216372603,0
markov_volatility,81121,support_band50,0.18588787909374999,0.3618007458744063,0.06264845216372601,0
markov_volatility,81121,filtered_historical,0.27444333953431244,0.5062588412970664,0.07931642154962837,0
markov_volatility,81122,historical_se_penalty,0.21087420801917928,0.3980746574914407,0.06537013133630996,1
markov_volatility,81122,support_mix50,0.1277454079728131,0.2531312516979152,0.09967891218714887,1
markov_volatility,81122,support_band50,0.1277454079728131,0.2531312516979153,0.09967891218714878,1
markov_volatility,81122,filtered_historical,0.1920258198013815,0.36083803683257554,0.09132946914466018,1
markov_volatility,81123,historical_se_penalty,0.009689049954792783,0.043807637664839735,0.08191720298235247,1
markov_volatility,81123,support_mix50,0.01857892614732706,0.04540075046949137,0.08006278653090336,0
markov_volatility,81123,support_band50,0.07005493857796422,0.12797241459773934,0.11000549585419578,0
markov_volatility,81123,filtered_historical,0.08884501007345053,0.1558227384203939,0.17040561036417767,0
markov_volatility,81124,historical_se_penalty,0.14613107151233543,0.30363465091458974,0.09594837906900996,1
markov_volatility,81124,support_mix50,0.17015977257824705,0.3531795919615841,0.10255692532846651,1
markov_volatility,81124,support_band50,0.17665935980581474,0.36600253074421857,0.10604927177337475,1
markov_volatility,81124,filtered_historical,0.18172024652867252,0.3491973249167882,0.06768033154234995,0
markov_volatility,81125,historical_se_penalty,0.14797827579731823,0.27169712615927233,0.057234763169615004,1
markov_volatility,81125,support_mix50,0.17462630730189516,0.3161827380732559,0.06261020960978565,0
markov_volatility,81125,support_band50,0.026227068515122413,0.06819327669062761,0.06869873907918884,0
markov_volatility,81125,filtered_historical,0.2686018556028952,0.5172227642517863,0.09091279658652145,0
markov_volatility,81126,historical_se_penalty,0.39883739764220033,0.7688107690842659,0.0833229044320403,1
markov_volatility,81126,support_mix50,0.41675580189520417,0.8038619072779609,0.10389714935503584,0
markov_volatility,81126,support_band50,0.41675580189520417,0.8038619072779609,0.10389714935503587,0
markov_volatility,81126,filtered_historical,0.2263058351779339,0.4002629402130699,0.2089389173240073,0
markov_volatility,81127,historical_se_penalty,0.01274459323831429,0.060260768704296475,0.09025605323420699,1
markov_volatility,81127,support_mix50,0.02581978784682361,0.06758063121291417,0.07747847081911928,0
markov_volatility,81127,support_band50,0.02581978784682361,0.0675806312129142,0.07747847081911924,0
markov_volatility,81127,filtered_historical,0.32746985295382175,0.610848484432318,0.10872399938034107,0
markov_volatility,81128,historical_se_penalty,0.026108277762023336,0.057477166433504964,0.06135930607786219,1
markov_volatility,81128,support_mix50,0.014731548652314455,0.05996535436013917,0.07767071684037631,1
markov_volatility,81128,support_band50,0.014731548652314455,0.05996535436013912,0.07767071684037623,1
markov_volatility,81128,filtered_historical,0.20829235974091054,0.4012827213196202,0.22068025067977814,0
markov_volatility,81129,historical_se_penalty,0.06008210034832333,0.10240917232014403,0.10024937480329199,1
markov_volatility,81129,support_mix50,0.031455055411082435,0.09868221677817927,0.189232070905825,1
markov_volatility,81129,support_band50,0.031455055411082435,0.09868221677817923,0.18923207090582492,1
markov_volatility,81129,filtered_historical,0.30891428592265296,0.6103914112907595,0.10394283188692284,0
markov_volatility,81130,historical_se_penalty,0.1078216619061962,0.19475118052264337,0.12951424369148712,1
markov_volatility,81130,support_mix50,0.11398773820848379,0.21369569232809715,0.09711718512492794,1
markov_volatility,81130,support_band50,0.11398773820848379,0.2136956923280971,0.09711718512492803,1
markov_volatility,81130,filtered_historical,0.44461542244721325,0.9643773153123925,0.23145480853724917,0
markov_volatility,81131,historical_se_penalty,0.059196543771759,0.10308686602640177,0.0743797990691989,1
markov_volatility,81131,support_mix50,0.015018880032781236,0.04949581514776281,0.10523888863594247,0
markov_volatility,81131,support_band50,0.14718384591524042,0.264605436031639,0.04001291213797399,0
markov_volatility,81131,filtered_historical,0.35651190736917837,0.7212729271626921,0.07826982907892467,0
markov_volatility,81132,historical_se_penalty,0.2661276992467284,0.5379949462613006,0.11625554224342201,1
markov_volatility,81132,support_mix50,0.28211206225768715,0.5584227289872034,0.05597401745762779,0
markov_volatility,81132,support_band50,0.10937149429046411,0.23332226324931254,0.03653108402955361,0
markov_volatility,81132,filtered_historical,0.020053405874409697,0.06831394376874647,0.15863673358833905,1
markov_volatility,81133,historical_se_penalty,0.030394167105351692,0.05834287907001646,0.069505052605574,1
markov_volatility,81133,support_mix50,0.02589079042018675,0.06663514181310004,0.13129193265724898,1
markov_volatility,81133,support_band50,0.02589079042018675,0.06663514181309992,0.1312919326572488,1
markov_volatility,81133,filtered_historical,0.15394711819382567,0.27492750444061576,0.08385825534611796,0
markov_volatility,81134,historical_se_penalty,0.1786844682773655,0.3299629870913617,0.06185438683904146,1
markov_volatility,81134,support_mix50,0.15757504839710273,0.30169050451962726,0.04080167622313849,1
markov_volatility,81134,support_band50,0.15757504839710273,0.30169050451962726,0.04080167622313847,1
markov_volatility,81134,filtered_historical,0.31490072864826796,0.5778109431453364,0.09065635604755823,0
markov_volatility,81135,historical_se_penalty,0.24633669990082754,0.4717843426862809,0.2106425028728627,1
markov_volatility,81135,support_mix50,0.21052273564610197,0.4151601953632414,0.12227983860087915,0
markov_volatility,81135,support_band50,0.21052273564610197,0.4151601953632413,0.12227983860087943,0
markov_volatility,81135,filtered_historical,0.04056999287158237,0.11840728047508234,0.19233061093086445,0
markov_volatility,81136,historical_se_penalty,0.036600194183823764,0.0676456052748317,0.2271670812068175,1
markov_volatility,81136,support_mix50,0.05992044191708786,0.10519313874795111,0.13273098857436863,1
markov_volatility,81136,support_band50,0.04253020622302613,0.07549980834660054,0.1494961533027796,1
markov_volatility,81136,filtered_historical,0.18362995351684533,0.34734529499027583,0.29212527734388855,0
markov_volatility,81137,historical_se_penalty,0.13609589337482833,0.25872314573908883,0.33754409249450334,1
markov_volatility,81137,support_mix50,0.03160666722502587,0.08795495560978377,0.2806912523048356,0
markov_volatility,81137,support_band50,0.008183029315002227,0.060719627987525816,0.2502003181608177,0
markov_volatility,81137,filtered_historical,0.035330954642025264,0.10755145514771937,0.3615621230403533,0
markov_volatility,81138,historical_se_penalty,0.15485851277444032,0.26811152009563105,0.1452805869177392,1
markov_volatility,81138,support_mix50,0.22758089433886133,0.4159060190303633,0.14755870835110518,0
markov_volatility,81138,support_band50,0.05787792433086273,0.12902222110081,0.09782292902664091,1
markov_volatility,81138,filtered_historical,0.16899618374473768,0.3730878322548507,0.0893794736745372,0
markov_volatility,81139,historical_se_penalty,0.015224580320442662,0.05824497197791796,0.22023533446812796,1
markov_volatility,81139,support_mix50,0.03406304089774141,0.07034431661318638,0.19077032443862982,1
markov_volatility,81139,support_band50,0.03406304089774141,0.07034431661318644,0.1907703244386298,1
markov_volatility,81139,filtered_historical,0.09722699747580574,0.1568419915260346,0.21543740454807883,1
markov_volatility,81140,historical_se_penalty,0.16716650281479098,0.31549286816451855,0.04949076312536894,1
markov_volatility,81140,support_mix50,0.19249334417303754,0.36039410108369807,0.030223773198818398,0
markov_volatility,81140,support_band50,0.1577471912681196,0.2952764553834558,0.04154279359254072,1
markov_volatility,81140,filtered_historical,0.29168352468878994,0.580177307682367,0.22397001287678348,0
markov_volatility,81141,historical_se_penalty,0.01025629887185538,0.04362444957325442,0.08204294101284222,1
markov_volatility,81141,support_mix50,0.009971927681654643,0.04260880536839426,0.10314234460187215,1
markov_volatility,81141,support_band50,0.009971927681654643,0.04260880536839424,0.10314234460187206,1
markov_volatility,81141,filtered_historical,0.2436270788197557,0.46586612917104653,0.29882595237354326,0
markov_volatility,81142,historical_se_penalty,0.15076246392424314,0.2855972033928051,0.19469008635554866,1
markov_volatility,81142,support_mix50,0.13718336036629025,0.260388756642929,0.21236401815730677,1
markov_volatility,81142,support_band50,0.37302267238926723,0.7024609589654838,0.3939521450859709,1
markov_volatility,81142,filtered_historical,0.49241955975639934,1.0418365456110996,0.32659260389953193,1
markov_volatility,81143,historical_se_penalty,0.22393453152899034,0.4344475193195901,0.09316340878463018,1
markov_volatility,81143,support_mix50,0.2231924177206024,0.4346099767878518,0.07422609214193504,0
markov_volatility,81143,support_band50,0.2715975129356448,0.5224833584104378,0.05503676506368102,0
markov_volatility,81143,filtered_historical,0.3206809342076927,0.6323215054848175,0.07086663654223357,0
markov_volatility,81144,historical_se_penalty,0.08058183610377265,0.1404621608659343,0.09265853421386055,1
markov_volatility,81144,support_mix50,0.07909908447046099,0.13636163287145375,0.08616579230405602,1
markov_volatility,81144,support_band50,0.06858673450946967,0.11652001074567837,0.08885784762866122,1
markov_volatility,81144,filtered_historical,0.1998924731234361,0.3815927426435375,0.08182032540574928,0
markov_volatility,81145,historical_se_penalty,0.33740269362450515,0.6464051180592388,0.08324625220905625,1
markov_volatility,81145,support_mix50,0.3375586693772204,0.6477791404398163,0.10243474994609986,1
markov_volatility,81145,support_band50,0.3375586693772204,0.6477791404398163,0.10243474994609988,1
markov_volatility,81145,filtered_historical,0.39600725488230143,0.7850126831571356,0.13867792007343382,0
markov_volatility,81146,historical_se_penalty,0.3044934834694146,0.5751646846013962,0.0760003068025452,1
markov_volatility,81146,support_mix50,0.2941949490360474,0.5666092225041433,0.0634624305732582,1
markov_volatility,81146,support_band50,0.2941949490360474,0.5666092225041434,0.06346243057325822,1
markov_volatility,81146,filtered_historical,0.3682449018504006,0.6801221724270619,0.12132170065477031,0
markov_volatility,81147,historical_se_penalty,0.17959777837537066,0.36026263666859965,0.04147367610012771,1
markov_volatility,81147,support_mix50,0.22019268376590387,0.4294585296185935,0.06177632941189083,1
markov_volatility,81147,support_band50,0.2201926837659041,0.4294585296185936,0.06177632941189072,1
markov_volatility,81147,filtered_historical,0.2516232417852569,0.4403361414165503,0.1365044094815059,0
markov_volatility,81148,historical_se_penalty,0.09922218344522193,0.19580796580135323,0.07799091745825043,1
markov_volatility,81148,support_mix50,0.09626046391567705,0.1845021529950403,0.08308151853339353,1
markov_volatility,81148,support_band50,0.03579828156077432,0.09673874561312179,0.0708944480131223,1
markov_volatility,81148,filtered_historical,0.1832572228773879,0.35923237136287345,0.23851007235882063,0
markov_volatility,81149,historical_se_penalty,0.01738609942486719,0.076677503038734,0.265838975319407,1
markov_volatility,81149,support_mix50,0.009770932764220273,0.07146773829564045,0.2779203863798483,1
markov_volatility,81149,support_band50,0.00977093276422005,0.07146773829564043,0.2779203863798484,1
markov_volatility,81149,filtered_historical,0.34843109057330907,0.7585735848621448,0.561531524579035,1
markov_volatility,81150,historical_se_penalty,0.14758531355056756,0.27128273988050927,0.1597862445143837,1
markov_volatility,81150,support_mix50,0.1434826313259989,0.26287006200963764,0.1441299219188523,1
markov_volatility,81150,support_band50,0.23828770167124005,0.4478773287371323,0.2094918181920017,1
markov_volatility,81150,filtered_historical,0.8879318559518304,1.8662211790312038,0.43246250223261706,0
markov_volatility,81151,historical_se_penalty,0.20581586765227028,0.40726250273112424,0.14562429174312677,1
markov_volatility,81151,support_mix50,0.2519149590217526,0.4954806194709621,0.18931052728862627,1
markov_volatility,81151,support_band50,0.2519149590217526,0.495480619470962,0.18931052728862618,1
markov_volatility,81151,filtered_historical,0.13861619592412205,0.2826191593372914,0.10704207017613286,1
markov_volatility,81152,historical_se_penalty,0.1505070358335109,0.28394733931588073,0.13969512199968762,1
markov_volatility,81152,support_mix50,0.12755323991049575,0.23273355748198138,0.11257161996191288,1
markov_volatility,81152,support_band50,0.04814391536764809,0.08644218816118052,0.08863489448945922,1
markov_volatility,81152,filtered_historical,0.1747036261217111,0.37408708913817584,0.0889885398009927,0
markov_volatility,81153,historical_se_penalty,0.29446380455510873,0.5743941668672267,0.05792445237116195,1
markov_volatility,81153,support_mix50,0.3053803123366453,0.6004078903423931,0.08230366732285764,1
markov_volatility,81153,support_band50,0.3053803123366453,0.6004078903423931,0.08230366732285767,1
markov_volatility,81153,filtered_historical,0.09061369433981924,0.17587067089620392,0.16175427796107197,0
markov_volatility,81154,historical_se_penalty,0.08047460812426871,0.1563507889274238,0.18192179674980374,1
markov_volatility,81154,support_mix50,0.08335050868487409,0.17292297389648462,0.1923351590702606,0
markov_volatility,81154,support_band50,0.08335050868487409,0.17292297389648462,0.19233515907026077,0
markov_volatility,81154,filtered_historical,0.10227781502059516,0.16470617922446612,0.1439191580673518,0
markov_volatility,81155,historical_se_penalty,0.28897409659567497,0.5637929121305542,0.08646869707040361,1
markov_volatility,81155,support_mix50,0.30973876017021307,0.597356861602707,0.09977845084157438,0
markov_volatility,81155,support_band50,0.30973876017021307,0.5973568616027071,0.09977845084157441,0
markov_volatility,81155,filtered_historical,0.25520045277130454,0.5946266923372239,0.3300527426058752,1
markov_volatility,81156,historical_se_penalty,0.3031164539194173,0.5823452554486205,0.3093735270255813,1
markov_volatility,81156,support_mix50,0.31658265951989606,0.6032969954859045,0.3170295111587076,1
markov_volatility,81156,support_band50,0.41464940939265105,0.7966641904119446,0.34861667981647754,1
markov_volatility,81156,filtered_historical,0.0032762209914269673,0.06350803154898922,0.16825601979415705,1
markov_volatility,81157,historical_se_penalty,0.2166024326854283,0.41108726912896265,0.11323294956480602,1
markov_volatility,81157,support_mix50,0.2378420283438142,0.4391341710780117,0.07081931925091159,0
markov_volatility,81157,support_band50,0.07334084164881091,0.13117372763185112,0.07095088865099644,0
markov_volatility,81157,filtered_historical,0.034943231581715424,0.0898694702590499,0.07420094494222902,1
markov_volatility,81158,historical_se_penalty,0.031231399995291346,0.07176663688650334,0.048111167714562586,1
markov_volatility,81158,support_mix50,0.0636882834142823,0.12129582194535081,0.06087335347763633,0
markov_volatility,81158,support_band50,0.17160587611972283,0.31761967285249404,0.14440370744859832,0
markov_volatility,81158,filtered_historical,0.296400929523786,0.6654293980982837,0.6018206934688592,1
markov_volatility,81159,historical_se_penalty,0.02426431463045038,0.06286496139758417,0.02992095376181112,1
markov_volatility,81159,support_mix50,0.009468684220995923,0.047558953508030716,0.043341224760138984,1
markov_volatility,81159,support_band50,0.009468684220995923,0.04755895350803075,0.04334122476013895,1
markov_volatility,81159,filtered_historical,0.6814603480025369,1.4199590796682173,0.24684033551537923,0
markov_volatility,81160,historical_se_penalty,0.07556129715031322,0.14396455355152257,0.046395031444761876,1
markov_volatility,81160,support_mix50,0.08002069562042317,0.15895083884248298,0.05297591480140228,1
markov_volatility,81160,support_band50,0.0817760585764673,0.1621065535541597,0.052976178794366065,1
markov_volatility,81160,filtered_historical,0.14077760775517956,0.24336909680047336,0.11390845999125794,0
markov_volatility,81161,historical_se_penalty,0.32913009892525313,0.640134245644747,0.08450504732776916,1
markov_volatility,81161,support_mix50,0.32246596859744375,0.62806889079481,0.09605164193340908,0
markov_volatility,81161,support_band50,0.32246596859744375,0.62806889079481,0.09605164193340912,0
markov_volatility,81161,filtered_historical,0.37964660252341914,0.7128954905164878,0.06939275133518201,0
markov_volatility,81162,historical_se_penalty,0.3421968054930014,0.6596029579105173,0.05223386513623603,1
markov_volatility,81162,support_mix50,0.313945815987072,0.6062014839307457,0.05942641815873868,1
markov_volatility,81162,support_band50,0.313945815987072,0.6062014839307457,0.05942641815873868,1
markov_volatility,81162,filtered_historical,0.39444075183895383,0.7500624149424951,0.09178473117529337,1
markov_volatility,81163,historical_se_penalty,0.1452032394462901,0.31301866714155724,0.07075418156039323,1
markov_volatility,81163,support_mix50,0.1407078545396813,0.2928423236623364,0.0921934116238905,1
markov_volatility,81163,support_band50,0.1407078545396813,0.2928423236623365,0.09219341162389047,1
markov_volatility,81163,filtered_historical,0.2463790836873072,0.4894920170807281,0.10750193289886321,0
markov_volatility,81164,historical_se_penalty,0.1958703462865418,0.347800261142115,0.18298092298793958,1
markov_volatility,81164,support_mix50,0.24085416106811752,0.43267536718727545,0.29540729423265216,1
markov_volatility,81164,support_band50,0.11741493111427659,0.1928419162123816,0.1902172097873628,1
markov_volatility,81164,filtered_historical,0.2939793674473214,0.5928435714706526,0.13513254444839604,1
markov_volatility,81165,historical_se_penalty,0.03264007693885985,0.08556947086205707,0.08540166255864037,1
markov_volatility,81165,support_mix50,0.03401046451447449,0.09376083105350254,0.1073101059517874,1
markov_volatility,81165,support_band50,0.15411978047585695,0.3120978557473234,0.0534718349349434,0
markov_volatility,81165,filtered_historical,0.13236639505929015,0.2798844517300392,0.10741118737155442,1
markov_volatility,81166,historical_se_penalty,0.17345717804468744,0.3036772157306063,0.03447854908715907,1
markov_volatility,81166,support_mix50,0.1789061796065654,0.31380340189454753,0.04554987233815148,0
markov_volatility,81166,support_band50,0.13484469014361106,0.23139544679232374,0.046484635206398894,0
markov_volatility,81166,filtered_historical,0.25704222911987507,0.4552877810364473,0.07162306816810146,0
markov_volatility,81167,historical_se_penalty,0.035615101335795304,0.08089261027838113,0.05701943602990334,1
markov_volatility,81167,support_mix50,0.022362031831756533,0.05384526545089493,0.04595783662480772,1
markov_volatility,81167,support_band50,0.022362031831756533,0.053845265450894984,0.04595783662480765,1
markov_volatility,81167,filtered_historical,0.1685042178671245,0.34929249314893374,0.1815040820848344,0
markov_volatility,81168,historical_se_penalty,0.18000420871549447,0.3285426905278123,0.03829016324688534,1
markov_volatility,81168,support_mix50,0.12580714892344236,0.2430277669318249,0.07115281886738896,1
markov_volatility,81168,support_band50,0.12580714892344247,0.24302776693182498,0.07115281886738888,1
markov_volatility,81168,filtered_historical,0.33494280796673015,0.6189189437479338,0.12340542072999314,0
markov_volatility,81169,historical_se_penalty,0.186059447022017,0.34859253878212537,0.13155221049026108,1
markov_volatility,81169,support_mix50,0.19760398854325112,0.3720937990786513,0.09758752562860755,0
markov_volatility,81169,support_band50,0.11358301626851103,0.2065058451660042,0.07888710622849426,1
markov_volatility,81169,filtered_historical,0.19855203166681437,0.4167262264094633,0.3428390701358999,0
markov_volatility,81170,historical_se_penalty,0.177860599004156,0.3491743675144836,0.08323464694797361,1
markov_volatility,81170,support_mix50,0.1954550220021714,0.39442507302524654,0.09663909562304941,0
markov_volatility,81170,support_band50,0.1954550220021714,0.3944250730252466,0.0966390956230494,0
markov_volatility,81170,filtered_historical,0.29691351295903595,0.6045668294180567,0.1268734435967138,0
markov_volatility,81171,historical_se_penalty,0.14404440446476766,0.25178842455327455,0.10509498880210537,1
markov_volatility,81171,support_mix50,0.06623066499579736,0.12053385551258657,0.1919406310310004,1
markov_volatility,81171,support_band50,0.19970982505027512,0.3687511916541783,0.059400355980527966,1
markov_volatility,81171,filtered_historical,0.15974971571126245,0.2877664285160775,0.16037833639059684,1
markov_volatility,81172,historical_se_penalty,0.022363636774893506,0.08148874603067574,0.15137460681225126,1
markov_volatility,81172,support_mix50,0.03956540303480652,0.09979964183018178,0.10343202297023268,1
markov_volatility,81172,support_band50,0.03956540303480652,0.09979964183018185,0.10343202297023259,1
markov_volatility,81172,filtered_historical,0.20768335573949187,0.4168691044522874,0.0778935674318496,0
markov_volatility,81173,historical_se_penalty,0.06829885023522442,0.1285529267665574,0.05098607763173967,1
markov_volatility,81173,support_mix50,0.08636809865910411,0.15877194965533242,0.03372091724635573,1
markov_volatility,81173,support_band50,0.11396954484832274,0.20901106212040546,0.031663468759522057,1
markov_volatility,81173,filtered_historical,0.23741083304636396,0.422846691098198,0.0611383709034214,0
markov_volatility,81174,historical_se_penalty,0.28622138699910393,0.5668613782702948,0.18799756085929717,1
markov_volatility,81174,support_mix50,0.2867941173924406,0.5696610248291786,0.1803457976672967,1
markov_volatility,81174,support_band50,0.5807705125944586,1.1297512258678002,0.4628923296029792,1
markov_volatility,81174,filtered_historical,0.005059338753763816,0.15393112169865733,0.2473620313296119,0
markov_volatility,81175,historical_se_penalty,0.026576606796769785,0.07933315181230823,0.15255071460918218,1
markov_volatility,81175,support_mix50,0.05013505806372946,0.10820759753900551,0.13597930881544337,1
markov_volatility,81175,support_band50,0.05013505806372946,0.10820759753900556,0.13597930881544332,1
markov_volatility,81175,filtered_historical,0.2126999294258173,0.3832904660479151,0.2085682565402546,0
markov_volatility,81176,historical_se_penalty,0.002291193497265101,0.05034080955428598,0.11305590850242475,1
markov_volatility,81176,support_mix50,0.013463948220653874,0.06005190203483953,0.1516823284466645,1
markov_volatility,81176,support_band50,0.013463948220653874,0.060051902034839504,0.15168232844666463,1
markov_volatility,81176,filtered_historical,0.1863297651931369,0.3598740039201923,0.0897558878119165,1
markov_volatility,81177,historical_se_penalty,0.08636078143833845,0.1813740381062154,0.10016009651016791,1
markov_volatility,81177,support_mix50,0.09311307904706777,0.1915733893273173,0.105969457078703,1
markov_volatility,81177,support_band50,0.24016031567994628,0.4666125935168109,0.0501394065485331,0
markov_volatility,81177,filtered_historical,0.27604086808920836,0.5352981633960652,0.31220909691209153,0
markov_volatility,81178,historical_se_penalty,0.21459138773506967,0.41332840545332333,0.3019754632307265,1
markov_volatility,81178,support_mix50,0.18820551340392247,0.35412796158515447,0.24952667952917,1
markov_volatility,81178,support_band50,0.18820551340392247,0.3541279615851544,0.24952667952917015,1
markov_volatility,81178,filtered_historical,0.08139617559405357,0.13864788326473798,0.12430365939868522,1
markov_volatility,81179,historical_se_penalty,0.12037975919246532,0.22244897784287537,0.04407375597937495,1
markov_volatility,81179,support_mix50,0.07758896259818927,0.15296806829304221,0.07374560188797522,1
markov_volatility,81179,support_band50,0.07758896259818927,0.15296806829304224,0.07374560188797516,1
markov_volatility,81179,filtered_historical,0.33175509107426926,0.6396120040664015,0.039003701235903125,0
markov_volatility,81180,historical_se_penalty,0.063584733493605,0.09695892158315382,0.17522181990984265,1
markov_volatility,81180,support_mix50,0.005136043226561174,0.07220010912687484,0.250018929356178,1
markov_volatility,81180,support_band50,0.06449055097400119,0.1087740156676182,0.16929312200919985,1
markov_volatility,81180,filtered_historical,0.17047432842641486,0.31551651098091715,0.165384236297936,0
markov_volatility,81181,historical_se_penalty,0.3116114078646572,0.5750935309304689,0.23666564407606547,1
markov_volatility,81181,support_mix50,0.211575863356838,0.3895561112099714,0.1363285872682593,0
markov_volatility,81181,support_band50,0.211575863356838,0.3895561112099713,0.1363285872682592,0
markov_volatility,81181,filtered_historical,0.16572470423664026,0.32855947652716094,0.15069464252054068,0
markov_volatility,81182,historical_se_penalty,0.41150800129766973,0.7916802631973423,0.21689601292880545,1
markov_volatility,81182,support_mix50,0.4415854018083491,0.8497222351391899,0.21713323827186143,1
markov_volatility,81182,support_band50,0.48613270969426975,0.9389732913205066,0.2283902080419868,1
markov_volatility,81182,filtered_historical,0.7799015296275964,1.630362834166989,0.1634959315639807,0
markov_volatility,81183,historical_se_penalty,0.14382193368452117,0.28492385161746997,0.041737229347420704,1
markov_volatility,81183,support_mix50,0.11353234277400544,0.23022067529186652,0.03610266996480403,0
markov_volatility,81183,support_band50,0.11353234277400566,0.23022067529186663,0.03610266996480403,0
markov_volatility,81183,filtered_historical,0.3286833720238612,0.6571624423250961,0.07615829326706744,1
markov_volatility,81184,historical_se_penalty,0.01840952640757918,0.06794500278652792,0.16611651162502156,1
markov_volatility,81184,support_mix50,0.023342046544169003,0.0635033203237586,0.11793244428030704,0
markov_volatility,81184,support_band50,0.023342046544169003,0.06350332032375859,0.117932444280307,0
markov_volatility,81184,filtered_historical,0.08976632874433031,0.2038431174488639,0.14972467693388894,0
markov_volatility,81185,historical_se_penalty,0.28929102560723075,0.5217201207981252,0.13655461429842417,1
markov_volatility,81185,support_mix50,0.29374997407952586,0.5460669586387465,0.15687616971895127,1
markov_volatility,81185,support_band50,0.1918000573654189,0.3537574513011891,0.10794742721836717,1
markov_volatility,81185,filtered_historical,0.46865973586220727,0.9408033194404002,0.20601229983643496,0
markov_volatility,81186,historical_se_penalty,0.022404730499804133,0.051864806207747985,0.026963757762985256,1
markov_volatility,81186,support_mix50,0.03483141330919688,0.07238200642756255,0.07646448410065546,0
markov_volatility,81186,support_band50,0.09976602524699123,0.19158219267142054,0.11533918828179653,0
markov_volatility,81186,filtered_historical,0.331332926822885,0.6539432874587278,0.17343749076524603,0
markov_volatility,81187,historical_se_penalty,0.054266430033189,0.11471577766072545,0.1164357603034642,1
markov_volatility,81187,support_mix50,0.07347727401458257,0.14060732148881352,0.14521798959436555,0
markov_volatility,81187,support_band50,0.15082386707111686,0.286518616997478,0.07358906260898311,0
markov_volatility,81187,filtered_historical,0.35270723886893923,0.6896704938829543,0.2365137707810385,0
markov_volatility,81188,historical_se_penalty,0.029917486113840677,0.07462331601694193,0.055105702804366045,1
markov_volatility,81188,support_mix50,0.07341723938576045,0.14745819891579434,0.10093612500807901,0
markov_volatility,81188,support_band50,0.12846259513747013,0.2345736239924805,0.11236588593231725,0
markov_volatility,81188,filtered_historical,0.1769501671093165,0.35002809047703604,0.18544995761468017,0
markov_volatility,81189,historical_se_penalty,0.05149719359008858,0.09471132830711795,0.040350025203002564,1
markov_volatility,81189,support_mix50,0.10743242408846539,0.1858551923437457,0.059437814751569396,1
markov_volatility,81189,support_band50,0.10743242408846539,0.18585519234374578,0.059437814751569444,1
markov_volatility,81189,filtered_historical,0.2456735901538871,0.47781706183613865,0.08637016438994685,0
markov_volatility,81190,historical_se_penalty,0.0850034506771269,0.16978105892868567,0.05602572914494913,1
markov_volatility,81190,support_mix50,9.443359247592658e-05,0.07062018132887901,0.07085076077204049,0
markov_volatility,81190,support_band50,0.047091062543912945,0.10538333643599633,0.0759580358414577,0
markov_volatility,81190,filtered_historical,0.3793160658714551,0.7472093958247435,0.1722532038724574,0
markov_volatility,81191,historical_se_penalty,0.32123960882784963,0.6306264992334912,0.24854973853123338,1
markov_volatility,81191,support_mix50,0.31635627210643996,0.6059600210817921,0.23598298587164274,1
markov_volatility,81191,support_band50,0.31635627210643996,0.6059600210817921,0.23598298587164265,1
markov_volatility,81191,filtered_historical,0.34221546995583646,0.7845329909780848,0.6126635464761212,1
markov_volatility,81192,historical_se_penalty,0.12832285004969857,0.2477537193104222,0.05979725815135116,1
markov_volatility,81192,support_mix50,0.1421297043259475,0.2642035554006391,0.06426300909220552,0
markov_volatility,81192,support_band50,0.1421297043259475,0.26420355540063917,0.06426300909220549,0
markov_volatility,81192,filtered_historical,0.18719480747770748,0.34866797853357623,0.07264986596180836,0
markov_volatility,81193,historical_se_penalty,0.21974167611651876,0.41719238380107215,0.047844289216592034,1
markov_volatility,81193,support_mix50,0.17015829805507365,0.33883782005687835,0.036617567549856296,1
markov_volatility,81193,support_band50,0.24447871057205037,0.47829814085098304,0.05263706874377642,1
markov_volatility,81193,filtered_historical,0.34001180285631194,0.6764890619764728,0.11866535005807316,0
markov_volatility,81194,historical_se_penalty,0.08492169091839903,0.1690447891940744,0.039252959272186916,1
markov_volatility,81194,support_mix50,0.0771938966213289,0.17476465357675122,0.04388935727360823,0
markov_volatility,81194,support_band50,0.06687311912331591,0.15524709511513352,0.04757730369794148,1
markov_volatility,81194,filtered_historical,0.3624320253817817,0.6885836869536124,0.15780537248679047,0
markov_volatility,81195,historical_se_penalty,0.03436034462651889,0.07351391501238308,0.05540855380649449,1
markov_volatility,81195,support_mix50,0.052658586457798626,0.11803573202124192,0.05551413742246976,0
markov_volatility,81195,support_band50,0.05140335852061695,0.11586207277976611,0.05567032662609376,0
markov_volatility,81195,filtered_historical,0.07223948566189292,0.14849999185679424,0.06109473509696858,0
markov_volatility,81196,historical_se_penalty,0.2459140526655686,0.46588396998609843,0.08246892677642075,1
markov_volatility,81196,support_mix50,0.22280915059293283,0.41997325687143133,0.07824668262049184,0
markov_volatility,81196,support_band50,0.2804170309160468,0.5341776253253245,0.0811336856145579,0
markov_volatility,81196,filtered_historical,0.9071788368885807,1.90298268226142,0.21151664285347013,0
markov_volatility,81197,historical_se_penalty,0.09968370198232855,0.19790776314348762,0.06388729310055112,1
markov_volatility,81197,support_mix50,0.11335468396587978,0.22218580399138368,0.07935468319528256,1
markov_volatility,81197,support_band50,0.11335468396587978,0.22218580399138357,0.07935468319528263,1
markov_volatility,81197,filtered_historical,0.6433366676690271,1.3959661605250386,0.21555737179467332,0
markov_volatility,81198,historical_se_penalty,0.11311086384430273,0.2154279757661456,0.03372820108344092,1
markov_volatility,81198,support_mix50,0.11070305110930083,0.21875692104030398,0.03178264415338518,0
markov_volatility,81198,support_band50,0.11070305110930083,0.21875692104030406,0.03178264415338519,0
markov_volatility,81198,filtered_historical,0.3001713274931045,0.5842221579717601,0.052769865200582036,0
markov_volatility,81199,historical_se_penalty,0.19794128104705697,0.37667759296379144,0.46952858590187435,1
markov_volatility,81199,support_mix50,0.16602155244932412,0.32210411969782105,0.41824456820825284,1
markov_volatility,81199,support_band50,0.17093078599445943,0.3319397371194294,0.4232402105689512,1
markov_volatility,81199,filtered_historical,0.3764226791570974,0.7635003523116229,0.7464172167809973,0
