baseline,ci_high,ci_low,mean,method,metric,n_clusters,period,policy,primary,status,target,world
raw,-0.0024537695092926265,-0.05907236400650837,-0.030966113214970364,ar_gaussian,signed_relative_error,32,all,full512,False,COMPLETE,conditional,ar1_stationary
raw,-0.046760614812041766,-0.06582446163823338,-0.05629616614043647,ar_gaussian,squared_relative_error,32,all,full512,False,COMPLETE,conditional,ar1_stationary
raw,0.09059920873795066,0.00742017298809215,0.0485073709760154,ar_gaussian,signed_relative_error,32,all,full512,False,COMPLETE,marginal,ar1_stationary
raw,0.16072452668211856,0.0818808367015273,0.11968190946330776,ar_gaussian,squared_relative_error,32,all,full512,False,COMPLETE,marginal,ar1_stationary
iid_oic,-0.037990666247743006,-0.09696446129786176,-0.06764063073937356,ar_gaussian,signed_relative_error,32,all,full512,False,COMPLETE,conditional,ar1_stationary
iid_oic,-0.054445184022122756,-0.07275199142226296,-0.06356937982574887,ar_gaussian,squared_relative_error,32,all,full512,True,COMPLETE,conditional,ar1_stationary
iid_oic,0.056929925551645694,-0.02607816043372209,0.015114253462332979,ar_gaussian,signed_relative_error,32,all,full512,False,COMPLETE,marginal,ar1_stationary
iid_oic,0.16365706044354747,0.08512475682912095,0.1228806245370189,ar_gaussian,squared_relative_error,32,all,full512,False,COMPLETE,marginal,ar1_stationary
raw,0.06309313995330955,0.05523098759574786,0.05913547268952213,block_bootstrap,signed_relative_error,32,all,full512,False,COMPLETE,conditional,ar1_stationary
raw,0.017146655609138677,0.009611003010937823,0.013365543943668358,block_bootstrap,squared_relative_error,32,all,full512,False,COMPLETE,conditional,ar1_stationary
raw,0.057445693261342703,0.05071892238502083,0.054025466551244405,block_bootstrap,signed_relative_error,32,all,full512,False,COMPLETE,marginal,ar1_stationary
raw,-0.0018146498830364695,-0.0053155984178232,-0.0036413353593796986,block_bootstrap,squared_relative_error,32,all,full512,False,COMPLETE,marginal,ar1_stationary
iid_oic,0.025282939748767334,0.01980478830374753,0.02246095516511894,block_bootstrap,signed_relative_error,32,all,full512,False,COMPLETE,conditional,ar1_stationary
iid_oic,0.008166094185004814,0.004086355713231264,0.006092330258355955,block_bootstrap,squared_relative_error,32,all,full512,False,COMPLETE,conditional,ar1_stationary
iid_oic,0.023080346162782015,0.0182614588699692,0.020632349037561986,block_bootstrap,signed_relative_error,32,all,full512,False,COMPLETE,marginal,ar1_stationary
iid_oic,0.00035405032292241555,-0.0011742571456969117,-0.00044262028566856727,block_bootstrap,squared_relative_error,32,all,full512,False,COMPLETE,marginal,ar1_stationary
raw,0.10024626722074548,0.05381844520873773,0.07621370845135858,ewma_gaussian,signed_relative_error,32,all,full512,False,COMPLETE,conditional,ar1_stationary
raw,0.1338145944000642,0.04187272914730343,0.08256493903030189,ewma_gaussian,squared_relative_error,32,all,full512,False,COMPLETE,conditional,ar1_stationary
raw,0.09138257990374792,0.05271374818788424,0.07162462474145151,ewma_gaussian,signed_relative_error,32,all,full512,False,COMPLETE,marginal,ar1_stationary
raw,0.055020368351107275,0.024667821033195318,0.03916252045914233,ewma_gaussian,squared_relative_error,32,all,full512,False,COMPLETE,marginal,ar1_stationary
iid_oic,0.06314319338644699,0.017585916500548842,0.03953919092695538,ewma_gaussian,signed_relative_error,32,all,full512,False,COMPLETE,conditional,ar1_stationary
iid_oic,0.1256513223848286,0.03549729847283446,0.07529172534498949,ewma_gaussian,squared_relative_error,32,all,full512,False,COMPLETE,conditional,ar1_stationary
iid_oic,0.057413202134859356,0.019707753310748415,0.03823150722776908,ewma_gaussian,signed_relative_error,32,all,full512,False,COMPLETE,marginal,ar1_stationary
iid_oic,0.058365477922600766,0.027846680432809738,0.04236123553285346,ewma_gaussian,squared_relative_error,32,all,full512,False,COMPLETE,marginal,ar1_stationary
raw,0.05087053334139502,0.033422437009322896,0.04197997820935959,gaussian_iid,signed_relative_error,32,all,full512,False,COMPLETE,conditional,ar1_stationary
raw,0.010961418610095995,0.004729566271141062,0.007625772279489362,gaussian_iid,squared_relative_error,32,all,full512,False,COMPLETE,conditional,ar1_stationary
raw,0.04597406287568954,0.030712687408879794,0.038315498068197784,gaussian_iid,signed_relative_error,32,all,full512,False,COMPLETE,marginal,ar1_stationary
raw,-0.002522218774533366,-0.005317975509166737,-0.003883992672314331,gaussian_iid,squared_relative_error,32,all,full512,False,COMPLETE,marginal,ar1_stationary
iid_oic,0.014552364177667088,-0.0037980941824044398,0.005305460684956402,gaussian_iid,signed_relative_error,32,all,full512,False,COMPLETE,conditional,ar1_stationary
iid_oic,0.0033139765665510155,-0.0024712857702833112,0.00035255859417695904,gaussian_iid,squared_relative_error,32,all,full512,False,COMPLETE,conditional,ar1_stationary
iid_oic,0.012894247526923952,-0.003011182145587569,0.004922380554515368,gaussian_iid,signed_relative_error,32,all,full512,False,COMPLETE,marginal,ar1_stationary
iid_oic,0.0003651533411874524,-0.0018138670314476746,-0.0006852775986032003,gaussian_iid,squared_relative_error,32,all,full512,False,COMPLETE,marginal,ar1_stationary
raw,0.06134444879813491,0.05384559212442386,0.05763446958221355,hac,signed_relative_error,32,all,full512,False,COMPLETE,conditional,ar1_stationary
raw,0.016431367121198078,0.009628603491321823,0.01309659485444976,hac,squared_relative_error,32,all,full512,False,COMPLETE,conditional,ar1_stationary
raw,0.05530980138844806,0.04951169857095262,0.05246283878170016,hac,signed_relative_error,32,all,full512,False,COMPLETE,marginal,ar1_stationary
raw,-0.0019750746475424874,-0.005277685473022917,-0.003691713018563133,hac,squared_relative_error,32,all,full512,False,COMPLETE,marginal,ar1_stationary
iid_oic,0.022886960358410972,0.018981523616567277,0.020959952057810358,hac,signed_relative_error,32,all,full512,False,COMPLETE,conditional,ar1_stationary
iid_oic,0.007244254333478105,0.004377431005061498,0.005823381169137358,hac,squared_relative_error,32,all,full512,False,COMPLETE,conditional,ar1_stationary
iid_oic,0.020657047816524658,0.017438107627999216,0.019069721268017738,hac,signed_relative_error,32,all,full512,False,COMPLETE,marginal,ar1_stationary
iid_oic,0.00016450308426674992,-0.0011009426430200087,-0.0004929979448520017,hac,squared_relative_error,32,all,full512,False,COMPLETE,marginal,ar1_stationary
raw,0.03903016078876046,0.03437983593622833,0.03667451752440319,iid_oic,signed_relative_error,32,all,full512,False,COMPLETE,conditional,ar1_stationary
raw,0.009316321445645934,0.005179509214437664,0.007273213685312403,iid_oic,squared_relative_error,32,all,full512,False,COMPLETE,conditional,ar1_stationary
raw,0.03530692722422106,0.03154252501598315,0.033393117513682416,iid_oic,signed_relative_error,32,all,full512,False,COMPLETE,marginal,ar1_stationary
raw,-0.002121542340292932,-0.004218407606925,-0.0031987150737111314,iid_oic,squared_relative_error,32,all,full512,False,COMPLETE,marginal,ar1_stationary
iid_oic,-0.03437983593622833,-0.03903016078876046,-0.03667451752440319,raw,signed_relative_error,32,all,full512,False,COMPLETE,conditional,ar1_stationary
iid_oic,-0.005179509214437664,-0.009316321445645936,-0.007273213685312403,raw,squared_relative_error,32,all,full512,False,COMPLETE,conditional,ar1_stationary
iid_oic,-0.03154252501598315,-0.03530692722422106,-0.033393117513682416,raw,signed_relative_error,32,all,full512,False,COMPLETE,marginal,ar1_stationary
iid_oic,0.004218407606924999,0.002121542340292931,0.0031987150737111314,raw,squared_relative_error,32,all,full512,False,COMPLETE,marginal,ar1_stationary
raw,0.02379903180773625,-0.05110689399738265,-0.01374044091890037,ar_gaussian,signed_relative_error,32,before,full512,False,COMPLETE,conditional,ar1_stationary
raw,-0.046193079647698546,-0.07314620157942718,-0.05901398054375693,ar_gaussian,squared_relative_error,32,before,full512,False,COMPLETE,conditional,ar1_stationary
raw,0.12388666790400162,0.012860164029180467,0.06755321682555974,ar_gaussian,signed_relative_error,32,before,full512,False,COMPLETE,marginal,ar1_stationary
raw,0.17714909229528972,0.0671755967526088,0.11750353273567649,ar_gaussian,squared_relative_error,32,before,full512,False,COMPLETE,marginal,ar1_stationary
iid_oic,-0.010290867414542073,-0.08873199363073717,-0.04947380420672666,ar_gaussian,signed_relative_error,32,before,full512,False,COMPLETE,conditional,ar1_stationary
iid_oic,-0.05253019659640483,-0.07895470260978245,-0.0652481300459872,ar_gaussian,squared_relative_error,32,before,full512,False,COMPLETE,conditional,ar1_stationary
iid_oic,0.09097613978714028,-0.02004607805596914,0.03465018874968916,ar_gaussian,signed_relative_error,32,before,full512,False,COMPLETE,marginal,ar1_stationary
iid_oic,0.18064834118618836,0.07077081193397046,0.12096053986607001,ar_gaussian,squared_relative_error,32,before,full512,False,COMPLETE,marginal,ar1_stationary
raw,0.061973786906837754,0.05228900044057266,0.05684145618988008,block_bootstrap,signed_relative_error,32,before,full512,False,COMPLETE,conditional,ar1_stationary
raw,0.01623333729738193,0.006207575440370642,0.011034474421610818,block_bootstrap,squared_relative_error,32,before,full512,False,COMPLETE,conditional,ar1_stationary
raw,0.0568252708451147,0.048758919371737465,0.05272905538763742,block_bootstrap,signed_relative_error,32,before,full512,False,COMPLETE,marginal,ar1_stationary
raw,-0.002200716742035579,-0.005808122469781102,-0.004019007910447835,block_bootstrap,squared_relative_error,32,before,full512,False,COMPLETE,marginal,ar1_stationary
iid_oic,0.024954717018152706,0.017552158372785436,0.021108092902053795,block_bootstrap,signed_relative_error,32,before,full512,False,COMPLETE,conditional,ar1_stationary
iid_oic,0.007538339353655734,0.0023723780530084835,0.004800324919380545,block_bootstrap,squared_relative_error,32,before,full512,False,COMPLETE,conditional,ar1_stationary
iid_oic,0.023282724090794467,0.016555356520165113,0.019826027311766838,block_bootstrap,signed_relative_error,32,before,full512,False,COMPLETE,marginal,ar1_stationary
iid_oic,0.0002689322020787691,-0.0013309960804276683,-0.0005620007800543098,block_bootstrap,squared_relative_error,32,before,full512,False,COMPLETE,marginal,ar1_stationary
raw,0.12762409813122247,0.05140440614693172,0.08908826205861667,ewma_gaussian,signed_relative_error,32,before,full512,False,COMPLETE,conditional,ar1_stationary
raw,0.1303603856156022,0.026551902723690686,0.07207764903942314,ewma_gaussian,squared_relative_error,32,before,full512,False,COMPLETE,conditional,ar1_stationary
raw,0.11939052535396046,0.05331139126963143,0.08651024768234725,ewma_gaussian,signed_relative_error,32,before,full512,False,COMPLETE,marginal,ar1_stationary
raw,0.05549616865967042,0.019187007628539053,0.035072117126986255,ewma_gaussian,squared_relative_error,32,before,full512,False,COMPLETE,marginal,ar1_stationary
iid_oic,0.09216377335529251,0.015248440274163116,0.053354898770790374,ewma_gaussian,signed_relative_error,32,before,full512,False,COMPLETE,conditional,ar1_stationary
iid_oic,0.12327649546626968,0.020768199708000132,0.06584349953719287,ewma_gaussian,squared_relative_error,32,before,full512,False,COMPLETE,conditional,ar1_stationary
iid_oic,0.08654945377480062,0.02028896909096144,0.05360721960647667,ewma_gaussian,signed_relative_error,32,before,full512,False,COMPLETE,marginal,ar1_stationary
iid_oic,0.05886203193109959,0.022745670100043275,0.03852912425737977,ewma_gaussian,squared_relative_error,32,before,full512,False,COMPLETE,marginal,ar1_stationary
raw,0.05749588075256278,0.031188481480595484,0.044034228577777966,gaussian_iid,signed_relative_error,32,before,full512,False,COMPLETE,conditional,ar1_stationary
raw,0.010848472985939737,0.0014156836824810177,0.005805675041018055,gaussian_iid,squared_relative_error,32,before,full512,False,COMPLETE,conditional,ar1_stationary
raw,0.05283999820065873,0.029740997292178353,0.041288553720842114,gaussian_iid,signed_relative_error,32,before,full512,False,COMPLETE,marginal,ar1_stationary
raw,-0.0022808527176678204,-0.006661929341014203,-0.0042414577753488196,gaussian_iid,squared_relative_error,32,before,full512,False,COMPLETE,marginal,ar1_stationary
iid_oic,0.02299168948301922,-0.005813830603882242,0.008300865289951678,gaussian_iid,signed_relative_error,32,before,full512,False,COMPLETE,conditional,ar1_stationary
iid_oic,0.0043549939120812176,-0.004955852196847064,-0.00042847446121221727,gaussian_iid,squared_relative_error,32,before,full512,False,COMPLETE,conditional,ar1_stationary
iid_oic,0.021181194639405924,-0.004076694333870774,0.008385525644971529,gaussian_iid,signed_relative_error,32,before,full512,False,COMPLETE,marginal,ar1_stationary
iid_oic,0.0008571763447425447,-0.0026857079921754658,-0.0007844506449552943,gaussian_iid,squared_relative_error,32,before,full512,False,COMPLETE,marginal,ar1_stationary
raw,0.059443696019209916,0.05132564654835993,0.055252370247850985,hac,signed_relative_error,32,before,full512,False,COMPLETE,conditional,ar1_stationary
raw,0.015488402667749512,0.00668450472203419,0.010987897477097526,hac,squared_relative_error,32,before,full512,False,COMPLETE,conditional,ar1_stationary
raw,0.054283317560834814,0.047667646872677834,0.0509241777456128,hac,signed_relative_error,32,before,full512,False,COMPLETE,marginal,ar1_stationary
raw,-0.0025225267548373525,-0.005805431034720977,-0.00416909728691163,hac,squared_relative_error,32,before,full512,False,COMPLETE,marginal,ar1_stationary
iid_oic,0.021715409696227927,0.017454064765357567,0.019519006960024697,hac,signed_relative_error,32,before,full512,False,COMPLETE,conditional,ar1_stationary
iid_oic,0.006524824290582319,0.003102817385573685,0.004753747974867254,hac,squared_relative_error,32,before,full512,False,COMPLETE,conditional,ar1_stationary
iid_oic,0.0199139895934799,0.016166666656452312,0.01802114966974222,hac,signed_relative_error,32,before,full512,False,COMPLETE,marginal,ar1_stationary
iid_oic,-8.385881379965558e-05,-0.001300788012382014,-0.0007120901565181041,hac,squared_relative_error,32,before,full512,False,COMPLETE,marginal,ar1_stationary
raw,0.0382720998134135,0.03331209201548707,0.035733363287826295,iid_oic,signed_relative_error,32,before,full512,False,COMPLETE,conditional,ar1_stationary
raw,0.00907866209244408,0.0035074517984217193,0.006234149502230273,iid_oic,squared_relative_error,32,before,full512,False,COMPLETE,conditional,ar1_stationary
raw,0.034872925174244826,0.030961918494036848,0.03290302807587058,iid_oic,signed_relative_error,32,before,full512,False,COMPLETE,marginal,ar1_stationary
raw,-0.0023892261362025457,-0.004558214410972938,-0.0034570071303935256,iid_oic,squared_relative_error,32,before,full512,False,COMPLETE,marginal,ar1_stationary
iid_oic,-0.03331209201548707,-0.0382720998134135,-0.035733363287826295,raw,signed_relative_error,32,before,full512,False,COMPLETE,conditional,ar1_stationary
iid_oic,-0.00350745179842172,-0.009078662092444081,-0.006234149502230273,raw,squared_relative_error,32,before,full512,False,COMPLETE,conditional,ar1_stationary
iid_oic,-0.03096191849403685,-0.034872925174244826,-0.03290302807587058,raw,signed_relative_error,32,before,full512,False,COMPLETE,marginal,ar1_stationary
iid_oic,0.004558214410972937,0.0023892261362025457,0.0034570071303935256,raw,squared_relative_error,32,before,full512,False,COMPLETE,marginal,ar1_stationary
raw,-0.004894322336287217,-0.08805038563733439,-0.04819178551104035,ar_gaussian,signed_relative_error,32,after,full512,False,COMPLETE,conditional,ar1_stationary
raw,-0.03954590371523341,-0.06896389988256334,-0.053578351737116,ar_gaussian,squared_relative_error,32,after,full512,False,COMPLETE,conditional,ar1_stationary
raw,0.09921979555330102,-0.03310825417802402,0.029461525126471048,ar_gaussian,signed_relative_error,32,after,full512,False,COMPLETE,marginal,ar1_stationary
raw,0.19243831425750324,0.06315344403942673,0.12186028619093903,ar_gaussian,squared_relative_error,32,after,full512,False,COMPLETE,marginal,ar1_stationary
iid_oic,-0.04079272772312354,-0.12711993541229225,-0.08580745727202044,ar_gaussian,signed_relative_error,32,after,full512,False,COMPLETE,conditional,ar1_stationary
iid_oic,-0.048709583961703634,-0.07641939909537647,-0.06189062960551054,ar_gaussian,squared_relative_error,32,after,full512,False,COMPLETE,conditional,ar1_stationary
iid_oic,0.06552567507392995,-0.06691802783053574,-0.004421681825023217,ar_gaussian,signed_relative_error,32,after,full512,False,COMPLETE,marginal,ar1_stationary
iid_oic,0.19481181854780277,0.06632909642632757,0.12480070920796776,ar_gaussian,squared_relative_error,32,after,full512,False,COMPLETE,marginal,ar1_stationary
raw,0.06778416118486506,0.05547358307023076,0.06142948918916419,block_bootstrap,signed_relative_error,32,after,full512,False,COMPLETE,conditional,ar1_stationary
raw,0.021023241275798885,0.010575420608884762,0.015696613465725893,block_bootstrap,squared_relative_error,32,after,full512,False,COMPLETE,conditional,ar1_stationary
raw,0.06067990855756957,0.05021478366626277,0.055321877714851406,block_bootstrap,signed_relative_error,32,after,full512,False,COMPLETE,marginal,ar1_stationary
raw,-0.0009101190922263225,-0.005455439903277284,-0.0032636628083115623,block_bootstrap,squared_relative_error,32,after,full512,False,COMPLETE,marginal,ar1_stationary
iid_oic,0.028170015780664043,0.01961722335421592,0.023813817428184093,block_bootstrap,signed_relative_error,32,after,full512,False,COMPLETE,conditional,ar1_stationary
iid_oic,0.010439895852489441,0.0046593822410084425,0.007384335597331362,block_bootstrap,squared_relative_error,32,after,full512,False,COMPLETE,conditional,ar1_stationary
iid_oic,0.025111048368634967,0.017771499109307084,0.021438670763357134,block_bootstrap,signed_relative_error,32,after,full512,False,COMPLETE,marginal,ar1_stationary
iid_oic,0.0007090274971119177,-0.001321131128878607,-0.000323239791282825,block_bootstrap,squared_relative_error,32,after,full512,False,COMPLETE,marginal,ar1_stationary
raw,0.10966389097557426,0.023399159606740674,0.06333915484410049,ewma_gaussian,signed_relative_error,32,after,full512,False,COMPLETE,conditional,ar1_stationary
raw,0.18235350633735573,0.031522831049184664,0.09305222902118063,ewma_gaussian,squared_relative_error,32,after,full512,False,COMPLETE,conditional,ar1_stationary
raw,0.09509002391472367,0.022406716946841876,0.05673900180055574,ewma_gaussian,signed_relative_error,32,after,full512,False,COMPLETE,marginal,ar1_stationary
raw,0.0729638824070437,0.019423158716766087,0.0432529237912984,ewma_gaussian,squared_relative_error,32,after,full512,False,COMPLETE,marginal,ar1_stationary
iid_oic,0.07209236249549515,-0.014576295973337008,0.025723483083120394,ewma_gaussian,signed_relative_error,32,after,full512,False,COMPLETE,conditional,ar1_stationary
iid_oic,0.17272309519150736,0.023749623022563653,0.0847399511527861,ewma_gaussian,squared_relative_error,32,after,full512,False,COMPLETE,conditional,ar1_stationary
iid_oic,0.06115516643856355,-0.011793006578349342,0.022855794849061476,ewma_gaussian,signed_relative_error,32,after,full512,False,COMPLETE,marginal,ar1_stationary
iid_oic,0.0761663804582757,0.02218213573712625,0.04619334680832714,ewma_gaussian,squared_relative_error,32,after,full512,False,COMPLETE,marginal,ar1_stationary
raw,0.047519293771929615,0.0323388651149218,0.039925727840941214,gaussian_iid,signed_relative_error,32,after,full512,False,COMPLETE,conditional,ar1_stationary
raw,0.012838473279662662,0.006224194197172477,0.009445869517960673,gaussian_iid,squared_relative_error,32,after,full512,False,COMPLETE,conditional,ar1_stationary
raw,0.04178192433501186,0.028778874651288738,0.03534244241555347,gaussian_iid,signed_relative_error,32,after,full512,False,COMPLETE,marginal,ar1_stationary
raw,-0.0017788748277242678,-0.005341576173853038,-0.003526527569279843,gaussian_iid,squared_relative_error,32,after,full512,False,COMPLETE,marginal,ar1_stationary
iid_oic,0.011000453544869096,-0.006451664392117469,0.002310056079961126,gaussian_iid,signed_relative_error,32,after,full512,False,COMPLETE,conditional,ar1_stationary
iid_oic,0.0042531458722063955,-0.002271939367515092,0.0011335916495661383,gaussian_iid,squared_relative_error,32,after,full512,False,COMPLETE,conditional,ar1_stationary
iid_oic,0.009069868995252958,-0.0062044170078865086,0.0014592354640592083,gaussian_iid,signed_relative_error,32,after,full512,False,COMPLETE,marginal,ar1_stationary
iid_oic,0.0005490065490301051,-0.0017918475384678424,-0.000586104552251106,gaussian_iid,squared_relative_error,32,after,full512,False,COMPLETE,marginal,ar1_stationary
raw,0.06630178348836831,0.053823098113777,0.06001656891657611,hac,signed_relative_error,32,after,full512,False,COMPLETE,conditional,ar1_stationary
raw,0.020077646033454064,0.010317483756823424,0.015205292231801993,hac,squared_relative_error,32,after,full512,False,COMPLETE,conditional,ar1_stationary
raw,0.05920873186858832,0.04888101712792032,0.05400149981778752,hac,signed_relative_error,32,after,full512,False,COMPLETE,marginal,ar1_stationary
raw,-0.0008849849957224508,-0.005360246064622398,-0.0032143287502146363,hac,squared_relative_error,32,after,full512,False,COMPLETE,marginal,ar1_stationary
iid_oic,0.025653210458810274,0.01923803849717181,0.022400897155596018,hac,signed_relative_error,32,after,full512,False,COMPLETE,conditional,ar1_stationary
iid_oic,0.009297813703125093,0.0046579327539882755,0.00689301436340746,hac,squared_relative_error,32,after,full512,False,COMPLETE,conditional,ar1_stationary
iid_oic,0.022742653606847102,0.01750117490969421,0.020118292866293255,hac,signed_relative_error,32,after,full512,False,COMPLETE,marginal,ar1_stationary
iid_oic,0.0006673348313298944,-0.0011480187000003296,-0.0002739057331858994,hac,squared_relative_error,32,after,full512,False,COMPLETE,marginal,ar1_stationary
raw,0.041278174161501854,0.03412283776044569,0.03761567176098009,iid_oic,signed_relative_error,32,after,full512,False,COMPLETE,conditional,ar1_stationary
raw,0.01094419379641462,0.005579764472271661,0.008312277868394533,iid_oic,squared_relative_error,32,after,full512,False,COMPLETE,conditional,ar1_stationary
raw,0.037032065311141865,0.03091215082843975,0.033883206951494264,iid_oic,signed_relative_error,32,after,full512,False,COMPLETE,marginal,ar1_stationary
raw,-0.0015235857141979664,-0.0042472446016302385,-0.002940423017028737,iid_oic,squared_relative_error,32,after,full512,False,COMPLETE,marginal,ar1_stationary
iid_oic,-0.03412283776044569,-0.041278174161501854,-0.03761567176098009,raw,signed_relative_error,32,after,full512,False,COMPLETE,conditional,ar1_stationary
iid_oic,-0.005579764472271662,-0.01094419379641462,-0.008312277868394533,raw,squared_relative_error,32,after,full512,False,COMPLETE,conditional,ar1_stationary
iid_oic,-0.030912150828439754,-0.037032065311141865,-0.033883206951494264,raw,signed_relative_error,32,after,full512,False,COMPLETE,marginal,ar1_stationary
iid_oic,0.0042472446016302385,0.0015235857141979664,0.002940423017028737,raw,squared_relative_error,32,after,full512,False,COMPLETE,marginal,ar1_stationary
raw,-0.01898416045525177,-0.08643588234534297,-0.05315170938216733,ar_gaussian,signed_relative_error,32,all,equal512,False,COMPLETE,conditional,ar1_stationary
raw,-0.043311889101694756,-0.06268700260843292,-0.05256361932806214,ar_gaussian,squared_relative_error,32,all,equal512,False,COMPLETE,conditional,ar1_stationary
raw,0.08496706931544279,-0.0319419844190025,0.02311114889984396,ar_gaussian,signed_relative_error,32,all,equal512,False,COMPLETE,marginal,ar1_stationary
raw,0.24675095358253407,0.07042220681004614,0.1445143276591862,ar_gaussian,squared_relative_error,32,all,equal512,False,COMPLETE,marginal,ar1_stationary
iid_oic,-0.025239583462446553,-0.09301949284316781,-0.0594688488497217,ar_gaussian,signed_relative_error,32,all,equal512,False,COMPLETE,conditional,ar1_stationary
iid_oic,-0.04474948906289278,-0.06393408262266649,-0.053928467833772836,ar_gaussian,squared_relative_error,32,all,equal512,False,COMPLETE,conditional,ar1_stationary
iid_oic,0.07906632457323426,-0.03782788475905167,0.017143457625564292,ar_gaussian,signed_relative_error,32,all,equal512,False,COMPLETE,marginal,ar1_stationary
iid_oic,0.24665283215738296,0.07038473649567692,0.1444863556926599,ar_gaussian,squared_relative_error,32,all,equal512,False,COMPLETE,marginal,ar1_stationary
raw,0.01795221890536548,0.013012137027165745,0.015457729415948274,block_bootstrap,signed_relative_error,32,all,equal512,False,COMPLETE,conditional,ar1_stationary
raw,0.005945568102326517,0.0035082618933319834,0.004700916955263677,block_bootstrap,squared_relative_error,32,all,equal512,False,COMPLETE,conditional,ar1_stationary
raw,0.01626006999441852,0.012070463225900342,0.01414026108274042,block_bootstrap,signed_relative_error,32,all,equal512,False,COMPLETE,marginal,ar1_stationary
raw,0.0012217254622786523,0.00022553410514640634,0.0007054834047363368,block_bootstrap,squared_relative_error,32,all,equal512,False,COMPLETE,marginal,ar1_stationary
iid_oic,0.01140077792727732,0.006921490463585809,0.009140589948393903,block_bootstrap,signed_relative_error,32,all,equal512,False,COMPLETE,conditional,ar1_stationary
iid_oic,0.00436784081208895,0.00237365132600895,0.003336068449552974,block_bootstrap,squared_relative_error,32,all,equal512,False,COMPLETE,conditional,ar1_stationary
iid_oic,0.010174896782555664,0.006242324279615114,0.008172569808460747,block_bootstrap,signed_relative_error,32,all,equal512,False,COMPLETE,marginal,ar1_stationary
iid_oic,0.001064352145216883,0.0003312313167967081,0.000677511438210029,block_bootstrap,squared_relative_error,32,all,equal512,False,COMPLETE,marginal,ar1_stationary
raw,0.06585645937732634,0.015022376791733696,0.03903972695121172,ewma_gaussian,signed_relative_error,32,all,equal512,False,COMPLETE,conditional,ar1_stationary
raw,0.10427690420732101,0.029861568824122046,0.061184115778914694,ewma_gaussian,squared_relative_error,32,all,equal512,False,COMPLETE,conditional,ar1_stationary
raw,0.06323604911511294,0.017634278731002435,0.03962067501553969,ewma_gaussian,signed_relative_error,32,all,equal512,False,COMPLETE,marginal,ar1_stationary
raw,0.05891668135173184,0.02713365864413662,0.041703954345203,ewma_gaussian,squared_relative_error,32,all,equal512,False,COMPLETE,marginal,ar1_stationary
iid_oic,0.059604150145689226,0.008631431838750295,0.03272258748365735,ewma_gaussian,signed_relative_error,32,all,equal512,False,COMPLETE,conditional,ar1_stationary
iid_oic,0.10280314169638795,0.028580532355862814,0.059819267273203997,ewma_gaussian,squared_relative_error,32,all,equal512,False,COMPLETE,conditional,ar1_stationary
iid_oic,0.057298065197512384,0.011621388906129276,0.03365298374126002,ewma_gaussian,signed_relative_error,32,all,equal512,False,COMPLETE,marginal,ar1_stationary
iid_oic,0.058924454716962976,0.027103437437335263,0.041675982378676694,ewma_gaussian,squared_relative_error,32,all,equal512,False,COMPLETE,marginal,ar1_stationary
raw,0.017507413874396915,-0.0014856690921389636,0.008116585178827691,gaussian_iid,signed_relative_error,32,all,equal512,False,COMPLETE,conditional,ar1_stationary
raw,0.0031097839654972907,-0.002105458593913431,0.0004845203747993414,gaussian_iid,squared_relative_error,32,all,equal512,False,COMPLETE,conditional,ar1_stationary
raw,0.016735754030759702,-0.001013779151760119,0.00794306650221394,gaussian_iid,signed_relative_error,32,all,equal512,False,COMPLETE,marginal,ar1_stationary
raw,0.00015038450178169873,-0.0013788039172759245,-0.0006090857388490633,gaussian_iid,squared_relative_error,32,all,equal512,False,COMPLETE,marginal,ar1_stationary
iid_oic,0.011504407194901619,-0.008141173502938017,0.0017994457112733208,gaussian_iid,signed_relative_error,32,all,equal512,False,COMPLETE,conditional,ar1_stationary
iid_oic,0.0017803475474804263,-0.003593411797983904,-0.0008803281309113612,gaussian_iid,squared_relative_error,32,all,equal512,False,COMPLETE,conditional,ar1_stationary
iid_oic,0.011020752652216836,-0.007243914264273704,0.001975375227934269,gaussian_iid,signed_relative_error,32,all,equal512,False,COMPLETE,marginal,ar1_stationary
iid_oic,0.00010168368924893307,-0.0014049974489585913,-0.0006370577053753713,gaussian_iid,squared_relative_error,32,all,equal512,False,COMPLETE,marginal,ar1_stationary
raw,0.014571452849958444,0.01173948846475471,0.013099525300739413,hac,signed_relative_error,32,all,equal512,False,COMPLETE,conditional,ar1_stationary
raw,0.003772214713538277,0.0021896637992326416,0.0029786736637848043,hac,squared_relative_error,32,all,equal512,False,COMPLETE,conditional,ar1_stationary
raw,0.013752409061841676,0.011160155952949445,0.012385394857131748,hac,signed_relative_error,32,all,equal512,False,COMPLETE,marginal,ar1_stationary
raw,0.0005797038462803009,-0.00012118136829925483,0.00021786845305269353,hac,squared_relative_error,32,all,equal512,False,COMPLETE,marginal,ar1_stationary
iid_oic,0.007949877801715136,0.00572753774989071,0.006782385833185042,hac,signed_relative_error,32,all,equal512,False,COMPLETE,conditional,ar1_stationary
iid_oic,0.002103460401825439,0.001135701770458578,0.001613825158074102,hac,squared_relative_error,32,all,equal512,False,COMPLETE,conditional,ar1_stationary
iid_oic,0.007518186244678182,0.005446620383765367,0.006417703582852078,hac,signed_relative_error,32,all,equal512,False,COMPLETE,marginal,ar1_stationary
iid_oic,0.0003815396112844117,1.128139453516234e-05,0.0001898964865263857,hac,squared_relative_error,32,all,equal512,False,COMPLETE,marginal,ar1_stationary
raw,0.006712490163145956,0.005931023664214626,0.006317139467554371,iid_oic,signed_relative_error,32,all,equal512,False,COMPLETE,conditional,ar1_stationary
raw,0.001713340677235886,0.0010138019934936827,0.0013648485057107026,iid_oic,squared_relative_error,32,all,equal512,False,COMPLETE,conditional,ar1_stationary
raw,0.00632923070733548,0.005619866466389723,0.005967691274279671,iid_oic,signed_relative_error,32,all,equal512,False,COMPLETE,marginal,ar1_stationary
raw,0.0002056595858237821,-0.00014022715637512738,2.797196652630782e-05,iid_oic,squared_relative_error,32,all,equal512,False,COMPLETE,marginal,ar1_stationary
iid_oic,-0.0059310236642146266,-0.006712490163145956,-0.006317139467554371,raw,signed_relative_error,32,all,equal512,False,COMPLETE,conditional,ar1_stationary
iid_oic,-0.0010138019934936829,-0.001713340677235886,-0.0013648485057107026,raw,squared_relative_error,32,all,equal512,False,COMPLETE,conditional,ar1_stationary
iid_oic,-0.005619866466389723,-0.00632923070733548,-0.005967691274279671,raw,signed_relative_error,32,all,equal512,False,COMPLETE,marginal,ar1_stationary
iid_oic,0.00014022715637512735,-0.00020565958582378213,-2.797196652630782e-05,raw,squared_relative_error,32,all,equal512,False,COMPLETE,marginal,ar1_stationary
raw,-0.007841936964347327,-0.08586392305792925,-0.04698781093377864,ar_gaussian,signed_relative_error,32,before,equal512,False,COMPLETE,conditional,ar1_stationary
raw,-0.03916948883224936,-0.06306209434553203,-0.05043928188545021,ar_gaussian,squared_relative_error,32,before,equal512,False,COMPLETE,conditional,ar1_stationary
raw,0.08412669232158723,-0.03719940067622623,0.020476555636175328,ar_gaussian,signed_relative_error,32,before,equal512,False,COMPLETE,marginal,ar1_stationary
raw,0.20799918207977852,0.04841432209256569,0.11356929706891605,ar_gaussian,squared_relative_error,32,before,equal512,False,COMPLETE,marginal,ar1_stationary
iid_oic,-0.013730844300036306,-0.0924045323619859,-0.05318406986562191,ar_gaussian,signed_relative_error,32,before,equal512,False,COMPLETE,conditional,ar1_stationary
iid_oic,-0.040456437914696886,-0.06430486662418743,-0.051722477756998106,ar_gaussian,squared_relative_error,32,before,equal512,False,COMPLETE,conditional,ar1_stationary
iid_oic,0.07829888913563539,-0.043062842566406793,0.014607041401653892,ar_gaussian,signed_relative_error,32,before,equal512,False,COMPLETE,marginal,ar1_stationary
iid_oic,0.20792908781678968,0.04836483825516463,0.11354525058108669,ar_gaussian,squared_relative_error,32,before,equal512,False,COMPLETE,marginal,ar1_stationary
raw,0.017736103696019977,0.011145951623350728,0.014383863124204394,block_bootstrap,signed_relative_error,32,before,equal512,False,COMPLETE,conditional,ar1_stationary
raw,0.005498180340028433,0.0026805158843597123,0.004083997131219265,block_bootstrap,squared_relative_error,32,before,equal512,False,COMPLETE,conditional,ar1_stationary
raw,0.01629808898970402,0.010334687490443015,0.01326043870468337,block_bootstrap,signed_relative_error,32,before,equal512,False,COMPLETE,marginal,ar1_stationary
raw,0.0011444841318056862,0.00011028993052363634,0.0006214652342802108,block_bootstrap,squared_relative_error,32,before,equal512,False,COMPLETE,marginal,ar1_stationary
iid_oic,0.011388336411159918,0.005109763402247627,0.008187604192361135,block_bootstrap,signed_relative_error,32,before,equal512,False,COMPLETE,conditional,ar1_stationary
iid_oic,0.004034219213584806,0.0016070736561100633,0.002800801259671361,block_bootstrap,squared_relative_error,32,before,equal512,False,COMPLETE,conditional,ar1_stationary
iid_oic,0.010258199375987364,0.004586572355181591,0.0073909244701619295,block_bootstrap,signed_relative_error,32,before,equal512,False,COMPLETE,marginal,ar1_stationary
iid_oic,0.000995691603885915,0.00020460725568826436,0.000597418746450828,block_bootstrap,squared_relative_error,32,before,equal512,False,COMPLETE,marginal,ar1_stationary
raw,0.08998033984534867,0.018409251396093,0.05419458325146349,ewma_gaussian,signed_relative_error,32,before,equal512,False,COMPLETE,conditional,ar1_stationary
raw,0.09050245364332712,0.019394546151199944,0.05121130296811462,ewma_gaussian,squared_relative_error,32,before,equal512,False,COMPLETE,conditional,ar1_stationary
raw,0.09038428874703792,0.023955596244821277,0.05701086780240256,ewma_gaussian,signed_relative_error,32,before,equal512,False,COMPLETE,marginal,ar1_stationary
raw,0.06269898982705133,0.02211486225894516,0.03947994578832238,ewma_gaussian,squared_relative_error,32,before,equal512,False,COMPLETE,marginal,ar1_stationary
iid_oic,0.0838209658462742,0.01212506825346419,0.047998324319620256,ewma_gaussian,signed_relative_error,32,before,equal512,False,COMPLETE,conditional,ar1_stationary
iid_oic,0.08913732142461234,0.018119346899462756,0.04992810709656671,ewma_gaussian,squared_relative_error,32,before,equal512,False,COMPLETE,conditional,ar1_stationary
iid_oic,0.08450186300498207,0.017941800507963263,0.051141353567881125,ewma_gaussian,signed_relative_error,32,before,equal512,False,COMPLETE,marginal,ar1_stationary
iid_oic,0.06268851917280756,0.022099241491091565,0.03945589930049301,ewma_gaussian,squared_relative_error,32,before,equal512,False,COMPLETE,marginal,ar1_stationary
raw,0.022938471748889373,-0.0031303961806408978,0.009792270437732314,gaussian_iid,signed_relative_error,32,before,equal512,False,COMPLETE,conditional,ar1_stationary
raw,0.004786075899705222,-0.004153092739749981,0.00029501920409718933,gaussian_iid,squared_relative_error,32,before,equal512,False,COMPLETE,conditional,ar1_stationary
raw,0.02137587318706411,-0.002080060384484709,0.00956491615556115,gaussian_iid,signed_relative_error,32,before,equal512,False,COMPLETE,marginal,ar1_stationary
raw,8.879986945389269e-05,-0.0017161804795084992,-0.0007360145761688382,gaussian_iid,squared_relative_error,32,before,equal512,False,COMPLETE,marginal,ar1_stationary
iid_oic,0.01699930356436859,-0.009628722976318109,0.003596011505889055,gaussian_iid,signed_relative_error,32,before,equal512,False,COMPLETE,conditional,ar1_stationary
iid_oic,0.0036116302512892553,-0.0055784591079037224,-0.0009881766674507153,gaussian_iid,squared_relative_error,32,before,equal512,False,COMPLETE,conditional,ar1_stationary
iid_oic,0.01580173030514168,-0.008217734965306265,0.0036954019210397107,gaussian_iid,signed_relative_error,32,before,equal512,False,COMPLETE,marginal,ar1_stationary
iid_oic,4.7413287992587794e-05,-0.001679841633333202,-0.0007600610639982209,gaussian_iid,squared_relative_error,32,before,equal512,False,COMPLETE,marginal,ar1_stationary
raw,0.013678249857503965,0.011266517959118684,0.01243849484877621,hac,signed_relative_error,32,before,equal512,False,COMPLETE,conditional,ar1_stationary
raw,0.0035857284700979413,0.0018640176751074178,0.002715552781879546,hac,squared_relative_error,32,before,equal512,False,COMPLETE,conditional,ar1_stationary
raw,0.012908283280167602,0.010729951189401978,0.011781621655595131,hac,signed_relative_error,32,before,equal512,False,COMPLETE,marginal,ar1_stationary
raw,0.000527566994004607,-0.00013432905959690335,0.00018935537656402198,hac,squared_relative_error,32,before,equal512,False,COMPLETE,marginal,ar1_stationary
iid_oic,0.007190463128981958,0.005371838274719456,0.006242235916932952,hac,signed_relative_error,32,before,equal512,False,COMPLETE,conditional,ar1_stationary
iid_oic,0.001903477890228755,0.000973396237012469,0.0014323569103316413,hac,squared_relative_error,32,before,equal512,False,COMPLETE,conditional,ar1_stationary
iid_oic,0.0067903229396542196,0.00511138860157859,0.005912107421073691,hac,signed_relative_error,32,before,equal512,False,COMPLETE,marginal,ar1_stationary
iid_oic,0.00033358135507107714,6.239259703609576e-06,0.00016530888873463913,hac,squared_relative_error,32,before,equal512,False,COMPLETE,marginal,ar1_stationary
raw,0.00662679604924451,0.005778763284174559,0.006196258931843258,iid_oic,signed_relative_error,32,before,equal512,False,COMPLETE,conditional,ar1_stationary
raw,0.0017165040986606335,0.0008667709840972386,0.0012831958715479044,iid_oic,squared_relative_error,32,before,equal512,False,COMPLETE,conditional,ar1_stationary
raw,0.006243805550847937,0.005510908481806977,0.00586951423452144,iid_oic,signed_relative_error,32,before,equal512,False,COMPLETE,marginal,ar1_stationary
raw,0.00019734926955237474,-0.00014662596347940718,2.4046487829382853e-05,iid_oic,squared_relative_error,32,before,equal512,False,COMPLETE,marginal,ar1_stationary
iid_oic,-0.005778763284174559,-0.00662679604924451,-0.006196258931843258,raw,signed_relative_error,32,before,equal512,False,COMPLETE,conditional,ar1_stationary
iid_oic,-0.0008667709840972386,-0.0017165040986606337,-0.0012831958715479044,raw,squared_relative_error,32,before,equal512,False,COMPLETE,conditional,ar1_stationary
iid_oic,-0.005510908481806977,-0.006243805550847937,-0.00586951423452144,raw,signed_relative_error,32,before,equal512,False,COMPLETE,marginal,ar1_stationary
iid_oic,0.00014662596347940715,-0.00019734926955237482,-2.4046487829382853e-05,raw,squared_relative_error,32,before,equal512,False,COMPLETE,marginal,ar1_stationary
raw,-0.011153688506965997,-0.10240020692575971,-0.05931560783055602,ar_gaussian,signed_relative_error,32,after,equal512,False,COMPLETE,conditional,ar1_stationary
raw,-0.041330145562537744,-0.07070434948696287,-0.054687956770674076,ar_gaussian,squared_relative_error,32,after,equal512,False,COMPLETE,conditional,ar1_stationary
raw,0.12355065931320452,-0.05132845426507113,0.025745742163512598,ar_gaussian,signed_relative_error,32,after,equal512,False,COMPLETE,marginal,ar1_stationary
raw,0.36384085481077183,0.06023471138034825,0.17545935824945638,ar_gaussian,squared_relative_error,32,after,equal512,False,COMPLETE,marginal,ar1_stationary
iid_oic,-0.01735309970697847,-0.10913684387627555,-0.06575362783382149,ar_gaussian,signed_relative_error,32,after,equal512,False,COMPLETE,conditional,ar1_stationary
iid_oic,-0.042989500782011934,-0.07180741524665388,-0.05613445791054758,ar_gaussian,squared_relative_error,32,after,equal512,False,COMPLETE,conditional,ar1_stationary
iid_oic,0.11762068139843977,-0.057401230097021715,0.019679873849474692,ar_gaussian,signed_relative_error,32,after,equal512,False,COMPLETE,marginal,ar1_stationary
iid_oic,0.36375787610933125,0.06025210874616754,0.17542746080423313,ar_gaussian,squared_relative_error,32,after,equal512,False,COMPLETE,marginal,ar1_stationary
raw,0.0206847057050694,0.013045789563309906,0.016531595707692158,block_bootstrap,signed_relative_error,32,after,equal512,False,COMPLETE,conditional,ar1_stationary
raw,0.007543364823402009,0.0035796390280944442,0.00531783677930809,block_bootstrap,squared_relative_error,32,after,equal512,False,COMPLETE,conditional,ar1_stationary
raw,0.01861690640532609,0.011926861204845183,0.01502008346079747,block_bootstrap,signed_relative_error,32,after,equal512,False,COMPLETE,marginal,ar1_stationary
raw,0.0015559415550651132,0.00010081145495440779,0.0007895015751924631,block_bootstrap,squared_relative_error,32,after,equal512,False,COMPLETE,marginal,ar1_stationary
iid_oic,0.014060640487709906,0.006782565614516777,0.010093575704426674,block_bootstrap,signed_relative_error,32,after,equal512,False,COMPLETE,conditional,ar1_stationary
iid_oic,0.0058499520626530705,0.0023571166399558975,0.0038713356394345856,block_bootstrap,squared_relative_error,32,after,equal512,False,COMPLETE,conditional,ar1_stationary
iid_oic,0.012408989950031176,0.005975455178670239,0.008954215146759566,block_bootstrap,signed_relative_error,32,after,equal512,False,COMPLETE,marginal,ar1_stationary
iid_oic,0.001360532678670284,0.000246917310926568,0.0007576041299692301,block_bootstrap,squared_relative_error,32,after,equal512,False,COMPLETE,marginal,ar1_stationary
raw,0.06971892438355513,-0.014704851465687768,0.023884870650959934,ewma_gaussian,signed_relative_error,32,after,equal512,False,COMPLETE,conditional,ar1_stationary
raw,0.15307195070477417,0.019578760558605746,0.07115692858971476,ewma_gaussian,squared_relative_error,32,after,equal512,False,COMPLETE,conditional,ar1_stationary
raw,0.0628228298380722,-0.013000206679419245,0.02223048222867683,ewma_gaussian,signed_relative_error,32,after,equal512,False,COMPLETE,marginal,ar1_stationary
raw,0.07503987634159799,0.020307860589317498,0.0439279629020836,ewma_gaussian,squared_relative_error,32,after,equal512,False,COMPLETE,marginal,ar1_stationary
iid_oic,0.06341524279731302,-0.02118706675882256,0.017446850647694447,ewma_gaussian,signed_relative_error,32,after,equal512,False,COMPLETE,conditional,ar1_stationary
iid_oic,0.15162611869887513,0.018182417271341223,0.06971042744984128,ewma_gaussian,squared_relative_error,32,after,equal512,False,COMPLETE,conditional,ar1_stationary
iid_oic,0.05688022869103704,-0.019097242456070793,0.016164613914638925,ewma_gaussian,signed_relative_error,32,after,equal512,False,COMPLETE,marginal,ar1_stationary
iid_oic,0.0750391710755214,0.02025858199403771,0.043896065456860374,ewma_gaussian,squared_relative_error,32,after,equal512,False,COMPLETE,marginal,ar1_stationary
raw,0.015918363111640535,-0.0026856989701738547,0.006440899919923073,gaussian_iid,signed_relative_error,32,after,equal512,False,COMPLETE,conditional,ar1_stationary
raw,0.0030567311549953837,-0.0016916687477789398,0.000674021545501496,gaussian_iid,squared_relative_error,32,after,equal512,False,COMPLETE,conditional,ar1_stationary
raw,0.01538073473756295,-0.0024301726906624304,0.00632121684886673,gaussian_iid,signed_relative_error,32,after,equal512,False,COMPLETE,marginal,ar1_stationary
raw,0.00048581445391934243,-0.0014404199276844604,-0.00048215690152928837,gaussian_iid,squared_relative_error,32,after,equal512,False,COMPLETE,marginal,ar1_stationary
iid_oic,0.009870770364196257,-0.009504773898616427,2.8799166575874113e-06,gaussian_iid,signed_relative_error,32,after,equal512,False,COMPLETE,conditional,ar1_stationary
iid_oic,0.0017261474489175992,-0.003363751080081172,-0.0007724795943720074,gaussian_iid,squared_relative_error,32,after,equal512,False,COMPLETE,conditional,ar1_stationary
iid_oic,0.009614024199702144,-0.008765156371469929,0.0002553485348288269,gaussian_iid,signed_relative_error,32,after,equal512,False,COMPLETE,marginal,ar1_stationary
iid_oic,0.00043477454430688946,-0.001458661493503005,-0.0005140543467525211,gaussian_iid,squared_relative_error,32,after,equal512,False,COMPLETE,marginal,ar1_stationary
raw,0.015831636682229176,0.011915752059344215,0.013760555752702616,hac,signed_relative_error,32,after,equal512,False,COMPLETE,conditional,ar1_stationary
raw,0.004400342042452604,0.0021097574182944705,0.003241794545690064,hac,squared_relative_error,32,after,equal512,False,COMPLETE,conditional,ar1_stationary
raw,0.01487610647469371,0.011328444957163829,0.012989168058668368,hac,signed_relative_error,32,after,equal512,False,COMPLETE,marginal,ar1_stationary
raw,0.0007608768713130715,-0.0002453244437665459,0.00024638152954136524,hac,squared_relative_error,32,after,equal512,False,COMPLETE,marginal,ar1_stationary
iid_oic,0.00903163075648404,0.005815860497610595,0.00732253574943713,hac,signed_relative_error,32,after,equal512,False,COMPLETE,conditional,ar1_stationary
iid_oic,0.0025765384359050137,0.001093153433420732,0.0017952934058165606,hac,squared_relative_error,32,after,equal512,False,COMPLETE,conditional,ar1_stationary
iid_oic,0.008510615880702841,0.005544641341253437,0.006923299744630465,hac,signed_relative_error,32,after,equal512,False,COMPLETE,marginal,ar1_stationary
iid_oic,0.0004968996390567857,-5.3024654168865344e-05,0.0002144840843181325,hac,squared_relative_error,32,after,equal512,False,COMPLETE,marginal,ar1_stationary
raw,0.006938132216989414,0.005951397944724619,0.006438020003265486,iid_oic,signed_relative_error,32,after,equal512,False,COMPLETE,conditional,ar1_stationary
raw,0.0019008651966610868,0.000972461729537864,0.0014465011398735034,iid_oic,squared_relative_error,32,after,equal512,False,COMPLETE,conditional,ar1_stationary
raw,0.006488784734051281,0.0056514662875794906,0.006065868314037903,iid_oic,signed_relative_error,32,after,equal512,False,COMPLETE,marginal,ar1_stationary
raw,0.00026690275323650714,-0.00019691114166139382,3.189744522323276e-05,iid_oic,squared_relative_error,32,after,equal512,False,COMPLETE,marginal,ar1_stationary
iid_oic,-0.005951397944724619,-0.006938132216989414,-0.006438020003265486,raw,signed_relative_error,32,after,equal512,False,COMPLETE,conditional,ar1_stationary
iid_oic,-0.000972461729537864,-0.0019008651966610868,-0.0014465011398735034,raw,squared_relative_error,32,after,equal512,False,COMPLETE,conditional,ar1_stationary
iid_oic,-0.0056514662875794906,-0.006488784734051281,-0.006065868314037903,raw,signed_relative_error,32,after,equal512,False,COMPLETE,marginal,ar1_stationary
iid_oic,0.0001969111416613938,-0.0002669027532365072,-3.189744522323276e-05,raw,squared_relative_error,32,after,equal512,False,COMPLETE,marginal,ar1_stationary
raw,0.058248001844661695,-0.010043728108214767,0.02336310425283053,ar_gaussian,signed_relative_error,32,all,older256,False,COMPLETE,conditional,ar1_stationary
raw,-0.05487009565773907,-0.09119101166147796,-0.07275475270153814,ar_gaussian,squared_relative_error,32,all,older256,False,COMPLETE,conditional,ar1_stationary
raw,0.21707789758707516,0.07867842489042529,0.14616209632376653,ar_gaussian,signed_relative_error,32,all,older256,False,COMPLETE,marginal,ar1_stationary
raw,0.3334936972186745,0.13616044534625146,0.2296812992335667,ar_gaussian,squared_relative_error,32,all,older256,False,COMPLETE,marginal,ar1_stationary
iid_oic,0.003050022102669682,-0.06848298219547587,-0.03344294610479634,ar_gaussian,signed_relative_error,32,all,older256,False,COMPLETE,conditional,ar1_stationary
iid_oic,-0.06443143486773949,-0.09894309783982708,-0.08136084791548198,ar_gaussian,squared_relative_error,32,all,older256,False,COMPLETE,conditional,ar1_stationary
iid_oic,0.16492121417910632,0.027925751579729773,0.09474978602892853,ar_gaussian,signed_relative_error,32,all,older256,False,COMPLETE,marginal,ar1_stationary
iid_oic,0.3429223851469082,0.14515853416129776,0.23873501089167432,ar_gaussian,squared_relative_error,32,all,older256,False,COMPLETE,marginal,ar1_stationary
raw,0.17817576474421284,0.12401213771113051,0.15104666937813097,blocked_holdout,signed_relative_error,32,all,older256,False,COMPLETE,conditional,ar1_stationary
raw,0.0906892830420473,0.04249168882571812,0.06649067585691296,blocked_holdout,squared_relative_error,32,all,older256,False,COMPLETE,conditional,ar1_stationary
raw,0.15403067781522445,0.11081701294833816,0.13228250189253626,blocked_holdout,signed_relative_error,32,all,older256,False,COMPLETE,marginal,ar1_stationary
raw,-0.003174960742088104,-0.015731989489348203,-0.009432333167823322,blocked_holdout,squared_relative_error,32,all,older256,False,COMPLETE,marginal,ar1_stationary
iid_oic,0.12160023228552241,0.0670681868832936,0.09424061902050407,blocked_holdout,signed_relative_error,32,all,older256,False,COMPLETE,conditional,ar1_stationary
iid_oic,0.08071109854163824,0.03581480162033577,0.05788458064296911,blocked_holdout,squared_relative_error,32,all,older256,False,COMPLETE,conditional,ar1_stationary
iid_oic,0.1031343095699094,0.058977211557137664,0.08087019159769826,blocked_holdout,signed_relative_error,32,all,older256,False,COMPLETE,marginal,ar1_stationary
iid_oic,0.004726957549635614,-0.005505469744319467,-0.0003786215097156873,blocked_holdout,squared_relative_error,32,all,older256,False,COMPLETE,marginal,ar1_stationary
raw,0.17668657603804763,0.12303193378676017,0.14942973553470773,chronological,signed_relative_error,32,all,older256,False,COMPLETE,conditional,ar1_stationary
raw,0.08941227987865563,0.041172872931401885,0.06505681750938366,chronological,squared_relative_error,32,all,older256,False,COMPLETE,conditional,ar1_stationary
raw,0.1519082786967014,0.10987348883303001,0.1305289928289021,chronological,signed_relative_error,32,all,older256,False,COMPLETE,marginal,ar1_stationary
raw,-0.004645783027896618,-0.016600006519427377,-0.010647777220208654,chronological,squared_relative_error,32,all,older256,False,COMPLETE,marginal,ar1_stationary
iid_oic,0.12028776597414037,0.06607586120907163,0.09262368517708086,chronological,signed_relative_error,32,all,older256,False,COMPLETE,conditional,ar1_stationary
iid_oic,0.07970747274982615,0.03426868770281908,0.056450722295439806,chronological,squared_relative_error,32,all,older256,False,COMPLETE,conditional,ar1_stationary
iid_oic,0.10126735238421991,0.0578828926838472,0.07911668253406409,chronological,signed_relative_error,32,all,older256,False,COMPLETE,marginal,ar1_stationary
iid_oic,0.003309940978409614,-0.006417915383386158,-0.0015940655621010183,chronological,squared_relative_error,32,all,older256,False,COMPLETE,marginal,ar1_stationary
raw,0.19742903121386435,0.13735475765068847,0.16683658986285155,ewma_gaussian,signed_relative_error,32,all,older256,False,COMPLETE,conditional,ar1_stationary
raw,0.19902272284117678,0.07712065182259879,0.13069617436060488,ewma_gaussian,squared_relative_error,32,all,older256,False,COMPLETE,conditional,ar1_stationary
raw,0.18212169459155728,0.1292461452903779,0.15504612968450698,ewma_gaussian,signed_relative_error,32,all,older256,False,COMPLETE,marginal,ar1_stationary
raw,0.052605416739824065,0.020542930809777135,0.03542509811692854,ewma_gaussian,squared_relative_error,32,all,older256,False,COMPLETE,marginal,ar1_stationary
iid_oic,0.14046411633050992,0.08092115599628176,0.11003053950522468,ewma_gaussian,signed_relative_error,32,all,older256,False,COMPLETE,conditional,ar1_stationary
iid_oic,0.18974734071163196,0.0694098472220986,0.12209007914666105,ewma_gaussian,squared_relative_error,32,all,older256,False,COMPLETE,conditional,ar1_stationary
iid_oic,0.13096352095516817,0.07780393219401814,0.10363381938966898,ewma_gaussian,signed_relative_error,32,all,older256,False,COMPLETE,marginal,ar1_stationary
iid_oic,0.06143158001222555,0.030043855026769106,0.04447880977503618,ewma_gaussian,squared_relative_error,32,all,older256,False,COMPLETE,marginal,ar1_stationary
raw,0.13088548870343122,0.09265433796958078,0.11095079288437992,gaussian_iid,signed_relative_error,32,all,older256,False,COMPLETE,conditional,ar1_stationary
raw,0.03870520940039238,0.015639368231455262,0.02687364925156143,gaussian_iid,squared_relative_error,32,all,older256,False,COMPLETE,conditional,ar1_stationary
raw,0.11339500711176206,0.0831529359168922,0.09781639445784548,gaussian_iid,signed_relative_error,32,all,older256,False,COMPLETE,marginal,ar1_stationary
raw,-0.014180766601029404,-0.023072406909703334,-0.018355285702586016,gaussian_iid,squared_relative_error,32,all,older256,False,COMPLETE,marginal,ar1_stationary
iid_oic,0.07481599472661453,0.03555088173729699,0.05414474252675304,gaussian_iid,signed_relative_error,32,all,older256,False,COMPLETE,conditional,ar1_stationary
iid_oic,0.029019498400932237,0.00859584198615144,0.01826755403761758,gaussian_iid,squared_relative_error,32,all,older256,False,COMPLETE,conditional,ar1_stationary
iid_oic,0.06310639852749882,0.0311314959465307,0.046404084163007474,gaussian_iid,signed_relative_error,32,all,older256,False,COMPLETE,marginal,ar1_stationary
iid_oic,-0.006111633098459717,-0.01302666596898368,-0.009301574044478383,gaussian_iid,squared_relative_error,32,all,older256,False,COMPLETE,marginal,ar1_stationary
raw,0.08468573800615825,0.07480579345220437,0.07980288541684372,hac,signed_relative_error,32,all,older256,False,COMPLETE,conditional,ar1_stationary
raw,0.019298158068178823,0.010066525592832314,0.014698625254398228,hac,squared_relative_error,32,all,older256,False,COMPLETE,conditional,ar1_stationary
raw,0.07632715942566937,0.06821319881923044,0.0723433236670125,hac,signed_relative_error,32,all,older256,False,COMPLETE,marginal,ar1_stationary
raw,-0.008019300415480206,-0.012532860947063613,-0.010289864540073405,hac,squared_relative_error,32,all,older256,False,COMPLETE,marginal,ar1_stationary
iid_oic,0.0256280971576558,0.02039609847712731,0.02299683505921684,hac,signed_relative_error,32,all,older256,False,COMPLETE,conditional,ar1_stationary
iid_oic,0.00784794018448675,0.004401320780616763,0.006092530040454374,hac,squared_relative_error,32,all,older256,False,COMPLETE,conditional,ar1_stationary
iid_oic,0.023159086688776573,0.018717859977306912,0.02093101337217449,hac,signed_relative_error,32,all,older256,False,COMPLETE,marginal,ar1_stationary
iid_oic,-0.0005894463277708632,-0.0018568308234533355,-0.0012361528819657716,hac,squared_relative_error,32,all,older256,False,COMPLETE,marginal,ar1_stationary
raw,0.060085948718542975,0.05346091206779688,0.05680605035762687,iid_oic,signed_relative_error,32,all,older256,False,COMPLETE,conditional,ar1_stationary
raw,0.011744643596108375,0.0054400622497721455,0.008606095213943853,iid_oic,squared_relative_error,32,all,older256,False,COMPLETE,conditional,ar1_stationary
raw,0.05413174451781015,0.04861091773604758,0.05141231029483802,iid_oic,signed_relative_error,32,all,older256,False,COMPLETE,marginal,ar1_stationary
raw,-0.007369136935284109,-0.010777961151758393,-0.009053711658107633,iid_oic,squared_relative_error,32,all,older256,False,COMPLETE,marginal,ar1_stationary
iid_oic,-0.05346091206779688,-0.060085948718542975,-0.05680605035762687,raw,signed_relative_error,32,all,older256,False,COMPLETE,conditional,ar1_stationary
iid_oic,-0.0054400622497721455,-0.011744643596108377,-0.008606095213943853,raw,squared_relative_error,32,all,older256,False,COMPLETE,conditional,ar1_stationary
iid_oic,-0.04861091773604758,-0.05413174451781015,-0.05141231029483802,raw,signed_relative_error,32,all,older256,False,COMPLETE,marginal,ar1_stationary
iid_oic,0.010777961151758393,0.007369136935284109,0.009053711658107633,raw,squared_relative_error,32,all,older256,False,COMPLETE,marginal,ar1_stationary
raw,0.08631552806920488,-0.0009569567034432662,0.04223835340770608,ar_gaussian,signed_relative_error,32,before,older256,False,COMPLETE,conditional,ar1_stationary
raw,-0.05701024166828405,-0.09879143741944887,-0.07736371008832697,ar_gaussian,squared_relative_error,32,before,older256,False,COMPLETE,conditional,ar1_stationary
raw,0.24432837728836188,0.08287822855569833,0.1603024142308226,ar_gaussian,signed_relative_error,32,before,older256,False,COMPLETE,marginal,ar1_stationary
raw,0.31820167354946727,0.09737478978085455,0.19906810951471193,ar_gaussian,squared_relative_error,32,before,older256,False,COMPLETE,marginal,ar1_stationary
iid_oic,0.03457165650118374,-0.05730145460138586,-0.012049355639444285,ar_gaussian,signed_relative_error,32,before,older256,False,COMPLETE,conditional,ar1_stationary
iid_oic,-0.06482255579616637,-0.10525450802977766,-0.08441239844330622,ar_gaussian,squared_relative_error,32,before,older256,False,COMPLETE,conditional,ar1_stationary
iid_oic,0.19504974030539213,0.033064829069533085,0.11086195462722406,ar_gaussian,signed_relative_error,32,before,older256,False,COMPLETE,marginal,ar1_stationary
iid_oic,0.32796338150178284,0.1065448458071319,0.20856888054838313,ar_gaussian,squared_relative_error,32,before,older256,False,COMPLETE,marginal,ar1_stationary
raw,0.1963099906232575,0.10461710171172972,0.1510559716769575,blocked_holdout,signed_relative_error,32,before,older256,False,COMPLETE,conditional,ar1_stationary
raw,0.07804901665611916,0.029063274332041724,0.05274782449963242,blocked_holdout,squared_relative_error,32,before,older256,False,COMPLETE,conditional,ar1_stationary
raw,0.17675321173389913,0.0937496662018324,0.1356730526251766,blocked_holdout,signed_relative_error,32,before,older256,False,COMPLETE,marginal,ar1_stationary
raw,-0.0026061888217018834,-0.019232806725561526,-0.010502746701888083,blocked_holdout,squared_relative_error,32,before,older256,False,COMPLETE,marginal,ar1_stationary
iid_oic,0.14293861090756946,0.04973629626230464,0.09676826262980716,blocked_holdout,signed_relative_error,32,before,older256,False,COMPLETE,conditional,ar1_stationary
iid_oic,0.0696055867373058,0.023034011486906175,0.04569913614465316,blocked_holdout,squared_relative_error,32,before,older256,False,COMPLETE,conditional,ar1_stationary
iid_oic,0.12873102197638525,0.04317308858396009,0.0862325930215781,blocked_holdout,signed_relative_error,32,before,older256,False,COMPLETE,marginal,ar1_stationary
iid_oic,0.00586489916721872,-0.008656363302579132,-0.0010019756682168915,blocked_holdout,squared_relative_error,32,before,older256,False,COMPLETE,marginal,ar1_stationary
raw,0.18866974033727338,0.10042147040860495,0.14509618098160176,chronological,signed_relative_error,32,before,older256,False,COMPLETE,conditional,ar1_stationary
raw,0.07154631734887491,0.025052272168031485,0.04762214527654507,chronological,squared_relative_error,32,before,older256,False,COMPLETE,conditional,ar1_stationary
raw,0.1704149946732399,0.09028551393779966,0.13087212537239998,chronological,signed_relative_error,32,before,older256,False,COMPLETE,marginal,ar1_stationary
raw,-0.0044261732772358005,-0.020677287978398528,-0.012150176838864497,chronological,squared_relative_error,32,before,older256,False,COMPLETE,marginal,ar1_stationary
iid_oic,0.13522315115145941,0.04547694147421747,0.09080847193445139,chronological,signed_relative_error,32,before,older256,False,COMPLETE,conditional,ar1_stationary
iid_oic,0.06293158195319964,0.01908620766534796,0.04057345692156581,chronological,squared_relative_error,32,before,older256,False,COMPLETE,conditional,ar1_stationary
iid_oic,0.12232945617587596,0.039937826466778376,0.08143166576880147,chronological,signed_relative_error,32,before,older256,False,COMPLETE,marginal,ar1_stationary
iid_oic,0.003925251322867673,-0.009945967344860028,-0.0026494058051933058,chronological,squared_relative_error,32,before,older256,False,COMPLETE,marginal,ar1_stationary
raw,0.2419655146397904,0.13306686444393767,0.18831646237666438,ewma_gaussian,signed_relative_error,32,before,older256,False,COMPLETE,conditional,ar1_stationary
raw,0.17812099446139779,0.060345552948391105,0.11713229868624503,ewma_gaussian,squared_relative_error,32,before,older256,False,COMPLETE,conditional,ar1_stationary
raw,0.2304816392748411,0.128571964651244,0.17952642444242034,ewma_gaussian,signed_relative_error,32,before,older256,False,COMPLETE,marginal,ar1_stationary
raw,0.05371655329095877,0.01679748944168491,0.034649285848071844,ewma_gaussian,squared_relative_error,32,before,older256,False,COMPLETE,marginal,ar1_stationary
iid_oic,0.1880646704647269,0.07784327038204958,0.13402875332951403,ewma_gaussian,signed_relative_error,32,before,older256,False,COMPLETE,conditional,ar1_stationary
iid_oic,0.17048846552278793,0.054607707902609555,0.11008361033126578,ewma_gaussian,squared_relative_error,32,before,older256,False,COMPLETE,conditional,ar1_stationary
iid_oic,0.1819305482670899,0.07796877659270063,0.1300859648388218,ewma_gaussian,signed_relative_error,32,before,older256,False,COMPLETE,marginal,ar1_stationary
iid_oic,0.06323486587905666,0.026503857066768055,0.04415005688174304,ewma_gaussian,squared_relative_error,32,before,older256,False,COMPLETE,marginal,ar1_stationary
raw,0.13803612234156004,0.08512154865408898,0.11161893873863764,gaussian_iid,signed_relative_error,32,before,older256,False,COMPLETE,conditional,ar1_stationary
raw,0.031032045361845836,0.007533567380776718,0.01908358465577492,gaussian_iid,squared_relative_error,32,before,older256,False,COMPLETE,conditional,ar1_stationary
raw,0.12484947108277604,0.0780965410072187,0.10157243956835385,gaussian_iid,signed_relative_error,32,before,older256,False,COMPLETE,marginal,ar1_stationary
raw,-0.012527389717946364,-0.02702023846492007,-0.01921368473283666,gaussian_iid,squared_relative_error,32,before,older256,False,COMPLETE,marginal,ar1_stationary
iid_oic,0.08464704276318336,0.029668723898085347,0.05733122969148728,gaussian_iid,signed_relative_error,32,before,older256,False,COMPLETE,conditional,ar1_stationary
iid_oic,0.022668771613430318,0.0016057556870478433,0.012034896300795666,gaussian_iid,squared_relative_error,32,before,older256,False,COMPLETE,conditional,ar1_stationary
iid_oic,0.07674708569973547,0.027169987565177106,0.052131979964755326,gaussian_iid,signed_relative_error,32,before,older256,False,COMPLETE,marginal,ar1_stationary
iid_oic,-0.0042986342477168765,-0.016231205559209115,-0.009712913699165469,gaussian_iid,squared_relative_error,32,before,older256,False,COMPLETE,marginal,ar1_stationary
raw,0.08130396802333974,0.06850108244360065,0.07468997329959343,hac,signed_relative_error,32,before,older256,False,COMPLETE,conditional,ar1_stationary
raw,0.017885807014736074,0.005761360455279906,0.01163788966882185,hac,squared_relative_error,32,before,older256,False,COMPLETE,conditional,ar1_stationary
raw,0.07382592245473049,0.06297710942148867,0.06815642388293179,hac,signed_relative_error,32,before,older256,False,COMPLETE,marginal,ar1_stationary
raw,-0.008606884845682648,-0.013818264415380683,-0.011278551361013823,hac,squared_relative_error,32,before,older256,False,COMPLETE,marginal,ar1_stationary
iid_oic,0.024496663006826902,0.016854175951882152,0.02040226425244307,hac,signed_relative_error,32,before,older256,False,COMPLETE,conditional,ar1_stationary
iid_oic,0.006957709655266749,0.002590433556472682,0.004589201313842593,hac,squared_relative_error,32,before,older256,False,COMPLETE,conditional,ar1_stationary
iid_oic,0.022285861766997615,0.015600083425001984,0.01871596427933327,hac,signed_relative_error,32,before,older256,False,COMPLETE,marginal,ar1_stationary
iid_oic,-0.001028860488266151,-0.0024973237439230573,-0.0017777803273426316,hac,squared_relative_error,32,before,older256,False,COMPLETE,marginal,ar1_stationary
raw,0.05837354319900363,0.05016402109932037,0.054287709047150357,iid_oic,signed_relative_error,32,before,older256,False,COMPLETE,conditional,ar1_stationary
raw,0.011316627293399398,0.002923215323646127,0.007048688354979257,iid_oic,squared_relative_error,32,before,older256,False,COMPLETE,conditional,ar1_stationary
raw,0.0527247518981699,0.04610856783066562,0.049440459603598524,iid_oic,signed_relative_error,32,before,older256,False,COMPLETE,marginal,ar1_stationary
raw,-0.007445263531509894,-0.011486191055285769,-0.009500771033671192,iid_oic,squared_relative_error,32,before,older256,False,COMPLETE,marginal,ar1_stationary
iid_oic,-0.05016402109932037,-0.05837354319900363,-0.054287709047150357,raw,signed_relative_error,32,before,older256,False,COMPLETE,conditional,ar1_stationary
iid_oic,-0.0029232153236461293,-0.011316627293399398,-0.007048688354979257,raw,squared_relative_error,32,before,older256,False,COMPLETE,conditional,ar1_stationary
iid_oic,-0.04610856783066562,-0.0527247518981699,-0.049440459603598524,raw,signed_relative_error,32,before,older256,False,COMPLETE,marginal,ar1_stationary
iid_oic,0.011486191055285769,0.007445263531509893,0.009500771033671192,raw,squared_relative_error,32,before,older256,False,COMPLETE,marginal,ar1_stationary
raw,0.05685922965014124,-0.04185613809397699,0.004487855097954984,ar_gaussian,signed_relative_error,32,after,older256,False,COMPLETE,conditional,ar1_stationary
raw,-0.04429424408793292,-0.09551776980149108,-0.06814579531474929,ar_gaussian,squared_relative_error,32,after,older256,False,COMPLETE,conditional,ar1_stationary
raw,0.24060991339343477,0.035393183004643794,0.1320217784167105,ar_gaussian,signed_relative_error,32,after,older256,False,COMPLETE,marginal,ar1_stationary
raw,0.42902479721613906,0.11930963411428341,0.26029448895242147,ar_gaussian,squared_relative_error,32,after,older256,False,COMPLETE,marginal,ar1_stationary
iid_oic,-0.0008205676334706763,-0.10269845871530259,-0.054836536570148406,ar_gaussian,signed_relative_error,32,after,older256,False,COMPLETE,conditional,ar1_stationary
iid_oic,-0.056074057376609025,-0.10371923699254273,-0.07830929738765773,ar_gaussian,squared_relative_error,32,after,older256,False,COMPLETE,conditional,ar1_stationary
iid_oic,0.1867327846092405,-0.01744425235680741,0.078637617430633,ar_gaussian,signed_relative_error,32,after,older256,False,COMPLETE,marginal,ar1_stationary
iid_oic,0.4383077633620104,0.12770724344298995,0.26890114123496556,ar_gaussian,squared_relative_error,32,after,older256,False,COMPLETE,marginal,ar1_stationary
raw,0.20266560408134282,0.10347751059111182,0.15103736707930437,blocked_holdout,signed_relative_error,32,after,older256,False,COMPLETE,conditional,ar1_stationary
raw,0.1269686493841,0.03848935914400756,0.0802335272141935,blocked_holdout,squared_relative_error,32,after,older256,False,COMPLETE,conditional,ar1_stationary
raw,0.16879642210313908,0.09258848314145146,0.12889195115989593,blocked_holdout,signed_relative_error,32,after,older256,False,COMPLETE,marginal,ar1_stationary
raw,0.0016169115360435576,-0.018918334057767827,-0.008361919633758562,blocked_holdout,squared_relative_error,32,after,older256,False,COMPLETE,marginal,ar1_stationary
iid_oic,0.14398253195694966,0.043837434836572875,0.09171297541120098,blocked_holdout,signed_relative_error,32,after,older256,False,COMPLETE,conditional,ar1_stationary
iid_oic,0.11518592289082434,0.030344438215028382,0.07007002514128505,blocked_holdout,squared_relative_error,32,after,older256,False,COMPLETE,conditional,ar1_stationary
iid_oic,0.11691851015830912,0.0374049542359875,0.07550779017381842,blocked_holdout,signed_relative_error,32,after,older256,False,COMPLETE,marginal,ar1_stationary
iid_oic,0.008842809958555005,-0.008473951611133797,0.00024473264878551804,blocked_holdout,squared_relative_error,32,after,older256,False,COMPLETE,marginal,ar1_stationary
raw,0.20558417806414941,0.10749360008767961,0.15376329008781367,chronological,signed_relative_error,32,after,older256,False,COMPLETE,conditional,ar1_stationary
raw,0.130366749920474,0.04096168213536327,0.08249148974222223,chronological,squared_relative_error,32,after,older256,False,COMPLETE,conditional,ar1_stationary
raw,0.1695803499910776,0.09518640525434688,0.13018586028540421,chronological,signed_relative_error,32,after,older256,False,COMPLETE,marginal,ar1_stationary
raw,0.0010029621023114937,-0.01993919643038371,-0.00914537760155281,chronological,squared_relative_error,32,after,older256,False,COMPLETE,marginal,ar1_stationary
iid_oic,0.14691734858371547,0.04781733849497423,0.09443889841971029,chronological,signed_relative_error,32,after,older256,False,COMPLETE,conditional,ar1_stationary
iid_oic,0.11879481618122792,0.033258045266162856,0.0723279876693138,chronological,squared_relative_error,32,after,older256,False,COMPLETE,conditional,ar1_stationary
iid_oic,0.11798697268811312,0.04037403790933713,0.07680169929932672,chronological,signed_relative_error,32,after,older256,False,COMPLETE,marginal,ar1_stationary
iid_oic,0.008135632346223493,-0.009450512316610983,-0.0005387253190087299,chronological,squared_relative_error,32,after,older256,False,COMPLETE,marginal,ar1_stationary
raw,0.2090154512910927,0.09094872330932245,0.1453567173490387,ewma_gaussian,signed_relative_error,32,after,older256,False,COMPLETE,conditional,ar1_stationary
raw,0.26962698197915486,0.05492780247399769,0.14426005003496473,ewma_gaussian,squared_relative_error,32,after,older256,False,COMPLETE,conditional,ar1_stationary
raw,0.18059841384412195,0.08697652890508648,0.13056583492659368,ewma_gaussian,signed_relative_error,32,after,older256,False,COMPLETE,marginal,ar1_stationary
raw,0.06742188004291641,0.013212608135585894,0.03620091038578524,ewma_gaussian,squared_relative_error,32,after,older256,False,COMPLETE,marginal,ar1_stationary
iid_oic,0.14997114577664486,0.03097916946447262,0.08603232568093534,ewma_gaussian,signed_relative_error,32,after,older256,False,COMPLETE,conditional,ar1_stationary
iid_oic,0.2594039940757499,0.045565938881636264,0.1340965479620563,ewma_gaussian,squared_relative_error,32,after,older256,False,COMPLETE,conditional,ar1_stationary
iid_oic,0.12788640181113106,0.032691053088054416,0.07718167394051614,ewma_gaussian,signed_relative_error,32,after,older256,False,COMPLETE,marginal,ar1_stationary
iid_oic,0.07587566550790664,0.02182869254007098,0.04480756266832931,ewma_gaussian,squared_relative_error,32,after,older256,False,COMPLETE,marginal,ar1_stationary
raw,0.13755042716973223,0.08674454303803751,0.1102826470301222,gaussian_iid,signed_relative_error,32,after,older256,False,COMPLETE,conditional,ar1_stationary
raw,0.05458444667091724,0.017707486141053518,0.03466371384734794,gaussian_iid,squared_relative_error,32,after,older256,False,COMPLETE,conditional,ar1_stationary
raw,0.11382013162127821,0.07684819888057962,0.09406034934733713,gaussian_iid,signed_relative_error,32,after,older256,False,COMPLETE,marginal,ar1_stationary
raw,-0.011675593353358313,-0.024700981350803754,-0.017496886672335375,gaussian_iid,squared_relative_error,32,after,older256,False,COMPLETE,marginal,ar1_stationary
iid_oic,0.07896416016166069,0.027046605006527568,0.050958255362018805,gaussian_iid,signed_relative_error,32,after,older256,False,COMPLETE,conditional,ar1_stationary
iid_oic,0.04321663014655122,0.00951867548399577,0.02450021177443949,gaussian_iid,squared_relative_error,32,after,older256,False,COMPLETE,conditional,ar1_stationary
iid_oic,0.06198590860502391,0.02214878721769718,0.04067618836125962,gaussian_iid,signed_relative_error,32,after,older256,False,COMPLETE,marginal,ar1_stationary
iid_oic,-0.004862682934208947,-0.013947917282600905,-0.008890234389791295,gaussian_iid,squared_relative_error,32,after,older256,False,COMPLETE,marginal,ar1_stationary
raw,0.09193250500300258,0.07779786263045727,0.084915797534094,hac,signed_relative_error,32,after,older256,False,COMPLETE,conditional,ar1_stationary
raw,0.02397417291300069,0.011333474550563452,0.017759360839974606,hac,squared_relative_error,32,after,older256,False,COMPLETE,conditional,ar1_stationary
raw,0.08278929960989034,0.07039269652484564,0.07653022345109323,hac,signed_relative_error,32,after,older256,False,COMPLETE,marginal,ar1_stationary
raw,-0.0057285472369670186,-0.01289465504682421,-0.00930117771913299,hac,squared_relative_error,32,after,older256,False,COMPLETE,marginal,ar1_stationary
iid_oic,0.02954307214835801,0.021677451580964673,0.02559140586599061,hac,signed_relative_error,32,after,older256,False,COMPLETE,conditional,ar1_stationary
iid_oic,0.010181528548957907,0.005044395754874722,0.007595858767066154,hac,squared_relative_error,32,after,older256,False,COMPLETE,conditional,ar1_stationary
iid_oic,0.02644886706259017,0.019855099750657797,0.02314606246501571,hac,signed_relative_error,32,after,older256,False,COMPLETE,marginal,ar1_stationary
iid_oic,0.000529579404935851,-0.0017931206312807497,-0.0006945254365889107,hac,squared_relative_error,32,after,older256,False,COMPLETE,marginal,ar1_stationary
raw,0.06341069502729559,0.05511087168500387,0.05932439166810338,iid_oic,signed_relative_error,32,after,older256,False,COMPLETE,conditional,ar1_stationary
raw,0.014048194333144515,0.0060038649030402175,0.010163502072908448,iid_oic,squared_relative_error,32,after,older256,False,COMPLETE,conditional,ar1_stationary
raw,0.057295015139095594,0.04965291855274767,0.05338416098607751,iid_oic,signed_relative_error,32,after,older256,False,COMPLETE,marginal,ar1_stationary
raw,-0.006103606473648354,-0.011249282181336228,-0.008606652282544078,iid_oic,squared_relative_error,32,after,older256,False,COMPLETE,marginal,ar1_stationary
iid_oic,-0.05511087168500388,-0.06341069502729559,-0.05932439166810338,raw,signed_relative_error,32,after,older256,False,COMPLETE,conditional,ar1_stationary
iid_oic,-0.006003864903040219,-0.014048194333144515,-0.010163502072908448,raw,squared_relative_error,32,after,older256,False,COMPLETE,conditional,ar1_stationary
iid_oic,-0.04965291855274767,-0.057295015139095594,-0.05338416098607751,raw,signed_relative_error,32,after,older256,False,COMPLETE,marginal,ar1_stationary
iid_oic,0.011249282181336228,0.0061036064736483524,0.008606652282544078,raw,squared_relative_error,32,after,older256,False,COMPLETE,marginal,ar1_stationary
raw,-0.08571344353683995,-0.13576171200420153,-0.11002413349223268,ar_gaussian,signed_relative_error,32,all,full512,False,COMPLETE,conditional,markov_stationary
raw,-0.02775279085068851,-0.05701246535898695,-0.04149500023965988,ar_gaussian,squared_relative_error,32,all,full512,False,COMPLETE,conditional,markov_stationary
raw,-0.06883751094488812,-0.11024569785500937,-0.0890054728266248,ar_gaussian,signed_relative_error,32,all,full512,False,COMPLETE,marginal,markov_stationary
raw,0.021697943238513887,0.01180265255749704,0.016734469881076762,ar_gaussian,squared_relative_error,32,all,full512,False,COMPLETE,marginal,markov_stationary
iid_oic,-0.17019271764034363,-0.23405126424605743,-0.20166089709025575,ar_gaussian,signed_relative_error,32,all,full512,False,COMPLETE,conditional,markov_stationary
iid_oic,-0.06842493974248484,-0.11870326881111919,-0.0922065157567033,ar_gaussian,squared_relative_error,32,all,full512,False,COMPLETE,conditional,markov_stationary
iid_oic,-0.13755661744275471,-0.19038577412283234,-0.16352321768485645,ar_gaussian,signed_relative_error,32,all,full512,False,COMPLETE,marginal,markov_stationary
iid_oic,0.029956180895030285,0.011346756943856161,0.020880892833235604,ar_gaussian,squared_relative_error,32,all,full512,False,COMPLETE,marginal,markov_stationary
raw,0.09595942586642987,0.0804188616034192,0.08831408260141042,block_bootstrap,signed_relative_error,32,all,full512,False,COMPLETE,conditional,markov_stationary
raw,0.059971000507488534,0.03693525620460979,0.048166749696976194,block_bootstrap,squared_relative_error,32,all,full512,False,COMPLETE,conditional,markov_stationary
raw,0.07736076934197476,0.06662022856873433,0.07195351555977644,block_bootstrap,signed_relative_error,32,all,full512,False,COMPLETE,marginal,markov_stationary
raw,0.0010911792527900964,-0.010646256325929923,-0.0048982260187287255,block_bootstrap,squared_relative_error,32,all,full512,False,COMPLETE,marginal,markov_stationary
iid_oic,0.002952182623369813,-0.010073060962922077,-0.0033226809966126637,block_bootstrap,signed_relative_error,32,all,full512,False,COMPLETE,conditional,markov_stationary
iid_oic,0.0020870353196184507,-0.007433634976050567,-0.002544765820067226,block_bootstrap,squared_relative_error,32,all,full512,False,COMPLETE,conditional,markov_stationary
iid_oic,0.0025122715360813806,-0.00822653254017653,-0.002564229298455211,block_bootstrap,signed_relative_error,32,all,full512,False,COMPLETE,marginal,markov_stationary
iid_oic,0.0009436590423235488,-0.0025770959448772747,-0.0007518030665698853,block_bootstrap,squared_relative_error,32,all,full512,False,COMPLETE,marginal,markov_stationary
raw,-0.085228279244943,-0.17389628510869581,-0.1311166211462319,ewma_gaussian,signed_relative_error,32,all,full512,False,COMPLETE,conditional,markov_stationary
raw,0.041179891596089466,-0.06348683004328307,-0.017330113193357546,ewma_gaussian,squared_relative_error,32,all,full512,False,COMPLETE,conditional,markov_stationary
raw,-0.031164489198354316,-0.10452564788974844,-0.06885248206939504,ewma_gaussian,signed_relative_error,32,all,full512,False,COMPLETE,marginal,markov_stationary
raw,0.10179291483535877,0.059342657169117935,0.07923715451732223,ewma_gaussian,squared_relative_error,32,all,full512,False,COMPLETE,marginal,markov_stationary
iid_oic,-0.17195997683723502,-0.2711195920822012,-0.22275338474425502,ewma_gaussian,signed_relative_error,32,all,full512,False,COMPLETE,conditional,markov_stationary
iid_oic,-0.004728821029297925,-0.12115693963581192,-0.06804162871040098,ewma_gaussian,squared_relative_error,32,all,full512,False,COMPLETE,conditional,markov_stationary
iid_oic,-0.10134163943069836,-0.18249827792924858,-0.14337022692762671,ewma_gaussian,signed_relative_error,32,all,full512,False,COMPLETE,marginal,markov_stationary
iid_oic,0.10544113179585696,0.06349109356644436,0.08338357746948107,ewma_gaussian,squared_relative_error,32,all,full512,False,COMPLETE,marginal,markov_stationary
raw,-0.08332251984801488,-0.13278586149013052,-0.10718440058226053,gaussian_iid,signed_relative_error,32,all,full512,False,COMPLETE,conditional,markov_stationary
raw,-0.028131854922043707,-0.05711741321206605,-0.041728999649296016,gaussian_iid,squared_relative_error,32,all,full512,False,COMPLETE,conditional,markov_stationary
raw,-0.06639899801812763,-0.10730858176424936,-0.08620397530008958,gaussian_iid,signed_relative_error,32,all,full512,False,COMPLETE,marginal,markov_stationary
raw,0.019909796294717817,0.010692590371243668,0.015312252767783635,gaussian_iid,squared_relative_error,32,all,full512,False,COMPLETE,marginal,markov_stationary
iid_oic,-0.16769960383831176,-0.23124032090427524,-0.19882116418028362,gaussian_iid,signed_relative_error,32,all,full512,False,COMPLETE,conditional,markov_stationary
iid_oic,-0.0686996729582859,-0.11884123626093296,-0.09244051516633944,gaussian_iid,squared_relative_error,32,all,full512,False,COMPLETE,conditional,markov_stationary
iid_oic,-0.13478663608834887,-0.1876413459690869,-0.16072172015832126,gaussian_iid,signed_relative_error,32,all,full512,False,COMPLETE,marginal,markov_stationary
iid_oic,0.028167329806646588,0.010112853867487866,0.019458675719942475,gaussian_iid,squared_relative_error,32,all,full512,False,COMPLETE,marginal,markov_stationary
raw,0.11270979771441653,0.08965839281962601,0.10091486423148674,hac,signed_relative_error,32,all,full512,False,COMPLETE,conditional,markov_stationary
raw,0.07400544613618985,0.044452381286008334,0.05832197186491143,hac,squared_relative_error,32,all,full512,False,COMPLETE,conditional,markov_stationary
raw,0.09218657817485584,0.07265488783780566,0.08203554615652241,hac,signed_relative_error,32,all,full512,False,COMPLETE,marginal,markov_stationary
raw,0.005281732033973073,-0.010056900311351593,-0.0028445996566820193,hac,squared_relative_error,32,all,full512,False,COMPLETE,marginal,markov_stationary
iid_oic,0.014416992144751502,0.004650325212193308,0.009278100633463657,hac,signed_relative_error,32,all,full512,False,COMPLETE,conditional,markov_stationary
iid_oic,0.013635943735892471,0.0027589374590511486,0.007610456347868012,hac,squared_relative_error,32,all,full512,False,COMPLETE,conditional,markov_stationary
iid_oic,0.011472085348401773,0.0039237601745600766,0.007517801298290738,hac,signed_relative_error,32,all,full512,False,COMPLETE,marginal,markov_stationary
iid_oic,0.0033730522872882146,-0.000267877815017165,0.0013018232954768215,hac,squared_relative_error,32,all,full512,False,COMPLETE,marginal,markov_stationary
raw,0.10119346493566557,0.08222590006863086,0.09163676359802309,iid_oic,signed_relative_error,32,all,full512,False,COMPLETE,conditional,markov_stationary
raw,0.06255338106502727,0.039585773904060775,0.05071151551704342,iid_oic,squared_relative_error,32,all,full512,False,COMPLETE,conditional,markov_stationary
raw,0.08281259778768336,0.06668726864458935,0.07451774485823166,iid_oic,signed_relative_error,32,all,full512,False,COMPLETE,marginal,markov_stationary
raw,0.0023088741435350725,-0.010236732480694913,-0.00414642295215884,iid_oic,squared_relative_error,32,all,full512,False,COMPLETE,marginal,markov_stationary
iid_oic,-0.08222590006863086,-0.10119346493566558,-0.09163676359802309,raw,signed_relative_error,32,all,full512,False,COMPLETE,conditional,markov_stationary
iid_oic,-0.039585773904060775,-0.06255338106502728,-0.05071151551704342,raw,squared_relative_error,32,all,full512,False,COMPLETE,conditional,markov_stationary
iid_oic,-0.06668726864458935,-0.08281259778768336,-0.07451774485823166,raw,signed_relative_error,32,all,full512,False,COMPLETE,marginal,markov_stationary
iid_oic,0.01023673248069491,-0.002308874143535073,0.00414642295215884,raw,squared_relative_error,32,all,full512,False,COMPLETE,marginal,markov_stationary
raw,-0.08273352304624793,-0.13152196751956735,-0.10701371370349058,ar_gaussian,signed_relative_error,32,before,full512,False,COMPLETE,conditional,markov_stationary
raw,-0.023485548868355452,-0.04911694911124456,-0.03550448465718906,ar_gaussian,squared_relative_error,32,before,full512,False,COMPLETE,conditional,markov_stationary
raw,-0.07043237512998626,-0.11204517127585423,-0.09112840060323024,ar_gaussian,signed_relative_error,32,before,full512,False,COMPLETE,marginal,markov_stationary
raw,0.021017346170955777,0.009404155407155204,0.01504753511114042,ar_gaussian,squared_relative_error,32,before,full512,False,COMPLETE,marginal,markov_stationary
iid_oic,-0.163325653655067,-0.22213597390195453,-0.1928646618831481,ar_gaussian,signed_relative_error,32,before,full512,False,COMPLETE,conditional,markov_stationary
iid_oic,-0.05842850397039873,-0.09945108557344479,-0.07817600571555539,ar_gaussian,squared_relative_error,32,before,full512,False,COMPLETE,conditional,markov_stationary
iid_oic,-0.1377047493282045,-0.191075165683026,-0.1641027468282099,ar_gaussian,signed_relative_error,32,before,full512,False,COMPLETE,marginal,markov_stationary
iid_oic,0.02774952420890515,0.007434064179623085,0.017579598466918304,ar_gaussian,squared_relative_error,32,before,full512,False,COMPLETE,marginal,markov_stationary
raw,0.09354220387428236,0.07643605844600407,0.08501981502132633,block_bootstrap,signed_relative_error,32,before,full512,False,COMPLETE,conditional,markov_stationary
raw,0.05658795291702497,0.03274805138316102,0.044363471283794656,block_bootstrap,squared_relative_error,32,before,full512,False,COMPLETE,conditional,markov_stationary
raw,0.07867141115588186,0.06479311773896834,0.0715996766996558,block_bootstrap,signed_relative_error,32,before,full512,False,COMPLETE,marginal,markov_stationary
raw,0.0035427251382483906,-0.008942123421324982,-0.0028147164991794834,block_bootstrap,squared_relative_error,32,before,full512,False,COMPLETE,marginal,markov_stationary
iid_oic,0.007827098646446899,-0.009311914474151558,-0.0008311331583312027,block_bootstrap,signed_relative_error,32,before,full512,False,COMPLETE,conditional,markov_stationary
iid_oic,0.009067176669391882,-0.005433235325804253,0.001691950225428331,block_bootstrap,squared_relative_error,32,before,full512,False,COMPLETE,conditional,markov_stationary
iid_oic,0.0061801672111274275,-0.009135552963899257,-0.0013746695253238671,block_bootstrap,signed_relative_error,32,before,full512,False,COMPLETE,marginal,markov_stationary
iid_oic,0.002135656372071692,-0.002909891336086276,-0.0002826531434015969,block_bootstrap,squared_relative_error,32,before,full512,False,COMPLETE,marginal,markov_stationary
raw,-0.07113559335511842,-0.1563302989280022,-0.11460543681965665,ewma_gaussian,signed_relative_error,32,before,full512,False,COMPLETE,conditional,markov_stationary
raw,-0.006701296204187167,-0.07433519244198242,-0.04224709110849015,ewma_gaussian,squared_relative_error,32,before,full512,False,COMPLETE,conditional,markov_stationary
raw,0.0017897562754136615,-0.0843723972042548,-0.04206373944744915,ewma_gaussian,signed_relative_error,32,before,full512,False,COMPLETE,marginal,markov_stationary
raw,0.12871171555490768,0.05924066653434335,0.09106085355373947,ewma_gaussian,squared_relative_error,32,before,full512,False,COMPLETE,marginal,markov_stationary
iid_oic,-0.15223538023699495,-0.24659503713774406,-0.20045638499931417,ewma_gaussian,signed_relative_error,32,before,full512,False,COMPLETE,conditional,markov_stationary
iid_oic,-0.045812030084209816,-0.12241693075113648,-0.08491861216685648,ewma_gaussian,squared_relative_error,32,before,full512,False,COMPLETE,conditional,markov_stationary
iid_oic,-0.06901780671585893,-0.1589607661669415,-0.11503808567242882,ewma_gaussian,signed_relative_error,32,before,full512,False,COMPLETE,marginal,markov_stationary
iid_oic,0.12932605156996566,0.06386830277174115,0.09359291690951735,ewma_gaussian,squared_relative_error,32,before,full512,False,COMPLETE,marginal,markov_stationary
raw,-0.07675282686883123,-0.12586830506478047,-0.10120819710645801,gaussian_iid,signed_relative_error,32,before,full512,False,COMPLETE,conditional,markov_stationary
raw,-0.024037313964489753,-0.04891153069064362,-0.03569525744571843,gaussian_iid,squared_relative_error,32,before,full512,False,COMPLETE,conditional,markov_stationary
raw,-0.06446769385027852,-0.10731409662978698,-0.08567777012180376,gaussian_iid,signed_relative_error,32,before,full512,False,COMPLETE,marginal,markov_stationary
raw,0.01750710481115872,0.007431464502241363,0.012357050995879294,gaussian_iid,squared_relative_error,32,before,full512,False,COMPLETE,marginal,markov_stationary
iid_oic,-0.1572992850576714,-0.21658698999150397,-0.18705914528611556,gaussian_iid,signed_relative_error,32,before,full512,False,COMPLETE,conditional,markov_stationary
iid_oic,-0.05889017213089492,-0.09911509423737568,-0.07836677850408474,gaussian_iid,squared_relative_error,32,before,full512,False,COMPLETE,conditional,markov_stationary
iid_oic,-0.13190295912148658,-0.18590696557408218,-0.15865211634678344,gaussian_iid,signed_relative_error,32,before,full512,False,COMPLETE,marginal,markov_stationary
iid_oic,0.02415340136205249,0.005492291715240875,0.014889114351657181,gaussian_iid,squared_relative_error,32,before,full512,False,COMPLETE,marginal,markov_stationary
raw,0.10625539896118984,0.0850804056999657,0.0954041655978248,hac,signed_relative_error,32,before,full512,False,COMPLETE,conditional,markov_stationary
raw,0.06370233664502521,0.03869400432564339,0.050443598319532386,hac,squared_relative_error,32,before,full512,False,COMPLETE,conditional,markov_stationary
raw,0.09195179337637933,0.07077881154511566,0.08074838488168487,hac,signed_relative_error,32,before,full512,False,COMPLETE,marginal,markov_stationary
raw,0.0073016601007826285,-0.008481276116856794,-0.000953058718646289,hac,squared_relative_error,32,before,full512,False,COMPLETE,marginal,markov_stationary
iid_oic,0.015355716446384225,0.0043334365904437976,0.00955321741816727,hac,signed_relative_error,32,before,full512,False,COMPLETE,conditional,markov_stationary
iid_oic,0.014475000712745214,0.002593666767137725,0.0077720772611660615,hac,squared_relative_error,32,before,full512,False,COMPLETE,conditional,markov_stationary
iid_oic,0.012385021448252077,0.003653508051273711,0.0077740386567051924,hac,signed_relative_error,32,before,full512,False,COMPLETE,marginal,markov_stationary
iid_oic,0.0038153042216069574,-0.00016978688110656749,0.0015790046371315966,hac,squared_relative_error,32,before,full512,False,COMPLETE,marginal,markov_stationary
raw,0.09537453966709601,0.07670519754374484,0.08585094817965752,iid_oic,signed_relative_error,32,before,full512,False,COMPLETE,conditional,markov_stationary
raw,0.051727454474903053,0.03348972460670741,0.04267152105836632,iid_oic,squared_relative_error,32,before,full512,False,COMPLETE,conditional,markov_stationary
raw,0.08308735348061502,0.06413301349632396,0.07297434622497967,iid_oic,signed_relative_error,32,before,full512,False,COMPLETE,marginal,markov_stationary
raw,0.004190899057730888,-0.008992418841447868,-0.002532063355777887,iid_oic,squared_relative_error,32,before,full512,False,COMPLETE,marginal,markov_stationary
iid_oic,-0.07670519754374484,-0.09537453966709603,-0.08585094817965752,raw,signed_relative_error,32,before,full512,False,COMPLETE,conditional,markov_stationary
iid_oic,-0.03348972460670741,-0.051727454474903053,-0.04267152105836632,raw,squared_relative_error,32,before,full512,False,COMPLETE,conditional,markov_stationary
iid_oic,-0.06413301349632396,-0.08308735348061502,-0.07297434622497967,raw,signed_relative_error,32,before,full512,False,COMPLETE,marginal,markov_stationary
iid_oic,0.008992418841447868,-0.004190899057730888,0.002532063355777887,raw,squared_relative_error,32,before,full512,False,COMPLETE,marginal,markov_stationary
raw,-0.08541100571775238,-0.14279556074899727,-0.11303455328097477,ar_gaussian,signed_relative_error,32,after,full512,False,COMPLETE,conditional,markov_stationary
raw,-0.03004921561095136,-0.06748637398315184,-0.0474855158221307,ar_gaussian,squared_relative_error,32,after,full512,False,COMPLETE,conditional,markov_stationary
raw,-0.06540998156213274,-0.10936059213092147,-0.08688254505001933,ar_gaussian,signed_relative_error,32,after,full512,False,COMPLETE,marginal,markov_stationary
raw,0.02405008216146597,0.012961288657321634,0.0184214046510131,ar_gaussian,squared_relative_error,32,after,full512,False,COMPLETE,marginal,markov_stationary
iid_oic,-0.1731706557730954,-0.24991617294790672,-0.2104571322973634,ar_gaussian,signed_relative_error,32,after,full512,False,COMPLETE,conditional,markov_stationary
iid_oic,-0.07423083398322228,-0.14231878975583212,-0.10623702579785121,ar_gaussian,squared_relative_error,32,after,full512,False,COMPLETE,conditional,markov_stationary
iid_oic,-0.1350222640562208,-0.19182052009700118,-0.16294368854150298,ar_gaussian,signed_relative_error,32,after,full512,False,COMPLETE,marginal,markov_stationary
iid_oic,0.03334980221915923,0.014236128321895225,0.024182187199552896,ar_gaussian,squared_relative_error,32,after,full512,False,COMPLETE,marginal,markov_stationary
raw,0.1019762116399168,0.08169522500781409,0.09160835018149452,block_bootstrap,signed_relative_error,32,after,full512,False,COMPLETE,conditional,markov_stationary
raw,0.06659859873484557,0.038490784455784445,0.05197002811015773,block_bootstrap,squared_relative_error,32,after,full512,False,COMPLETE,conditional,markov_stationary
raw,0.07931648028283915,0.06532511385943801,0.07230735441989711,block_bootstrap,signed_relative_error,32,after,full512,False,COMPLETE,marginal,markov_stationary
raw,-0.0008648586185505926,-0.012896017319742655,-0.006981735538277968,block_bootstrap,squared_relative_error,32,after,full512,False,COMPLETE,marginal,markov_stationary
iid_oic,0.0028613510009677253,-0.015097198499492846,-0.005814228834894115,block_bootstrap,signed_relative_error,32,after,full512,False,COMPLETE,conditional,markov_stationary
iid_oic,-0.0005740485849689051,-0.013618114892476099,-0.006781481865562784,block_bootstrap,squared_relative_error,32,after,full512,False,COMPLETE,conditional,markov_stationary
iid_oic,0.003268879426436865,-0.011007573653248604,-0.0037537890715865522,block_bootstrap,signed_relative_error,32,after,full512,False,COMPLETE,marginal,markov_stationary
iid_oic,0.000627754988762307,-0.0030339923313776516,-0.001220952989738176,block_bootstrap,squared_relative_error,32,after,full512,False,COMPLETE,marginal,markov_stationary
raw,-0.07956579736183816,-0.20766015499312862,-0.14762780547280718,ewma_gaussian,signed_relative_error,32,after,full512,False,COMPLETE,conditional,markov_stationary
raw,0.11089235714909904,-0.06577318490450071,0.007586864721775048,ewma_gaussian,squared_relative_error,32,after,full512,False,COMPLETE,conditional,markov_stationary
raw,-0.04139524292523589,-0.14450230334387365,-0.09564122469134093,ewma_gaussian,signed_relative_error,32,after,full512,False,COMPLETE,marginal,markov_stationary
raw,0.08870198173826772,0.05057417179989277,0.067413455480905,ewma_gaussian,squared_relative_error,32,after,full512,False,COMPLETE,marginal,markov_stationary
iid_oic,-0.17264062355781876,-0.31111133321287404,-0.24505038448919583,ewma_gaussian,signed_relative_error,32,after,full512,False,COMPLETE,conditional,markov_stationary
iid_oic,0.055714356487437625,-0.1326785047743827,-0.05116464525394547,ewma_gaussian,squared_relative_error,32,after,full512,False,COMPLETE,conditional,markov_stationary
iid_oic,-0.1120746805687328,-0.22580326278389293,-0.17170236818282458,ewma_gaussian,signed_relative_error,32,after,full512,False,COMPLETE,marginal,markov_stationary
iid_oic,0.0971039591930562,0.053295492667182705,0.0731742380294448,ewma_gaussian,squared_relative_error,32,after,full512,False,COMPLETE,marginal,markov_stationary
raw,-0.0859840237317806,-0.14238082188314372,-0.11316060405806305,gaussian_iid,signed_relative_error,32,after,full512,False,COMPLETE,conditional,markov_stationary
raw,-0.03045664665241116,-0.06767475304540471,-0.0477627418528736,gaussian_iid,squared_relative_error,32,after,full512,False,COMPLETE,conditional,markov_stationary
raw,-0.06614487244485626,-0.10853166771106044,-0.0867301804783754,gaussian_iid,signed_relative_error,32,after,full512,False,COMPLETE,marginal,markov_stationary
raw,0.0236525961744157,0.012905042734289196,0.018267454539687984,gaussian_iid,squared_relative_error,32,after,full512,False,COMPLETE,marginal,markov_stationary
iid_oic,-0.17389755701011986,-0.24985476472770424,-0.2105831830744517,gaussian_iid,signed_relative_error,32,after,full512,False,COMPLETE,conditional,markov_stationary
iid_oic,-0.07446482375616649,-0.14276589628431197,-0.10651425182859411,gaussian_iid,squared_relative_error,32,after,full512,False,COMPLETE,conditional,markov_stationary
iid_oic,-0.13529857802907283,-0.1911678540101766,-0.16279132396985904,gaussian_iid,signed_relative_error,32,after,full512,False,COMPLETE,marginal,markov_stationary
iid_oic,0.03308728460331292,0.014011714732900755,0.024028237088227773,gaussian_iid,squared_relative_error,32,after,full512,False,COMPLETE,marginal,markov_stationary
raw,0.12155459745141448,0.09165436258880866,0.10642556286514868,hac,signed_relative_error,32,after,full512,False,COMPLETE,conditional,markov_stationary
raw,0.08653048111983382,0.047797372157063416,0.06620034541029049,hac,squared_relative_error,32,after,full512,False,COMPLETE,conditional,markov_stationary
raw,0.0949576260558373,0.07255607875370199,0.08332270743135993,hac,signed_relative_error,32,after,full512,False,COMPLETE,marginal,markov_stationary
raw,0.003710892233657327,-0.012155512292558785,-0.004736140594717747,hac,squared_relative_error,32,after,full512,False,COMPLETE,marginal,markov_stationary
iid_oic,0.01446611622289257,0.003934543109524354,0.009002983848760037,hac,signed_relative_error,32,after,full512,False,COMPLETE,conditional,markov_stationary
iid_oic,0.013673250823560261,0.0021705076818394073,0.007448835434569959,hac,squared_relative_error,32,after,full512,False,COMPLETE,conditional,markov_stationary
iid_oic,0.01146095047656882,0.003378707858886204,0.007261563939876283,hac,signed_relative_error,32,after,full512,False,COMPLETE,marginal,markov_stationary
iid_oic,0.003111958106708277,-0.000568277059182171,0.001024641953822044,hac,squared_relative_error,32,after,full512,False,COMPLETE,marginal,markov_stationary
raw,0.11014891474801444,0.08527291209313864,0.09742257901638865,iid_oic,signed_relative_error,32,after,full512,False,COMPLETE,conditional,markov_stationary
raw,0.07589867602139996,0.04313864471787914,0.058751509975720526,iid_oic,squared_relative_error,32,after,full512,False,COMPLETE,conditional,markov_stationary
raw,0.08505658334145359,0.06753128011725648,0.07606114349148366,iid_oic,signed_relative_error,32,after,full512,False,COMPLETE,marginal,markov_stationary
raw,0.0008808401018293255,-0.01197167626711631,-0.005760782548539792,iid_oic,squared_relative_error,32,after,full512,False,COMPLETE,marginal,markov_stationary
iid_oic,-0.08527291209313864,-0.11014891474801444,-0.09742257901638865,raw,signed_relative_error,32,after,full512,False,COMPLETE,conditional,markov_stationary
iid_oic,-0.04313864471787915,-0.07589867602139998,-0.058751509975720526,raw,squared_relative_error,32,after,full512,False,COMPLETE,conditional,markov_stationary
iid_oic,-0.0675312801172565,-0.08505658334145359,-0.07606114349148366,raw,signed_relative_error,32,after,full512,False,COMPLETE,marginal,markov_stationary
iid_oic,0.011971676267116309,-0.0008808401018293312,0.005760782548539792,raw,squared_relative_error,32,after,full512,False,COMPLETE,marginal,markov_stationary
raw,-0.1412848125126871,-0.19184881044828164,-0.16585725129836884,ar_gaussian,signed_relative_error,32,all,equal512,False,COMPLETE,conditional,markov_stationary
raw,-0.05220281415438485,-0.0856522992823602,-0.06795521677563562,ar_gaussian,squared_relative_error,32,all,equal512,False,COMPLETE,conditional,markov_stationary
raw,-0.11693420955842379,-0.15940081843479104,-0.13772807511476878,ar_gaussian,signed_relative_error,32,all,equal512,False,COMPLETE,marginal,markov_stationary
raw,0.02308158784132872,0.009297776010539147,0.016099608159152644,ar_gaussian,squared_relative_error,32,all,equal512,False,COMPLETE,marginal,markov_stationary
iid_oic,-0.1527523426899272,-0.20571390361831232,-0.17847357565722763,ar_gaussian,signed_relative_error,32,all,equal512,False,COMPLETE,conditional,markov_stationary
iid_oic,-0.05821483560339785,-0.0946586860150346,-0.07552874705608328,ar_gaussian,squared_relative_error,32,all,equal512,False,COMPLETE,conditional,markov_stationary
iid_oic,-0.12666538958889195,-0.17112428267027002,-0.14832797066939968,ar_gaussian,signed_relative_error,32,all,equal512,False,COMPLETE,marginal,markov_stationary
iid_oic,0.02318128674004926,0.007927902161632791,0.015519176378748802,ar_gaussian,squared_relative_error,32,all,equal512,False,COMPLETE,marginal,markov_stationary
raw,0.02770574055348004,0.018417471487756455,0.022902111498628454,block_bootstrap,signed_relative_error,32,all,equal512,False,COMPLETE,conditional,markov_stationary
raw,0.02102311061745182,0.01125733853443583,0.01585673742312238,block_bootstrap,squared_relative_error,32,all,equal512,False,COMPLETE,conditional,markov_stationary
raw,0.02263992573225586,0.014913705851255784,0.01868229649150127,block_bootstrap,signed_relative_error,32,all,equal512,False,COMPLETE,marginal,markov_stationary
raw,0.003537753050873364,0.0001115708361435315,0.0017369893473660918,block_bootstrap,squared_relative_error,32,all,equal512,False,COMPLETE,marginal,markov_stationary
iid_oic,0.014262242889529972,0.006416956211484212,0.010285787139769674,block_bootstrap,signed_relative_error,32,all,equal512,False,COMPLETE,conditional,markov_stationary
iid_oic,0.012148160793073811,0.00476033405604024,0.008283207142674718,block_bootstrap,squared_relative_error,32,all,equal512,False,COMPLETE,conditional,markov_stationary
iid_oic,0.01132054683199149,0.004812159021095054,0.008082400936870383,block_bootstrap,signed_relative_error,32,all,equal512,False,COMPLETE,marginal,markov_stationary
iid_oic,0.00220183281236303,0.0002005891423665614,0.0011565575669622498,block_bootstrap,squared_relative_error,32,all,equal512,False,COMPLETE,marginal,markov_stationary
raw,-0.1326252429883182,-0.21509819337726346,-0.17510819477229786,ewma_gaussian,signed_relative_error,32,all,equal512,False,COMPLETE,conditional,markov_stationary
raw,0.025190391872943134,-0.07789820290739412,-0.03216964708354283,ewma_gaussian,squared_relative_error,32,all,equal512,False,COMPLETE,conditional,markov_stationary
raw,-0.07055667747169217,-0.14351828599383631,-0.1078447557660342,ewma_gaussian,signed_relative_error,32,all,equal512,False,COMPLETE,marginal,markov_stationary
raw,0.11807803747252503,0.06968743936220179,0.09292635419715863,ewma_gaussian,squared_relative_error,32,all,equal512,False,COMPLETE,marginal,markov_stationary
iid_oic,-0.14425584465690208,-0.22889912674438523,-0.18772451913115662,ewma_gaussian,signed_relative_error,32,all,equal512,False,COMPLETE,conditional,markov_stationary
iid_oic,0.018742608122373633,-0.08647732714347159,-0.03974317736399048,ewma_gaussian,squared_relative_error,32,all,equal512,False,COMPLETE,conditional,markov_stationary
iid_oic,-0.08058215729041356,-0.15485851577497264,-0.11844465132066509,ewma_gaussian,signed_relative_error,32,all,equal512,False,COMPLETE,marginal,markov_stationary
iid_oic,0.11756257402485834,0.06871978433376699,0.09234592241675477,ewma_gaussian,squared_relative_error,32,all,equal512,False,COMPLETE,marginal,markov_stationary
raw,-0.13941309665387733,-0.18801360273598366,-0.16296784669817924,gaussian_iid,signed_relative_error,32,all,equal512,False,COMPLETE,conditional,markov_stationary
raw,-0.05156720989822963,-0.08445316532617818,-0.06715403153375009,gaussian_iid,squared_relative_error,32,all,equal512,False,COMPLETE,conditional,markov_stationary
raw,-0.11577057970331775,-0.15631934759586763,-0.1355042593473505,gaussian_iid,signed_relative_error,32,all,equal512,False,COMPLETE,marginal,markov_stationary
raw,0.021872639596858433,0.008413299884801677,0.015180704488425985,gaussian_iid,squared_relative_error,32,all,equal512,False,COMPLETE,marginal,markov_stationary
iid_oic,-0.1510089088141753,-0.20184550126372391,-0.175584171057038,gaussian_iid,signed_relative_error,32,all,equal512,False,COMPLETE,conditional,markov_stationary
iid_oic,-0.05760865116656238,-0.09380994678359618,-0.07472756181419775,gaussian_iid,squared_relative_error,32,all,equal512,False,COMPLETE,conditional,markov_stationary
iid_oic,-0.1253675857973339,-0.1678102818770801,-0.14610415490198136,gaussian_iid,signed_relative_error,32,all,equal512,False,COMPLETE,marginal,markov_stationary
iid_oic,0.021966390954515493,0.007061943155687754,0.014600272708022142,gaussian_iid,squared_relative_error,32,all,equal512,False,COMPLETE,marginal,markov_stationary
raw,0.02970575361520781,0.020877274242870683,0.02472515323898171,hac,signed_relative_error,32,all,equal512,False,COMPLETE,conditional,markov_stationary
raw,0.021318965402222202,0.01140673989674902,0.015712503578133526,hac,squared_relative_error,32,all,equal512,False,COMPLETE,conditional,markov_stationary
raw,0.024884484522509277,0.017394367318603627,0.020734776072387367,hac,signed_relative_error,32,all,equal512,False,COMPLETE,marginal,markov_stationary
raw,0.004200935296510403,-0.00026064707492542294,0.001726788278225246,hac,squared_relative_error,32,all,equal512,False,COMPLETE,marginal,markov_stationary
iid_oic,0.015518450789351667,0.00949599016125414,0.01210882888012293,hac,signed_relative_error,32,all,equal512,False,COMPLETE,conditional,markov_stationary
iid_oic,0.011938888182273445,0.005407547289938764,0.008138973297685865,hac,squared_relative_error,32,all,equal512,False,COMPLETE,conditional,markov_stationary
iid_oic,0.012952324981282575,0.007941526915348012,0.010134880517756477,hac,signed_relative_error,32,all,equal512,False,COMPLETE,marginal,markov_stationary
iid_oic,0.002705632157726541,-3.1198890658079966e-06,0.0011463564978214037,hac,squared_relative_error,32,all,equal512,False,COMPLETE,marginal,markov_stationary
raw,0.014432507852050904,0.011055918198671685,0.012616324358858781,iid_oic,signed_relative_error,32,all,equal512,False,COMPLETE,conditional,markov_stationary
raw,0.009645336166113487,0.005841001466479499,0.007573530280447662,iid_oic,squared_relative_error,32,all,equal512,False,COMPLETE,conditional,markov_stationary
raw,0.012140472683589905,0.00922306887605047,0.010599895554630888,iid_oic,signed_relative_error,32,all,equal512,False,COMPLETE,marginal,markov_stationary
raw,0.001553770857984218,-0.0002947197774163215,0.0005804317804038421,iid_oic,squared_relative_error,32,all,equal512,False,COMPLETE,marginal,markov_stationary
iid_oic,-0.011055918198671685,-0.014432507852050904,-0.012616324358858781,raw,signed_relative_error,32,all,equal512,False,COMPLETE,conditional,markov_stationary
iid_oic,-0.005841001466479499,-0.009645336166113488,-0.007573530280447662,raw,squared_relative_error,32,all,equal512,False,COMPLETE,conditional,markov_stationary
iid_oic,-0.009223068876050471,-0.012140472683589905,-0.010599895554630888,raw,signed_relative_error,32,all,equal512,False,COMPLETE,marginal,markov_stationary
iid_oic,0.00029471977741632135,-0.0015537708579842185,-0.0005804317804038421,raw,squared_relative_error,32,all,equal512,False,COMPLETE,marginal,markov_stationary
raw,-0.14323609699018353,-0.1921656431104191,-0.16708723787455843,ar_gaussian,signed_relative_error,32,before,equal512,False,COMPLETE,conditional,markov_stationary
raw,-0.04784206027176471,-0.0834050726626846,-0.06432908915173191,ar_gaussian,squared_relative_error,32,before,equal512,False,COMPLETE,conditional,markov_stationary
raw,-0.12137002467310562,-0.16462149612363206,-0.14282100796201017,ar_gaussian,signed_relative_error,32,before,equal512,False,COMPLETE,marginal,markov_stationary
raw,0.021273916630721503,0.0060393844563354174,0.013688162380800138,ar_gaussian,squared_relative_error,32,before,equal512,False,COMPLETE,marginal,markov_stationary
iid_oic,-0.15489435798891243,-0.20550701292222184,-0.1794908591758228,ar_gaussian,signed_relative_error,32,before,equal512,False,COMPLETE,conditional,markov_stationary
iid_oic,-0.05354332123708423,-0.09185876095473043,-0.07136764868901663,ar_gaussian,squared_relative_error,32,before,equal512,False,COMPLETE,conditional,markov_stationary
iid_oic,-0.1312984450068343,-0.17623870120512,-0.15355869819384022,ar_gaussian,signed_relative_error,32,before,equal512,False,COMPLETE,marginal,markov_stationary
iid_oic,0.021236842763843633,0.0044577448532733994,0.012902464111198426,ar_gaussian,squared_relative_error,32,before,equal512,False,COMPLETE,marginal,markov_stationary
raw,0.031750525793643875,0.021430593055246326,0.02643197343728707,block_bootstrap,signed_relative_error,32,before,equal512,False,COMPLETE,conditional,markov_stationary
raw,0.021936978794398397,0.011791678844496428,0.016674605246504038,block_bootstrap,squared_relative_error,32,before,equal512,False,COMPLETE,conditional,markov_stationary
raw,0.02692869891008059,0.0182835224629101,0.022508895882067923,block_bootstrap,signed_relative_error,32,before,equal512,False,COMPLETE,marginal,markov_stationary
raw,0.0038793185183022797,0.0001742385479194172,0.0019830459738799915,block_bootstrap,squared_relative_error,32,before,equal512,False,COMPLETE,marginal,markov_stationary
iid_oic,0.01914739852460477,0.009053704135864248,0.014028352136022708,block_bootstrap,signed_relative_error,32,before,equal512,False,COMPLETE,conditional,markov_stationary
iid_oic,0.01424428654005645,0.005367152595420547,0.009636045709219308,block_bootstrap,squared_relative_error,32,before,equal512,False,COMPLETE,conditional,markov_stationary
iid_oic,0.01594009744474958,0.0077431810539133564,0.011771205650237895,block_bootstrap,signed_relative_error,32,before,equal512,False,COMPLETE,marginal,markov_stationary
iid_oic,0.002520499759199641,-5.23394693698057e-05,0.0011973477042782786,block_bootstrap,squared_relative_error,32,before,equal512,False,COMPLETE,marginal,markov_stationary
raw,-0.10910635641132153,-0.20257846001314517,-0.15677648469364408,ewma_gaussian,signed_relative_error,32,before,equal512,False,COMPLETE,conditional,markov_stationary
raw,-0.006009144488239117,-0.08649754306693645,-0.047986762697155065,ewma_gaussian,squared_relative_error,32,before,equal512,False,COMPLETE,conditional,markov_stationary
raw,-0.03548519109802371,-0.12828997956271554,-0.0825967422103191,ewma_gaussian,signed_relative_error,32,before,equal512,False,COMPLETE,marginal,markov_stationary
raw,0.1373421025779948,0.06936538623075444,0.10105980405680781,ewma_gaussian,squared_relative_error,32,before,equal512,False,COMPLETE,marginal,markov_stationary
iid_oic,-0.12093794484800223,-0.21583689015544102,-0.1691801059949084,ewma_gaussian,signed_relative_error,32,before,equal512,False,COMPLETE,conditional,markov_stationary
iid_oic,-0.012639895044315995,-0.09414357718183462,-0.055025322234439795,ewma_gaussian,squared_relative_error,32,before,equal512,False,COMPLETE,conditional,markov_stationary
iid_oic,-0.045776848352673725,-0.13967635094509553,-0.09333443244214913,ewma_gaussian,signed_relative_error,32,before,equal512,False,COMPLETE,marginal,markov_stationary
iid_oic,0.13663969632091827,0.06851503337176797,0.10027410578720611,ewma_gaussian,squared_relative_error,32,before,equal512,False,COMPLETE,marginal,markov_stationary
raw,-0.1387117216579711,-0.1857030183816227,-0.1615290278897144,gaussian_iid,signed_relative_error,32,before,equal512,False,COMPLETE,conditional,markov_stationary
raw,-0.047233671850157005,-0.08161442783417548,-0.0632216509596501,gaussian_iid,squared_relative_error,32,before,equal512,False,COMPLETE,conditional,markov_stationary
raw,-0.11757117108133537,-0.1598650601110676,-0.138289802158726,gaussian_iid,signed_relative_error,32,before,equal512,False,COMPLETE,marginal,markov_stationary
raw,0.019236778117953088,0.004736071634575599,0.012041871042960717,gaussian_iid,squared_relative_error,32,before,equal512,False,COMPLETE,marginal,markov_stationary
iid_oic,-0.15021771488131727,-0.19896284205841375,-0.17393264919097876,gaussian_iid,signed_relative_error,32,before,equal512,False,COMPLETE,conditional,markov_stationary
iid_oic,-0.052928690079377484,-0.09008807090474612,-0.07026021049693483,gaussian_iid,squared_relative_error,32,before,equal512,False,COMPLETE,conditional,markov_stationary
iid_oic,-0.12754861372871706,-0.171316456674435,-0.14902749239055604,gaussian_iid,signed_relative_error,32,before,equal512,False,COMPLETE,marginal,markov_stationary
iid_oic,0.019216303116748976,0.0031380369120790693,0.011256172773359002,gaussian_iid,squared_relative_error,32,before,equal512,False,COMPLETE,marginal,markov_stationary
raw,0.02791181530594148,0.021652598226479206,0.024555755625837398,hac,signed_relative_error,32,before,equal512,False,COMPLETE,conditional,markov_stationary
raw,0.018277957477297067,0.011163070644878278,0.014426668717795913,hac,squared_relative_error,32,before,equal512,False,COMPLETE,conditional,markov_stationary
raw,0.02455085020014434,0.018452481854782727,0.02130257044464814,hac,signed_relative_error,32,before,equal512,False,COMPLETE,marginal,markov_stationary
raw,0.003953006406942086,9.491383598423848e-05,0.0019229487337007732,hac,squared_relative_error,32,before,equal512,False,COMPLETE,marginal,markov_stationary
iid_oic,0.014642796185777851,0.0101050201637303,0.012152134324573037,hac,signed_relative_error,32,before,equal512,False,COMPLETE,conditional,markov_stationary
iid_oic,0.010006668871202865,0.005343752342730124,0.007388109180511182,hac,squared_relative_error,32,before,equal512,False,COMPLETE,conditional,markov_stationary
iid_oic,0.01283323255001171,0.008654436475363307,0.010564880212818113,hac,signed_relative_error,32,before,equal512,False,COMPLETE,marginal,markov_stationary
iid_oic,0.0023161248643715658,0.0001345585762569656,0.0011372504640990598,hac,squared_relative_error,32,before,equal512,False,COMPLETE,marginal,markov_stationary
raw,0.013723082446469312,0.011132453135792454,0.01240362130126436,iid_oic,signed_relative_error,32,before,equal512,False,COMPLETE,conditional,markov_stationary
raw,0.008643145894806886,0.0055954077236665045,0.00703855953728473,iid_oic,squared_relative_error,32,before,equal512,False,COMPLETE,conditional,markov_stationary
raw,0.012038747097435697,0.009451920763169103,0.010737690231830029,iid_oic,signed_relative_error,32,before,equal512,False,COMPLETE,marginal,markov_stationary
raw,0.0017116406476938553,-7.220468173815863e-05,0.0007856982696017134,iid_oic,squared_relative_error,32,before,equal512,False,COMPLETE,marginal,markov_stationary
iid_oic,-0.011132453135792454,-0.013723082446469312,-0.01240362130126436,raw,signed_relative_error,32,before,equal512,False,COMPLETE,conditional,markov_stationary
iid_oic,-0.005595407723666505,-0.008643145894806886,-0.00703855953728473,raw,squared_relative_error,32,before,equal512,False,COMPLETE,conditional,markov_stationary
iid_oic,-0.009451920763169103,-0.012038747097435697,-0.010737690231830029,raw,signed_relative_error,32,before,equal512,False,COMPLETE,marginal,markov_stationary
iid_oic,7.220468173815821e-05,-0.0017116406476938553,-0.0007856982696017134,raw,squared_relative_error,32,before,equal512,False,COMPLETE,marginal,markov_stationary
raw,-0.13537721155599974,-0.19528693157540927,-0.16462726472217926,ar_gaussian,signed_relative_error,32,after,equal512,False,COMPLETE,conditional,markov_stationary
raw,-0.05145860879930125,-0.09329377389651763,-0.07158134439953935,ar_gaussian,squared_relative_error,32,after,equal512,False,COMPLETE,conditional,markov_stationary
raw,-0.10985412874040756,-0.15626808774280715,-0.13263514226752737,ar_gaussian,signed_relative_error,32,after,equal512,False,COMPLETE,marginal,markov_stationary
raw,0.025701224734986962,0.011338053229977017,0.01851105393750515,ar_gaussian,squared_relative_error,32,after,equal512,False,COMPLETE,marginal,markov_stationary
iid_oic,-0.14665409244980976,-0.20999125442160949,-0.17745629213863243,ar_gaussian,signed_relative_error,32,after,equal512,False,COMPLETE,conditional,markov_stationary
iid_oic,-0.057508913375750315,-0.10388083422635724,-0.07968984542314995,ar_gaussian,squared_relative_error,32,after,equal512,False,COMPLETE,conditional,markov_stationary
iid_oic,-0.11925146654359957,-0.168023611771322,-0.14309724314495914,ar_gaussian,signed_relative_error,32,after,equal512,False,COMPLETE,marginal,markov_stationary
iid_oic,0.026039294225499655,0.010252353653212906,0.01813588864629918,ar_gaussian,squared_relative_error,32,after,equal512,False,COMPLETE,marginal,markov_stationary
raw,0.026394224431366277,0.012691600619206985,0.019372249559969835,block_bootstrap,signed_relative_error,32,after,equal512,False,COMPLETE,conditional,markov_stationary
raw,0.021999238616871655,0.008771693348321426,0.01503886959974071,block_bootstrap,squared_relative_error,32,after,equal512,False,COMPLETE,conditional,markov_stationary
raw,0.02031297964215516,0.009460191234536026,0.014855697100934616,block_bootstrap,signed_relative_error,32,after,equal512,False,COMPLETE,marginal,markov_stationary
raw,0.003384091817946691,-0.00023308136262874477,0.0014909327208521917,block_bootstrap,squared_relative_error,32,after,equal512,False,COMPLETE,marginal,markov_stationary
iid_oic,0.012227404970945852,0.000877644335468414,0.006543222143516636,block_bootstrap,signed_relative_error,32,after,equal512,False,COMPLETE,conditional,markov_stationary
iid_oic,0.011969036023568207,0.002255380125020933,0.006930368576130124,block_bootstrap,squared_relative_error,32,after,equal512,False,COMPLETE,conditional,markov_stationary
iid_oic,0.00905935961531091,-0.0004573557861440744,0.0043935962235028695,block_bootstrap,signed_relative_error,32,after,equal512,False,COMPLETE,marginal,markov_stationary
iid_oic,0.0022232872089275836,-9.748223719047411e-06,0.001115767429646222,block_bootstrap,squared_relative_error,32,after,equal512,False,COMPLETE,marginal,markov_stationary
raw,-0.12701477169902767,-0.25202360471284296,-0.19343990485095167,ewma_gaussian,signed_relative_error,32,after,equal512,False,COMPLETE,conditional,markov_stationary
raw,0.08859646468949275,-0.08720902749635465,-0.016352531469930574,ewma_gaussian,squared_relative_error,32,after,equal512,False,COMPLETE,conditional,markov_stationary
raw,-0.07605407275138779,-0.18444387204305432,-0.1330927693217493,ewma_gaussian,signed_relative_error,32,after,equal512,False,COMPLETE,marginal,markov_stationary
raw,0.11994613011596292,0.057676409304158884,0.08479290433750944,ewma_gaussian,squared_relative_error,32,after,equal512,False,COMPLETE,marginal,markov_stationary
iid_oic,-0.13909195522729212,-0.2658105386529091,-0.20626893226740484,ewma_gaussian,signed_relative_error,32,after,equal512,False,COMPLETE,conditional,markov_stationary
iid_oic,0.08109229930617287,-0.09631164422164527,-0.024461032493541167,ewma_gaussian,squared_relative_error,32,after,equal512,False,COMPLETE,conditional,markov_stationary
iid_oic,-0.0861211763216012,-0.19528545288182425,-0.14355487019918106,ewma_gaussian,signed_relative_error,32,after,equal512,False,COMPLETE,marginal,markov_stationary
iid_oic,0.11988637368015674,0.05701784699445907,0.08441773904630348,ewma_gaussian,squared_relative_error,32,after,equal512,False,COMPLETE,marginal,markov_stationary
raw,-0.13642133839280363,-0.19361869251492372,-0.164406665506644,gaussian_iid,signed_relative_error,32,after,equal512,False,COMPLETE,conditional,markov_stationary
raw,-0.051012136948987354,-0.0925177749959381,-0.07108641210785008,gaussian_iid,squared_relative_error,32,after,equal512,False,COMPLETE,conditional,markov_stationary
raw,-0.11140957139215381,-0.15510090690073994,-0.13271871653597495,gaussian_iid,signed_relative_error,32,after,equal512,False,COMPLETE,marginal,markov_stationary
raw,0.02525287037987324,0.011320089594594261,0.01831953793389125,gaussian_iid,squared_relative_error,32,after,equal512,False,COMPLETE,marginal,markov_stationary
iid_oic,-0.14768811164015805,-0.20865799122693618,-0.17723569292309724,gaussian_iid,signed_relative_error,32,after,equal512,False,COMPLETE,conditional,markov_stationary
iid_oic,-0.05708599070819007,-0.1034214105400942,-0.07919491313146065,gaussian_iid,squared_relative_error,32,after,equal512,False,COMPLETE,conditional,markov_stationary
iid_oic,-0.12058848139355,-0.167003880680683,-0.1431808174134067,gaussian_iid,signed_relative_error,32,after,equal512,False,COMPLETE,marginal,markov_stationary
iid_oic,0.025581203481691225,0.010160587789831716,0.017944372642685277,gaussian_iid,squared_relative_error,32,after,equal512,False,COMPLETE,marginal,markov_stationary
raw,0.03159188709788964,0.019860002087944185,0.024894550852126017,hac,signed_relative_error,32,after,equal512,False,COMPLETE,conditional,markov_stationary
raw,0.024868316493618627,0.011190377880583382,0.016998338438471133,hac,squared_relative_error,32,after,equal512,False,COMPLETE,conditional,markov_stationary
raw,0.02554731461695062,0.01618575952368862,0.02016698170012659,hac,signed_relative_error,32,after,equal512,False,COMPLETE,marginal,markov_stationary
raw,0.0046462423764773286,-0.0007149932053954492,0.0015306278227497183,hac,squared_relative_error,32,after,equal512,False,COMPLETE,marginal,markov_stationary
iid_oic,0.01655782123423628,0.008756662315700294,0.012065523435672819,hac,signed_relative_error,32,after,equal512,False,COMPLETE,conditional,markov_stationary
iid_oic,0.014047451222597625,0.0052599091543577906,0.008889837414860545,hac,squared_relative_error,32,after,equal512,False,COMPLETE,conditional,markov_stationary
iid_oic,0.013293330311401766,0.007065488585343957,0.009704880822694842,hac,signed_relative_error,32,after,equal512,False,COMPLETE,marginal,markov_stationary
iid_oic,0.0031650548355539225,-0.00018739615398202317,0.0011554625315437481,hac,squared_relative_error,32,after,equal512,False,COMPLETE,marginal,markov_stationary
raw,0.015408526210892937,0.010790903771504223,0.012829027416453198,iid_oic,signed_relative_error,32,after,equal512,False,COMPLETE,conditional,markov_stationary
raw,0.011082809383569434,0.005722709292775408,0.008108501023610586,iid_oic,squared_relative_error,32,after,equal512,False,COMPLETE,conditional,markov_stationary
raw,0.012472924251091578,0.008865711871967299,0.010462100877431746,iid_oic,signed_relative_error,32,after,equal512,False,COMPLETE,marginal,markov_stationary
raw,0.0015276104676501222,-0.0005643268950601852,0.00037516529120596993,iid_oic,squared_relative_error,32,after,equal512,False,COMPLETE,marginal,markov_stationary
iid_oic,-0.010790903771504223,-0.015408526210892939,-0.012829027416453198,raw,signed_relative_error,32,after,equal512,False,COMPLETE,conditional,markov_stationary
iid_oic,-0.005722709292775409,-0.011082809383569436,-0.008108501023610586,raw,squared_relative_error,32,after,equal512,False,COMPLETE,conditional,markov_stationary
iid_oic,-0.0088657118719673,-0.012472924251091578,-0.010462100877431746,raw,signed_relative_error,32,after,equal512,False,COMPLETE,marginal,markov_stationary
iid_oic,0.0005643268950601852,-0.0015276104676501226,-0.00037516529120596993,raw,squared_relative_error,32,after,equal512,False,COMPLETE,marginal,markov_stationary
raw,0.016833498589359657,-0.030649587197283352,-0.006743970381030217,ar_gaussian,signed_relative_error,32,all,older256,False,COMPLETE,conditional,markov_stationary
raw,0.003985549756564826,-0.017091023988289884,-0.006367385125693311,ar_gaussian,squared_relative_error,32,all,older256,False,COMPLETE,conditional,markov_stationary
raw,0.0067254594477321045,-0.03194309037527589,-0.012972709138159554,ar_gaussian,signed_relative_error,32,all,older256,False,COMPLETE,marginal,markov_stationary
raw,-0.007488482882905893,-0.02287752848447741,-0.015103399251828464,ar_gaussian,squared_relative_error,32,all,older256,False,COMPLETE,marginal,markov_stationary
iid_oic,-0.10709590914636635,-0.16745860505662327,-0.1379997879056654,ar_gaussian,signed_relative_error,32,all,older256,False,COMPLETE,conditional,markov_stationary
iid_oic,-0.04909298841763235,-0.09178437415111187,-0.07010157762326574,ar_gaussian,squared_relative_error,32,all,older256,False,COMPLETE,conditional,markov_stationary
iid_oic,-0.0943082094120037,-0.14391378070569574,-0.11981135628424583,ar_gaussian,signed_relative_error,32,all,older256,False,COMPLETE,marginal,markov_stationary
iid_oic,0.00498067964269838,-0.014655345210086603,-0.004777221678219332,ar_gaussian,squared_relative_error,32,all,older256,False,COMPLETE,marginal,markov_stationary
raw,0.2281539601818738,0.15307380230034207,0.1891941384888125,blocked_holdout,signed_relative_error,32,all,older256,False,COMPLETE,conditional,markov_stationary
raw,0.2209309572938111,0.1028613691072464,0.156222568367061,blocked_holdout,squared_relative_error,32,all,older256,False,COMPLETE,conditional,markov_stationary
raw,0.16454872208141577,0.11538510655261516,0.13949868161769707,blocked_holdout,signed_relative_error,32,all,older256,False,COMPLETE,marginal,markov_stationary
raw,-0.001434083353752233,-0.0305022186278005,-0.015938040718190567,blocked_holdout,squared_relative_error,32,all,older256,False,COMPLETE,marginal,markov_stationary
iid_oic,0.09643092348099494,0.02141813876052828,0.05793832096417731,blocked_holdout,signed_relative_error,32,all,older256,False,COMPLETE,conditional,markov_stationary
iid_oic,0.15295853995699119,0.04029930084307984,0.09248837586948858,blocked_holdout,squared_relative_error,32,all,older256,False,COMPLETE,conditional,markov_stationary
iid_oic,0.05776758369992062,0.008159322887991002,0.03266003447161078,blocked_holdout,signed_relative_error,32,all,older256,False,COMPLETE,marginal,markov_stationary
iid_oic,0.003296242363972902,-0.014766157646325046,-0.005611863144581436,blocked_holdout,squared_relative_error,32,all,older256,False,COMPLETE,marginal,markov_stationary
raw,0.23416055114354248,0.15834522957696653,0.19464140526643856,chronological,signed_relative_error,32,all,older256,False,COMPLETE,conditional,markov_stationary
raw,0.22928760426821812,0.10699627083499105,0.16188395354576962,chronological,squared_relative_error,32,all,older256,False,COMPLETE,conditional,markov_stationary
raw,0.16809869405066183,0.1180969245203818,0.14246777355888846,chronological,signed_relative_error,32,all,older256,False,COMPLETE,marginal,markov_stationary
raw,-0.0014774439763975038,-0.03134778046998434,-0.016605652462763174,chronological,squared_relative_error,32,all,older256,False,COMPLETE,marginal,markov_stationary
iid_oic,0.10161218592985137,0.027065595670166146,0.06338558774180336,chronological,signed_relative_error,32,all,older256,False,COMPLETE,conditional,markov_stationary
iid_oic,0.16083178980301432,0.04529438180162852,0.0981497610481972,chronological,squared_relative_error,32,all,older256,False,COMPLETE,conditional,markov_stationary
iid_oic,0.060771260998650996,0.01133358832255242,0.035629126412802165,chronological,signed_relative_error,32,all,older256,False,COMPLETE,marginal,markov_stationary
iid_oic,0.003286651645585302,-0.01572561708817869,-0.006279474889154039,chronological,squared_relative_error,32,all,older256,False,COMPLETE,marginal,markov_stationary
raw,0.051838831162802586,-0.05447418135739189,-0.004139496956957254,ewma_gaussian,signed_relative_error,32,all,older256,False,COMPLETE,conditional,markov_stationary
raw,0.13748438130490917,-0.013953825610884735,0.05200242503615319,ewma_gaussian,squared_relative_error,32,all,older256,False,COMPLETE,conditional,markov_stationary
raw,0.08279251840321047,-0.00821893594035422,0.03565738327024739,ewma_gaussian,signed_relative_error,32,all,older256,False,COMPLETE,marginal,markov_stationary
raw,0.11241759232415746,0.0502059642330368,0.08058894730274649,ewma_gaussian,squared_relative_error,32,all,older256,False,COMPLETE,marginal,markov_stationary
iid_oic,-0.07287997897453757,-0.19276698672081208,-0.13539531448159242,ewma_gaussian,signed_relative_error,32,all,older256,False,COMPLETE,conditional,markov_stationary
iid_oic,0.07969371982867667,-0.08441073361803356,-0.011731767461419254,ewma_gaussian,squared_relative_error,32,all,older256,False,COMPLETE,conditional,markov_stationary
iid_oic,-0.018066796617970414,-0.12016918631812257,-0.0711812638758389,ewma_gaussian,signed_relative_error,32,all,older256,False,COMPLETE,marginal,markov_stationary
iid_oic,0.12242489923468607,0.06003103426499755,0.09091512487635561,ewma_gaussian,squared_relative_error,32,all,older256,False,COMPLETE,marginal,markov_stationary
raw,0.020281264297249534,-0.026321141844776397,-0.00305832803453929,gaussian_iid,signed_relative_error,32,all,older256,False,COMPLETE,conditional,markov_stationary
raw,0.004886731339675767,-0.016718425817678226,-0.005713476809152328,gaussian_iid,squared_relative_error,32,all,older256,False,COMPLETE,conditional,markov_stationary
raw,0.009949758895794924,-0.02822547466133029,-0.009335193283805665,gaussian_iid,signed_relative_error,32,all,older256,False,COMPLETE,marginal,markov_stationary
raw,-0.009271362341962018,-0.024214233093259565,-0.016614121261171837,gaussian_iid,squared_relative_error,32,all,older256,False,COMPLETE,marginal,markov_stationary
iid_oic,-0.10381980227652894,-0.1636127396522773,-0.13431414555917445,gaussian_iid,signed_relative_error,32,all,older256,False,COMPLETE,conditional,markov_stationary
iid_oic,-0.04875008593025861,-0.09067504123099224,-0.06944766930672476,gaussian_iid,squared_relative_error,32,all,older256,False,COMPLETE,conditional,markov_stationary
iid_oic,-0.09104994958990238,-0.13979392109291008,-0.11617384042989194,gaussian_iid,signed_relative_error,32,all,older256,False,COMPLETE,marginal,markov_stationary
iid_oic,0.003162312748497164,-0.015915066378798956,-0.006287943687562706,gaussian_iid,squared_relative_error,32,all,older256,False,COMPLETE,marginal,markov_stationary
raw,0.14684300157029187,0.12044901185817895,0.13370826868285102,hac,signed_relative_error,32,all,older256,False,COMPLETE,conditional,markov_stationary
raw,0.08370829048642604,0.049089501308232066,0.06591007662398557,hac,squared_relative_error,32,all,older256,False,COMPLETE,conditional,markov_stationary
raw,0.11947760360374991,0.0989219777842802,0.10914285001420666,hac,signed_relative_error,32,all,older256,False,COMPLETE,marginal,markov_stationary
raw,-0.0014687068689465275,-0.017433328129633063,-0.009445983152974855,hac,squared_relative_error,32,all,older256,False,COMPLETE,marginal,markov_stationary
iid_oic,0.006750861067386769,-0.0018554072570125758,0.002452451158215823,hac,signed_relative_error,32,all,older256,False,COMPLETE,conditional,markov_stationary
iid_oic,0.007081362226852335,-0.002128787296885406,0.002175884126413138,hac,squared_relative_error,32,all,older256,False,COMPLETE,conditional,markov_stationary
iid_oic,0.005642921648045453,-0.0011319054509551438,0.002304202868120386,hac,signed_relative_error,32,all,older256,False,COMPLETE,marginal,markov_stationary
iid_oic,0.001957316718114882,-0.00016092234964831052,0.0008801944206342771,hac,squared_relative_error,32,all,older256,False,COMPLETE,marginal,markov_stationary
raw,0.14470272830632383,0.11750927689076336,0.13125581752463517,iid_oic,signed_relative_error,32,all,older256,False,COMPLETE,conditional,markov_stationary
raw,0.08043827589887516,0.0476022376870128,0.06373419249757244,iid_oic,squared_relative_error,32,all,older256,False,COMPLETE,conditional,markov_stationary
raw,0.11723584514456034,0.09636661056995029,0.10683864714608628,iid_oic,signed_relative_error,32,all,older256,False,COMPLETE,marginal,markov_stationary
raw,-0.002687714089960341,-0.018043738541035803,-0.010326177573609131,iid_oic,squared_relative_error,32,all,older256,False,COMPLETE,marginal,markov_stationary
iid_oic,-0.11750927689076336,-0.14470272830632386,-0.13125581752463517,raw,signed_relative_error,32,all,older256,False,COMPLETE,conditional,markov_stationary
iid_oic,-0.0476022376870128,-0.08043827589887516,-0.06373419249757244,raw,squared_relative_error,32,all,older256,False,COMPLETE,conditional,markov_stationary
iid_oic,-0.09636661056995029,-0.11723584514456034,-0.10683864714608628,raw,signed_relative_error,32,all,older256,False,COMPLETE,marginal,markov_stationary
iid_oic,0.018043738541035803,0.002687714089960339,0.010326177573609131,raw,squared_relative_error,32,all,older256,False,COMPLETE,marginal,markov_stationary
raw,0.06747035657342458,-0.024394704221610043,0.02093326334424638,ar_gaussian,signed_relative_error,32,before,older256,False,COMPLETE,conditional,markov_stationary
raw,0.033420056283996136,-0.005455140167796343,0.01275936121752922,ar_gaussian,squared_relative_error,32,before,older256,False,COMPLETE,conditional,markov_stationary
raw,0.04396427944047516,-0.028310475332025714,0.007277959869736021,ar_gaussian,signed_relative_error,32,before,older256,False,COMPLETE,marginal,markov_stationary
raw,-0.005131599100104883,-0.031936406219831424,-0.017717873176774826,ar_gaussian,squared_relative_error,32,before,older256,False,COMPLETE,marginal,markov_stationary
iid_oic,-0.045191571425925406,-0.15179589803667778,-0.09898618756584454,ar_gaussian,signed_relative_error,32,before,older256,False,COMPLETE,conditional,markov_stationary
iid_oic,-0.004133063599077996,-0.06447856628578814,-0.03431191776728473,ar_gaussian,squared_relative_error,32,before,older256,False,COMPLETE,conditional,markov_stationary
iid_oic,-0.05033282358008166,-0.13617039029721525,-0.09394031109303899,ar_gaussian,signed_relative_error,32,before,older256,False,COMPLETE,marginal,markov_stationary
iid_oic,0.007833782255997145,-0.017486503383117098,-0.004474082173965768,ar_gaussian,squared_relative_error,32,before,older256,False,COMPLETE,marginal,markov_stationary
raw,0.34117236086146085,0.15182308867848432,0.2444602791677129,blocked_holdout,signed_relative_error,32,before,older256,False,COMPLETE,conditional,markov_stationary
raw,0.3601461143262352,0.1316378785390887,0.23425864526330814,blocked_holdout,squared_relative_error,32,before,older256,False,COMPLETE,conditional,markov_stationary
raw,0.25417963576736485,0.11468922766940949,0.18329075830731995,blocked_holdout,signed_relative_error,32,before,older256,False,COMPLETE,marginal,markov_stationary
raw,0.024092650070135748,-0.02357195541423498,-0.00014703794223400093,blocked_holdout,squared_relative_error,32,before,older256,False,COMPLETE,marginal,markov_stationary
iid_oic,0.22708091065216912,0.026143504210447747,0.12454082825762197,blocked_holdout,signed_relative_error,32,before,older256,False,COMPLETE,conditional,markov_stationary
iid_oic,0.31663446793866684,0.08075062177829394,0.1871873662784942,blocked_holdout,squared_relative_error,32,before,older256,False,COMPLETE,conditional,markov_stationary
iid_oic,0.15739727666282258,0.00866785844340487,0.08207248734454492,blocked_holdout,signed_relative_error,32,before,older256,False,COMPLETE,marginal,markov_stationary
iid_oic,0.034508237357850906,-0.007097369099972972,0.013096753060575058,blocked_holdout,squared_relative_error,32,before,older256,False,COMPLETE,marginal,markov_stationary
raw,0.33947387733576995,0.15638457336534609,0.24643554215591304,chronological,signed_relative_error,32,before,older256,False,COMPLETE,conditional,markov_stationary
raw,0.3621543088407418,0.13720195124340098,0.2389945530472249,chronological,squared_relative_error,32,before,older256,False,COMPLETE,conditional,markov_stationary
raw,0.2512957178913885,0.11730399148484001,0.18301384765713274,chronological,signed_relative_error,32,before,older256,False,COMPLETE,marginal,markov_stationary
raw,0.02309567126356943,-0.024165444212811367,-0.0008167633073050203,chronological,squared_relative_error,32,before,older256,False,COMPLETE,marginal,markov_stationary
iid_oic,0.22507960131771965,0.03135042312677615,0.12651609124582214,chronological,signed_relative_error,32,before,older256,False,COMPLETE,conditional,markov_stationary
iid_oic,0.3175062642718477,0.08667716672083245,0.19192327406241094,chronological,squared_relative_error,32,before,older256,False,COMPLETE,conditional,markov_stationary
iid_oic,0.15493567515827267,0.0107607814321845,0.08179557669435773,chronological,signed_relative_error,32,before,older256,False,COMPLETE,marginal,markov_stationary
iid_oic,0.03413468977445774,-0.007641984216852349,0.01242702769550404,chronological,squared_relative_error,32,before,older256,False,COMPLETE,marginal,markov_stationary
raw,0.10845657946473827,-0.03167822225368636,0.03485483401657636,ewma_gaussian,signed_relative_error,32,before,older256,False,COMPLETE,conditional,markov_stationary
raw,0.12044795824968343,-0.02088863067835832,0.04244909840130311,ewma_gaussian,squared_relative_error,32,before,older256,False,COMPLETE,conditional,markov_stationary
raw,0.15740619559595045,0.021149541773919,0.08756959643993482,ewma_gaussian,signed_relative_error,32,before,older256,False,COMPLETE,marginal,markov_stationary
raw,0.1618309519817425,0.05693660464829721,0.10670750521584427,ewma_gaussian,squared_relative_error,32,before,older256,False,COMPLETE,marginal,markov_stationary
iid_oic,-0.005619066626670342,-0.15878152217774158,-0.08506461689351455,ewma_gaussian,signed_relative_error,32,before,older256,False,COMPLETE,conditional,markov_stationary
iid_oic,0.07711295897436599,-0.07024467894450279,-0.004622180583510842,ewma_gaussian,squared_relative_error,32,before,older256,False,COMPLETE,conditional,markov_stationary
iid_oic,0.06219177409495711,-0.08505093086757834,-0.013648674522840173,ewma_gaussian,signed_relative_error,32,before,older256,False,COMPLETE,marginal,markov_stationary
iid_oic,0.17635374312794447,0.0692235041751463,0.11995129621865333,ewma_gaussian,squared_relative_error,32,before,older256,False,COMPLETE,marginal,markov_stationary
raw,0.07353194202577427,-0.01701608744341402,0.027826898978539134,gaussian_iid,signed_relative_error,32,before,older256,False,COMPLETE,conditional,markov_stationary
raw,0.03510773340385658,-0.0038535977515244567,0.01449829412204085,gaussian_iid,squared_relative_error,32,before,older256,False,COMPLETE,conditional,markov_stationary
raw,0.05018583279952001,-0.022041070006536847,0.01327687320647649,gaussian_iid,signed_relative_error,32,before,older256,False,COMPLETE,marginal,markov_stationary
raw,-0.008009922023785662,-0.03453468601168049,-0.020338554950748607,gaussian_iid,squared_relative_error,32,before,older256,False,COMPLETE,marginal,markov_stationary
iid_oic,-0.03881090987163287,-0.14460793405285158,-0.09209255193155177,gaussian_iid,signed_relative_error,32,before,older256,False,COMPLETE,conditional,markov_stationary
iid_oic,-0.0029415834873220727,-0.06201352374650952,-0.032572984862773095,gaussian_iid,squared_relative_error,32,before,older256,False,COMPLETE,conditional,markov_stationary
iid_oic,-0.04383703600557121,-0.1303946897773662,-0.0879413977562985,gaussian_iid,signed_relative_error,32,before,older256,False,COMPLETE,marginal,markov_stationary
iid_oic,0.004981515407624468,-0.0199737825429675,-0.007094763947939547,gaussian_iid,squared_relative_error,32,before,older256,False,COMPLETE,marginal,markov_stationary
raw,0.1360619413345974,0.10650847143166267,0.1212925306888218,hac,signed_relative_error,32,before,older256,False,COMPLETE,conditional,markov_stationary
raw,0.06620708989861657,0.030644265998710386,0.04831006510476574,hac,squared_relative_error,32,before,older256,False,COMPLETE,conditional,markov_stationary
raw,0.11777576611408434,0.08934513664763807,0.10282754757336054,hac,signed_relative_error,32,before,older256,False,COMPLETE,marginal,markov_stationary
raw,-0.0037236949225464386,-0.020154207350269446,-0.012046538605082216,hac,squared_relative_error,32,before,older256,False,COMPLETE,marginal,markov_stationary
iid_oic,0.005536783582001053,-0.0030885606634640348,0.0013730797787308863,hac,signed_relative_error,32,before,older256,False,COMPLETE,conditional,markov_stationary
iid_oic,0.0044581421794563005,-0.002228466079582466,0.001238786119951788,hac,squared_relative_error,32,before,older256,False,COMPLETE,conditional,markov_stationary
iid_oic,0.005120472421819188,-0.0019318798431571626,0.0016092766105855342,hac,signed_relative_error,32,before,older256,False,COMPLETE,marginal,markov_stationary
iid_oic,0.0022951545092039093,0.0001840522406516832,0.0011972523977268421,hac,squared_relative_error,32,before,older256,False,COMPLETE,marginal,markov_stationary
raw,0.13500512550472815,0.10507564130975247,0.1199194509100909,iid_oic,signed_relative_error,32,before,older256,False,COMPLETE,conditional,markov_stationary
raw,0.06469475991086837,0.029691717262783645,0.04707127898481395,iid_oic,squared_relative_error,32,before,older256,False,COMPLETE,conditional,markov_stationary
raw,0.1152135363396136,0.0884456096320243,0.101218270962775,iid_oic,signed_relative_error,32,before,older256,False,COMPLETE,marginal,markov_stationary
raw,-0.005236417179126378,-0.021145777698073322,-0.01324379100280906,iid_oic,squared_relative_error,32,before,older256,False,COMPLETE,marginal,markov_stationary
iid_oic,-0.10507564130975248,-0.13500512550472815,-0.1199194509100909,raw,signed_relative_error,32,before,older256,False,COMPLETE,conditional,markov_stationary
iid_oic,-0.029691717262783645,-0.06469475991086839,-0.04707127898481395,raw,squared_relative_error,32,before,older256,False,COMPLETE,conditional,markov_stationary
iid_oic,-0.0884456096320243,-0.1152135363396136,-0.101218270962775,raw,signed_relative_error,32,before,older256,False,COMPLETE,marginal,markov_stationary
iid_oic,0.021145777698073312,0.005236417179126373,0.01324379100280906,raw,squared_relative_error,32,before,older256,False,COMPLETE,marginal,markov_stationary
raw,0.010297222109077764,-0.07846592613847475,-0.03442120410630681,ar_gaussian,signed_relative_error,32,after,older256,False,COMPLETE,conditional,markov_stationary
raw,-0.010790113181023835,-0.0412280358112261,-0.025494131468915843,ar_gaussian,squared_relative_error,32,after,older256,False,COMPLETE,conditional,markov_stationary
raw,0.0005207561726672857,-0.06692601248135617,-0.03322337814605514,ar_gaussian,signed_relative_error,32,after,older256,False,COMPLETE,marginal,markov_stationary
raw,0.0005568438870595861,-0.026939981504463712,-0.012488925326882103,ar_gaussian,squared_relative_error,32,after,older256,False,COMPLETE,marginal,markov_stationary
iid_oic,-0.12408945039976312,-0.23103088508619032,-0.17701338824548624,ar_gaussian,signed_relative_error,32,after,older256,False,COMPLETE,conditional,markov_stationary
iid_oic,-0.07193357965708672,-0.1438505655383478,-0.10589123747924675,ar_gaussian,squared_relative_error,32,after,older256,False,COMPLETE,conditional,markov_stationary
iid_oic,-0.10274856734345354,-0.18904029269311606,-0.1456824014754527,ar_gaussian,signed_relative_error,32,after,older256,False,COMPLETE,marginal,markov_stationary
iid_oic,0.007268242370268302,-0.01771712370652035,-0.005080361182472895,ar_gaussian,squared_relative_error,32,after,older256,False,COMPLETE,marginal,markov_stationary
raw,0.20855980531692095,0.06323709522119948,0.13392799780991207,blocked_holdout,signed_relative_error,32,after,older256,False,COMPLETE,conditional,markov_stationary
raw,0.13676985743257353,0.03363234448192355,0.07818649147081387,blocked_holdout,squared_relative_error,32,after,older256,False,COMPLETE,conditional,markov_stationary
raw,0.14837924619400905,0.04467923887732613,0.09570660492807419,blocked_holdout,signed_relative_error,32,after,older256,False,COMPLETE,marginal,markov_stationary
raw,-0.011912021682033177,-0.0552384165011547,-0.03172904349414714,blocked_holdout,squared_relative_error,32,after,older256,False,COMPLETE,marginal,markov_stationary
iid_oic,0.06895734959246115,-0.084579190325334,-0.008664186329267357,blocked_holdout,signed_relative_error,32,after,older256,False,COMPLETE,conditional,markov_stationary
iid_oic,0.06117870290837431,-0.057688315809275706,-0.0022106145395170444,blocked_holdout,squared_relative_error,32,after,older256,False,COMPLETE,conditional,markov_stationary
iid_oic,0.04274652919266375,-0.07439576838951716,-0.016752418401323365,blocked_holdout,signed_relative_error,32,after,older256,False,COMPLETE,marginal,markov_stationary
iid_oic,-0.008297476234359837,-0.04240027143980967,-0.024320479349737932,blocked_holdout,squared_relative_error,32,after,older256,False,COMPLETE,marginal,markov_stationary
raw,0.21574344118936517,0.0737644354650758,0.14284726837696404,chronological,signed_relative_error,32,after,older256,False,COMPLETE,conditional,markov_stationary
raw,0.14002763081488223,0.04024386447819803,0.08477335404431434,chronological,squared_relative_error,32,after,older256,False,COMPLETE,conditional,markov_stationary
raw,0.15333684538863832,0.05217709028574325,0.10192169946064412,chronological,signed_relative_error,32,after,older256,False,COMPLETE,marginal,markov_stationary
raw,-0.012252775580368367,-0.05623249117251969,-0.03239454161822133,chronological,squared_relative_error,32,after,older256,False,COMPLETE,marginal,markov_stationary
iid_oic,0.07669321749446656,-0.07283662081196943,0.0002550842377845985,chronological,signed_relative_error,32,after,older256,False,COMPLETE,conditional,markov_stationary
iid_oic,0.06356392514136698,-0.048724754267453846,0.004376248033983435,chronological,squared_relative_error,32,after,older256,False,COMPLETE,conditional,markov_stationary
iid_oic,0.04688652871037114,-0.06707297583871093,-0.010537323868753412,chronological,signed_relative_error,32,after,older256,False,COMPLETE,marginal,markov_stationary
iid_oic,-0.009223878519443276,-0.04309087745380529,-0.02498597747381212,chronological,squared_relative_error,32,after,older256,False,COMPLETE,marginal,markov_stationary
raw,0.052734003871044245,-0.12485638646635336,-0.043133827930490864,ewma_gaussian,signed_relative_error,32,after,older256,False,COMPLETE,conditional,markov_stationary
raw,0.2101123850756643,-0.04083991858685292,0.06155575167100325,ewma_gaussian,squared_relative_error,32,after,older256,False,COMPLETE,conditional,markov_stationary
raw,0.05819649899074046,-0.0844994483139396,-0.016254829899440045,ewma_gaussian,signed_relative_error,32,after,older256,False,COMPLETE,marginal,markov_stationary
raw,0.08457605394172008,0.026357116643188603,0.05447038938964871,ewma_gaussian,squared_relative_error,32,after,older256,False,COMPLETE,marginal,markov_stationary
iid_oic,-0.08299318039076782,-0.2761955408215958,-0.18572601206967032,ewma_gaussian,signed_relative_error,32,after,older256,False,COMPLETE,conditional,markov_stationary
iid_oic,0.13699575179649742,-0.13120942239659436,-0.01884135433932764,ewma_gaussian,squared_relative_error,32,after,older256,False,COMPLETE,conditional,markov_stationary
iid_oic,-0.0455193301624808,-0.20595998978429497,-0.1287138532288376,ewma_gaussian,signed_relative_error,32,after,older256,False,COMPLETE,marginal,markov_stationary
iid_oic,0.0954145837342151,0.03235807629918947,0.06187895353405792,ewma_gaussian,squared_relative_error,32,after,older256,False,COMPLETE,marginal,markov_stationary
raw,0.009968776078733994,-0.07731848205532639,-0.033943555047617716,gaussian_iid,signed_relative_error,32,after,older256,False,COMPLETE,conditional,markov_stationary
raw,-0.011037435972535824,-0.04201651402488417,-0.025925247740345513,gaussian_iid,squared_relative_error,32,after,older256,False,COMPLETE,conditional,markov_stationary
raw,0.0017956474005368195,-0.06557553989352431,-0.031947259774087806,gaussian_iid,signed_relative_error,32,after,older256,False,COMPLETE,marginal,markov_stationary
raw,0.00021912423623045792,-0.02760955443657886,-0.01288968757159507,gaussian_iid,squared_relative_error,32,after,older256,False,COMPLETE,marginal,markov_stationary
iid_oic,-0.12463113066672579,-0.23021098951284286,-0.17653573918679716,gaussian_iid,signed_relative_error,32,after,older256,False,COMPLETE,conditional,markov_stationary
iid_oic,-0.0722382911157388,-0.14438705557788475,-0.10632235375067642,gaussian_iid,squared_relative_error,32,after,older256,False,COMPLETE,conditional,markov_stationary
iid_oic,-0.10173906146676309,-0.1875907019750758,-0.14440628310348536,gaussian_iid,signed_relative_error,32,after,older256,False,COMPLETE,marginal,markov_stationary
iid_oic,0.0068817733383201,-0.018356740990744122,-0.005481123427185863,gaussian_iid,squared_relative_error,32,after,older256,False,COMPLETE,marginal,markov_stationary
raw,0.16650874918362613,0.12790586357886127,0.1461240066768802,hac,signed_relative_error,32,after,older256,False,COMPLETE,conditional,markov_stationary
raw,0.11260345955132389,0.05763092742478299,0.0835100881432054,hac,squared_relative_error,32,after,older256,False,COMPLETE,conditional,markov_stationary
raw,0.1302559666868514,0.10198883861573768,0.1154581524550528,hac,signed_relative_error,32,after,older256,False,COMPLETE,marginal,markov_stationary
raw,0.005307266190543413,-0.01872792100549726,-0.006845427700867494,hac,squared_relative_error,32,after,older256,False,COMPLETE,marginal,markov_stationary
iid_oic,0.010699631176154046,-0.00389599509902332,0.0035318225377007698,hac,signed_relative_error,32,after,older256,False,COMPLETE,conditional,markov_stationary
iid_oic,0.01200376788398242,-0.004323753465250035,0.0031129821328744972,hac,squared_relative_error,32,after,older256,False,COMPLETE,conditional,markov_stationary
iid_oic,0.008574355648558102,-0.0028460524907873447,0.0029991291256552385,hac,signed_relative_error,32,after,older256,False,COMPLETE,marginal,markov_stationary
iid_oic,0.0023370694572669506,-0.0011506372067720152,0.0005631364435417134,hac,squared_relative_error,32,after,older256,False,COMPLETE,marginal,markov_stationary
raw,0.16211349051740778,0.12395137589380245,0.14259218413917943,iid_oic,signed_relative_error,32,after,older256,False,COMPLETE,conditional,markov_stationary
raw,0.10702447763769313,0.05603551812435977,0.0803971060103309,iid_oic,squared_relative_error,32,after,older256,False,COMPLETE,conditional,markov_stationary
raw,0.12675018559689463,0.09882243934134992,0.11245902332939754,iid_oic,signed_relative_error,32,after,older256,False,COMPLETE,marginal,markov_stationary
raw,0.004504278985905309,-0.018952100486870575,-0.007408564144409207,iid_oic,squared_relative_error,32,after,older256,False,COMPLETE,marginal,markov_stationary
iid_oic,-0.12395137589380247,-0.16211349051740778,-0.14259218413917943,raw,signed_relative_error,32,after,older256,False,COMPLETE,conditional,markov_stationary
iid_oic,-0.05603551812435977,-0.10702447763769313,-0.0803971060103309,raw,squared_relative_error,32,after,older256,False,COMPLETE,conditional,markov_stationary
iid_oic,-0.09882243934134992,-0.12675018559689463,-0.11245902332939754,raw,signed_relative_error,32,after,older256,False,COMPLETE,marginal,markov_stationary
iid_oic,0.018952100486870575,-0.0045042789859053136,0.007408564144409207,raw,squared_relative_error,32,after,older256,False,COMPLETE,marginal,markov_stationary
raw,-0.07711401915016484,-0.11726507302453745,-0.09684641435795449,ar_gaussian,signed_relative_error,32,all,full512,False,COMPLETE,conditional,markov_shift
raw,2.2743429066635153e-05,-0.01657205888135843,-0.0073895649921246085,ar_gaussian,squared_relative_error,32,all,full512,False,COMPLETE,conditional,markov_shift
raw,-0.07580253794303318,-0.1133346900667715,-0.09435372085286212,ar_gaussian,signed_relative_error,32,all,full512,False,COMPLETE,marginal,markov_shift
raw,0.023810646521753374,0.014281613643288114,0.01903828230488497,ar_gaussian,squared_relative_error,32,all,full512,False,COMPLETE,marginal,markov_shift
iid_oic,-0.1467367806415304,-0.19726669648856,-0.1719187614311034,ar_gaussian,signed_relative_error,32,all,full512,False,COMPLETE,conditional,markov_shift
iid_oic,-0.012828006743643738,-0.04221274750008568,-0.026518520532398344,ar_gaussian,squared_relative_error,32,all,full512,False,COMPLETE,conditional,markov_shift
iid_oic,-0.14381181885622354,-0.1915502158277761,-0.16738451061654785,ar_gaussian,signed_relative_error,32,all,full512,False,COMPLETE,marginal,markov_shift
iid_oic,0.03130058301104072,0.013705152875153559,0.022675693130178635,ar_gaussian,squared_relative_error,32,all,full512,False,COMPLETE,marginal,markov_shift
raw,0.07973649587285057,0.06684972921933904,0.07324981243368758,block_bootstrap,signed_relative_error,32,all,full512,False,COMPLETE,conditional,markov_shift
raw,0.0277603874759397,0.01023845851109798,0.018514489900397176,block_bootstrap,squared_relative_error,32,all,full512,False,COMPLETE,conditional,markov_shift
raw,0.07635615696124616,0.06681814890064201,0.07151410086552193,block_bootstrap,signed_relative_error,32,all,full512,False,COMPLETE,marginal,markov_shift
raw,0.0007261289952218052,-0.0099548493890329,-0.004739542057919054,block_bootstrap,squared_relative_error,32,all,full512,False,COMPLETE,marginal,markov_shift
iid_oic,0.0036819634886561766,-0.007476111612102634,-0.0018225346394612997,block_bootstrap,signed_relative_error,32,all,full512,False,COMPLETE,conditional,markov_shift
iid_oic,0.0035260992656681463,-0.004680164565275591,-0.0006144656398765582,block_bootstrap,squared_relative_error,32,all,full512,False,COMPLETE,conditional,markov_shift
iid_oic,0.0036033767449676424,-0.007011955077270268,-0.001516688898163832,block_bootstrap,signed_relative_error,32,all,full512,False,COMPLETE,marginal,markov_shift
iid_oic,0.0003737451432158352,-0.0027196538157555216,-0.0011021312326253887,block_bootstrap,squared_relative_error,32,all,full512,False,COMPLETE,marginal,markov_shift
raw,0.01674145597180812,-0.06279110156223655,-0.023698991604911727,ewma_gaussian,signed_relative_error,32,all,full512,False,COMPLETE,conditional,markov_shift
raw,-0.012936916584453666,-0.05944758988066429,-0.03878439785162732,ewma_gaussian,squared_relative_error,32,all,full512,False,COMPLETE,conditional,markov_shift
raw,0.09405838293481013,0.01178239513751239,0.052816062635712716,ewma_gaussian,signed_relative_error,32,all,full512,False,COMPLETE,marginal,markov_shift
raw,0.11538931866967402,0.07124687954031753,0.09211083331005361,ewma_gaussian,squared_relative_error,32,all,full512,False,COMPLETE,marginal,markov_shift
iid_oic,-0.05449638220224388,-0.14149466300658936,-0.09877133867806062,ewma_gaussian,signed_relative_error,32,all,full512,False,COMPLETE,conditional,markov_shift
iid_oic,-0.030785986492440597,-0.08065584093506971,-0.057913353391901054,ewma_gaussian,squared_relative_error,32,all,full512,False,COMPLETE,conditional,markov_shift
iid_oic,0.024690231585893854,-0.06435589257428383,-0.02021472712797305,ewma_gaussian,signed_relative_error,32,all,full512,False,COMPLETE,marginal,markov_shift
iid_oic,0.11792111481557704,0.07532947712453755,0.09574824413534727,ewma_gaussian,squared_relative_error,32,all,full512,False,COMPLETE,marginal,markov_shift
raw,-0.07485977983608931,-0.11482051253697342,-0.09433833707941458,gaussian_iid,signed_relative_error,32,all,full512,False,COMPLETE,conditional,markov_shift
raw,7.487754898031458e-05,-0.01606770307014544,-0.007134523106181847,gaussian_iid,squared_relative_error,32,all,full512,False,COMPLETE,conditional,markov_shift
raw,-0.07404160344220978,-0.11127188180462597,-0.09221489664124177,gaussian_iid,signed_relative_error,32,all,full512,False,COMPLETE,marginal,markov_shift
raw,0.022253847442845923,0.013531292244831955,0.017890695277513385,gaussian_iid,squared_relative_error,32,all,full512,False,COMPLETE,marginal,markov_shift
iid_oic,-0.14448209619204783,-0.19462682411390614,-0.1694106841525635,gaussian_iid,signed_relative_error,32,all,full512,False,COMPLETE,conditional,markov_shift
iid_oic,-0.012796313231959745,-0.04169246127869112,-0.026263478646455576,gaussian_iid,squared_relative_error,32,all,full512,False,COMPLETE,conditional,markov_shift
iid_oic,-0.14187997050923667,-0.18934241345387132,-0.16524568640492754,gaussian_iid,signed_relative_error,32,all,full512,False,COMPLETE,marginal,markov_shift
iid_oic,0.029719254761808613,0.012931512539589124,0.021528106102807053,gaussian_iid,squared_relative_error,32,all,full512,False,COMPLETE,marginal,markov_shift
raw,0.09202636452621035,0.07431162696290679,0.08302221809593271,hac,signed_relative_error,32,all,full512,False,COMPLETE,conditional,markov_shift
raw,0.03293438871448393,0.014570066688929035,0.023310710094664698,hac,squared_relative_error,32,all,full512,False,COMPLETE,conditional,markov_shift
raw,0.08959665689441451,0.0722361802615273,0.08055154582779162,hac,signed_relative_error,32,all,full512,False,COMPLETE,marginal,markov_shift
raw,0.00459907281751914,-0.009196761663407143,-0.002629015191718669,hac,squared_relative_error,32,all,full512,False,COMPLETE,marginal,markov_shift
iid_oic,0.01187565692656748,0.004437516826150903,0.007949871022783814,hac,signed_relative_error,32,all,full512,False,COMPLETE,conditional,markov_shift
iid_oic,0.008043249439924969,0.0011560650299440053,0.004181754554390965,hac,squared_relative_error,32,all,full512,False,COMPLETE,conditional,markov_shift
iid_oic,0.010985487210382517,0.004444672652130663,0.007520756064105854,hac,signed_relative_error,32,all,full512,False,COMPLETE,marginal,markov_shift
iid_oic,0.0027289382241306144,-0.00035386735663897427,0.0010083956335749963,hac,squared_relative_error,32,all,full512,False,COMPLETE,marginal,markov_shift
raw,0.08274781810436121,0.06760983147956104,0.07507234707314889,iid_oic,signed_relative_error,32,all,full512,False,COMPLETE,conditional,markov_shift
raw,0.026397578927673086,0.012214830884552594,0.01912895554027373,iid_oic,squared_relative_error,32,all,full512,False,COMPLETE,conditional,markov_shift
raw,0.08089064900042009,0.06592278933579292,0.07303078976368577,iid_oic,signed_relative_error,32,all,full512,False,COMPLETE,marginal,markov_shift
raw,0.002269046126157966,-0.009168962773324631,-0.0036374108252936648,iid_oic,squared_relative_error,32,all,full512,False,COMPLETE,marginal,markov_shift
iid_oic,-0.06760983147956104,-0.08274781810436121,-0.07507234707314889,raw,signed_relative_error,32,all,full512,False,COMPLETE,conditional,markov_shift
iid_oic,-0.012214830884552596,-0.02639757892767309,-0.01912895554027373,raw,squared_relative_error,32,all,full512,False,COMPLETE,conditional,markov_shift
iid_oic,-0.06592278933579292,-0.08089064900042009,-0.07303078976368577,raw,signed_relative_error,32,all,full512,False,COMPLETE,marginal,markov_shift
iid_oic,0.009168962773324631,-0.002269046126157968,0.0036374108252936648,raw,squared_relative_error,32,all,full512,False,COMPLETE,marginal,markov_shift
raw,-0.08273352304624793,-0.13152196751956735,-0.10701371370349058,ar_gaussian,signed_relative_error,32,before,full512,False,COMPLETE,conditional,markov_shift
raw,-0.023485548868355452,-0.04911694911124456,-0.03550448465718906,ar_gaussian,squared_relative_error,32,before,full512,False,COMPLETE,conditional,markov_shift
raw,-0.07043237512998626,-0.11204517127585423,-0.09112840060323024,ar_gaussian,signed_relative_error,32,before,full512,False,COMPLETE,marginal,markov_shift
raw,0.021017346170955777,0.009404155407155204,0.01504753511114042,ar_gaussian,squared_relative_error,32,before,full512,False,COMPLETE,marginal,markov_shift
iid_oic,-0.163325653655067,-0.22213597390195453,-0.1928646618831481,ar_gaussian,signed_relative_error,32,before,full512,False,COMPLETE,conditional,markov_shift
iid_oic,-0.05842850397039873,-0.09945108557344479,-0.07817600571555539,ar_gaussian,squared_relative_error,32,before,full512,False,COMPLETE,conditional,markov_shift
iid_oic,-0.1377047493282045,-0.191075165683026,-0.1641027468282099,ar_gaussian,signed_relative_error,32,before,full512,False,COMPLETE,marginal,markov_shift
iid_oic,0.02774952420890515,0.007434064179623085,0.017579598466918304,ar_gaussian,squared_relative_error,32,before,full512,False,COMPLETE,marginal,markov_shift
raw,0.09354220387428236,0.07643605844600407,0.08501981502132633,block_bootstrap,signed_relative_error,32,before,full512,False,COMPLETE,conditional,markov_shift
raw,0.05658795291702497,0.03274805138316102,0.044363471283794656,block_bootstrap,squared_relative_error,32,before,full512,False,COMPLETE,conditional,markov_shift
raw,0.07867141115588186,0.06479311773896834,0.0715996766996558,block_bootstrap,signed_relative_error,32,before,full512,False,COMPLETE,marginal,markov_shift
raw,0.0035427251382483906,-0.008942123421324982,-0.0028147164991794834,block_bootstrap,squared_relative_error,32,before,full512,False,COMPLETE,marginal,markov_shift
iid_oic,0.007827098646446899,-0.009311914474151558,-0.0008311331583312027,block_bootstrap,signed_relative_error,32,before,full512,False,COMPLETE,conditional,markov_shift
iid_oic,0.009067176669391882,-0.005433235325804253,0.001691950225428331,block_bootstrap,squared_relative_error,32,before,full512,False,COMPLETE,conditional,markov_shift
iid_oic,0.0061801672111274275,-0.009135552963899257,-0.0013746695253238671,block_bootstrap,signed_relative_error,32,before,full512,False,COMPLETE,marginal,markov_shift
iid_oic,0.002135656372071692,-0.002909891336086276,-0.0002826531434015969,block_bootstrap,squared_relative_error,32,before,full512,False,COMPLETE,marginal,markov_shift
raw,-0.07113559335511842,-0.1563302989280022,-0.11460543681965665,ewma_gaussian,signed_relative_error,32,before,full512,False,COMPLETE,conditional,markov_shift
raw,-0.006701296204187167,-0.07433519244198242,-0.04224709110849015,ewma_gaussian,squared_relative_error,32,before,full512,False,COMPLETE,conditional,markov_shift
raw,0.0017897562754136615,-0.0843723972042548,-0.04206373944744915,ewma_gaussian,signed_relative_error,32,before,full512,False,COMPLETE,marginal,markov_shift
raw,0.12871171555490768,0.05924066653434335,0.09106085355373947,ewma_gaussian,squared_relative_error,32,before,full512,False,COMPLETE,marginal,markov_shift
iid_oic,-0.15223538023699495,-0.24659503713774406,-0.20045638499931417,ewma_gaussian,signed_relative_error,32,before,full512,False,COMPLETE,conditional,markov_shift
iid_oic,-0.045812030084209816,-0.12241693075113648,-0.08491861216685648,ewma_gaussian,squared_relative_error,32,before,full512,False,COMPLETE,conditional,markov_shift
iid_oic,-0.06901780671585893,-0.1589607661669415,-0.11503808567242882,ewma_gaussian,signed_relative_error,32,before,full512,False,COMPLETE,marginal,markov_shift
iid_oic,0.12932605156996566,0.06386830277174115,0.09359291690951735,ewma_gaussian,squared_relative_error,32,before,full512,False,COMPLETE,marginal,markov_shift
raw,-0.07675282686883123,-0.12586830506478047,-0.10120819710645801,gaussian_iid,signed_relative_error,32,before,full512,False,COMPLETE,conditional,markov_shift
raw,-0.024037313964489753,-0.04891153069064362,-0.03569525744571843,gaussian_iid,squared_relative_error,32,before,full512,False,COMPLETE,conditional,markov_shift
raw,-0.06446769385027852,-0.10731409662978698,-0.08567777012180376,gaussian_iid,signed_relative_error,32,before,full512,False,COMPLETE,marginal,markov_shift
raw,0.01750710481115872,0.007431464502241363,0.012357050995879294,gaussian_iid,squared_relative_error,32,before,full512,False,COMPLETE,marginal,markov_shift
iid_oic,-0.1572992850576714,-0.21658698999150397,-0.18705914528611556,gaussian_iid,signed_relative_error,32,before,full512,False,COMPLETE,conditional,markov_shift
iid_oic,-0.05889017213089492,-0.09911509423737568,-0.07836677850408474,gaussian_iid,squared_relative_error,32,before,full512,False,COMPLETE,conditional,markov_shift
iid_oic,-0.13190295912148658,-0.18590696557408218,-0.15865211634678344,gaussian_iid,signed_relative_error,32,before,full512,False,COMPLETE,marginal,markov_shift
iid_oic,0.02415340136205249,0.005492291715240875,0.014889114351657181,gaussian_iid,squared_relative_error,32,before,full512,False,COMPLETE,marginal,markov_shift
raw,0.10625539896118984,0.0850804056999657,0.0954041655978248,hac,signed_relative_error,32,before,full512,False,COMPLETE,conditional,markov_shift
raw,0.06370233664502521,0.03869400432564339,0.050443598319532386,hac,squared_relative_error,32,before,full512,False,COMPLETE,conditional,markov_shift
raw,0.09195179337637933,0.07077881154511566,0.08074838488168487,hac,signed_relative_error,32,before,full512,False,COMPLETE,marginal,markov_shift
raw,0.0073016601007826285,-0.008481276116856794,-0.000953058718646289,hac,squared_relative_error,32,before,full512,False,COMPLETE,marginal,markov_shift
iid_oic,0.015355716446384225,0.0043334365904437976,0.00955321741816727,hac,signed_relative_error,32,before,full512,False,COMPLETE,conditional,markov_shift
iid_oic,0.014475000712745214,0.002593666767137725,0.0077720772611660615,hac,squared_relative_error,32,before,full512,False,COMPLETE,conditional,markov_shift
iid_oic,0.012385021448252077,0.003653508051273711,0.0077740386567051924,hac,signed_relative_error,32,before,full512,False,COMPLETE,marginal,markov_shift
iid_oic,0.0038153042216069574,-0.00016978688110656749,0.0015790046371315966,hac,squared_relative_error,32,before,full512,False,COMPLETE,marginal,markov_shift
raw,0.09537453966709601,0.07670519754374484,0.08585094817965752,iid_oic,signed_relative_error,32,before,full512,False,COMPLETE,conditional,markov_shift
raw,0.051727454474903053,0.03348972460670741,0.04267152105836632,iid_oic,squared_relative_error,32,before,full512,False,COMPLETE,conditional,markov_shift
raw,0.08308735348061502,0.06413301349632396,0.07297434622497967,iid_oic,signed_relative_error,32,before,full512,False,COMPLETE,marginal,markov_shift
raw,0.004190899057730888,-0.008992418841447868,-0.002532063355777887,iid_oic,squared_relative_error,32,before,full512,False,COMPLETE,marginal,markov_shift
iid_oic,-0.07670519754374484,-0.09537453966709603,-0.08585094817965752,raw,signed_relative_error,32,before,full512,False,COMPLETE,conditional,markov_shift
iid_oic,-0.03348972460670741,-0.051727454474903053,-0.04267152105836632,raw,squared_relative_error,32,before,full512,False,COMPLETE,conditional,markov_shift
iid_oic,-0.06413301349632396,-0.08308735348061502,-0.07297434622497967,raw,signed_relative_error,32,before,full512,False,COMPLETE,marginal,markov_shift
iid_oic,0.008992418841447868,-0.004190899057730888,0.002532063355777887,raw,squared_relative_error,32,before,full512,False,COMPLETE,marginal,markov_shift
raw,-0.06929224955248056,-0.1048251044345738,-0.08667911501241839,ar_gaussian,signed_relative_error,32,after,full512,False,COMPLETE,conditional,markov_shift
raw,0.028358760210944443,0.011449830966453271,0.02072535467293985,ar_gaussian,squared_relative_error,32,after,full512,False,COMPLETE,conditional,markov_shift
raw,-0.07947131824969231,-0.11581358774409262,-0.09757904110249396,ar_gaussian,signed_relative_error,32,after,full512,False,COMPLETE,marginal,markov_shift
raw,0.02851425425675232,0.017781796305547624,0.02302902949862952,ar_gaussian,squared_relative_error,32,after,full512,False,COMPLETE,marginal,markov_shift
iid_oic,-0.12747072816909888,-0.1753180597096485,-0.15097286097905865,ar_gaussian,signed_relative_error,32,after,full512,False,COMPLETE,conditional,markov_shift
iid_oic,0.037940184697738764,0.009143131174922426,0.025138964650758704,ar_gaussian,squared_relative_error,32,after,full512,False,COMPLETE,conditional,markov_shift
iid_oic,-0.1476962356632971,-0.19389302761613247,-0.1706662744048858,ar_gaussian,signed_relative_error,32,after,full512,False,COMPLETE,marginal,markov_shift
iid_oic,0.03655267119698566,0.018854256389427823,0.027771787793438963,ar_gaussian,squared_relative_error,32,after,full512,False,COMPLETE,marginal,markov_shift
raw,0.0681693077611382,0.05513567533389204,0.06147980984604888,block_bootstrap,signed_relative_error,32,after,full512,False,COMPLETE,conditional,markov_shift
raw,0.0006397535396054648,-0.014278615880721192,-0.0073344914830003015,block_bootstrap,squared_relative_error,32,after,full512,False,COMPLETE,conditional,markov_shift
raw,0.07726613421654932,0.06584378953275782,0.07142852503138805,block_bootstrap,signed_relative_error,32,after,full512,False,COMPLETE,marginal,markov_shift
raw,-0.0016899368682573004,-0.011523637548970693,-0.006664367616658626,block_bootstrap,squared_relative_error,32,after,full512,False,COMPLETE,marginal,markov_shift
iid_oic,0.0020350106997374167,-0.008195815090122722,-0.0028139361205913984,block_bootstrap,signed_relative_error,32,after,full512,False,COMPLETE,conditional,markov_shift
iid_oic,0.0012049641353818763,-0.007089851844927411,-0.002920881505181452,block_bootstrap,squared_relative_error,32,after,full512,False,COMPLETE,conditional,markov_shift
iid_oic,0.004038142029108444,-0.007688508513219666,-0.0016587082710037932,block_bootstrap,signed_relative_error,32,after,full512,False,COMPLETE,marginal,markov_shift
iid_oic,-0.0006213789293541649,-0.003288963651607841,-0.001921609321849183,block_bootstrap,squared_relative_error,32,after,full512,False,COMPLETE,marginal,markov_shift
raw,0.11783751480795875,0.020794826440512382,0.06720745360983321,ewma_gaussian,signed_relative_error,32,after,full512,False,COMPLETE,conditional,markov_shift
raw,0.0033969352891878943,-0.06651082269120223,-0.03532170459476448,ewma_gaussian,squared_relative_error,32,after,full512,False,COMPLETE,conditional,markov_shift
raw,0.20667291632236875,0.09099619426281899,0.14769586471887458,ewma_gaussian,signed_relative_error,32,after,full512,False,COMPLETE,marginal,markov_shift
raw,0.1226520993008786,0.06732397437647021,0.09316081306636775,ewma_gaussian,squared_relative_error,32,after,full512,False,COMPLETE,marginal,markov_shift
iid_oic,0.05669117090336873,-0.04753777485690545,0.002913707643192932,ewma_gaussian,signed_relative_error,32,after,full512,False,COMPLETE,conditional,markov_shift
iid_oic,0.006484678955744078,-0.060998196408502785,-0.03090809461694563,ewma_gaussian,squared_relative_error,32,after,full512,False,COMPLETE,conditional,markov_shift
iid_oic,0.13716914790594,0.0147502117839027,0.07460863141648273,ewma_gaussian,signed_relative_error,32,after,full512,False,COMPLETE,marginal,markov_shift
iid_oic,0.12753749210942603,0.07173805419943431,0.09790357136117721,ewma_gaussian,squared_relative_error,32,after,full512,False,COMPLETE,marginal,markov_shift
raw,-0.07062628490633034,-0.10508347419947812,-0.08746847705237112,gaussian_iid,signed_relative_error,32,after,full512,False,COMPLETE,conditional,markov_shift
raw,0.028839424752327047,0.012296627929459888,0.02142621123335474,gaussian_iid,squared_relative_error,32,after,full512,False,COMPLETE,conditional,markov_shift
raw,-0.08146565173283327,-0.11606014523128948,-0.0987520231606798,gaussian_iid,signed_relative_error,32,after,full512,False,COMPLETE,marginal,markov_shift
raw,0.02866405861227041,0.01827473446303161,0.02342433955914748,gaussian_iid,squared_relative_error,32,after,full512,False,COMPLETE,marginal,markov_shift
iid_oic,-0.12874919307732585,-0.17589561885551966,-0.15176222301901138,gaussian_iid,signed_relative_error,32,after,full512,False,COMPLETE,conditional,markov_shift
iid_oic,0.03844080354194904,0.009997342821175566,0.025839821211173584,gaussian_iid,squared_relative_error,32,after,full512,False,COMPLETE,conditional,markov_shift
iid_oic,-0.1494665434911315,-0.19432035636412426,-0.17183925646307166,gaussian_iid,signed_relative_error,32,after,full512,False,COMPLETE,marginal,markov_shift
iid_oic,0.03674347798727483,0.01927490098561277,0.02816709785395692,gaussian_iid,squared_relative_error,32,after,full512,False,COMPLETE,marginal,markov_shift
raw,0.07986826654405017,0.06186572941354808,0.07064027059404063,hac,signed_relative_error,32,after,full512,False,COMPLETE,conditional,markov_shift
raw,0.00586068107089907,-0.01173301788476089,-0.0038221781302029897,hac,squared_relative_error,32,after,full512,False,COMPLETE,conditional,markov_shift
raw,0.08921442838778856,0.0721071864780125,0.08035470677389836,hac,signed_relative_error,32,after,full512,False,COMPLETE,marginal,markov_shift
raw,0.002411066588797434,-0.010271214793019503,-0.004304971664791046,hac,squared_relative_error,32,after,full512,False,COMPLETE,marginal,markov_shift
iid_oic,0.009056078330295921,0.003742777140030477,0.006346524627400359,hac,signed_relative_error,32,after,full512,False,COMPLETE,conditional,markov_shift
iid_oic,0.0027616539218719804,-0.0010796759686364983,0.0005914318476158598,hac,squared_relative_error,32,after,full512,False,COMPLETE,conditional,markov_shift
iid_oic,0.01020913954317402,0.0044681603467223215,0.007267473471506517,hac,signed_relative_error,32,after,full512,False,COMPLETE,marginal,markov_shift
iid_oic,0.0017670995691909052,-0.0006448641568323363,0.00043778663001839597,hac,squared_relative_error,32,after,full512,False,COMPLETE,marginal,markov_shift
raw,0.0721895625436336,0.05661450220295311,0.06429374596664028,iid_oic,signed_relative_error,32,after,full512,False,COMPLETE,conditional,markov_shift
raw,0.00343197690573827,-0.011102854914450096,-0.004413609977818849,iid_oic,squared_relative_error,32,after,full512,False,COMPLETE,conditional,markov_shift
raw,0.08044132334989698,0.06597154976664371,0.07308723330239186,iid_oic,signed_relative_error,32,after,full512,False,COMPLETE,marginal,markov_shift
raw,0.0007643541285223651,-0.009747573871478413,-0.004742758294809444,iid_oic,squared_relative_error,32,after,full512,False,COMPLETE,marginal,markov_shift
iid_oic,-0.05661450220295312,-0.0721895625436336,-0.06429374596664028,raw,signed_relative_error,32,after,full512,False,COMPLETE,conditional,markov_shift
iid_oic,0.011102854914450096,-0.0034319769057382737,0.004413609977818849,raw,squared_relative_error,32,after,full512,False,COMPLETE,conditional,markov_shift
iid_oic,-0.06597154976664371,-0.08044132334989698,-0.07308723330239186,raw,signed_relative_error,32,after,full512,False,COMPLETE,marginal,markov_shift
iid_oic,0.009747573871478411,-0.000764354128522369,0.004742758294809444,raw,squared_relative_error,32,after,full512,False,COMPLETE,marginal,markov_shift
raw,-0.12355944966776185,-0.1646184773510463,-0.14341276751289567,ar_gaussian,signed_relative_error,32,all,equal512,False,COMPLETE,conditional,markov_shift
raw,-0.009673389994447099,-0.033263788168147235,-0.020361033432663902,ar_gaussian,squared_relative_error,32,all,equal512,False,COMPLETE,conditional,markov_shift
raw,-0.12139509591365943,-0.1582866418928068,-0.13945349495641945,ar_gaussian,signed_relative_error,32,all,equal512,False,COMPLETE,marginal,markov_shift
raw,0.02428684955951136,0.011578076654257483,0.017929910188520165,ar_gaussian,squared_relative_error,32,all,equal512,False,COMPLETE,marginal,markov_shift
iid_oic,-0.13369688403461036,-0.1761506995122711,-0.15413379756780726,ar_gaussian,signed_relative_error,32,all,equal512,False,COMPLETE,conditional,markov_shift
iid_oic,-0.011923445639008875,-0.03746074794946309,-0.02351389135196616,ar_gaussian,squared_relative_error,32,all,equal512,False,COMPLETE,conditional,markov_shift
iid_oic,-0.13149430467519618,-0.16961292666462743,-0.15008574842980732,ar_gaussian,signed_relative_error,32,all,equal512,False,COMPLETE,marginal,markov_shift
iid_oic,0.024480095566296562,0.010544348164315223,0.01755810816862633,ar_gaussian,squared_relative_error,32,all,equal512,False,COMPLETE,marginal,markov_shift
raw,0.02400364128347089,0.01741279185485165,0.02060839297512545,block_bootstrap,signed_relative_error,32,all,equal512,False,COMPLETE,conditional,markov_shift
raw,0.011800180991874524,0.005168023138397359,0.008361393518493795,block_bootstrap,squared_relative_error,32,all,equal512,False,COMPLETE,conditional,markov_shift
raw,0.02278416340290244,0.016588735643529907,0.019595148273156136,block_bootstrap,signed_relative_error,32,all,equal512,False,COMPLETE,marginal,markov_shift
raw,0.0030367080957525434,0.0001195386883033028,0.0015245760047700278,block_bootstrap,squared_relative_error,32,all,equal512,False,COMPLETE,marginal,markov_shift
iid_oic,0.012868692806963596,0.007048402773934618,0.00988736292021387,block_bootstrap,signed_relative_error,32,all,equal512,False,COMPLETE,conditional,markov_shift
iid_oic,0.00817257227723192,0.002505701600136357,0.0052085355991915334,block_bootstrap,squared_relative_error,32,all,equal512,False,COMPLETE,conditional,markov_shift
iid_oic,0.011647983749882193,0.006372980198720764,0.008962894799768287,block_bootstrap,signed_relative_error,32,all,equal512,False,COMPLETE,marginal,markov_shift
iid_oic,0.0021142226370255246,0.0002607598273874502,0.001152773984876187,block_bootstrap,squared_relative_error,32,all,equal512,False,COMPLETE,marginal,markov_shift
raw,-0.013315069801092198,-0.0934308742460221,-0.053693481242831076,ewma_gaussian,signed_relative_error,32,all,equal512,False,COMPLETE,conditional,markov_shift
raw,-0.011722288690386154,-0.060731012143287216,-0.03719970804969533,ewma_gaussian,squared_relative_error,32,all,equal512,False,COMPLETE,conditional,markov_shift
raw,0.06424740005306799,-0.018897029022720425,0.022651657432734215,ewma_gaussian,signed_relative_error,32,all,equal512,False,COMPLETE,marginal,markov_shift
raw,0.13707042279197434,0.08815505287197362,0.11155769306555735,ewma_gaussian,squared_relative_error,32,all,equal512,False,COMPLETE,marginal,markov_shift
iid_oic,-0.023511580306090653,-0.10487402466665569,-0.06441451129774264,ewma_gaussian,signed_relative_error,32,all,equal512,False,COMPLETE,conditional,markov_shift
iid_oic,-0.014501309819332084,-0.06429546590211578,-0.0403525659689976,ewma_gaussian,squared_relative_error,32,all,equal512,False,COMPLETE,conditional,markov_shift
iid_oic,0.05422637991641458,-0.030101602872553857,0.012019403959346368,ewma_gaussian,signed_relative_error,32,all,equal512,False,COMPLETE,marginal,markov_shift
iid_oic,0.13657992252310494,0.08770574678029652,0.11118589104566348,ewma_gaussian,squared_relative_error,32,all,equal512,False,COMPLETE,marginal,markov_shift
raw,-0.12214899141343713,-0.16118159741541235,-0.14098189220011834,gaussian_iid,signed_relative_error,32,all,equal512,False,COMPLETE,conditional,markov_shift
raw,-0.008871545329643607,-0.03201253950884626,-0.019357257518539506,gaussian_iid,squared_relative_error,32,all,equal512,False,COMPLETE,conditional,markov_shift
raw,-0.12088362691987942,-0.1558126032107107,-0.13787016596198287,gaussian_iid,signed_relative_error,32,all,equal512,False,COMPLETE,marginal,markov_shift
raw,0.023319362413596886,0.010941472286792901,0.01716568218987965,gaussian_iid,squared_relative_error,32,all,equal512,False,COMPLETE,marginal,markov_shift
iid_oic,-0.13232278907205494,-0.172794791723773,-0.1517029222550299,gaussian_iid,signed_relative_error,32,all,equal512,False,COMPLETE,conditional,markov_shift
iid_oic,-0.011072794436405761,-0.03620959910020482,-0.022510115437841767,gaussian_iid,squared_relative_error,32,all,equal512,False,COMPLETE,conditional,markov_shift
iid_oic,-0.13092527457326242,-0.16709773715339651,-0.14850241943537074,gaussian_iid,signed_relative_error,32,all,equal512,False,COMPLETE,marginal,markov_shift
iid_oic,0.023543536456535983,0.009894031856916322,0.016793880169985807,gaussian_iid,squared_relative_error,32,all,equal512,False,COMPLETE,marginal,markov_shift
raw,0.023248203959613523,0.01832854535113778,0.020638325340029004,hac,signed_relative_error,32,all,equal512,False,COMPLETE,conditional,markov_shift
raw,0.009253842193674927,0.00444255446663707,0.006652483180309889,hac,squared_relative_error,32,all,equal512,False,COMPLETE,conditional,markov_shift
raw,0.0228753036243722,0.018229146277571242,0.020398278254603597,hac,signed_relative_error,32,all,equal512,False,COMPLETE,marginal,markov_shift
raw,0.0026244905509216843,-0.0003953361117871856,0.0010466908857778452,hac,squared_relative_error,32,all,equal512,False,COMPLETE,marginal,markov_shift
iid_oic,0.011779624116780338,0.008357260766050117,0.009917295285117426,hac,signed_relative_error,32,all,equal512,False,COMPLETE,conditional,markov_shift
iid_oic,0.005115275611106449,0.0021913997940559518,0.0034996252610076284,hac,squared_relative_error,32,all,equal512,False,COMPLETE,conditional,markov_shift
iid_oic,0.01154009457732251,0.008287372512651086,0.009766024781215748,hac,signed_relative_error,32,all,equal512,False,COMPLETE,marginal,markov_shift
iid_oic,0.0015713624018144027,-9.887978210028509e-05,0.0006748888658840048,hac,squared_relative_error,32,all,equal512,False,COMPLETE,marginal,markov_shift
raw,0.011782885809980976,0.00969788620701488,0.010721030054911578,iid_oic,signed_relative_error,32,all,equal512,False,COMPLETE,conditional,markov_shift
raw,0.004390394033804368,0.0021137297969148743,0.003152857919302261,iid_oic,squared_relative_error,32,all,equal512,False,COMPLETE,conditional,markov_shift
raw,0.011628535051504827,0.00967113049075058,0.01063225347338785,iid_oic,signed_relative_error,32,all,equal512,False,COMPLETE,marginal,markov_shift
raw,0.001104260671671382,-0.0003313090750278813,0.00037180201989384044,iid_oic,squared_relative_error,32,all,equal512,False,COMPLETE,marginal,markov_shift
iid_oic,-0.009697886207014882,-0.011782885809980978,-0.010721030054911578,raw,signed_relative_error,32,all,equal512,False,COMPLETE,conditional,markov_shift
iid_oic,-0.0021137297969148743,-0.004390394033804368,-0.003152857919302261,raw,squared_relative_error,32,all,equal512,False,COMPLETE,conditional,markov_shift
iid_oic,-0.009671130490750583,-0.011628535051504827,-0.01063225347338785,raw,signed_relative_error,32,all,equal512,False,COMPLETE,marginal,markov_shift
iid_oic,0.00033130907502788116,-0.001104260671671382,-0.00037180201989384044,raw,squared_relative_error,32,all,equal512,False,COMPLETE,marginal,markov_shift
raw,-0.14323609699018353,-0.1921656431104191,-0.16708723787455843,ar_gaussian,signed_relative_error,32,before,equal512,False,COMPLETE,conditional,markov_shift
raw,-0.04784206027176471,-0.0834050726626846,-0.06432908915173191,ar_gaussian,squared_relative_error,32,before,equal512,False,COMPLETE,conditional,markov_shift
raw,-0.12137002467310562,-0.16462149612363206,-0.14282100796201017,ar_gaussian,signed_relative_error,32,before,equal512,False,COMPLETE,marginal,markov_shift
raw,0.021273916630721503,0.0060393844563354174,0.013688162380800138,ar_gaussian,squared_relative_error,32,before,equal512,False,COMPLETE,marginal,markov_shift
iid_oic,-0.15489435798891243,-0.20550701292222184,-0.1794908591758228,ar_gaussian,signed_relative_error,32,before,equal512,False,COMPLETE,conditional,markov_shift
iid_oic,-0.05354332123708423,-0.09185876095473043,-0.07136764868901663,ar_gaussian,squared_relative_error,32,before,equal512,False,COMPLETE,conditional,markov_shift
iid_oic,-0.1312984450068343,-0.17623870120512,-0.15355869819384022,ar_gaussian,signed_relative_error,32,before,equal512,False,COMPLETE,marginal,markov_shift
iid_oic,0.021236842763843633,0.0044577448532733994,0.012902464111198426,ar_gaussian,squared_relative_error,32,before,equal512,False,COMPLETE,marginal,markov_shift
raw,0.031750525793643875,0.021430593055246326,0.02643197343728707,block_bootstrap,signed_relative_error,32,before,equal512,False,COMPLETE,conditional,markov_shift
raw,0.021936978794398397,0.011791678844496428,0.016674605246504038,block_bootstrap,squared_relative_error,32,before,equal512,False,COMPLETE,conditional,markov_shift
raw,0.02692869891008059,0.0182835224629101,0.022508895882067923,block_bootstrap,signed_relative_error,32,before,equal512,False,COMPLETE,marginal,markov_shift
raw,0.0038793185183022797,0.0001742385479194172,0.0019830459738799915,block_bootstrap,squared_relative_error,32,before,equal512,False,COMPLETE,marginal,markov_shift
iid_oic,0.01914739852460477,0.009053704135864248,0.014028352136022708,block_bootstrap,signed_relative_error,32,before,equal512,False,COMPLETE,conditional,markov_shift
iid_oic,0.01424428654005645,0.005367152595420547,0.009636045709219308,block_bootstrap,squared_relative_error,32,before,equal512,False,COMPLETE,conditional,markov_shift
iid_oic,0.01594009744474958,0.0077431810539133564,0.011771205650237895,block_bootstrap,signed_relative_error,32,before,equal512,False,COMPLETE,marginal,markov_shift
iid_oic,0.002520499759199641,-5.23394693698057e-05,0.0011973477042782786,block_bootstrap,squared_relative_error,32,before,equal512,False,COMPLETE,marginal,markov_shift
raw,-0.10910635641132153,-0.20257846001314517,-0.15677648469364408,ewma_gaussian,signed_relative_error,32,before,equal512,False,COMPLETE,conditional,markov_shift
raw,-0.006009144488239117,-0.08649754306693645,-0.047986762697155065,ewma_gaussian,squared_relative_error,32,before,equal512,False,COMPLETE,conditional,markov_shift
raw,-0.03548519109802371,-0.12828997956271554,-0.0825967422103191,ewma_gaussian,signed_relative_error,32,before,equal512,False,COMPLETE,marginal,markov_shift
raw,0.1373421025779948,0.06936538623075444,0.10105980405680781,ewma_gaussian,squared_relative_error,32,before,equal512,False,COMPLETE,marginal,markov_shift
iid_oic,-0.12093794484800223,-0.21583689015544102,-0.1691801059949084,ewma_gaussian,signed_relative_error,32,before,equal512,False,COMPLETE,conditional,markov_shift
iid_oic,-0.012639895044315995,-0.09414357718183462,-0.055025322234439795,ewma_gaussian,squared_relative_error,32,before,equal512,False,COMPLETE,conditional,markov_shift
iid_oic,-0.045776848352673725,-0.13967635094509553,-0.09333443244214913,ewma_gaussian,signed_relative_error,32,before,equal512,False,COMPLETE,marginal,markov_shift
iid_oic,0.13663969632091827,0.06851503337176797,0.10027410578720611,ewma_gaussian,squared_relative_error,32,before,equal512,False,COMPLETE,marginal,markov_shift
raw,-0.1387117216579711,-0.1857030183816227,-0.1615290278897144,gaussian_iid,signed_relative_error,32,before,equal512,False,COMPLETE,conditional,markov_shift
raw,-0.047233671850157005,-0.08161442783417548,-0.0632216509596501,gaussian_iid,squared_relative_error,32,before,equal512,False,COMPLETE,conditional,markov_shift
raw,-0.11757117108133537,-0.1598650601110676,-0.138289802158726,gaussian_iid,signed_relative_error,32,before,equal512,False,COMPLETE,marginal,markov_shift
raw,0.019236778117953088,0.004736071634575599,0.012041871042960717,gaussian_iid,squared_relative_error,32,before,equal512,False,COMPLETE,marginal,markov_shift
iid_oic,-0.15021771488131727,-0.19896284205841375,-0.17393264919097876,gaussian_iid,signed_relative_error,32,before,equal512,False,COMPLETE,conditional,markov_shift
iid_oic,-0.052928690079377484,-0.09008807090474612,-0.07026021049693483,gaussian_iid,squared_relative_error,32,before,equal512,False,COMPLETE,conditional,markov_shift
iid_oic,-0.12754861372871706,-0.171316456674435,-0.14902749239055604,gaussian_iid,signed_relative_error,32,before,equal512,False,COMPLETE,marginal,markov_shift
iid_oic,0.019216303116748976,0.0031380369120790693,0.011256172773359002,gaussian_iid,squared_relative_error,32,before,equal512,False,COMPLETE,marginal,markov_shift
raw,0.02791181530594148,0.021652598226479206,0.024555755625837398,hac,signed_relative_error,32,before,equal512,False,COMPLETE,conditional,markov_shift
raw,0.018277957477297067,0.011163070644878278,0.014426668717795913,hac,squared_relative_error,32,before,equal512,False,COMPLETE,conditional,markov_shift
raw,0.02455085020014434,0.018452481854782727,0.02130257044464814,hac,signed_relative_error,32,before,equal512,False,COMPLETE,marginal,markov_shift
raw,0.003953006406942086,9.491383598423848e-05,0.0019229487337007732,hac,squared_relative_error,32,before,equal512,False,COMPLETE,marginal,markov_shift
iid_oic,0.014642796185777851,0.0101050201637303,0.012152134324573037,hac,signed_relative_error,32,before,equal512,False,COMPLETE,conditional,markov_shift
iid_oic,0.010006668871202865,0.005343752342730124,0.007388109180511182,hac,squared_relative_error,32,before,equal512,False,COMPLETE,conditional,markov_shift
iid_oic,0.01283323255001171,0.008654436475363307,0.010564880212818113,hac,signed_relative_error,32,before,equal512,False,COMPLETE,marginal,markov_shift
iid_oic,0.0023161248643715658,0.0001345585762569656,0.0011372504640990598,hac,squared_relative_error,32,before,equal512,False,COMPLETE,marginal,markov_shift
raw,0.013723082446469312,0.011132453135792454,0.01240362130126436,iid_oic,signed_relative_error,32,before,equal512,False,COMPLETE,conditional,markov_shift
raw,0.008643145894806886,0.0055954077236665045,0.00703855953728473,iid_oic,squared_relative_error,32,before,equal512,False,COMPLETE,conditional,markov_shift
raw,0.012038747097435697,0.009451920763169103,0.010737690231830029,iid_oic,signed_relative_error,32,before,equal512,False,COMPLETE,marginal,markov_shift
raw,0.0017116406476938553,-7.220468173815863e-05,0.0007856982696017134,iid_oic,squared_relative_error,32,before,equal512,False,COMPLETE,marginal,markov_shift
iid_oic,-0.011132453135792454,-0.013723082446469312,-0.01240362130126436,raw,signed_relative_error,32,before,equal512,False,COMPLETE,conditional,markov_shift
iid_oic,-0.005595407723666505,-0.008643145894806886,-0.00703855953728473,raw,squared_relative_error,32,before,equal512,False,COMPLETE,conditional,markov_shift
iid_oic,-0.009451920763169103,-0.012038747097435697,-0.010737690231830029,raw,signed_relative_error,32,before,equal512,False,COMPLETE,marginal,markov_shift
iid_oic,7.220468173815821e-05,-0.0017116406476938553,-0.0007856982696017134,raw,squared_relative_error,32,before,equal512,False,COMPLETE,marginal,markov_shift
raw,-0.10088290114863069,-0.13904679328243516,-0.11973829715123292,ar_gaussian,signed_relative_error,32,after,equal512,False,COMPLETE,conditional,markov_shift
raw,0.031992309352114695,0.013183721723046434,0.02360702228640411,ar_gaussian,squared_relative_error,32,after,equal512,False,COMPLETE,conditional,markov_shift
raw,-0.11826417966015887,-0.15388137394291623,-0.13608598195082872,ar_gaussian,signed_relative_error,32,after,equal512,False,COMPLETE,marginal,markov_shift
raw,0.028810081472649077,0.015890452982301836,0.0221716579962402,ar_gaussian,squared_relative_error,32,after,equal512,False,COMPLETE,marginal,markov_shift
iid_oic,-0.10919024820688723,-0.14878298717886232,-0.12877673595979172,ar_gaussian,signed_relative_error,32,after,equal512,False,COMPLETE,conditional,markov_shift
iid_oic,0.03346487185428962,0.012971768020877713,0.02433986598508433,ar_gaussian,squared_relative_error,32,after,equal512,False,COMPLETE,conditional,markov_shift
iid_oic,-0.12823091470826747,-0.16495920658726795,-0.1466127986657744,ar_gaussian,signed_relative_error,32,after,equal512,False,COMPLETE,marginal,markov_shift
iid_oic,0.029279297044800118,0.015503084177539199,0.02221375222605423,ar_gaussian,squared_relative_error,32,after,equal512,False,COMPLETE,marginal,markov_shift
raw,0.018471146116779066,0.011306927433525165,0.014784812512963826,block_bootstrap,signed_relative_error,32,after,equal512,False,COMPLETE,conditional,markov_shift
raw,0.003253537427258182,-0.0028258464889322,4.818179048354386e-05,block_bootstrap,squared_relative_error,32,after,equal512,False,COMPLETE,conditional,markov_shift
raw,0.02044955147962452,0.012998044975608372,0.016681400664244353,block_bootstrap,signed_relative_error,32,after,equal512,False,COMPLETE,marginal,markov_shift
raw,0.0023882682860301785,-0.00020227838290323358,0.0010661060356600633,block_bootstrap,squared_relative_error,32,after,equal512,False,COMPLETE,marginal,markov_shift
iid_oic,0.008867269785625602,0.00272372484114946,0.005746373704405031,block_bootstrap,signed_relative_error,32,after,equal512,False,COMPLETE,conditional,markov_shift
iid_oic,0.003472081124105426,-0.0016801321672003844,0.0007810254891637591,block_bootstrap,squared_relative_error,32,after,equal512,False,COMPLETE,conditional,markov_shift
iid_oic,0.009537931576164328,0.0028322385721747437,0.006154583949298683,block_bootstrap,signed_relative_error,32,after,equal512,False,COMPLETE,marginal,markov_shift
iid_oic,0.002015102108413981,0.00020688173328429352,0.0011082002654740947,block_bootstrap,squared_relative_error,32,after,equal512,False,COMPLETE,marginal,markov_shift
raw,0.09731536893241956,0.0029076707337266777,0.049389522207981915,ewma_gaussian,signed_relative_error,32,after,equal512,False,COMPLETE,conditional,markov_shift
raw,0.004778966241704374,-0.05336472809611401,-0.0264126534022356,ewma_gaussian,squared_relative_error,32,after,equal512,False,COMPLETE,conditional,markov_shift
raw,0.18523255389558424,0.07195639058690977,0.12790005707578753,ewma_gaussian,signed_relative_error,32,after,equal512,False,COMPLETE,marginal,markov_shift
raw,0.1585907101659057,0.08927959122506374,0.12205558207430688,ewma_gaussian,squared_relative_error,32,after,equal512,False,COMPLETE,marginal,markov_shift
iid_oic,0.08876783127196916,-0.006848973980534119,0.04035108339942312,ewma_gaussian,signed_relative_error,32,after,equal512,False,COMPLETE,conditional,markov_shift
iid_oic,0.005300056223279281,-0.05259959832681268,-0.025679809703555392,ewma_gaussian,squared_relative_error,32,after,equal512,False,COMPLETE,conditional,markov_shift
iid_oic,0.1753145730877311,0.060792015396282734,0.11737324036084185,ewma_gaussian,signed_relative_error,32,after,equal512,False,COMPLETE,marginal,markov_shift
iid_oic,0.15858029157654915,0.08931427831627123,0.1220976763041209,ewma_gaussian,squared_relative_error,32,after,equal512,False,COMPLETE,marginal,markov_shift
raw,-0.10292598121893715,-0.13856706883081932,-0.12043475651052227,gaussian_iid,signed_relative_error,32,after,equal512,False,COMPLETE,conditional,markov_shift
raw,0.032816063805739246,0.014080233181774286,0.02450713592257109,gaussian_iid,squared_relative_error,32,after,equal512,False,COMPLETE,conditional,markov_shift
raw,-0.12122333634746722,-0.1537328733309719,-0.13745052976523975,gaussian_iid,signed_relative_error,32,after,equal512,False,COMPLETE,marginal,markov_shift
raw,0.028744776127872018,0.01606830467860056,0.022289493336798576,gaussian_iid,squared_relative_error,32,after,equal512,False,COMPLETE,marginal,markov_shift
iid_oic,-0.11122165394326049,-0.14836106496061047,-0.12947319531908108,gaussian_iid,signed_relative_error,32,after,equal512,False,COMPLETE,conditional,markov_shift
iid_oic,0.034302214591208594,0.013863228882778314,0.025239979621251303,gaussian_iid,squared_relative_error,32,after,equal512,False,COMPLETE,conditional,markov_shift
iid_oic,-0.13125018541392353,-0.16482476058332626,-0.14797734648018543,gaussian_iid,signed_relative_error,32,after,equal512,False,COMPLETE,marginal,markov_shift
iid_oic,0.02926358165784963,0.015612432168352338,0.022331587566612607,gaussian_iid,squared_relative_error,32,after,equal512,False,COMPLETE,marginal,markov_shift
raw,0.018840988347362572,0.014698211597654026,0.01672089505422061,hac,signed_relative_error,32,after,equal512,False,COMPLETE,conditional,markov_shift
raw,0.0008112985997248568,-0.0028238144721627395,-0.0011217023571761335,hac,squared_relative_error,32,after,equal512,False,COMPLETE,conditional,markov_shift
raw,0.021576862825397853,0.017519843585728334,0.019493986064559054,hac,signed_relative_error,32,after,equal512,False,COMPLETE,marginal,markov_shift
raw,0.0014689110693706195,-0.001042570985502836,0.00017043303785491657,hac,squared_relative_error,32,after,equal512,False,COMPLETE,marginal,markov_shift
iid_oic,0.009099670028193424,0.006366536164115822,0.007682456245661816,hac,signed_relative_error,32,after,equal512,False,COMPLETE,conditional,markov_shift
iid_oic,0.000531042959728498,-0.0012455938871478323,-0.00038885865849591834,hac,squared_relative_error,32,after,equal512,False,COMPLETE,conditional,markov_shift
iid_oic,0.01051792449830458,0.007553881628677502,0.008967169349613386,hac,signed_relative_error,32,after,equal512,False,COMPLETE,marginal,markov_shift
iid_oic,0.0009206103151361512,-0.00041247117337380064,0.00021252726766894794,hac,squared_relative_error,32,after,equal512,False,COMPLETE,marginal,markov_shift
raw,0.010065961779201845,0.008071279680240915,0.009038438808558792,iid_oic,signed_relative_error,32,after,equal512,False,COMPLETE,conditional,markov_shift
raw,0.00031553312985865096,-0.0016140863186484477,-0.0007328436986802152,iid_oic,squared_relative_error,32,after,equal512,False,COMPLETE,conditional,markov_shift
raw,0.011439745875202863,0.009674423117317296,0.010526816714945668,iid_oic,signed_relative_error,32,after,equal512,False,COMPLETE,marginal,markov_shift
raw,0.0005981931547456039,-0.00065701531675739,-4.209422981403131e-05,iid_oic,squared_relative_error,32,after,equal512,False,COMPLETE,marginal,markov_shift
iid_oic,-0.008071279680240916,-0.010065961779201845,-0.009038438808558792,raw,signed_relative_error,32,after,equal512,False,COMPLETE,conditional,markov_shift
iid_oic,0.0016140863186484477,-0.0003155331298586512,0.0007328436986802152,raw,squared_relative_error,32,after,equal512,False,COMPLETE,conditional,markov_shift
iid_oic,-0.009674423117317296,-0.011439745875202863,-0.010526816714945668,raw,signed_relative_error,32,after,equal512,False,COMPLETE,marginal,markov_shift
iid_oic,0.0006570153167573899,-0.0005981931547456039,4.209422981403131e-05,raw,squared_relative_error,32,after,equal512,False,COMPLETE,marginal,markov_shift
raw,0.06114166386676084,0.01746088793099161,0.03940069998957481,ar_gaussian,signed_relative_error,32,all,older256,False,COMPLETE,conditional,markov_shift
raw,-0.0015104194072187882,-0.03701915364358472,-0.019692320673892226,ar_gaussian,squared_relative_error,32,all,older256,False,COMPLETE,conditional,markov_shift
raw,0.0823145420751152,0.03532067298716696,0.05880233473417483,ar_gaussian,signed_relative_error,32,all,older256,False,COMPLETE,marginal,markov_shift
raw,-0.01630373369721936,-0.0335100655580844,-0.02476141491151443,ar_gaussian,squared_relative_error,32,all,older256,False,COMPLETE,marginal,markov_shift
iid_oic,-0.03635643725771201,-0.09066783455952604,-0.06393058378223121,ar_gaussian,signed_relative_error,32,all,older256,False,COMPLETE,conditional,markov_shift
iid_oic,-0.013798191421530324,-0.056628662648221445,-0.03586315532577871,ar_gaussian,squared_relative_error,32,all,older256,False,COMPLETE,conditional,markov_shift
iid_oic,-0.017966344597598643,-0.07644509834020131,-0.04803631241191145,ar_gaussian,signed_relative_error,32,all,older256,False,COMPLETE,marginal,markov_shift
iid_oic,-0.005512496533945152,-0.023268015754782163,-0.014435237337905294,ar_gaussian,squared_relative_error,32,all,older256,False,COMPLETE,marginal,markov_shift
raw,0.3038028170939422,0.21898899110569425,0.2603286458617595,blocked_holdout,signed_relative_error,32,all,older256,False,COMPLETE,conditional,markov_shift
raw,0.1640912356567619,0.021676040220962707,0.08829692190349647,blocked_holdout,squared_relative_error,32,all,older256,False,COMPLETE,conditional,markov_shift
raw,0.335973019295289,0.28276379423999354,0.30949943375101696,blocked_holdout,signed_relative_error,32,all,older256,False,COMPLETE,marginal,markov_shift
raw,0.08241811507806797,0.033774322962797525,0.058396522470162,blocked_holdout,squared_relative_error,32,all,older256,False,COMPLETE,marginal,markov_shift
iid_oic,0.20054269929247842,0.1162853239777449,0.15699736208995352,blocked_holdout,signed_relative_error,32,all,older256,False,COMPLETE,conditional,markov_shift
iid_oic,0.14901066554535206,0.005230987779943525,0.07212608725161,blocked_holdout,squared_relative_error,32,all,older256,False,COMPLETE,conditional,markov_shift
iid_oic,0.23175500258154566,0.17425603421024316,0.2026607866049307,blocked_holdout,signed_relative_error,32,all,older256,False,COMPLETE,marginal,markov_shift
iid_oic,0.09146153123208427,0.04678766800377945,0.06872270004377115,blocked_holdout,squared_relative_error,32,all,older256,False,COMPLETE,marginal,markov_shift
raw,0.3014254457350099,0.2170980207473668,0.2579701049575314,chronological,signed_relative_error,32,all,older256,False,COMPLETE,conditional,markov_shift
raw,0.16807681225752746,0.025366083824733245,0.0923711610722969,chronological,squared_relative_error,32,all,older256,False,COMPLETE,conditional,markov_shift
raw,0.3279658042127145,0.2755193720395418,0.30184347868387584,chronological,signed_relative_error,32,all,older256,False,COMPLETE,marginal,markov_shift
raw,0.0705095878047371,0.02733755781122683,0.04924818285243744,chronological,squared_relative_error,32,all,older256,False,COMPLETE,marginal,markov_shift
iid_oic,0.197478715727079,0.1141104413583221,0.15463882118572544,chronological,signed_relative_error,32,all,older256,False,COMPLETE,conditional,markov_shift
iid_oic,0.15276998073808956,0.008804321317739441,0.07620032642041043,chronological,squared_relative_error,32,all,older256,False,COMPLETE,conditional,markov_shift
iid_oic,0.22316101620280648,0.1675353318468758,0.19500483153778958,chronological,signed_relative_error,32,all,older256,False,COMPLETE,marginal,markov_shift
iid_oic,0.0787806431965888,0.04049382848494729,0.05957436042604657,chronological,squared_relative_error,32,all,older256,False,COMPLETE,marginal,markov_shift
raw,0.20211380651802935,0.09894680122942613,0.14862683847666502,ewma_gaussian,signed_relative_error,32,all,older256,False,COMPLETE,conditional,markov_shift
raw,0.01631835487867158,-0.07261167143457918,-0.03143420725191337,ewma_gaussian,squared_relative_error,32,all,older256,False,COMPLETE,conditional,markov_shift
raw,0.3780122719090316,0.2503875285147974,0.31305066358457134,ewma_gaussian,signed_relative_error,32,all,older256,False,COMPLETE,marginal,markov_shift
raw,0.3344927001973465,0.2077165588904094,0.2687989892774857,ewma_gaussian,squared_relative_error,32,all,older256,False,COMPLETE,marginal,markov_shift
iid_oic,0.1035633333146346,-0.009297766253775932,0.045295554704859034,ewma_gaussian,signed_relative_error,32,all,older256,False,COMPLETE,conditional,markov_shift
iid_oic,0.0026712934110786333,-0.09126343493710297,-0.04760504190379985,ewma_gaussian,squared_relative_error,32,all,older256,False,COMPLETE,conditional,markov_shift
iid_oic,0.27719708483660477,0.13878976078790986,0.20621201643848508,ewma_gaussian,signed_relative_error,32,all,older256,False,COMPLETE,marginal,markov_shift
iid_oic,0.3471554660489053,0.21609732147428534,0.27912516685109484,ewma_gaussian,squared_relative_error,32,all,older256,False,COMPLETE,marginal,markov_shift
raw,0.06380112173103977,0.020353545194233044,0.04216135693803354,gaussian_iid,signed_relative_error,32,all,older256,False,COMPLETE,conditional,markov_shift
raw,0.00012874815466516328,-0.034517652805221,-0.017581281751464835,gaussian_iid,squared_relative_error,32,all,older256,False,COMPLETE,conditional,markov_shift
raw,0.08143958765428852,0.037096727984043426,0.05939787913449679,gaussian_iid,signed_relative_error,32,all,older256,False,COMPLETE,marginal,markov_shift
raw,-0.01940392457360271,-0.035969077970403336,-0.02743359577508539,gaussian_iid,squared_relative_error,32,all,older256,False,COMPLETE,marginal,markov_shift
iid_oic,-0.033690511163260536,-0.08769731727637112,-0.06116992683377248,gaussian_iid,signed_relative_error,32,all,older256,False,COMPLETE,conditional,markov_shift
iid_oic,-0.012032187034276675,-0.05413861541732508,-0.033752116403351316,gaussian_iid,squared_relative_error,32,all,older256,False,COMPLETE,conditional,markov_shift
iid_oic,-0.019641143482119518,-0.07463712344704239,-0.04744076801158949,gaussian_iid,signed_relative_error,32,all,older256,False,COMPLETE,marginal,markov_shift
iid_oic,-0.008949834542844762,-0.025559813929859204,-0.01710741820147626,gaussian_iid,squared_relative_error,32,all,older256,False,COMPLETE,marginal,markov_shift
raw,0.11608073886420764,0.09368236281507468,0.10488995669395174,hac,signed_relative_error,32,all,older256,False,COMPLETE,conditional,markov_shift
raw,0.028113600603687533,0.004403371530474315,0.015994713577054637,hac,squared_relative_error,32,all,older256,False,COMPLETE,conditional,markov_shift
raw,0.11947760360374991,0.0989219777842802,0.10914285001420666,hac,signed_relative_error,32,all,older256,False,COMPLETE,marginal,markov_shift
raw,-0.0014687068689465275,-0.017433328129633063,-0.009445983152974855,hac,squared_relative_error,32,all,older256,False,COMPLETE,marginal,markov_shift
iid_oic,0.004753113961574537,-0.0017000047806088844,0.0015586729221457336,hac,signed_relative_error,32,all,older256,False,COMPLETE,conditional,markov_shift
iid_oic,0.002394554627064687,-0.002963682392568217,-0.00017612107483184212,hac,squared_relative_error,32,all,older256,False,COMPLETE,conditional,markov_shift
iid_oic,0.005642921648045453,-0.0011319054509551438,0.002304202868120386,hac,signed_relative_error,32,all,older256,False,COMPLETE,marginal,markov_shift
iid_oic,0.001957316718114882,-0.00016092234964831052,0.0008801944206342771,hac,squared_relative_error,32,all,older256,False,COMPLETE,marginal,markov_shift
raw,0.11518811059501631,0.09177100597183725,0.103331283771806,iid_oic,signed_relative_error,32,all,older256,False,COMPLETE,conditional,markov_shift
raw,0.02770502551348406,0.005145255463401371,0.016170834651886477,iid_oic,squared_relative_error,32,all,older256,False,COMPLETE,conditional,markov_shift
raw,0.11723584514456034,0.09636661056995029,0.10683864714608628,iid_oic,signed_relative_error,32,all,older256,False,COMPLETE,marginal,markov_shift
raw,-0.002687714089960341,-0.018043738541035803,-0.010326177573609131,iid_oic,squared_relative_error,32,all,older256,False,COMPLETE,marginal,markov_shift
iid_oic,-0.09177100597183725,-0.11518811059501631,-0.103331283771806,raw,signed_relative_error,32,all,older256,False,COMPLETE,conditional,markov_shift
iid_oic,-0.005145255463401372,-0.027705025513484065,-0.016170834651886477,raw,squared_relative_error,32,all,older256,False,COMPLETE,conditional,markov_shift
iid_oic,-0.09636661056995029,-0.11723584514456034,-0.10683864714608628,raw,signed_relative_error,32,all,older256,False,COMPLETE,marginal,markov_shift
iid_oic,0.018043738541035803,0.002687714089960339,0.010326177573609131,raw,squared_relative_error,32,all,older256,False,COMPLETE,marginal,markov_shift
raw,0.06747035657342458,-0.024394704221610043,0.02093326334424638,ar_gaussian,signed_relative_error,32,before,older256,False,COMPLETE,conditional,markov_shift
raw,0.033420056283996136,-0.005455140167796343,0.01275936121752922,ar_gaussian,squared_relative_error,32,before,older256,False,COMPLETE,conditional,markov_shift
raw,0.04396427944047516,-0.028310475332025714,0.007277959869736021,ar_gaussian,signed_relative_error,32,before,older256,False,COMPLETE,marginal,markov_shift
raw,-0.005131599100104883,-0.031936406219831424,-0.017717873176774826,ar_gaussian,squared_relative_error,32,before,older256,False,COMPLETE,marginal,markov_shift
iid_oic,-0.045191571425925406,-0.15179589803667778,-0.09898618756584454,ar_gaussian,signed_relative_error,32,before,older256,False,COMPLETE,conditional,markov_shift
iid_oic,-0.004133063599077996,-0.06447856628578814,-0.03431191776728473,ar_gaussian,squared_relative_error,32,before,older256,False,COMPLETE,conditional,markov_shift
iid_oic,-0.05033282358008166,-0.13617039029721525,-0.09394031109303899,ar_gaussian,signed_relative_error,32,before,older256,False,COMPLETE,marginal,markov_shift
iid_oic,0.007833782255997145,-0.017486503383117098,-0.004474082173965768,ar_gaussian,squared_relative_error,32,before,older256,False,COMPLETE,marginal,markov_shift
raw,0.34117236086146085,0.15182308867848432,0.2444602791677129,blocked_holdout,signed_relative_error,32,before,older256,False,COMPLETE,conditional,markov_shift
raw,0.3601461143262352,0.1316378785390887,0.23425864526330814,blocked_holdout,squared_relative_error,32,before,older256,False,COMPLETE,conditional,markov_shift
raw,0.25417963576736485,0.11468922766940949,0.18329075830731995,blocked_holdout,signed_relative_error,32,before,older256,False,COMPLETE,marginal,markov_shift
raw,0.024092650070135748,-0.02357195541423498,-0.00014703794223400093,blocked_holdout,squared_relative_error,32,before,older256,False,COMPLETE,marginal,markov_shift
iid_oic,0.22708091065216912,0.026143504210447747,0.12454082825762197,blocked_holdout,signed_relative_error,32,before,older256,False,COMPLETE,conditional,markov_shift
iid_oic,0.31663446793866684,0.08075062177829394,0.1871873662784942,blocked_holdout,squared_relative_error,32,before,older256,False,COMPLETE,conditional,markov_shift
iid_oic,0.15739727666282258,0.00866785844340487,0.08207248734454492,blocked_holdout,signed_relative_error,32,before,older256,False,COMPLETE,marginal,markov_shift
iid_oic,0.034508237357850906,-0.007097369099972972,0.013096753060575058,blocked_holdout,squared_relative_error,32,before,older256,False,COMPLETE,marginal,markov_shift
raw,0.33947387733576995,0.15638457336534609,0.24643554215591304,chronological,signed_relative_error,32,before,older256,False,COMPLETE,conditional,markov_shift
raw,0.3621543088407418,0.13720195124340098,0.2389945530472249,chronological,squared_relative_error,32,before,older256,False,COMPLETE,conditional,markov_shift
raw,0.2512957178913885,0.11730399148484001,0.18301384765713274,chronological,signed_relative_error,32,before,older256,False,COMPLETE,marginal,markov_shift
raw,0.02309567126356943,-0.024165444212811367,-0.0008167633073050203,chronological,squared_relative_error,32,before,older256,False,COMPLETE,marginal,markov_shift
iid_oic,0.22507960131771965,0.03135042312677615,0.12651609124582214,chronological,signed_relative_error,32,before,older256,False,COMPLETE,conditional,markov_shift
iid_oic,0.3175062642718477,0.08667716672083245,0.19192327406241094,chronological,squared_relative_error,32,before,older256,False,COMPLETE,conditional,markov_shift
iid_oic,0.15493567515827267,0.0107607814321845,0.08179557669435773,chronological,signed_relative_error,32,before,older256,False,COMPLETE,marginal,markov_shift
iid_oic,0.03413468977445774,-0.007641984216852349,0.01242702769550404,chronological,squared_relative_error,32,before,older256,False,COMPLETE,marginal,markov_shift
raw,0.10845657946473827,-0.03167822225368636,0.03485483401657636,ewma_gaussian,signed_relative_error,32,before,older256,False,COMPLETE,conditional,markov_shift
raw,0.12044795824968343,-0.02088863067835832,0.04244909840130311,ewma_gaussian,squared_relative_error,32,before,older256,False,COMPLETE,conditional,markov_shift
raw,0.15740619559595045,0.021149541773919,0.08756959643993482,ewma_gaussian,signed_relative_error,32,before,older256,False,COMPLETE,marginal,markov_shift
raw,0.1618309519817425,0.05693660464829721,0.10670750521584427,ewma_gaussian,squared_relative_error,32,before,older256,False,COMPLETE,marginal,markov_shift
iid_oic,-0.005619066626670342,-0.15878152217774158,-0.08506461689351455,ewma_gaussian,signed_relative_error,32,before,older256,False,COMPLETE,conditional,markov_shift
iid_oic,0.07711295897436599,-0.07024467894450279,-0.004622180583510842,ewma_gaussian,squared_relative_error,32,before,older256,False,COMPLETE,conditional,markov_shift
iid_oic,0.06219177409495711,-0.08505093086757834,-0.013648674522840173,ewma_gaussian,signed_relative_error,32,before,older256,False,COMPLETE,marginal,markov_shift
iid_oic,0.17635374312794447,0.0692235041751463,0.11995129621865333,ewma_gaussian,squared_relative_error,32,before,older256,False,COMPLETE,marginal,markov_shift
raw,0.07353194202577427,-0.01701608744341402,0.027826898978539134,gaussian_iid,signed_relative_error,32,before,older256,False,COMPLETE,conditional,markov_shift
raw,0.03510773340385658,-0.0038535977515244567,0.01449829412204085,gaussian_iid,squared_relative_error,32,before,older256,False,COMPLETE,conditional,markov_shift
raw,0.05018583279952001,-0.022041070006536847,0.01327687320647649,gaussian_iid,signed_relative_error,32,before,older256,False,COMPLETE,marginal,markov_shift
raw,-0.008009922023785662,-0.03453468601168049,-0.020338554950748607,gaussian_iid,squared_relative_error,32,before,older256,False,COMPLETE,marginal,markov_shift
iid_oic,-0.03881090987163287,-0.14460793405285158,-0.09209255193155177,gaussian_iid,signed_relative_error,32,before,older256,False,COMPLETE,conditional,markov_shift
iid_oic,-0.0029415834873220727,-0.06201352374650952,-0.032572984862773095,gaussian_iid,squared_relative_error,32,before,older256,False,COMPLETE,conditional,markov_shift
iid_oic,-0.04383703600557121,-0.1303946897773662,-0.0879413977562985,gaussian_iid,signed_relative_error,32,before,older256,False,COMPLETE,marginal,markov_shift
iid_oic,0.004981515407624468,-0.0199737825429675,-0.007094763947939547,gaussian_iid,squared_relative_error,32,before,older256,False,COMPLETE,marginal,markov_shift
raw,0.1360619413345974,0.10650847143166267,0.1212925306888218,hac,signed_relative_error,32,before,older256,False,COMPLETE,conditional,markov_shift
raw,0.06620708989861657,0.030644265998710386,0.04831006510476574,hac,squared_relative_error,32,before,older256,False,COMPLETE,conditional,markov_shift
raw,0.11777576611408434,0.08934513664763807,0.10282754757336054,hac,signed_relative_error,32,before,older256,False,COMPLETE,marginal,markov_shift
raw,-0.0037236949225464386,-0.020154207350269446,-0.012046538605082216,hac,squared_relative_error,32,before,older256,False,COMPLETE,marginal,markov_shift
iid_oic,0.005536783582001053,-0.0030885606634640348,0.0013730797787308863,hac,signed_relative_error,32,before,older256,False,COMPLETE,conditional,markov_shift
iid_oic,0.0044581421794563005,-0.002228466079582466,0.001238786119951788,hac,squared_relative_error,32,before,older256,False,COMPLETE,conditional,markov_shift
iid_oic,0.005120472421819188,-0.0019318798431571626,0.0016092766105855342,hac,signed_relative_error,32,before,older256,False,COMPLETE,marginal,markov_shift
iid_oic,0.0022951545092039093,0.0001840522406516832,0.0011972523977268421,hac,squared_relative_error,32,before,older256,False,COMPLETE,marginal,markov_shift
raw,0.13500512550472815,0.10507564130975247,0.1199194509100909,iid_oic,signed_relative_error,32,before,older256,False,COMPLETE,conditional,markov_shift
raw,0.06469475991086837,0.029691717262783645,0.04707127898481395,iid_oic,squared_relative_error,32,before,older256,False,COMPLETE,conditional,markov_shift
raw,0.1152135363396136,0.0884456096320243,0.101218270962775,iid_oic,signed_relative_error,32,before,older256,False,COMPLETE,marginal,markov_shift
raw,-0.005236417179126378,-0.021145777698073322,-0.01324379100280906,iid_oic,squared_relative_error,32,before,older256,False,COMPLETE,marginal,markov_shift
iid_oic,-0.10507564130975248,-0.13500512550472815,-0.1199194509100909,raw,signed_relative_error,32,before,older256,False,COMPLETE,conditional,markov_shift
iid_oic,-0.029691717262783645,-0.06469475991086839,-0.04707127898481395,raw,squared_relative_error,32,before,older256,False,COMPLETE,conditional,markov_shift
iid_oic,-0.0884456096320243,-0.1152135363396136,-0.101218270962775,raw,signed_relative_error,32,before,older256,False,COMPLETE,marginal,markov_shift
iid_oic,0.021145777698073312,0.005236417179126373,0.01324379100280906,raw,squared_relative_error,32,before,older256,False,COMPLETE,marginal,markov_shift
raw,0.08882159594579808,0.02675325681589585,0.05786813663490326,ar_gaussian,signed_relative_error,32,after,older256,False,COMPLETE,conditional,markov_shift
raw,-0.032350192148292684,-0.07342019463544522,-0.05214400256531368,ar_gaussian,squared_relative_error,32,after,older256,False,COMPLETE,conditional,markov_shift
raw,0.1573391229439939,0.06295534318787996,0.11032670959861363,ar_gaussian,signed_relative_error,32,after,older256,False,COMPLETE,marginal,markov_shift
raw,-0.015395246814980026,-0.05026390611333146,-0.031804956646254025,ar_gaussian,squared_relative_error,32,after,older256,False,COMPLETE,marginal,markov_shift
iid_oic,0.009620817895152829,-0.06973486249425066,-0.028874979998617864,ar_gaussian,signed_relative_error,32,after,older256,False,COMPLETE,conditional,markov_shift
iid_oic,-0.018346160927996066,-0.05703911245320168,-0.03741439288427269,ar_gaussian,squared_relative_error,32,after,older256,False,COMPLETE,conditional,markov_shift
iid_oic,0.05415233067895071,-0.05847145659958401,-0.0021323137307839198,ar_gaussian,signed_relative_error,32,after,older256,False,COMPLETE,marginal,markov_shift
iid_oic,-0.011374760109017092,-0.03804177902908117,-0.024396392501844822,ar_gaussian,squared_relative_error,32,after,older256,False,COMPLETE,marginal,markov_shift
raw,0.33176869596096814,0.2214713795516434,0.2761970125558062,blocked_holdout,signed_relative_error,32,after,older256,False,COMPLETE,conditional,markov_shift
raw,-0.004896348277062142,-0.10888376225271736,-0.05766480145631521,blocked_holdout,squared_relative_error,32,after,older256,False,COMPLETE,conditional,markov_shift
raw,0.5117846281204461,0.3587165277485012,0.435708109194714,blocked_holdout,signed_relative_error,32,after,older256,False,COMPLETE,marginal,markov_shift
raw,0.1621681261965839,0.0740275300239269,0.11694008288255801,blocked_holdout,squared_relative_error,32,after,older256,False,COMPLETE,marginal,markov_shift
iid_oic,0.24917510042594904,0.12882030993200402,0.18945389592228504,blocked_holdout,signed_relative_error,32,after,older256,False,COMPLETE,conditional,markov_shift
iid_oic,0.008076818067804047,-0.09183419760864384,-0.04293519177527421,blocked_holdout,squared_relative_error,32,after,older256,False,COMPLETE,conditional,markov_shift
iid_oic,0.40744716157074096,0.23935493316130624,0.3232490858653164,blocked_holdout,signed_relative_error,32,after,older256,False,COMPLETE,marginal,markov_shift
iid_oic,0.17122102735681782,0.08074610610840578,0.12434864702696721,blocked_holdout,squared_relative_error,32,after,older256,False,COMPLETE,marginal,markov_shift
raw,0.3235616417879892,0.2161292061351359,0.2695046677591499,chronological,signed_relative_error,32,after,older256,False,COMPLETE,conditional,markov_shift
raw,-0.0024671601584860376,-0.10421847800209881,-0.05425223090263109,chronological,squared_relative_error,32,after,older256,False,COMPLETE,conditional,markov_shift
raw,0.4930663994274857,0.34781661511152273,0.420673109710619,chronological,signed_relative_error,32,after,older256,False,COMPLETE,marginal,markov_shift
raw,0.13780161068809735,0.061341634749933927,0.0993131290121799,chronological,squared_relative_error,32,after,older256,False,COMPLETE,marginal,markov_shift
iid_oic,0.24032282949402833,0.12467602370387415,0.18276155112562875,chronological,signed_relative_error,32,after,older256,False,COMPLETE,conditional,markov_shift
iid_oic,0.010491368574926612,-0.08771900209321896,-0.0395226212215901,chronological,squared_relative_error,32,after,older256,False,COMPLETE,conditional,markov_shift
iid_oic,0.38728731799488,0.2282917536947479,0.3082140863812214,chronological,signed_relative_error,32,after,older256,False,COMPLETE,marginal,markov_shift
iid_oic,0.14607102007315695,0.06886808033428256,0.10672169315658911,chronological,squared_relative_error,32,after,older256,False,COMPLETE,marginal,markov_shift
raw,0.3313405615091879,0.19843815520600797,0.26239884293675375,ewma_gaussian,signed_relative_error,32,after,older256,False,COMPLETE,conditional,markov_shift
raw,-0.03868703861510457,-0.1635048771074923,-0.10531751290512985,ewma_gaussian,squared_relative_error,32,after,older256,False,COMPLETE,conditional,markov_shift
raw,0.6553154838852672,0.4265229596550569,0.5385317307292079,ewma_gaussian,signed_relative_error,32,after,older256,False,COMPLETE,marginal,markov_shift
raw,0.5591278785129659,0.31831164966919384,0.4308904733391271,ewma_gaussian,squared_relative_error,32,after,older256,False,COMPLETE,marginal,markov_shift
iid_oic,0.25116249456403766,0.10411957036396315,0.1756557263032326,ewma_gaussian,signed_relative_error,32,after,older256,False,COMPLETE,conditional,markov_shift
iid_oic,-0.02704650573221691,-0.14598939103480374,-0.09058790322408886,ewma_gaussian,squared_relative_error,32,after,older256,False,COMPLETE,conditional,markov_shift
iid_oic,0.55190778591423,0.3070769354331281,0.42607270739981035,ewma_gaussian,signed_relative_error,32,after,older256,False,COMPLETE,marginal,markov_shift
iid_oic,0.5699423367648143,0.32321162580117146,0.4382990374835363,ewma_gaussian,squared_relative_error,32,after,older256,False,COMPLETE,marginal,markov_shift
raw,0.08749171124143133,0.025237230034749706,0.056495814897527946,gaussian_iid,signed_relative_error,32,after,older256,False,COMPLETE,conditional,markov_shift
raw,-0.031034831153884102,-0.06926135178045385,-0.04966085762497052,gaussian_iid,squared_relative_error,32,after,older256,False,COMPLETE,conditional,markov_shift
raw,0.15023349284077445,0.06104599713842549,0.10551888506251707,gaussian_iid,signed_relative_error,32,after,older256,False,COMPLETE,marginal,markov_shift
raw,-0.018292901257314007,-0.05307524178144436,-0.03452863659942217,gaussian_iid,squared_relative_error,32,after,older256,False,COMPLETE,marginal,markov_shift
iid_oic,0.008329998790508317,-0.07112761134915459,-0.030247301735993187,gaussian_iid,signed_relative_error,32,after,older256,False,COMPLETE,conditional,markov_shift
iid_oic,-0.01687277908849517,-0.05283216574308583,-0.03493124794392953,gaussian_iid,squared_relative_error,32,after,older256,False,COMPLETE,conditional,markov_shift
iid_oic,0.04660814775554628,-0.061193375184519734,-0.006940138266880464,gaussian_iid,signed_relative_error,32,after,older256,False,COMPLETE,marginal,markov_shift
iid_oic,-0.014735383223109246,-0.040605076099494083,-0.027120072455012967,gaussian_iid,squared_relative_error,32,after,older256,False,COMPLETE,marginal,markov_shift
raw,0.1029650285015883,0.07515424049181099,0.08848738269908171,hac,signed_relative_error,32,after,older256,False,COMPLETE,conditional,markov_shift
raw,-0.005037894734825482,-0.02692598422115416,-0.016320637950656476,hac,squared_relative_error,32,after,older256,False,COMPLETE,conditional,markov_shift
raw,0.1302559666868514,0.10198883861573768,0.1154581524550528,hac,signed_relative_error,32,after,older256,False,COMPLETE,marginal,markov_shift
raw,0.005307266190543413,-0.01872792100549726,-0.006845427700867494,hac,squared_relative_error,32,after,older256,False,COMPLETE,marginal,markov_shift
iid_oic,0.006201065191109783,-0.0029905567720528202,0.001744266065560579,hac,signed_relative_error,32,after,older256,False,COMPLETE,conditional,markov_shift
iid_oic,0.002243098911722648,-0.006117308067774732,-0.0015910282696154781,hac,squared_relative_error,32,after,older256,False,COMPLETE,conditional,markov_shift
iid_oic,0.008574355648558102,-0.0028460524907873447,0.0029991291256552385,hac,signed_relative_error,32,after,older256,False,COMPLETE,marginal,markov_shift
iid_oic,0.0023370694572669506,-0.0011506372067720152,0.0005631364435417134,hac,squared_relative_error,32,after,older256,False,COMPLETE,marginal,markov_shift
raw,0.10127769835833941,0.07287426599473236,0.08674311663352113,iid_oic,signed_relative_error,32,after,older256,False,COMPLETE,conditional,markov_shift
raw,-0.0022633544770090685,-0.025985498983234042,-0.014729609681040994,iid_oic,squared_relative_error,32,after,older256,False,COMPLETE,conditional,markov_shift
raw,0.12675018559689463,0.09882243934134992,0.11245902332939754,iid_oic,signed_relative_error,32,after,older256,False,COMPLETE,marginal,markov_shift
raw,0.004504278985905309,-0.018952100486870575,-0.007408564144409207,iid_oic,squared_relative_error,32,after,older256,False,COMPLETE,marginal,markov_shift
iid_oic,-0.07287426599473237,-0.10127769835833941,-0.08674311663352113,raw,signed_relative_error,32,after,older256,False,COMPLETE,conditional,markov_shift
iid_oic,0.025985498983234035,0.002263354477009068,0.014729609681040994,raw,squared_relative_error,32,after,older256,False,COMPLETE,conditional,markov_shift
iid_oic,-0.09882243934134992,-0.12675018559689463,-0.11245902332939754,raw,signed_relative_error,32,after,older256,False,COMPLETE,marginal,markov_shift
iid_oic,0.018952100486870575,-0.0045042789859053136,0.007408564144409207,raw,squared_relative_error,32,after,older256,False,COMPLETE,marginal,markov_shift
