ci_high,ci_low,mean,method,metric,n_clusters,period,policy,status,world
-0.004492316321796207,-0.02065723832803526,-0.012601480341660472,ar_gaussian,conditional_signed_relative_error,32,all,full512,COMPLETE,ar1_stationary
0.0022574265398522778,0.001101577154029702,0.001635189036496142,ar_gaussian,conditional_squared_relative_error,32,all,full512,COMPLETE,ar1_stationary
0.02105210281641229,-0.06596675779010397,-0.02321417632923923,ar_gaussian,marginal_signed_relative_error,32,all,full512,COMPLETE,ar1_stationary
0.16973657908166687,0.09103494884747905,0.12898528118681807,ar_gaussian,marginal_squared_relative_error,32,all,full512,COMPLETE,ar1_stationary
-0.07728466009326017,-0.14573185956188944,-0.11179645192647426,ar_gaussian,estimation_relative,32,all,full512,COMPLETE,ar1_stationary
0.13081758251396833,0.06694168895678053,0.0991949715848138,ar_gaussian,mismatch_relative,32,all,full512,COMPLETE,ar1_stationary
0.09118074830315455,0.0664042593377297,0.07796707305596559,ar_gaussian,estimation_square,32,all,full512,COMPLETE,ar1_stationary
0.09111842223722308,0.06540796589734794,0.07725820581426918,ar_gaussian,mismatch_square,32,all,full512,COMPLETE,ar1_stationary
-0.130619293455066,-0.1801238029187146,-0.15359008983373865,ar_gaussian,cross_term,32,all,full512,COMPLETE,ar1_stationary
1.0889660238873322,0.9942111571679455,1.0422383010011222,ar_gaussian,conditional_es,32,all,full512,COMPLETE,ar1_stationary
0.27449935419219157,0.25143541138486647,0.2631463708383174,ar_gaussian,hhi,32,all,full512,COMPLETE,ar1_stationary
,,,ar_gaussian,latent_information_gap,32,all,full512,NOT_APPLICABLE,ar1_stationary
0.1092561157158817,0.04496705685828429,0.07750010556283202,block_bootstrap,conditional_signed_relative_error,32,all,full512,COMPLETE,ar1_stationary
0.08128455173812574,0.06179646086972982,0.07129689912060097,block_bootstrap,conditional_squared_relative_error,32,all,full512,COMPLETE,ar1_stationary
0.0004484014928072841,-0.03517377462135162,-0.017696080754010222,block_bootstrap,marginal_signed_relative_error,32,all,full512,COMPLETE,ar1_stationary
0.007251578344783515,0.004297345125905682,0.005662036364130612,block_bootstrap,marginal_squared_relative_error,32,all,full512,COMPLETE,ar1_stationary
-0.0021511066342058942,-0.04068165478108952,-0.02169486602198177,block_bootstrap,estimation_relative,32,all,full512,COMPLETE,ar1_stationary
0.13081758251396833,0.06694168895678053,0.0991949715848138,block_bootstrap,mismatch_relative,32,all,full512,COMPLETE,ar1_stationary
0.010180684942444979,0.0054345912523615335,0.007558263691478226,block_bootstrap,estimation_square,32,all,full512,COMPLETE,ar1_stationary
0.09111842223722308,0.06540796589734794,0.07725820581426918,block_bootstrap,mismatch_square,32,all,full512,COMPLETE,ar1_stationary
-0.005970877653852868,-0.022015492335786823,-0.013519570385146448,block_bootstrap,cross_term,32,all,full512,COMPLETE,ar1_stationary
1.0889660238873322,0.9942111571679455,1.0422383010011222,block_bootstrap,conditional_es,32,all,full512,COMPLETE,ar1_stationary
0.27449935419219157,0.25143541138486647,0.2631463708383174,block_bootstrap,hhi,32,all,full512,COMPLETE,ar1_stationary
,,,block_bootstrap,latent_information_gap,32,all,full512,NOT_APPLICABLE,ar1_stationary
0.13213629591954643,0.0572488798894071,0.09457834132466847,ewma_gaussian,conditional_signed_relative_error,32,all,full512,COMPLETE,ar1_stationary
0.19464463690109315,0.09819169602729008,0.14049629420723453,ewma_gaussian,conditional_squared_relative_error,32,all,full512,COMPLETE,ar1_stationary
0.025223089845829102,-0.02517900216704767,-9.692256380313367e-05,ewma_gaussian,marginal_signed_relative_error,32,all,full512,COMPLETE,ar1_stationary
0.06479510160050982,0.03370752639753321,0.04846589218265264,ewma_gaussian,marginal_squared_relative_error,32,all,full512,COMPLETE,ar1_stationary
0.023480163866968346,-0.03326283702662842,-0.004616630260145328,ewma_gaussian,estimation_relative,32,all,full512,COMPLETE,ar1_stationary
0.13081758251396833,0.06694168895678053,0.0991949715848138,ewma_gaussian,mismatch_relative,32,all,full512,COMPLETE,ar1_stationary
0.09840763241048273,0.042255147053910175,0.06724565533369208,ewma_gaussian,estimation_square,32,all,full512,COMPLETE,ar1_stationary
0.09111842223722308,0.06540796589734794,0.07725820581426918,ewma_gaussian,mismatch_square,32,all,full512,COMPLETE,ar1_stationary
0.014166115864478152,-0.021338445215862412,-0.004007566940726783,ewma_gaussian,cross_term,32,all,full512,COMPLETE,ar1_stationary
1.0889660238873322,0.9942111571679455,1.0422383010011222,ewma_gaussian,conditional_es,32,all,full512,COMPLETE,ar1_stationary
0.27449935419219157,0.25143541138486647,0.2631463708383174,ewma_gaussian,hhi,32,all,full512,COMPLETE,ar1_stationary
,,,ewma_gaussian,latent_information_gap,32,all,full512,NOT_APPLICABLE,ar1_stationary
0.09213461621935994,0.028076043939281158,0.060344611082669475,gaussian_iid,conditional_signed_relative_error,32,all,full512,COMPLETE,ar1_stationary
0.074877069127074,0.0563582334792469,0.06555712745642198,gaussian_iid,conditional_squared_relative_error,32,all,full512,COMPLETE,ar1_stationary
-0.01476890180853028,-0.05238501728434567,-0.03340604923705684,gaussian_iid,marginal_signed_relative_error,32,all,full512,COMPLETE,ar1_stationary
0.007578773165747732,0.003613849078871288,0.005419379051195978,gaussian_iid,marginal_squared_relative_error,32,all,full512,COMPLETE,ar1_stationary
-0.017955121676226798,-0.06041367474381035,-0.038850360502144306,gaussian_iid,estimation_relative,32,all,full512,COMPLETE,ar1_stationary
0.13081758251396833,0.06694168895678053,0.0991949715848138,gaussian_iid,mismatch_relative,32,all,full512,COMPLETE,ar1_stationary
0.011042425481585131,0.004728377017395508,0.007537196178715176,gaussian_iid,estimation_square,32,all,full512,COMPLETE,ar1_stationary
0.09111842223722308,0.06540796589734794,0.07725820581426918,gaussian_iid,mismatch_square,32,all,full512,COMPLETE,ar1_stationary
-0.009401560374072694,-0.03070695809055529,-0.01923827453656239,gaussian_iid,cross_term,32,all,full512,COMPLETE,ar1_stationary
1.0889660238873322,0.9942111571679455,1.0422383010011222,gaussian_iid,conditional_es,32,all,full512,COMPLETE,ar1_stationary
0.27449935419219157,0.25143541138486647,0.2631463708383174,gaussian_iid,hhi,32,all,full512,COMPLETE,ar1_stationary
,,,gaussian_iid,latent_information_gap,32,all,full512,NOT_APPLICABLE,ar1_stationary
0.1078891926481772,0.04282624859126223,0.07599910245552344,hac,conditional_signed_relative_error,32,all,full512,COMPLETE,ar1_stationary
0.08060042317352357,0.06173187928956102,0.07102795003138238,hac,conditional_squared_relative_error,32,all,full512,COMPLETE,ar1_stationary
-0.001474521776541014,-0.03659820690788522,-0.019258708523554467,hac,marginal_signed_relative_error,32,all,full512,COMPLETE,ar1_stationary
0.00726626196221267,0.00422325982463517,0.005611658704947177,hac,marginal_squared_relative_error,32,all,full512,COMPLETE,ar1_stationary
-0.003957414055537235,-0.04208588359748131,-0.023195869129290357,hac,estimation_relative,32,all,full512,COMPLETE,ar1_stationary
0.13081758251396833,0.06694168895678053,0.0991949715848138,hac,mismatch_relative,32,all,full512,COMPLETE,ar1_stationary
0.010056848154438212,0.0052951102012678275,0.007427434230684254,hac,estimation_square,32,all,full512,COMPLETE,ar1_stationary
0.09111842223722308,0.06540796589734794,0.07725820581426918,hac,mismatch_square,32,all,full512,COMPLETE,ar1_stationary
-0.005918859779501474,-0.022558930849704638,-0.013657690013571071,hac,cross_term,32,all,full512,COMPLETE,ar1_stationary
1.0889660238873322,0.9942111571679455,1.0422383010011222,hac,conditional_es,32,all,full512,COMPLETE,ar1_stationary
0.27449935419219157,0.25143541138486647,0.2631463708383174,hac,hhi,32,all,full512,COMPLETE,ar1_stationary
,,,hac,latent_information_gap,32,all,full512,NOT_APPLICABLE,ar1_stationary
0.0859727559572025,0.02328318515767728,0.05503915039771308,iid_oic,conditional_signed_relative_error,32,all,full512,COMPLETE,ar1_stationary
0.07471991285071485,0.05584164174633531,0.06520456886224502,iid_oic,conditional_squared_relative_error,32,all,full512,COMPLETE,ar1_stationary
-0.021121406815069948,-0.054795005469072885,-0.03832842979157221,iid_oic,marginal_signed_relative_error,32,all,full512,COMPLETE,ar1_stationary
0.00796419785758353,0.004514015926868199,0.006104656649799179,iid_oic,marginal_squared_relative_error,32,all,full512,COMPLETE,ar1_stationary
-0.02543589099479708,-0.062366158844524296,-0.04415582118710071,iid_oic,estimation_relative,32,all,full512,COMPLETE,ar1_stationary
0.13081758251396833,0.06694168895678053,0.0991949715848138,iid_oic,mismatch_relative,32,all,full512,COMPLETE,ar1_stationary
0.01122763569438905,0.005703110218930489,0.008209099920754753,iid_oic,estimation_square,32,all,full512,COMPLETE,ar1_stationary
0.09111842223722308,0.06540796589734794,0.07725820581426918,iid_oic,mismatch_square,32,all,full512,COMPLETE,ar1_stationary
-0.011873121804655318,-0.029787917616555123,-0.020262736872778922,iid_oic,cross_term,32,all,full512,COMPLETE,ar1_stationary
1.0889660238873322,0.9942111571679455,1.0422383010011222,iid_oic,conditional_es,32,all,full512,COMPLETE,ar1_stationary
0.27449935419219157,0.25143541138486647,0.2631463708383174,iid_oic,hhi,32,all,full512,COMPLETE,ar1_stationary
,,,iid_oic,latent_information_gap,32,all,full512,NOT_APPLICABLE,ar1_stationary
0.047959468796742274,-0.011995170294712096,0.018364632873309885,raw,conditional_signed_relative_error,32,all,full512,COMPLETE,ar1_stationary
0.06779651366659561,0.048121375886649935,0.05793135517693261,raw,conditional_squared_relative_error,32,all,full512,COMPLETE,ar1_stationary
-0.05518888596710878,-0.08750762197004935,-0.07172154730525464,raw,marginal_signed_relative_error,32,all,full512,COMPLETE,ar1_stationary
0.011948004155454241,0.006913700364086174,0.00930337172351031,raw,marginal_squared_relative_error,32,all,full512,COMPLETE,ar1_stationary
-0.06226422007903786,-0.09902709967054897,-0.08083033871150391,raw,estimation_relative,32,all,full512,COMPLETE,ar1_stationary
0.13081758251396833,0.06694168895678053,0.0991949715848138,raw,mismatch_relative,32,all,full512,COMPLETE,ar1_stationary
0.016928327612005117,0.009011340883331897,0.012673468183940733,raw,estimation_square,32,all,full512,COMPLETE,ar1_stationary
0.09111842223722308,0.06540796589734794,0.07725820581426918,raw,mismatch_square,32,all,full512,COMPLETE,ar1_stationary
-0.021793007809577127,-0.04363644616484886,-0.03200031882127731,raw,cross_term,32,all,full512,COMPLETE,ar1_stationary
1.0889660238873322,0.9942111571679455,1.0422383010011222,raw,conditional_es,32,all,full512,COMPLETE,ar1_stationary
0.27449935419219157,0.25143541138486647,0.2631463708383174,raw,hhi,32,all,full512,COMPLETE,ar1_stationary
,,,raw,latent_information_gap,32,all,full512,NOT_APPLICABLE,ar1_stationary
-0.0041562458427896205,-0.02304909332161183,-0.013154873341855385,ar_gaussian,conditional_signed_relative_error,32,before,full512,COMPLETE,ar1_stationary
0.002884920130241444,0.0010047070254913392,0.0018116379824996821,ar_gaussian,conditional_squared_relative_error,32,before,full512,COMPLETE,ar1_stationary
0.051443310863166405,-0.06423271124224322,-0.007310436183755022,ar_gaussian,marginal_signed_relative_error,32,before,full512,COMPLETE,ar1_stationary
0.18686451437359025,0.07746776376738498,0.1270127320033269,ar_gaussian,marginal_squared_relative_error,32,before,full512,COMPLETE,ar1_stationary
-0.05239800025791123,-0.14129706142902546,-0.09618042895950951,ar_gaussian,estimation_relative,32,before,full512,COMPLETE,ar1_stationary
0.12663492609586888,0.0405987145019448,0.08302555561765412,ar_gaussian,mismatch_relative,32,before,full512,COMPLETE,ar1_stationary
0.09467333765360894,0.061235329699484704,0.077418192263067,ar_gaussian,estimation_square,32,before,full512,COMPLETE,ar1_stationary
0.09538299429320315,0.06171505753965523,0.07768195466801095,ar_gaussian,mismatch_square,32,before,full512,COMPLETE,ar1_stationary
-0.1217480680203586,-0.1875421360539727,-0.15328850894857826,ar_gaussian,cross_term,32,before,full512,COMPLETE,ar1_stationary
1.1246514665494078,0.9944376755325359,1.062447596985387,ar_gaussian,conditional_es,32,before,full512,COMPLETE,ar1_stationary
0.2820012658176622,0.2534186228815203,0.2680195208681153,ar_gaussian,hhi,32,before,full512,COMPLETE,ar1_stationary
,,,ar_gaussian,latent_information_gap,32,before,full512,NOT_APPLICABLE,ar1_stationary
0.09938488196714794,0.015725474780482723,0.05742702376692506,block_bootstrap,conditional_signed_relative_error,32,before,full512,COMPLETE,ar1_stationary
0.08631332033993748,0.05854350296928274,0.07186009294786742,block_bootstrap,conditional_squared_relative_error,32,before,full512,COMPLETE,ar1_stationary
-0.002209783467561969,-0.043522727249958156,-0.02213459762167735,block_bootstrap,marginal_signed_relative_error,32,before,full512,COMPLETE,ar1_stationary
0.008267213393200704,0.003360461182290284,0.005490191357202603,block_bootstrap,marginal_squared_relative_error,32,before,full512,COMPLETE,ar1_stationary
-0.002653276007121253,-0.05122075616989429,-0.02559853185072906,block_bootstrap,estimation_relative,32,before,full512,COMPLETE,ar1_stationary
0.12663492609586888,0.0405987145019448,0.08302555561765412,block_bootstrap,mismatch_relative,32,before,full512,COMPLETE,ar1_stationary
0.012388063297516126,0.0041211344713791564,0.007635445177136664,block_bootstrap,estimation_square,32,before,full512,COMPLETE,ar1_stationary
0.09538299429320315,0.06171505753965523,0.07768195466801095,block_bootstrap,mismatch_square,32,before,full512,COMPLETE,ar1_stationary
-0.0014514294541283805,-0.02912988421578134,-0.013457306897280186,block_bootstrap,cross_term,32,before,full512,COMPLETE,ar1_stationary
1.1246514665494078,0.9944376755325359,1.062447596985387,block_bootstrap,conditional_es,32,before,full512,COMPLETE,ar1_stationary
0.2820012658176622,0.2534186228815203,0.2680195208681153,block_bootstrap,hhi,32,before,full512,COMPLETE,ar1_stationary
,,,block_bootstrap,latent_information_gap,32,before,full512,NOT_APPLICABLE,ar1_stationary
0.1436487856374322,0.037793175090366914,0.08967382963566164,ewma_gaussian,conditional_signed_relative_error,32,before,full512,COMPLETE,ar1_stationary
0.1911652577299079,0.08505909848006646,0.13290326756567977,ewma_gaussian,conditional_squared_relative_error,32,before,full512,COMPLETE,ar1_stationary
0.05009205350223871,-0.027152128116268617,0.01164659467303248,ewma_gaussian,marginal_signed_relative_error,32,before,full512,COMPLETE,ar1_stationary
0.06497015756804404,0.0284878322847317,0.04458131639463669,ewma_gaussian,marginal_squared_relative_error,32,before,full512,COMPLETE,ar1_stationary
0.0505156064465059,-0.03764057936367728,0.006648274018007517,ewma_gaussian,estimation_relative,32,before,full512,COMPLETE,ar1_stationary
0.12663492609586888,0.0405987145019448,0.08302555561765412,ewma_gaussian,mismatch_relative,32,before,full512,COMPLETE,ar1_stationary
0.09672334661811571,0.034405764685704984,0.06085773174132818,ewma_gaussian,estimation_square,32,before,full512,COMPLETE,ar1_stationary
0.09538299429320315,0.06171505753965523,0.07768195466801095,ewma_gaussian,mismatch_square,32,before,full512,COMPLETE,ar1_stationary
0.019585257125990678,-0.02993279243246289,-0.005636418843659373,ewma_gaussian,cross_term,32,before,full512,COMPLETE,ar1_stationary
1.1246514665494078,0.9944376755325359,1.062447596985387,ewma_gaussian,conditional_es,32,before,full512,COMPLETE,ar1_stationary
0.2820012658176622,0.2534186228815203,0.2680195208681153,ewma_gaussian,hhi,32,before,full512,COMPLETE,ar1_stationary
,,,ewma_gaussian,latent_information_gap,32,before,full512,NOT_APPLICABLE,ar1_stationary
0.08379312220597811,0.005808457496841399,0.04461979615482295,gaussian_iid,conditional_signed_relative_error,32,before,full512,COMPLETE,ar1_stationary
0.08032958435512488,0.05387126125351749,0.06663129356727467,gaussian_iid,conditional_squared_relative_error,32,before,full512,COMPLETE,ar1_stationary
-0.014681534496833045,-0.05408931829811902,-0.03357509928847266,gaussian_iid,marginal_signed_relative_error,32,before,full512,COMPLETE,ar1_stationary
0.008239623886598026,0.003017903511039211,0.005267741492301617,gaussian_iid,marginal_squared_relative_error,32,before,full512,COMPLETE,ar1_stationary
-0.016550722450038132,-0.062109868492432205,-0.038405759462831174,gaussian_iid,estimation_relative,32,before,full512,COMPLETE,ar1_stationary
0.12663492609586888,0.0405987145019448,0.08302555561765412,gaussian_iid,mismatch_relative,32,before,full512,COMPLETE,ar1_stationary
0.012283675044215993,0.0037874288634624728,0.007370070243285094,gaussian_iid,estimation_square,32,before,full512,COMPLETE,ar1_stationary
0.09538299429320315,0.06171505753965523,0.07768195466801095,gaussian_iid,mismatch_square,32,before,full512,COMPLETE,ar1_stationary
-0.006195676175566816,-0.03334722299062508,-0.018420731344021377,gaussian_iid,cross_term,32,before,full512,COMPLETE,ar1_stationary
1.1246514665494078,0.9944376755325359,1.062447596985387,gaussian_iid,conditional_es,32,before,full512,COMPLETE,ar1_stationary
0.2820012658176622,0.2534186228815203,0.2680195208681153,gaussian_iid,hhi,32,before,full512,COMPLETE,ar1_stationary
,,,gaussian_iid,latent_information_gap,32,before,full512,NOT_APPLICABLE,ar1_stationary
0.09779625835345158,0.01424562680879174,0.055837937824895975,hac,conditional_signed_relative_error,32,before,full512,COMPLETE,ar1_stationary
0.08604864051181943,0.05854596186016164,0.07181351600335414,hac,conditional_squared_relative_error,32,before,full512,COMPLETE,ar1_stationary
-0.0044858914176528425,-0.04505111988875368,-0.02393947526370197,hac,marginal_signed_relative_error,32,before,full512,COMPLETE,ar1_stationary
0.008143985762273149,0.003233141831985976,0.005340101980738808,hac,marginal_squared_relative_error,32,before,full512,COMPLETE,ar1_stationary
-0.004926176732051753,-0.05234601943994295,-0.02718761779275816,hac,estimation_relative,32,before,full512,COMPLETE,ar1_stationary
0.12663492609586888,0.0405987145019448,0.08302555561765412,hac,mismatch_relative,32,before,full512,COMPLETE,ar1_stationary
0.012090690558676571,0.0038863630575749083,0.007351418298506171,hac,estimation_square,32,before,full512,COMPLETE,ar1_stationary
0.09538299429320315,0.06171505753965523,0.07768195466801095,hac,mismatch_square,32,before,full512,COMPLETE,ar1_stationary
-0.00124524176680498,-0.028758989352067388,-0.01321985696316299,hac,cross_term,32,before,full512,COMPLETE,ar1_stationary
1.1246514665494078,0.9944376755325359,1.062447596985387,hac,conditional_es,32,before,full512,COMPLETE,ar1_stationary
0.2820012658176622,0.2534186228815203,0.2680195208681153,hac,hhi,32,before,full512,COMPLETE,ar1_stationary
,,,hac,latent_information_gap,32,before,full512,NOT_APPLICABLE,ar1_stationary
0.07711722286647711,-0.003954153088417284,0.03631893086487127,iid_oic,conditional_signed_relative_error,32,before,full512,COMPLETE,ar1_stationary
0.08121182259943346,0.053983777421190565,0.0670597680284869,iid_oic,conditional_squared_relative_error,32,before,full512,COMPLETE,ar1_stationary
-0.023395828702134736,-0.061910181091314506,-0.04196062493344419,iid_oic,marginal_signed_relative_error,32,before,full512,COMPLETE,ar1_stationary
0.009173473106212157,0.003702559028163559,0.006052192137256912,iid_oic,marginal_squared_relative_error,32,before,full512,COMPLETE,ar1_stationary
-0.025433642067332275,-0.07077822716455369,-0.04670662475278285,iid_oic,estimation_relative,32,before,full512,COMPLETE,ar1_stationary
0.12663492609586888,0.0405987145019448,0.08302555561765412,iid_oic,mismatch_relative,32,before,full512,COMPLETE,ar1_stationary
0.013580038854400971,0.004395405112194549,0.008299118199775711,iid_oic,estimation_square,32,before,full512,COMPLETE,ar1_stationary
0.09538299429320315,0.06171505753965523,0.07768195466801095,iid_oic,mismatch_square,32,before,full512,COMPLETE,ar1_stationary
-0.0063300675455831385,-0.03501374195905357,-0.018921304839299775,iid_oic,cross_term,32,before,full512,COMPLETE,ar1_stationary
1.1246514665494078,0.9944376755325359,1.062447596985387,iid_oic,conditional_es,32,before,full512,COMPLETE,ar1_stationary
0.2820012658176622,0.2534186228815203,0.2680195208681153,iid_oic,hhi,32,before,full512,COMPLETE,ar1_stationary
,,,iid_oic,latent_information_gap,32,before,full512,NOT_APPLICABLE,ar1_stationary
0.03972338377869103,-0.038455382459766624,0.0005855675770449834,raw,conditional_signed_relative_error,32,before,full512,COMPLETE,ar1_stationary
0.07538740628385317,0.04769101571047653,0.060825618526256606,raw,conditional_squared_relative_error,32,before,full512,COMPLETE,ar1_stationary
-0.05725300544732793,-0.09384943195660339,-0.07486365300931477,raw,marginal_signed_relative_error,32,before,full512,COMPLETE,ar1_stationary
0.013518724468333122,0.006307071912648819,0.009509199267650438,raw,marginal_squared_relative_error,32,before,full512,COMPLETE,ar1_stationary
-0.06169902787533856,-0.10611100372398338,-0.08243998804060915,raw,estimation_relative,32,before,full512,COMPLETE,ar1_stationary
0.12663492609586888,0.0405987145019448,0.08302555561765412,raw,mismatch_relative,32,before,full512,COMPLETE,ar1_stationary
0.019822009502756765,0.007611296964806266,0.012881057843566024,raw,estimation_square,32,before,full512,COMPLETE,ar1_stationary
0.09538299429320315,0.06171505753965523,0.07768195466801095,raw,mismatch_square,32,before,full512,COMPLETE,ar1_stationary
-0.015059945301621672,-0.04786934471020785,-0.029737393985320368,raw,cross_term,32,before,full512,COMPLETE,ar1_stationary
1.1246514665494078,0.9944376755325359,1.062447596985387,raw,conditional_es,32,before,full512,COMPLETE,ar1_stationary
0.2820012658176622,0.2534186228815203,0.2680195208681153,raw,hhi,32,before,full512,COMPLETE,ar1_stationary
,,,raw,latent_information_gap,32,before,full512,NOT_APPLICABLE,ar1_stationary
-0.0028156135498411334,-0.021560742844220965,-0.012048087341465558,ar_gaussian,conditional_signed_relative_error,32,after,full512,COMPLETE,ar1_stationary
0.0022991237605468257,0.0007826094864893646,0.001458740090492602,ar_gaussian,conditional_squared_relative_error,32,after,full512,COMPLETE,ar1_stationary
0.03396718571201232,-0.10262994506922471,-0.03911791647472343,ar_gaussian,marginal_signed_relative_error,32,after,full512,COMPLETE,ar1_stationary
0.2010544420585883,0.0724142178382093,0.1309578303703092,ar_gaussian,marginal_squared_relative_error,32,after,full512,COMPLETE,ar1_stationary
-0.07798043632938703,-0.17063101857803753,-0.127412474893439,ar_gaussian,estimation_relative,32,after,full512,COMPLETE,ar1_stationary
0.15791751662434925,0.06766016610600636,0.11536438755197345,ar_gaussian,mismatch_relative,32,after,full512,COMPLETE,ar1_stationary
0.09419039668320232,0.06431063067710988,0.07851595384886417,ar_gaussian,estimation_square,32,after,full512,COMPLETE,ar1_stationary
0.09290021026435144,0.06236812609454608,0.07683445696052743,ar_gaussian,mismatch_square,32,after,full512,COMPLETE,ar1_stationary
-0.12586865597600333,-0.18526513914786033,-0.153891670718899,ar_gaussian,cross_term,32,after,full512,COMPLETE,ar1_stationary
1.0905011100004114,0.9490041521317044,1.0220290050168577,ar_gaussian,conditional_es,32,after,full512,COMPLETE,ar1_stationary
0.2698853829468564,0.24688287448224147,0.25827322080851933,ar_gaussian,hhi,32,after,full512,COMPLETE,ar1_stationary
,,,ar_gaussian,latent_information_gap,32,after,full512,NOT_APPLICABLE,ar1_stationary
0.1415474364568766,0.04807979185950582,0.09757318735873896,block_bootstrap,conditional_signed_relative_error,32,after,full512,COMPLETE,ar1_stationary
0.08571556944291969,0.056941185840281246,0.0707337052933345,block_bootstrap,conditional_squared_relative_error,32,after,full512,COMPLETE,ar1_stationary
0.010014320502555256,-0.036797061757707326,-0.013257563886343087,block_bootstrap,marginal_signed_relative_error,32,after,full512,COMPLETE,ar1_stationary
0.007615804501590423,0.004173220326205272,0.00583388137105862,block_bootstrap,marginal_squared_relative_error,32,after,full512,COMPLETE,ar1_stationary
0.007803081186782449,-0.0435797168921775,-0.01779120019323448,block_bootstrap,estimation_relative,32,after,full512,COMPLETE,ar1_stationary
0.15791751662434925,0.06766016610600636,0.11536438755197345,block_bootstrap,mismatch_relative,32,after,full512,COMPLETE,ar1_stationary
0.010043199657741092,0.0051499286234809585,0.0074810822058197874,block_bootstrap,estimation_square,32,after,full512,COMPLETE,ar1_stationary
0.09290021026435144,0.06236812609454608,0.07683445696052743,block_bootstrap,mismatch_square,32,after,full512,COMPLETE,ar1_stationary
-0.0035770842043601407,-0.023975822052217675,-0.013581833873012707,block_bootstrap,cross_term,32,after,full512,COMPLETE,ar1_stationary
1.0905011100004114,0.9490041521317044,1.0220290050168577,block_bootstrap,conditional_es,32,after,full512,COMPLETE,ar1_stationary
0.2698853829468564,0.24688287448224147,0.25827322080851933,block_bootstrap,hhi,32,after,full512,COMPLETE,ar1_stationary
,,,block_bootstrap,latent_information_gap,32,after,full512,NOT_APPLICABLE,ar1_stationary
0.16136884458056833,0.038714673022746046,0.09948285301367527,ewma_gaussian,conditional_signed_relative_error,32,after,full512,COMPLETE,ar1_stationary
0.24251627205781467,0.08441603771841541,0.14808932084878923,ewma_gaussian,conditional_squared_relative_error,32,after,full512,COMPLETE,ar1_stationary
0.029258780580341426,-0.04931903344037399,-0.011840439800638747,ewma_gaussian,marginal_signed_relative_error,32,after,full512,COMPLETE,ar1_stationary
0.0822694674708003,0.02828206867125588,0.052350467970668585,ewma_gaussian,marginal_squared_relative_error,32,after,full512,COMPLETE,ar1_stationary
0.031061329271681707,-0.058930242809164556,-0.01588153453829818,ewma_gaussian,estimation_relative,32,after,full512,COMPLETE,ar1_stationary
0.15791751662434925,0.06766016610600636,0.11536438755197345,ewma_gaussian,mismatch_relative,32,after,full512,COMPLETE,ar1_stationary
0.12650971769394437,0.03649065687201553,0.07363357892605599,ewma_gaussian,estimation_square,32,after,full512,COMPLETE,ar1_stationary
0.09290021026435144,0.06236812609454608,0.07683445696052743,ewma_gaussian,mismatch_square,32,after,full512,COMPLETE,ar1_stationary
0.03349340666789584,-0.03084072932201346,-0.0023787150377941905,ewma_gaussian,cross_term,32,after,full512,COMPLETE,ar1_stationary
1.0905011100004114,0.9490041521317044,1.0220290050168577,ewma_gaussian,conditional_es,32,after,full512,COMPLETE,ar1_stationary
0.2698853829468564,0.24688287448224147,0.25827322080851933,ewma_gaussian,hhi,32,after,full512,COMPLETE,ar1_stationary
,,,ewma_gaussian,latent_information_gap,32,after,full512,NOT_APPLICABLE,ar1_stationary
0.11931599870618274,0.029026495008418866,0.076069426010516,gaussian_iid,conditional_signed_relative_error,32,after,full512,COMPLETE,ar1_stationary
0.0794038069258305,0.05087266180418761,0.06448296134556929,gaussian_iid,conditional_squared_relative_error,32,after,full512,COMPLETE,ar1_stationary
-0.012051782144720916,-0.054188281980008225,-0.03323699918564101,gaussian_iid,marginal_signed_relative_error,32,after,full512,COMPLETE,ar1_stationary
0.007654049800900097,0.0037712676961430725,0.005571016610090339,gaussian_iid,marginal_squared_relative_error,32,after,full512,COMPLETE,ar1_stationary
-0.01501680238451767,-0.06307391002311376,-0.03929496154145744,gaussian_iid,estimation_relative,32,after,full512,COMPLETE,ar1_stationary
0.15791751662434925,0.06766016610600636,0.11536438755197345,gaussian_iid,mismatch_relative,32,after,full512,COMPLETE,ar1_stationary
0.010786720309110348,0.005024744750885099,0.007704322114145259,gaussian_iid,estimation_square,32,after,full512,COMPLETE,ar1_stationary
0.09290021026435144,0.06236812609454608,0.07683445696052743,gaussian_iid,mismatch_square,32,after,full512,COMPLETE,ar1_stationary
-0.008756282711865597,-0.03167429922629522,-0.020055817729103403,gaussian_iid,cross_term,32,after,full512,COMPLETE,ar1_stationary
1.0905011100004114,0.9490041521317044,1.0220290050168577,gaussian_iid,conditional_es,32,after,full512,COMPLETE,ar1_stationary
0.2698853829468564,0.24688287448224147,0.25827322080851933,gaussian_iid,hhi,32,after,full512,COMPLETE,ar1_stationary
,,,gaussian_iid,latent_information_gap,32,after,full512,NOT_APPLICABLE,ar1_stationary
0.14148787933896925,0.04618382480813492,0.0961602670861509,hac,conditional_signed_relative_error,32,after,full512,COMPLETE,ar1_stationary
0.0847716680511387,0.05678398556080758,0.0702423840594106,hac,conditional_squared_relative_error,32,after,full512,COMPLETE,ar1_stationary
0.008934447018224548,-0.038054343919323524,-0.014577941783406965,hac,marginal_signed_relative_error,32,after,full512,COMPLETE,ar1_stationary
0.007706310432140304,0.004204206389971869,0.005883215429155545,hac,marginal_squared_relative_error,32,after,full512,COMPLETE,ar1_stationary
0.0068714504319756335,-0.04525869382187173,-0.019204120465822552,hac,estimation_relative,32,after,full512,COMPLETE,ar1_stationary
0.15791751662434925,0.06766016610600636,0.11536438755197345,hac,mismatch_relative,32,after,full512,COMPLETE,ar1_stationary
0.010037104068538477,0.005184731194882754,0.007503450162862336,hac,estimation_square,32,after,full512,COMPLETE,ar1_stationary
0.09290021026435144,0.06236812609454608,0.07683445696052743,hac,mismatch_square,32,after,full512,COMPLETE,ar1_stationary
-0.0035461115956049367,-0.02498970224225061,-0.014095523063979154,hac,cross_term,32,after,full512,COMPLETE,ar1_stationary
1.0905011100004114,0.9490041521317044,1.0220290050168577,hac,conditional_es,32,after,full512,COMPLETE,ar1_stationary
0.2698853829468564,0.24688287448224147,0.25827322080851933,hac,hhi,32,after,full512,COMPLETE,ar1_stationary
,,,hac,latent_information_gap,32,after,full512,NOT_APPLICABLE,ar1_stationary
0.11673499000268919,0.02547773689780712,0.07375936993055487,iid_oic,conditional_signed_relative_error,32,after,full512,COMPLETE,ar1_stationary
0.07798938987564674,0.04990002659655464,0.06334936969600315,iid_oic,conditional_squared_relative_error,32,after,full512,COMPLETE,ar1_stationary
-0.012646381300156878,-0.056644557896726774,-0.034696234649700224,iid_oic,marginal_signed_relative_error,32,after,full512,COMPLETE,ar1_stationary
0.008243661016629324,0.004266257585345403,0.006157121162341445,iid_oic,marginal_squared_relative_error,32,after,full512,COMPLETE,ar1_stationary
-0.01715678118193396,-0.06598476328287603,-0.041605017621418564,iid_oic,estimation_relative,32,after,full512,COMPLETE,ar1_stationary
0.15791751662434925,0.06766016610600636,0.11536438755197345,iid_oic,mismatch_relative,32,after,full512,COMPLETE,ar1_stationary
0.011096390258968043,0.0054348050917193075,0.008119081641733795,iid_oic,estimation_square,32,after,full512,COMPLETE,ar1_stationary
0.09290021026435144,0.06236812609454608,0.07683445696052743,iid_oic,mismatch_square,32,after,full512,COMPLETE,ar1_stationary
-0.011162221853414978,-0.03242553667365234,-0.021604168906258072,iid_oic,cross_term,32,after,full512,COMPLETE,ar1_stationary
1.0905011100004114,0.9490041521317044,1.0220290050168577,iid_oic,conditional_es,32,after,full512,COMPLETE,ar1_stationary
0.2698853829468564,0.24688287448224147,0.25827322080851933,iid_oic,hhi,32,after,full512,COMPLETE,ar1_stationary
,,,iid_oic,latent_information_gap,32,after,full512,NOT_APPLICABLE,ar1_stationary
0.07740808643790448,-0.01006396592162015,0.03614369816957479,raw,conditional_signed_relative_error,32,after,full512,COMPLETE,ar1_stationary
0.07070648011575766,0.04074968841871077,0.05503709182760862,raw,conditional_squared_relative_error,32,after,full512,COMPLETE,ar1_stationary
-0.04801048473285812,-0.089334609773776,-0.0685794416011945,raw,marginal_signed_relative_error,32,after,full512,COMPLETE,ar1_stationary
0.012163910586171686,0.006255936179988073,0.009097544179370181,raw,marginal_squared_relative_error,32,after,full512,COMPLETE,ar1_stationary
-0.0556777888546637,-0.10275046785009719,-0.07922068938239867,raw,estimation_relative,32,after,full512,COMPLETE,ar1_stationary
0.15791751662434925,0.06766016610600636,0.11536438755197345,raw,mismatch_relative,32,after,full512,COMPLETE,ar1_stationary
0.01674673478714153,0.008390339449708422,0.012465878524315441,raw,estimation_square,32,after,full512,COMPLETE,ar1_stationary
0.09290021026435144,0.06236812609454608,0.07683445696052743,raw,mismatch_square,32,after,full512,COMPLETE,ar1_stationary
-0.022457999613187816,-0.04649573403284885,-0.03426324365723425,raw,cross_term,32,after,full512,COMPLETE,ar1_stationary
1.0905011100004114,0.9490041521317044,1.0220290050168577,raw,conditional_es,32,after,full512,COMPLETE,ar1_stationary
0.2698853829468564,0.24688287448224147,0.25827322080851933,raw,hhi,32,after,full512,COMPLETE,ar1_stationary
,,,raw,latent_information_gap,32,after,full512,NOT_APPLICABLE,ar1_stationary
0.006053368173268479,-0.006196824958720622,-0.00016084516084741152,ar_gaussian,conditional_signed_relative_error,32,all,equal512,COMPLETE,ar1_stationary
0.0012527773149814967,0.0006394681628329299,0.000923057039314693,ar_gaussian,conditional_squared_relative_error,32,all,equal512,COMPLETE,ar1_stationary
0.07827892512940866,-0.038507519495121566,0.01613485974519508,ar_gaussian,marginal_signed_relative_error,32,all,equal512,COMPLETE,ar1_stationary
0.24992186207621228,0.07371649308961749,0.14771292403709638,ar_gaussian,marginal_squared_relative_error,32,all,equal512,COMPLETE,ar1_stationary
-0.02610721883498933,-0.09624234249793269,-0.0613532666228997,ar_gaussian,estimation_relative,32,all,equal512,COMPLETE,ar1_stationary
0.09380899982574677,0.028098074203725405,0.0611924214620523,ar_gaussian,mismatch_relative,32,all,equal512,COMPLETE,ar1_stationary
0.0687544947326145,0.04549797967377881,0.056454079487117885,ar_gaussian,estimation_square,32,all,equal512,COMPLETE,ar1_stationary
0.06454994356635656,0.044438750593989475,0.054271875230000405,ar_gaussian,mismatch_square,32,all,equal512,COMPLETE,ar1_stationary
-0.08931474893533796,-0.13177034737867824,-0.1098028976778036,ar_gaussian,cross_term,32,all,equal512,COMPLETE,ar1_stationary
1.1944709224888765,1.0810569039731932,1.1374026289038208,ar_gaussian,conditional_es,32,all,equal512,COMPLETE,ar1_stationary
0.125,0.125,0.125,ar_gaussian,hhi,32,all,equal512,COMPLETE,ar1_stationary
,,,ar_gaussian,latent_information_gap,32,all,equal512,NOT_APPLICABLE,ar1_stationary
0.10260359560732851,0.03321003776333031,0.0684485936372682,block_bootstrap,conditional_signed_relative_error,32,all,equal512,COMPLETE,ar1_stationary
0.06825756564062416,0.048955178677339437,0.05818759332264051,block_bootstrap,conditional_squared_relative_error,32,all,equal512,COMPLETE,ar1_stationary
0.022138901803477405,-0.007828150218842048,0.0071639719280915445,block_bootstrap,marginal_signed_relative_error,32,all,equal512,COMPLETE,ar1_stationary
0.004920670102577496,0.0029903434341436164,0.0039040797826465187,block_bootstrap,marginal_squared_relative_error,32,all,equal512,COMPLETE,ar1_stationary
0.02328724128249963,-0.00869490841658128,0.0072561721752159,block_bootstrap,estimation_relative,32,all,equal512,COMPLETE,ar1_stationary
0.09380899982574677,0.028098074203725405,0.0611924214620523,block_bootstrap,mismatch_relative,32,all,equal512,COMPLETE,ar1_stationary
0.005817498834646388,0.0032843791215905393,0.004470480606949669,block_bootstrap,estimation_square,32,all,equal512,COMPLETE,ar1_stationary
0.06454994356635656,0.044438750593989475,0.054271875230000405,block_bootstrap,mismatch_square,32,all,equal512,COMPLETE,ar1_stationary
0.0037831660859399758,-0.005419624287646876,-0.0005547625143095731,block_bootstrap,cross_term,32,all,equal512,COMPLETE,ar1_stationary
1.1944709224888765,1.0810569039731932,1.1374026289038208,block_bootstrap,conditional_es,32,all,equal512,COMPLETE,ar1_stationary
0.125,0.125,0.125,block_bootstrap,hhi,32,all,equal512,COMPLETE,ar1_stationary
,,,block_bootstrap,latent_information_gap,32,all,equal512,NOT_APPLICABLE,ar1_stationary
0.12865955031502233,0.05564847463356972,0.09203059117253164,ewma_gaussian,conditional_signed_relative_error,32,all,equal512,COMPLETE,ar1_stationary
0.1569676920923037,0.08333645715565435,0.11467079214629153,ewma_gaussian,conditional_squared_relative_error,32,all,equal512,COMPLETE,ar1_stationary
0.05742797931609842,0.008504895169276038,0.032644385860890815,ewma_gaussian,marginal_signed_relative_error,32,all,equal512,COMPLETE,ar1_stationary
0.062448575235239855,0.030253703688530958,0.04490255072311318,ewma_gaussian,marginal_squared_relative_error,32,all,equal512,COMPLETE,ar1_stationary
0.05731204409700465,0.004330918628753764,0.030838169710479344,ewma_gaussian,estimation_relative,32,all,equal512,COMPLETE,ar1_stationary
0.09380899982574677,0.028098074203725405,0.0611924214620523,ewma_gaussian,mismatch_relative,32,all,equal512,COMPLETE,ar1_stationary
0.0826191196849601,0.03493581487870789,0.05500897452579013,ewma_gaussian,estimation_square,32,all,equal512,COMPLETE,ar1_stationary
0.06454994356635656,0.044438750593989475,0.054271875230000405,ewma_gaussian,mismatch_square,32,all,equal512,COMPLETE,ar1_stationary
0.0215136642672234,-0.008220342697714378,0.005389942390500982,ewma_gaussian,cross_term,32,all,equal512,COMPLETE,ar1_stationary
1.1944709224888765,1.0810569039731932,1.1374026289038208,ewma_gaussian,conditional_es,32,all,equal512,COMPLETE,ar1_stationary
0.125,0.125,0.125,ewma_gaussian,hhi,32,all,equal512,COMPLETE,ar1_stationary
,,,ewma_gaussian,latent_information_gap,32,all,equal512,NOT_APPLICABLE,ar1_stationary
0.09358797588585037,0.028200316795534676,0.06110744940014762,gaussian_iid,conditional_signed_relative_error,32,all,equal512,COMPLETE,ar1_stationary
0.06423384903223431,0.04489313968163074,0.05397119674217618,gaussian_iid,conditional_squared_relative_error,32,all,equal512,COMPLETE,ar1_stationary
0.014685411492996864,-0.013212970468057243,0.0009667773475650638,gaussian_iid,marginal_signed_relative_error,32,all,equal512,COMPLETE,ar1_stationary
0.003285985517841106,0.0019540233963814897,0.002589510639061119,gaussian_iid,marginal_squared_relative_error,32,all,equal512,COMPLETE,ar1_stationary
0.01480990793070859,-0.015381544921028506,-8.497206190468017e-05,gaussian_iid,estimation_relative,32,all,equal512,COMPLETE,ar1_stationary
0.09380899982574677,0.028098074203725405,0.0611924214620523,gaussian_iid,mismatch_relative,32,all,equal512,COMPLETE,ar1_stationary
0.003925636004048414,0.0022751565190511436,0.00305481567873617,gaussian_iid,estimation_square,32,all,equal512,COMPLETE,ar1_stationary
0.06454994356635656,0.044438750593989475,0.054271875230000405,gaussian_iid,mismatch_square,32,all,equal512,COMPLETE,ar1_stationary
0.0010031065909627533,-0.008180151170098597,-0.0033554941665604036,gaussian_iid,cross_term,32,all,equal512,COMPLETE,ar1_stationary
1.1944709224888765,1.0810569039731932,1.1374026289038208,gaussian_iid,conditional_es,32,all,equal512,COMPLETE,ar1_stationary
0.125,0.125,0.125,gaussian_iid,hhi,32,all,equal512,COMPLETE,ar1_stationary
,,,gaussian_iid,latent_information_gap,32,all,equal512,NOT_APPLICABLE,ar1_stationary
0.09940051282659834,0.03216234251697584,0.06609038952205934,hac,conditional_signed_relative_error,32,all,equal512,COMPLETE,ar1_stationary
0.06659362988961243,0.04717379151699174,0.05646535003116164,hac,conditional_squared_relative_error,32,all,equal512,COMPLETE,ar1_stationary
0.02008307763138763,-0.008968995715907877,0.005409105702482874,hac,marginal_signed_relative_error,32,all,equal512,COMPLETE,ar1_stationary
0.004305901485973789,0.002616486274738313,0.003416464830962876,hac,marginal_squared_relative_error,32,all,equal512,COMPLETE,ar1_stationary
0.020415191337212823,-0.010521342566351522,0.004897968060007046,hac,estimation_relative,32,all,equal512,COMPLETE,ar1_stationary
0.09380899982574677,0.028098074203725405,0.0611924214620523,hac,mismatch_relative,32,all,equal512,COMPLETE,ar1_stationary
0.0050854620581010125,0.0028809083559462705,0.003925218930311392,hac,estimation_square,32,all,equal512,COMPLETE,ar1_stationary
0.06454994356635656,0.044438750593989475,0.054271875230000405,hac,mismatch_square,32,all,equal512,COMPLETE,ar1_stationary
0.002635045370336164,-0.006601624551971417,-0.0017317441291501633,hac,cross_term,32,all,equal512,COMPLETE,ar1_stationary
1.1944709224888765,1.0810569039731932,1.1374026289038208,hac,conditional_es,32,all,equal512,COMPLETE,ar1_stationary
0.125,0.125,0.125,hac,hhi,32,all,equal512,COMPLETE,ar1_stationary
,,,hac,latent_information_gap,32,all,equal512,NOT_APPLICABLE,ar1_stationary
0.09250324805537609,0.02563510586330063,0.05930800368887429,iid_oic,conditional_signed_relative_error,32,all,equal512,COMPLETE,ar1_stationary
0.06509405373009144,0.045494328529873264,0.054851524873087545,iid_oic,conditional_squared_relative_error,32,all,equal512,COMPLETE,ar1_stationary
0.013317199749429234,-0.015122799617308448,-0.0010085978803692055,iid_oic,marginal_signed_relative_error,32,all,equal512,COMPLETE,ar1_stationary
0.004053729593801393,0.0024729181893709037,0.0032265683444364897,iid_oic,marginal_squared_relative_error,32,all,equal512,COMPLETE,ar1_stationary
0.013411544977518695,-0.017100198042963914,-0.0018844177731780001,iid_oic,estimation_relative,32,all,equal512,COMPLETE,ar1_stationary
0.09380899982574677,0.028098074203725405,0.0611924214620523,iid_oic,mismatch_relative,32,all,equal512,COMPLETE,ar1_stationary
0.004836821753778275,0.0027069282421538724,0.0037200723962592854,iid_oic,estimation_square,32,all,equal512,COMPLETE,ar1_stationary
0.06454994356635656,0.044438750593989475,0.054271875230000405,iid_oic,mismatch_square,32,all,equal512,COMPLETE,ar1_stationary
0.0012835378794134808,-0.008069247290075292,-0.0031404227531721582,iid_oic,cross_term,32,all,equal512,COMPLETE,ar1_stationary
1.1944709224888765,1.0810569039731932,1.1374026289038208,iid_oic,conditional_es,32,all,equal512,COMPLETE,ar1_stationary
0.125,0.125,0.125,iid_oic,hhi,32,all,equal512,COMPLETE,ar1_stationary
,,,iid_oic,latent_information_gap,32,all,equal512,NOT_APPLICABLE,ar1_stationary
0.08605493620661633,0.019441353576023848,0.05299086422131992,raw,conditional_signed_relative_error,32,all,equal512,COMPLETE,ar1_stationary
0.063848537650685,0.043999114511707675,0.053486676367376834,raw,conditional_squared_relative_error,32,all,equal512,COMPLETE,ar1_stationary
0.007176951236631811,-0.02096618436618939,-0.006976289154648877,raw,marginal_signed_relative_error,32,all,equal512,COMPLETE,ar1_stationary
0.004034433313455095,0.002441225872124408,0.0031985963779101825,raw,marginal_squared_relative_error,32,all,equal512,COMPLETE,ar1_stationary
0.006908107031590896,-0.023201699374046952,-0.008201557240732371,raw,estimation_relative,32,all,equal512,COMPLETE,ar1_stationary
0.09380899982574677,0.028098074203725405,0.0611924214620523,raw,mismatch_relative,32,all,equal512,COMPLETE,ar1_stationary
0.004883390831760433,0.002681526226927222,0.0037150669855903337,raw,estimation_square,32,all,equal512,COMPLETE,ar1_stationary
0.06454994356635656,0.044438750593989475,0.054271875230000405,raw,mismatch_square,32,all,equal512,COMPLETE,ar1_stationary
1.9617613763477334e-05,-0.009534009370976622,-0.00450026584821391,raw,cross_term,32,all,equal512,COMPLETE,ar1_stationary
1.1944709224888765,1.0810569039731932,1.1374026289038208,raw,conditional_es,32,all,equal512,COMPLETE,ar1_stationary
0.125,0.125,0.125,raw,hhi,32,all,equal512,COMPLETE,ar1_stationary
,,,raw,latent_information_gap,32,all,equal512,NOT_APPLICABLE,ar1_stationary
0.0071087762486121715,-0.005741962980461146,0.0008489371958749761,ar_gaussian,conditional_signed_relative_error,32,before,equal512,COMPLETE,ar1_stationary
0.0011791822691033912,0.0005686185198059789,0.0008552380363944018,ar_gaussian,conditional_squared_relative_error,32,before,equal512,COMPLETE,ar1_stationary
0.07804234845686038,-0.04467590597509439,0.013161603483981748,ar_gaussian,marginal_signed_relative_error,32,before,equal512,COMPLETE,ar1_stationary
0.21093034910691513,0.05137553073133716,0.11645636694808874,ar_gaussian,marginal_squared_relative_error,32,before,equal512,COMPLETE,ar1_stationary
-0.01519464909925305,-0.09562352606021413,-0.05511627980019999,ar_gaussian,estimation_relative,32,before,equal512,COMPLETE,ar1_stationary
0.09524591384167229,0.017378309881896446,0.05596521699607496,ar_gaussian,mismatch_relative,32,before,equal512,COMPLETE,ar1_stationary
0.0673419690716202,0.04052013306207365,0.052856024386809704,ar_gaussian,estimation_square,32,before,equal512,COMPLETE,ar1_stationary
0.06421134418029692,0.039999118213515296,0.05135855982722727,ar_gaussian,mismatch_square,32,before,equal512,COMPLETE,ar1_stationary
-0.08003341827333234,-0.13019867821396405,-0.10335934617764257,ar_gaussian,cross_term,32,before,equal512,COMPLETE,ar1_stationary
1.2168322954280701,1.0827157108913315,1.1503951041278175,ar_gaussian,conditional_es,32,before,equal512,COMPLETE,ar1_stationary
0.125,0.125,0.125,ar_gaussian,hhi,32,before,equal512,COMPLETE,ar1_stationary
,,,ar_gaussian,latent_information_gap,32,before,equal512,NOT_APPLICABLE,ar1_stationary
0.10226989171640859,0.021627847120884048,0.06222061125385801,block_bootstrap,conditional_signed_relative_error,32,before,equal512,COMPLETE,ar1_stationary
0.06833507342942331,0.043598277124959194,0.055378517053063875,block_bootstrap,conditional_squared_relative_error,32,before,equal512,COMPLETE,ar1_stationary
0.021741257818694317,-0.010425050803970694,0.005945486552489791,block_bootstrap,marginal_signed_relative_error,32,before,equal512,COMPLETE,ar1_stationary
0.0045350025166082135,0.0025563142574025195,0.0035085351134528874,block_bootstrap,marginal_squared_relative_error,32,before,equal512,COMPLETE,ar1_stationary
0.023391049602585662,-0.011979684313750858,0.006255394257783055,block_bootstrap,estimation_relative,32,before,equal512,COMPLETE,ar1_stationary
0.09524591384167229,0.017378309881896446,0.05596521699607496,block_bootstrap,mismatch_relative,32,before,equal512,COMPLETE,ar1_stationary
0.005591926765209178,0.0028452268204748436,0.004111959373356056,block_bootstrap,estimation_square,32,before,equal512,COMPLETE,ar1_stationary
0.06421134418029692,0.039999118213515296,0.05135855982722727,block_bootstrap,mismatch_square,32,before,equal512,COMPLETE,ar1_stationary
0.005979181919831299,-0.007310956737974207,-9.200214751945985e-05,block_bootstrap,cross_term,32,before,equal512,COMPLETE,ar1_stationary
1.2168322954280701,1.0827157108913315,1.1503951041278175,block_bootstrap,conditional_es,32,before,equal512,COMPLETE,ar1_stationary
0.125,0.125,0.125,block_bootstrap,hhi,32,before,equal512,COMPLETE,ar1_stationary
,,,block_bootstrap,latent_information_gap,32,before,equal512,NOT_APPLICABLE,ar1_stationary
0.149419290892022,0.05484096490129951,0.10203133138111713,ewma_gaussian,conditional_signed_relative_error,32,before,equal512,COMPLETE,ar1_stationary
0.14205867906236894,0.06947135126858302,0.10250582288995921,ewma_gaussian,conditional_squared_relative_error,32,before,equal512,COMPLETE,ar1_stationary
0.08436886854969453,0.01518021109180792,0.04969591565020898,ewma_gaussian,marginal_signed_relative_error,32,before,equal512,COMPLETE,ar1_stationary
0.06527605705294977,0.025225846429151787,0.04236701566749507,ewma_gaussian,marginal_squared_relative_error,32,before,equal512,COMPLETE,ar1_stationary
0.08270527942372674,0.009311208962642101,0.046066114385042184,ewma_gaussian,estimation_relative,32,before,equal512,COMPLETE,ar1_stationary
0.09524591384167229,0.017378309881896446,0.05596521699607496,ewma_gaussian,mismatch_relative,32,before,equal512,COMPLETE,ar1_stationary
0.07829568626123905,0.027916118003337084,0.04913240184487912,ewma_gaussian,estimation_square,32,before,equal512,COMPLETE,ar1_stationary
0.06421134418029692,0.039999118213515296,0.05135855982722727,ewma_gaussian,mismatch_square,32,before,equal512,COMPLETE,ar1_stationary
0.01697367898092893,-0.012157485259606544,0.002014861217852836,ewma_gaussian,cross_term,32,before,equal512,COMPLETE,ar1_stationary
1.2168322954280701,1.0827157108913315,1.1503951041278175,ewma_gaussian,conditional_es,32,before,equal512,COMPLETE,ar1_stationary
0.125,0.125,0.125,ewma_gaussian,hhi,32,before,equal512,COMPLETE,ar1_stationary
,,,ewma_gaussian,latent_information_gap,32,before,equal512,NOT_APPLICABLE,ar1_stationary
0.09594541130528553,0.01949820620582199,0.057629018567385934,gaussian_iid,conditional_signed_relative_error,32,before,equal512,COMPLETE,ar1_stationary
0.0638372010147545,0.041079993310245394,0.051589539125941795,gaussian_iid,conditional_squared_relative_error,32,before,equal512,COMPLETE,ar1_stationary
0.014745861223502632,-0.010590553236945287,0.002249964003367572,gaussian_iid,marginal_signed_relative_error,32,before,equal512,COMPLETE,ar1_stationary
0.002640299137923617,0.0016646695264084944,0.002151055303003839,gaussian_iid,marginal_squared_relative_error,32,before,equal512,COMPLETE,ar1_stationary
0.015390313165002287,-0.012407723001269485,0.00166380157131098,gaussian_iid,estimation_relative,32,before,equal512,COMPLETE,ar1_stationary
0.09524591384167229,0.017378309881896446,0.05596521699607496,gaussian_iid,mismatch_relative,32,before,equal512,COMPLETE,ar1_stationary
0.003237608969224263,0.0019826126816589883,0.0025904474747292885,gaussian_iid,estimation_square,32,before,equal512,COMPLETE,ar1_stationary
0.06421134418029692,0.039999118213515296,0.05135855982722727,gaussian_iid,mismatch_square,32,before,equal512,COMPLETE,ar1_stationary
0.0023186700553746585,-0.007251252656611129,-0.0023594681760147644,gaussian_iid,cross_term,32,before,equal512,COMPLETE,ar1_stationary
1.2168322954280701,1.0827157108913315,1.1503951041278175,gaussian_iid,conditional_es,32,before,equal512,COMPLETE,ar1_stationary
0.125,0.125,0.125,gaussian_iid,hhi,32,before,equal512,COMPLETE,ar1_stationary
,,,gaussian_iid,latent_information_gap,32,before,equal512,NOT_APPLICABLE,ar1_stationary
0.0999619703976616,0.01970704204643385,0.06027524297842983,hac,conditional_signed_relative_error,32,before,equal512,COMPLETE,ar1_stationary
0.0667215271587708,0.042610481537922906,0.054010072703724155,hac,conditional_squared_relative_error,32,before,equal512,COMPLETE,ar1_stationary
0.019380694386180876,-0.010996372249677514,0.004466669503401553,hac,marginal_signed_relative_error,32,before,equal512,COMPLETE,ar1_stationary
0.004047554909673685,0.0022022466821736016,0.003076425255736699,hac,marginal_squared_relative_error,32,before,equal512,COMPLETE,ar1_stationary
0.020749696131140638,-0.013263541291893464,0.004310025982354884,hac,estimation_relative,32,before,equal512,COMPLETE,ar1_stationary
0.09524591384167229,0.017378309881896446,0.05596521699607496,hac,mismatch_relative,32,before,equal512,COMPLETE,ar1_stationary
0.005050842103488252,0.00247237180948803,0.003650751210292319,hac,estimation_square,32,before,equal512,COMPLETE,ar1_stationary
0.06421134418029692,0.039999118213515296,0.05135855982722727,hac,mismatch_square,32,before,equal512,COMPLETE,ar1_stationary
0.004961222375643297,-0.008024015708700837,-0.0009992383337954383,hac,cross_term,32,before,equal512,COMPLETE,ar1_stationary
1.2168322954280701,1.0827157108913315,1.1503951041278175,hac,conditional_es,32,before,equal512,COMPLETE,ar1_stationary
0.125,0.125,0.125,hac,hhi,32,before,equal512,COMPLETE,ar1_stationary
,,,hac,latent_information_gap,32,before,equal512,NOT_APPLICABLE,ar1_stationary
0.09337937728038026,0.013737515315487107,0.05403300706149688,iid_oic,conditional_signed_relative_error,32,before,equal512,COMPLETE,ar1_stationary
0.06529118910371051,0.04118334547691824,0.05257771579339251,iid_oic,conditional_squared_relative_error,32,before,equal512,COMPLETE,ar1_stationary
0.013079988026363983,-0.016678962341351675,-0.0014454379176721387,iid_oic,marginal_signed_relative_error,32,before,equal512,COMPLETE,ar1_stationary
0.0038881994891888432,0.002058852228008705,0.00291111636700206,iid_oic,marginal_squared_relative_error,32,before,equal512,COMPLETE,ar1_stationary
0.014151505268656018,-0.019058197248810846,-0.0019322099345780717,iid_oic,estimation_relative,32,before,equal512,COMPLETE,ar1_stationary
0.09524591384167229,0.017378309881896446,0.05596521699607496,iid_oic,mismatch_relative,32,before,equal512,COMPLETE,ar1_stationary
0.004907234010465746,0.0022873086587564735,0.0034665192812937473,iid_oic,estimation_square,32,before,equal512,COMPLETE,ar1_stationary
0.06421134418029692,0.039999118213515296,0.05135855982722727,iid_oic,mismatch_square,32,before,equal512,COMPLETE,ar1_stationary
0.003765703609619861,-0.00930533855542277,-0.0022473633151285075,iid_oic,cross_term,32,before,equal512,COMPLETE,ar1_stationary
1.2168322954280701,1.0827157108913315,1.1503951041278175,iid_oic,conditional_es,32,before,equal512,COMPLETE,ar1_stationary
0.125,0.125,0.125,iid_oic,hhi,32,before,equal512,COMPLETE,ar1_stationary
,,,iid_oic,latent_information_gap,32,before,equal512,NOT_APPLICABLE,ar1_stationary
0.0869702944481619,0.007925846096707503,0.04783674812965362,raw,conditional_signed_relative_error,32,before,equal512,COMPLETE,ar1_stationary
0.06407936555750661,0.039875983522016795,0.05129451992184461,raw,conditional_squared_relative_error,32,before,equal512,COMPLETE,ar1_stationary
0.007075195070529333,-0.022362028450236545,-0.0073149521521935785,raw,marginal_signed_relative_error,32,before,equal512,COMPLETE,ar1_stationary
0.0038899041433800245,0.0020206672662079496,0.0028870698791726773,raw,marginal_squared_relative_error,32,before,equal512,COMPLETE,ar1_stationary
0.007756594850768545,-0.025101562236393333,-0.008128468866421337,raw,estimation_relative,32,before,equal512,COMPLETE,ar1_stationary
0.09524591384167229,0.017378309881896446,0.05596521699607496,raw,mismatch_relative,32,before,equal512,COMPLETE,ar1_stationary
0.00498762019329239,0.002222035829354903,0.0034528202935424713,raw,estimation_square,32,before,equal512,COMPLETE,ar1_stationary
0.06421134418029692,0.039999118213515296,0.05135855982722727,raw,mismatch_square,32,before,equal512,COMPLETE,ar1_stationary
0.002631220802500963,-0.010734777407533537,-0.003516860198925139,raw,cross_term,32,before,equal512,COMPLETE,ar1_stationary
1.2168322954280701,1.0827157108913315,1.1503951041278175,raw,conditional_es,32,before,equal512,COMPLETE,ar1_stationary
0.125,0.125,0.125,raw,hhi,32,before,equal512,COMPLETE,ar1_stationary
,,,raw,latent_information_gap,32,before,equal512,NOT_APPLICABLE,ar1_stationary
0.0071892143079928215,-0.009352201051381527,-0.0011706275175697991,ar_gaussian,conditional_signed_relative_error,32,after,equal512,COMPLETE,ar1_stationary
0.0016137369998347989,0.0005051953968761682,0.000990876042234984,ar_gaussian,conditional_squared_relative_error,32,after,equal512,COMPLETE,ar1_stationary
0.11805719299757762,-0.058596338129216684,0.019108116006408424,ar_gaussian,marginal_signed_relative_error,32,after,equal512,COMPLETE,ar1_stationary
0.3673508560590913,0.06386739090765625,0.17896948112610406,ar_gaussian,marginal_squared_relative_error,32,after,equal512,COMPLETE,ar1_stationary
-0.018090911826611846,-0.11060137815622212,-0.06759025344559942,ar_gaussian,estimation_relative,32,after,equal512,COMPLETE,ar1_stationary
0.106943050789366,0.020381509112870316,0.06641962592802964,ar_gaussian,mismatch_relative,32,after,equal512,COMPLETE,ar1_stationary
0.08150061364719213,0.04348237836354189,0.06005213458742607,ar_gaussian,estimation_square,32,after,equal512,COMPLETE,ar1_stationary
0.07397941932502632,0.04272955326511015,0.05718519063277355,ar_gaussian,mismatch_square,32,after,equal512,COMPLETE,ar1_stationary
-0.0857141520478899,-0.15395028260478133,-0.11624644917796463,ar_gaussian,cross_term,32,after,equal512,COMPLETE,ar1_stationary
1.203376075198001,1.0430178533893433,1.1244101536798246,ar_gaussian,conditional_es,32,after,equal512,COMPLETE,ar1_stationary
0.125,0.125,0.125,ar_gaussian,hhi,32,after,equal512,COMPLETE,ar1_stationary
,,,ar_gaussian,latent_information_gap,32,after,equal512,NOT_APPLICABLE,ar1_stationary
0.11901419045468328,0.0258831630348757,0.07467657602067837,block_bootstrap,conditional_signed_relative_error,32,after,equal512,COMPLETE,ar1_stationary
0.07687272736725302,0.0476684863404241,0.060996669592217154,block_bootstrap,conditional_squared_relative_error,32,after,equal512,COMPLETE,ar1_stationary
0.028521457366778573,-0.011678579984141537,0.008382457303693294,block_bootstrap,marginal_signed_relative_error,32,after,equal512,COMPLETE,ar1_stationary
0.005509577248813307,0.0032004129891748338,0.0042996244518401505,block_bootstrap,marginal_squared_relative_error,32,after,equal512,COMPLETE,ar1_stationary
0.029559341017332406,-0.01291346176708949,0.008256950092648744,block_bootstrap,estimation_relative,32,after,equal512,COMPLETE,ar1_stationary
0.106943050789366,0.020381509112870316,0.06641962592802964,block_bootstrap,mismatch_relative,32,after,equal512,COMPLETE,ar1_stationary
0.006309013948062006,0.003509242072833569,0.004829001840543283,block_bootstrap,estimation_square,32,after,equal512,COMPLETE,ar1_stationary
0.07397941932502632,0.04272955326511015,0.05718519063277355,block_bootstrap,mismatch_square,32,after,equal512,COMPLETE,ar1_stationary
0.0051372960804094295,-0.007314085257196775,-0.0010175228810996857,block_bootstrap,cross_term,32,after,equal512,COMPLETE,ar1_stationary
1.203376075198001,1.0430178533893433,1.1244101536798246,block_bootstrap,conditional_es,32,after,equal512,COMPLETE,ar1_stationary
0.125,0.125,0.125,block_bootstrap,hhi,32,after,equal512,COMPLETE,ar1_stationary
,,,block_bootstrap,latent_information_gap,32,after,equal512,NOT_APPLICABLE,ar1_stationary
0.13981256832231098,0.026110146437572774,0.08202985096394613,ewma_gaussian,conditional_signed_relative_error,32,after,equal512,COMPLETE,ar1_stationary
0.2099408450491496,0.07293222400355372,0.12683576140262381,ewma_gaussian,conditional_squared_relative_error,32,after,equal512,COMPLETE,ar1_stationary
0.052984818336254076,-0.018783587692679675,0.015592856071572654,ewma_gaussian,marginal_signed_relative_error,32,after,equal512,COMPLETE,ar1_stationary
0.07886763685085377,0.023521551917384174,0.04743808577873129,ewma_gaussian,marginal_squared_relative_error,32,after,equal512,COMPLETE,ar1_stationary
0.05828527892102264,-0.022260379277530478,0.015610225035916508,ewma_gaussian,estimation_relative,32,after,equal512,COMPLETE,ar1_stationary
0.106943050789366,0.020381509112870316,0.06641962592802964,ewma_gaussian,mismatch_relative,32,after,equal512,COMPLETE,ar1_stationary
0.11262607481264349,0.028295759676263223,0.06088554720670114,ewma_gaussian,estimation_square,32,after,equal512,COMPLETE,ar1_stationary
0.07397941932502632,0.04272955326511015,0.05718519063277355,ewma_gaussian,mismatch_square,32,after,equal512,COMPLETE,ar1_stationary
0.03902879862983022,-0.013666611114841893,0.00876502356314913,ewma_gaussian,cross_term,32,after,equal512,COMPLETE,ar1_stationary
1.203376075198001,1.0430178533893433,1.1244101536798246,ewma_gaussian,conditional_es,32,after,equal512,COMPLETE,ar1_stationary
0.125,0.125,0.125,ewma_gaussian,hhi,32,after,equal512,COMPLETE,ar1_stationary
,,,ewma_gaussian,latent_information_gap,32,after,equal512,NOT_APPLICABLE,ar1_stationary
0.10638545740601928,0.0183033035808167,0.06458588023290929,gaussian_iid,conditional_signed_relative_error,32,after,equal512,COMPLETE,ar1_stationary
0.07296270716423969,0.04242207843128353,0.05635285435841055,gaussian_iid,conditional_squared_relative_error,32,after,equal512,COMPLETE,ar1_stationary
0.017372280960726523,-0.01813368645416162,-0.0003164093082374461,gaussian_iid,marginal_signed_relative_error,32,after,equal512,COMPLETE,ar1_stationary
0.004097098251878234,0.0020828476191589993,0.003027965975118399,gaussian_iid,marginal_squared_relative_error,32,after,equal512,COMPLETE,ar1_stationary
0.016714471231174925,-0.02062871010047682,-0.0018337456951203392,gaussian_iid,estimation_relative,32,after,equal512,COMPLETE,ar1_stationary
0.106943050789366,0.020381509112870316,0.06641962592802964,gaussian_iid,mismatch_relative,32,after,equal512,COMPLETE,ar1_stationary
0.004814598923655499,0.002417648696535163,0.0035191838827430505,gaussian_iid,estimation_square,32,after,equal512,COMPLETE,ar1_stationary
0.07397941932502632,0.04272955326511015,0.05718519063277355,gaussian_iid,mismatch_square,32,after,equal512,COMPLETE,ar1_stationary
0.0011264805483816459,-0.010182736375086775,-0.004351520157106044,gaussian_iid,cross_term,32,after,equal512,COMPLETE,ar1_stationary
1.203376075198001,1.0430178533893433,1.1244101536798246,gaussian_iid,conditional_es,32,after,equal512,COMPLETE,ar1_stationary
0.125,0.125,0.125,gaussian_iid,hhi,32,after,equal512,COMPLETE,ar1_stationary
,,,gaussian_iid,latent_information_gap,32,after,equal512,NOT_APPLICABLE,ar1_stationary
0.11500331768928752,0.023812688478385184,0.07190553606568884,hac,conditional_signed_relative_error,32,after,equal512,COMPLETE,ar1_stationary
0.07463954785796205,0.04573275267638321,0.058920627358599126,hac,conditional_squared_relative_error,32,after,equal512,COMPLETE,ar1_stationary
0.025827850934259853,-0.013131606290983613,0.006351541901564192,hac,marginal_signed_relative_error,32,after,equal512,COMPLETE,ar1_stationary
0.004865760213286114,0.0027474449282793934,0.003756504406189053,hac,marginal_squared_relative_error,32,after,equal512,COMPLETE,ar1_stationary
0.025784593933011943,-0.014944014501203149,0.005485910137659206,hac,estimation_relative,32,after,equal512,COMPLETE,ar1_stationary
0.106943050789366,0.020381509112870316,0.06641962592802964,hac,mismatch_relative,32,after,equal512,COMPLETE,ar1_stationary
0.00553792827978821,0.0030371667089689404,0.004199686650330466,hac,estimation_square,32,after,equal512,COMPLETE,ar1_stationary
0.07397941932502632,0.04272955326511015,0.05718519063277355,hac,mismatch_square,32,after,equal512,COMPLETE,ar1_stationary
0.0033992598525700995,-0.008495992186692412,-0.0024642499245048893,hac,cross_term,32,after,equal512,COMPLETE,ar1_stationary
1.203376075198001,1.0430178533893433,1.1244101536798246,hac,conditional_es,32,after,equal512,COMPLETE,ar1_stationary
0.125,0.125,0.125,hac,hhi,32,after,equal512,COMPLETE,ar1_stationary
,,,hac,latent_information_gap,32,after,equal512,NOT_APPLICABLE,ar1_stationary
0.10719335574468268,0.017213289718716912,0.06458300031625169,iid_oic,conditional_signed_relative_error,32,after,equal512,COMPLETE,ar1_stationary
0.07332956558864323,0.0436355344022657,0.05712533395278256,iid_oic,conditional_squared_relative_error,32,after,equal512,COMPLETE,ar1_stationary
0.0183625443723746,-0.019427163666475025,-0.0005717578430662722,iid_oic,marginal_signed_relative_error,32,after,equal512,COMPLETE,ar1_stationary
0.004602225205949965,0.002583505378928117,0.0035420203218709196,iid_oic,marginal_squared_relative_error,32,after,equal512,COMPLETE,ar1_stationary
0.017877186728471606,-0.021698098990017393,-0.0018366256117779301,iid_oic,estimation_relative,32,after,equal512,COMPLETE,ar1_stationary
0.106943050789366,0.020381509112870316,0.06641962592802964,iid_oic,mismatch_relative,32,after,equal512,COMPLETE,ar1_stationary
0.005256311640650508,0.0028498474236430464,0.003973625511224823,iid_oic,estimation_square,32,after,equal512,COMPLETE,ar1_stationary
0.07397941932502632,0.04272955326511015,0.05718519063277355,iid_oic,mismatch_square,32,after,equal512,COMPLETE,ar1_stationary
0.0017391488139334777,-0.010005775158410918,-0.004033482191215809,iid_oic,cross_term,32,after,equal512,COMPLETE,ar1_stationary
1.203376075198001,1.0430178533893433,1.1244101536798246,iid_oic,conditional_es,32,after,equal512,COMPLETE,ar1_stationary
0.125,0.125,0.125,iid_oic,hhi,32,after,equal512,COMPLETE,ar1_stationary
,,,iid_oic,latent_information_gap,32,after,equal512,NOT_APPLICABLE,ar1_stationary
0.10059515763136953,0.010998558586148632,0.05814498031298622,raw,conditional_signed_relative_error,32,after,equal512,COMPLETE,ar1_stationary
0.07219586015858614,0.04194956069533779,0.05567883281290906,raw,conditional_squared_relative_error,32,after,equal512,COMPLETE,ar1_stationary
0.012083219600881557,-0.025311011134786534,-0.006637626157104177,raw,marginal_signed_relative_error,32,after,equal512,COMPLETE,ar1_stationary
0.004615630516551238,0.0025255925521021484,0.003510122876647687,raw,marginal_squared_relative_error,32,after,equal512,COMPLETE,ar1_stationary
0.0112598369250613,-0.027975426411557248,-0.00827464561504341,raw,estimation_relative,32,after,equal512,COMPLETE,ar1_stationary
0.106943050789366,0.020381509112870316,0.06641962592802964,raw,mismatch_relative,32,after,equal512,COMPLETE,ar1_stationary
0.005329650514339481,0.0027788711243334724,0.003977313677638195,raw,estimation_square,32,after,equal512,COMPLETE,ar1_stationary
0.07397941932502632,0.04272955326511015,0.05718519063277355,raw,mismatch_square,32,after,equal512,COMPLETE,ar1_stationary
0.0003068100522534439,-0.011546444008903279,-0.0054836714975026795,raw,cross_term,32,after,equal512,COMPLETE,ar1_stationary
1.203376075198001,1.0430178533893433,1.1244101536798246,raw,conditional_es,32,after,equal512,COMPLETE,ar1_stationary
0.125,0.125,0.125,raw,hhi,32,after,equal512,COMPLETE,ar1_stationary
,,,raw,latent_information_gap,32,after,equal512,NOT_APPLICABLE,ar1_stationary
-0.003382298607792472,-0.02057478143836985,-0.011978315737870135,ar_gaussian,conditional_signed_relative_error,32,all,older256,COMPLETE,ar1_stationary
0.0026121325541097556,0.0013401690586991376,0.001925804722732018,ar_gaussian,conditional_squared_relative_error,32,all,older256,COMPLETE,ar1_stationary
0.08664949578633246,-0.04795018227523901,0.01747887719457255,ar_gaussian,marginal_signed_relative_error,32,all,older256,COMPLETE,ar1_stationary
0.3590638783455306,0.15979891118221073,0.2542901131582366,ar_gaussian,marginal_squared_relative_error,32,all,older256,COMPLETE,ar1_stationary
-0.07991424350584327,-0.16457026471641115,-0.12296335570500891,ar_gaussian,estimation_relative,32,all,older256,COMPLETE,ar1_stationary
0.15124695013775954,0.07012448396135632,0.11098503996713878,ar_gaussian,mismatch_relative,32,all,older256,COMPLETE,ar1_stationary
0.13967032600962204,0.09525447711819754,0.11513081461373353,ar_gaussian,estimation_square,32,all,older256,COMPLETE,ar1_stationary
0.13957670629555124,0.09436874428105504,0.11444105374892359,ar_gaussian,mismatch_square,32,all,older256,COMPLETE,ar1_stationary
-0.18808084456010857,-0.2764927241445375,-0.2276460636399251,ar_gaussian,cross_term,32,all,older256,COMPLETE,ar1_stationary
1.1267114222887453,1.0286275104589366,1.0778449212378007,ar_gaussian,conditional_es,32,all,older256,COMPLETE,ar1_stationary
0.2849658096486718,0.2647978172977995,0.2752052327136714,ar_gaussian,hhi,32,all,older256,COMPLETE,ar1_stationary
,,,ar_gaussian,latent_information_gap,32,all,older256,NOT_APPLICABLE,ar1_stationary
0.164388444938968,0.06533245660272649,0.11570524938743028,blocked_holdout,conditional_signed_relative_error,32,all,older256,COMPLETE,ar1_stationary
0.169678692160426,0.11633047897608985,0.1411712332811831,blocked_holdout,conditional_squared_relative_error,32,all,older256,COMPLETE,ar1_stationary
0.02860372490371837,-0.020928986627339136,0.00359928276334227,blocked_holdout,marginal_signed_relative_error,32,all,older256,COMPLETE,ar1_stationary
0.018610042407184092,0.01207480312994114,0.015176480756846559,blocked_holdout,marginal_squared_relative_error,32,all,older256,COMPLETE,ar1_stationary
0.03344613246403201,-0.023434019330485015,0.004720209420291499,blocked_holdout,estimation_relative,32,all,older256,COMPLETE,ar1_stationary
0.15124695013775954,0.07012448396135632,0.11098503996713878,blocked_holdout,mismatch_relative,32,all,older256,COMPLETE,ar1_stationary
0.026434028520949997,0.015453972341455577,0.020556869109730216,blocked_holdout,estimation_square,32,all,older256,COMPLETE,ar1_stationary
0.13957670629555124,0.09436874428105504,0.11444105374892359,blocked_holdout,mismatch_square,32,all,older256,COMPLETE,ar1_stationary
0.020561273163351868,-0.007537031545995603,0.006173310422529305,blocked_holdout,cross_term,32,all,older256,COMPLETE,ar1_stationary
1.1267114222887453,1.0286275104589366,1.0778449212378007,blocked_holdout,conditional_es,32,all,older256,COMPLETE,ar1_stationary
0.2849658096486718,0.2647978172977995,0.2752052327136714,blocked_holdout,hhi,32,all,older256,COMPLETE,ar1_stationary
,,,blocked_holdout,latent_information_gap,32,all,older256,NOT_APPLICABLE,ar1_stationary
0.16258658429317263,0.0637291318672419,0.11408831554400706,chronological,conditional_signed_relative_error,32,all,older256,COMPLETE,ar1_stationary
0.1673000554548503,0.11494034649363734,0.1397373749336538,chronological,conditional_squared_relative_error,32,all,older256,COMPLETE,ar1_stationary
0.02610700019800344,-0.02202744175040318,0.0018457736997081146,chronological,marginal_signed_relative_error,32,all,older256,COMPLETE,ar1_stationary
0.017497482840810014,0.010842792853360742,0.013961036704461225,chronological,marginal_squared_relative_error,32,all,older256,COMPLETE,ar1_stationary
0.031128572487638676,-0.024117693441984,0.0031032755768682727,chronological,estimation_relative,32,all,older256,COMPLETE,ar1_stationary
0.15124695013775954,0.07012448396135632,0.11098503996713878,chronological,mismatch_relative,32,all,older256,COMPLETE,ar1_stationary
0.025726041618289026,0.014135620174292398,0.019397559415243494,chronological,estimation_square,32,all,older256,COMPLETE,ar1_stationary
0.13957670629555124,0.09436874428105504,0.11444105374892359,chronological,mismatch_square,32,all,older256,COMPLETE,ar1_stationary
0.02007073304330302,-0.0075591701113171175,0.0058987617694867146,chronological,cross_term,32,all,older256,COMPLETE,ar1_stationary
1.1267114222887453,1.0286275104589366,1.0778449212378007,chronological,conditional_es,32,all,older256,COMPLETE,ar1_stationary
0.2849658096486718,0.2647978172977995,0.2752052327136714,chronological,hhi,32,all,older256,COMPLETE,ar1_stationary
,,,chronological,latent_information_gap,32,all,older256,NOT_APPLICABLE,ar1_stationary
0.1760260322669398,0.08445863851202516,0.1314951698721509,ewma_gaussian,conditional_signed_relative_error,32,all,older256,COMPLETE,ar1_stationary
0.28038351528716576,0.14973997559600846,0.20537673178487503,ewma_gaussian,conditional_squared_relative_error,32,all,older256,COMPLETE,ar1_stationary
0.05667053427024527,-0.003698459180541181,0.026362910555313,ewma_gaussian,marginal_signed_relative_error,32,all,older256,COMPLETE,ar1_stationary
0.07679751255884375,0.04592274549838129,0.06003391204159843,ewma_gaussian,marginal_squared_relative_error,32,all,older256,COMPLETE,ar1_stationary
0.05405984466638925,-0.013240684612174074,0.020510129905012123,ewma_gaussian,estimation_relative,32,all,older256,COMPLETE,ar1_stationary
0.15124695013775954,0.07012448396135632,0.11098503996713878,ewma_gaussian,mismatch_relative,32,all,older256,COMPLETE,ar1_stationary
0.11206140162424935,0.060180288525725885,0.08343985362429202,ewma_gaussian,estimation_square,32,all,older256,COMPLETE,ar1_stationary
0.13957670629555124,0.09436874428105504,0.11444105374892359,ewma_gaussian,mismatch_square,32,all,older256,COMPLETE,ar1_stationary
0.03985261699260449,-0.021369311584377736,0.0074958244116594295,ewma_gaussian,cross_term,32,all,older256,COMPLETE,ar1_stationary
1.1267114222887453,1.0286275104589366,1.0778449212378007,ewma_gaussian,conditional_es,32,all,older256,COMPLETE,ar1_stationary
0.2849658096486718,0.2647978172977995,0.2752052327136714,ewma_gaussian,hhi,32,all,older256,COMPLETE,ar1_stationary
,,,ewma_gaussian,latent_information_gap,32,all,older256,NOT_APPLICABLE,ar1_stationary
0.11874736176112412,0.031690738092876196,0.07560937289367925,gaussian_iid,conditional_signed_relative_error,32,all,older256,COMPLETE,ar1_stationary
0.11888401225783288,0.08523179135306536,0.10155420667583158,gaussian_iid,conditional_squared_relative_error,32,all,older256,COMPLETE,ar1_stationary
-0.010198451861782778,-0.05184743209672064,-0.030866824671348506,gaussian_iid,marginal_signed_relative_error,32,all,older256,COMPLETE,ar1_stationary
0.008598516404697951,0.004313072452982412,0.006253528222083863,gaussian_iid,marginal_squared_relative_error,32,all,older256,COMPLETE,ar1_stationary
-0.011598528475054626,-0.059385372839875196,-0.03537566707345952,gaussian_iid,estimation_relative,32,all,older256,COMPLETE,ar1_stationary
0.15124695013775954,0.07012448396135632,0.11098503996713878,gaussian_iid,mismatch_relative,32,all,older256,COMPLETE,ar1_stationary
0.013357790627409206,0.0059022510296988075,0.009239515708969578,gaussian_iid,estimation_square,32,all,older256,COMPLETE,ar1_stationary
0.13957670629555124,0.09436874428105504,0.11444105374892359,gaussian_iid,mismatch_square,32,all,older256,COMPLETE,ar1_stationary
-0.007105809230999715,-0.039531064289162844,-0.02212636278206159,gaussian_iid,cross_term,32,all,older256,COMPLETE,ar1_stationary
1.1267114222887453,1.0286275104589366,1.0778449212378007,gaussian_iid,conditional_es,32,all,older256,COMPLETE,ar1_stationary
0.2849658096486718,0.2647978172977995,0.2752052327136714,gaussian_iid,hhi,32,all,older256,COMPLETE,ar1_stationary
,,,gaussian_iid,latent_information_gap,32,all,older256,NOT_APPLICABLE,ar1_stationary
0.08271658043331324,0.005621099461583985,0.04446146542614306,hac,conditional_signed_relative_error,32,all,older256,COMPLETE,ar1_stationary
0.10685050832484919,0.0724853918461293,0.08937918267866837,hac,conditional_squared_relative_error,32,all,older256,COMPLETE,ar1_stationary
-0.038062065118735125,-0.07549982614079125,-0.05633989546218149,hac,marginal_signed_relative_error,32,all,older256,COMPLETE,ar1_stationary
0.018555569542099453,0.010632615211222583,0.014318949384596474,hac,marginal_squared_relative_error,32,all,older256,COMPLETE,ar1_stationary
-0.045445116933479274,-0.08920894954195542,-0.06652357454099574,hac,estimation_relative,32,all,older256,COMPLETE,ar1_stationary
0.15124695013775954,0.07012448396135632,0.11098503996713878,hac,mismatch_relative,32,all,older256,COMPLETE,ar1_stationary
0.029488378860455064,0.014820454731188334,0.021538183432004747,hac,estimation_square,32,all,older256,COMPLETE,ar1_stationary
0.13957670629555124,0.09436874428105504,0.11444105374892359,hac,mismatch_square,32,all,older256,COMPLETE,ar1_stationary
-0.02705336591807777,-0.06986134410600289,-0.04660005450225997,hac,cross_term,32,all,older256,COMPLETE,ar1_stationary
1.1267114222887453,1.0286275104589366,1.0778449212378007,hac,conditional_es,32,all,older256,COMPLETE,ar1_stationary
0.2849658096486718,0.2647978172977995,0.2752052327136714,hac,hhi,32,all,older256,COMPLETE,ar1_stationary
,,,hac,latent_information_gap,32,all,older256,NOT_APPLICABLE,ar1_stationary
0.05814990159806614,-0.016213263674324616,0.02146463036692621,iid_oic,conditional_signed_relative_error,32,all,older256,COMPLETE,ar1_stationary
0.10128514042155239,0.06601433823549545,0.083286652638214,iid_oic,conditional_squared_relative_error,32,all,older256,COMPLETE,ar1_stationary
-0.059942132668887455,-0.09528823484562311,-0.07727090883435597,iid_oic,marginal_signed_relative_error,32,all,older256,COMPLETE,ar1_stationary
0.019994684696968027,0.01172468675327759,0.015555102266562246,iid_oic,marginal_squared_relative_error,32,all,older256,COMPLETE,ar1_stationary
-0.06929280452233724,-0.11102444225521327,-0.08952040960021257,iid_oic,estimation_relative,32,all,older256,COMPLETE,ar1_stationary
0.15124695013775954,0.07012448396135632,0.11098503996713878,iid_oic,mismatch_relative,32,all,older256,COMPLETE,ar1_stationary
0.03172910130934165,0.016461376896705515,0.02347030266327796,iid_oic,estimation_square,32,all,older256,COMPLETE,ar1_stationary
0.13957670629555124,0.09436874428105504,0.11444105374892359,iid_oic,mismatch_square,32,all,older256,COMPLETE,ar1_stationary
-0.03460551217733767,-0.07808939395937728,-0.054624703773987544,iid_oic,cross_term,32,all,older256,COMPLETE,ar1_stationary
1.1267114222887453,1.0286275104589366,1.0778449212378007,iid_oic,conditional_es,32,all,older256,COMPLETE,ar1_stationary
0.2849658096486718,0.2647978172977995,0.2752052327136714,iid_oic,hhi,32,all,older256,COMPLETE,ar1_stationary
,,,iid_oic,latent_information_gap,32,all,older256,NOT_APPLICABLE,ar1_stationary
-0.000479428590315337,-0.07116434722471843,-0.035341419990700666,raw,conditional_signed_relative_error,32,all,older256,COMPLETE,ar1_stationary
0.0935666519750771,0.05653549074786983,0.07468055742427014,raw,conditional_squared_relative_error,32,all,older256,COMPLETE,ar1_stationary
-0.11217857435036468,-0.14580042296249898,-0.128683219129194,raw,marginal_signed_relative_error,32,all,older256,COMPLETE,ar1_stationary
0.03042630956875356,0.019587029582090618,0.02460881392466988,raw,marginal_squared_relative_error,32,all,older256,COMPLETE,ar1_stationary
-0.1259793269397406,-0.16762912675895153,-0.14632645995783944,raw,estimation_relative,32,all,older256,COMPLETE,ar1_stationary
0.15124695013775954,0.07012448396135632,0.11098503996713878,raw,mismatch_relative,32,all,older256,COMPLETE,ar1_stationary
0.047864286813176386,0.02742264980174046,0.03670538426702106,raw,estimation_square,32,all,older256,COMPLETE,ar1_stationary
0.13957670629555124,0.09436874428105504,0.11444105374892359,raw,mismatch_square,32,all,older256,COMPLETE,ar1_stationary
-0.05287637333695459,-0.1034714546085756,-0.0764658805916745,raw,cross_term,32,all,older256,COMPLETE,ar1_stationary
1.1267114222887453,1.0286275104589366,1.0778449212378007,raw,conditional_es,32,all,older256,COMPLETE,ar1_stationary
0.2849658096486718,0.2647978172977995,0.2752052327136714,raw,hhi,32,all,older256,COMPLETE,ar1_stationary
,,,raw,latent_information_gap,32,all,older256,NOT_APPLICABLE,ar1_stationary
-0.002863562842711366,-0.023780470710581054,-0.012952212282178032,ar_gaussian,conditional_signed_relative_error,32,before,older256,COMPLETE,ar1_stationary
0.0033547791952526105,0.0013467896305728155,0.0022243195266020087,ar_gaussian,conditional_squared_relative_error,32,before,older256,COMPLETE,ar1_stationary
0.10452077750814698,-0.04720522982359085,0.02720236615731992,ar_gaussian,marginal_signed_relative_error,32,before,older256,COMPLETE,ar1_stationary
0.3458697689480342,0.12095973097584088,0.22420805468952737,ar_gaussian,marginal_squared_relative_error,32,before,older256,COMPLETE,ar1_stationary
-0.055882915778030694,-0.15587202552677845,-0.10443642003365768,ar_gaussian,estimation_relative,32,before,older256,COMPLETE,ar1_stationary
0.14216877481319495,0.0435464303569068,0.09148420775147964,ar_gaussian,mismatch_relative,32,before,older256,COMPLETE,ar1_stationary
0.1322358197393315,0.08450747361796834,0.10770796588918931,ar_gaussian,estimation_square,32,before,older256,COMPLETE,ar1_stationary
0.13333649361744682,0.0869342804567342,0.10950444206200288,ar_gaussian,mismatch_square,32,before,older256,COMPLETE,ar1_stationary
-0.16995784702628014,-0.2630026628598692,-0.21498808842459022,ar_gaussian,cross_term,32,before,older256,COMPLETE,ar1_stationary
1.1630627997633742,1.0380322237057713,1.1031717974434798,ar_gaussian,conditional_es,32,before,older256,COMPLETE,ar1_stationary
0.288458548445603,0.26152995105879334,0.2748109831100429,ar_gaussian,hhi,32,before,older256,COMPLETE,ar1_stationary
,,,ar_gaussian,latent_information_gap,32,before,older256,NOT_APPLICABLE,ar1_stationary
0.15606305960603117,0.03812109477727466,0.09586540598707341,blocked_holdout,conditional_signed_relative_error,32,before,older256,COMPLETE,ar1_stationary
0.16206260662629832,0.10395464864856893,0.13233585411456142,blocked_holdout,conditional_squared_relative_error,32,before,older256,COMPLETE,ar1_stationary
0.03643737435373595,-0.032205802418854,0.002573004551673955,blocked_holdout,marginal_signed_relative_error,32,before,older256,COMPLETE,ar1_stationary
0.01892811373885057,0.010942129157563199,0.01463719847292737,blocked_holdout,marginal_squared_relative_error,32,before,older256,COMPLETE,ar1_stationary
0.042588584865439774,-0.034744420313785405,0.004381198235593763,blocked_holdout,estimation_relative,32,before,older256,COMPLETE,ar1_stationary
0.14216877481319495,0.0435464303569068,0.09148420775147964,blocked_holdout,mismatch_relative,32,before,older256,COMPLETE,ar1_stationary
0.02654757741409703,0.013804920105375993,0.019635143701819454,blocked_holdout,estimation_square,32,before,older256,COMPLETE,ar1_stationary
0.13333649361744682,0.0869342804567342,0.10950444206200288,blocked_holdout,mismatch_square,32,before,older256,COMPLETE,ar1_stationary
0.022744693111717073,-0.01759757951921386,0.00319626835073907,blocked_holdout,cross_term,32,before,older256,COMPLETE,ar1_stationary
1.1630627997633742,1.0380322237057713,1.1031717974434798,blocked_holdout,conditional_es,32,before,older256,COMPLETE,ar1_stationary
0.288458548445603,0.26152995105879334,0.2748109831100429,blocked_holdout,hhi,32,before,older256,COMPLETE,ar1_stationary
,,,blocked_holdout,latent_information_gap,32,before,older256,NOT_APPLICABLE,ar1_stationary
0.14900818677416958,0.03339989816669663,0.08990561529171764,chronological,conditional_signed_relative_error,32,before,older256,COMPLETE,ar1_stationary
0.15633655765721616,0.09956454967921,0.12721017489147404,chronological,conditional_squared_relative_error,32,before,older256,COMPLETE,ar1_stationary
0.029812607250874045,-0.03567073671628431,-0.002227922701102669,chronological,marginal_signed_relative_error,32,before,older256,COMPLETE,ar1_stationary
0.017090595331217696,0.009502282624882955,0.012989768335950957,chronological,marginal_squared_relative_error,32,before,older256,COMPLETE,ar1_stationary
0.03472072036518044,-0.03915545201182293,-0.0015785924597619995,chronological,estimation_relative,32,before,older256,COMPLETE,ar1_stationary
0.14216877481319495,0.0435464303569068,0.09148420775147964,chronological,mismatch_relative,32,before,older256,COMPLETE,ar1_stationary
0.02405032221106731,0.012422563455367073,0.017778652854827916,chronological,estimation_square,32,before,older256,COMPLETE,ar1_stationary
0.13333649361744682,0.0869342804567342,0.10950444206200288,chronological,mismatch_square,32,before,older256,COMPLETE,ar1_stationary
0.01864694911951416,-0.0197764803252144,-7.292002535675812e-05,chronological,cross_term,32,before,older256,COMPLETE,ar1_stationary
1.1630627997633742,1.0380322237057713,1.1031717974434798,chronological,conditional_es,32,before,older256,COMPLETE,ar1_stationary
0.288458548445603,0.26152995105879334,0.2748109831100429,chronological,hhi,32,before,older256,COMPLETE,ar1_stationary
,,,chronological,latent_information_gap,32,before,older256,NOT_APPLICABLE,ar1_stationary
0.1963116745647257,0.07052579395503618,0.1331258966867803,ewma_gaussian,conditional_signed_relative_error,32,before,older256,COMPLETE,ar1_stationary
0.2625110392301705,0.13618003002283274,0.19672032830117403,ewma_gaussian,conditional_squared_relative_error,32,before,older256,COMPLETE,ar1_stationary
0.0913033713851757,2.1351174061367664e-05,0.04642637636891767,ewma_gaussian,marginal_signed_relative_error,32,before,older256,COMPLETE,ar1_stationary
0.07824311488024628,0.04282037220243329,0.0597892310228873,ewma_gaussian,marginal_squared_relative_error,32,before,older256,COMPLETE,ar1_stationary
0.09180702316657426,-0.009831681025507308,0.04164168893530064,ewma_gaussian,estimation_relative,32,before,older256,COMPLETE,ar1_stationary
0.14216877481319495,0.0435464303569068,0.09148420775147964,ewma_gaussian,mismatch_relative,32,before,older256,COMPLETE,ar1_stationary
0.10801516656801355,0.05238490789113037,0.07875371433170873,ewma_gaussian,estimation_square,32,before,older256,COMPLETE,ar1_stationary
0.13333649361744682,0.0869342804567342,0.10950444206200288,ewma_gaussian,mismatch_square,32,before,older256,COMPLETE,ar1_stationary
0.04221207920894779,-0.02571625293609177,0.00846217190746239,ewma_gaussian,cross_term,32,before,older256,COMPLETE,ar1_stationary
1.1630627997633742,1.0380322237057713,1.1031717974434798,ewma_gaussian,conditional_es,32,before,older256,COMPLETE,ar1_stationary
0.288458548445603,0.26152995105879334,0.2748109831100429,ewma_gaussian,hhi,32,before,older256,COMPLETE,ar1_stationary
,,,ewma_gaussian,latent_information_gap,32,before,older256,NOT_APPLICABLE,ar1_stationary
0.10546719034248643,0.009896850341176348,0.05642837304875353,gaussian_iid,conditional_signed_relative_error,32,before,older256,COMPLETE,ar1_stationary
0.12009723536755061,0.0790375635391478,0.09867161427070392,gaussian_iid,conditional_squared_relative_error,32,before,older256,COMPLETE,ar1_stationary
-0.010884866238627356,-0.053080821327826544,-0.03152760850514881,gaussian_iid,marginal_signed_relative_error,32,before,older256,COMPLETE,ar1_stationary
0.008511459328762554,0.00382750079801406,0.005926260441978791,gaussian_iid,marginal_squared_relative_error,32,before,older256,COMPLETE,ar1_stationary
-0.01175104447308129,-0.05930191569391473,-0.035055834702726114,gaussian_iid,estimation_relative,32,before,older256,COMPLETE,ar1_stationary
0.14216877481319495,0.0435464303569068,0.09148420775147964,gaussian_iid,mismatch_relative,32,before,older256,COMPLETE,ar1_stationary
0.01196067954807705,0.00475058854620891,0.008006165999485185,gaussian_iid,estimation_square,32,before,older256,COMPLETE,ar1_stationary
0.13333649361744682,0.0869342804567342,0.10950444206200288,gaussian_iid,mismatch_square,32,before,older256,COMPLETE,ar1_stationary
-0.004477223949634105,-0.03452605861465792,-0.018838993790784166,gaussian_iid,cross_term,32,before,older256,COMPLETE,ar1_stationary
1.1630627997633742,1.0380322237057713,1.1031717974434798,gaussian_iid,conditional_es,32,before,older256,COMPLETE,ar1_stationary
0.288458548445603,0.26152995105879334,0.2748109831100429,gaussian_iid,hhi,32,before,older256,COMPLETE,ar1_stationary
,,,gaussian_iid,latent_information_gap,32,before,older256,NOT_APPLICABLE,ar1_stationary
0.06688604596452537,-0.02962317926802557,0.019499407609709325,hac,conditional_signed_relative_error,32,before,older256,COMPLETE,ar1_stationary
0.11256907790656796,0.07123503582645829,0.09122591928375084,hac,conditional_squared_relative_error,32,before,older256,COMPLETE,ar1_stationary
-0.03854666082715886,-0.09241223582655736,-0.06494362419057087,hac,marginal_signed_relative_error,32,before,older256,COMPLETE,ar1_stationary
0.020436778105447966,0.0087166244659506,0.01386139381380163,hac,marginal_squared_relative_error,32,before,older256,COMPLETE,ar1_stationary
-0.04304640656777979,-0.10242476537202914,-0.07198480014177033,hac,estimation_relative,32,before,older256,COMPLETE,ar1_stationary
0.14216877481319495,0.0435464303569068,0.09148420775147964,hac,mismatch_relative,32,before,older256,COMPLETE,ar1_stationary
0.02668707850079153,0.011749644142608599,0.01839777728927538,hac,estimation_square,32,before,older256,COMPLETE,ar1_stationary
0.13333649361744682,0.0869342804567342,0.10950444206200288,hac,mismatch_square,32,before,older256,COMPLETE,ar1_stationary
-0.017393081466634108,-0.05910371529151403,-0.03667630006752744,hac,cross_term,32,before,older256,COMPLETE,ar1_stationary
1.1630627997633742,1.0380322237057713,1.1031717974434798,hac,conditional_es,32,before,older256,COMPLETE,ar1_stationary
0.288458548445603,0.26152995105879334,0.2748109831100429,hac,hhi,32,before,older256,COMPLETE,ar1_stationary
,,,hac,latent_information_gap,32,before,older256,NOT_APPLICABLE,ar1_stationary
0.04525252189607383,-0.0483560544336557,-0.0009028566427337521,iid_oic,conditional_signed_relative_error,32,before,older256,COMPLETE,ar1_stationary
0.1078796387203933,0.06669704619654797,0.08663671796990824,iid_oic,conditional_squared_relative_error,32,before,older256,COMPLETE,ar1_stationary
-0.05874278752847509,-0.10928136734406199,-0.08365958846990414,iid_oic,marginal_signed_relative_error,32,before,older256,COMPLETE,ar1_stationary
0.022488985371358364,0.010233109759581176,0.01563917414114426,iid_oic,marginal_squared_relative_error,32,before,older256,COMPLETE,ar1_stationary
-0.06485595661235187,-0.12115464931939385,-0.09238706439421339,iid_oic,estimation_relative,32,before,older256,COMPLETE,ar1_stationary
0.14216877481319495,0.0435464303569068,0.09148420775147964,iid_oic,mismatch_relative,32,before,older256,COMPLETE,ar1_stationary
0.02982581026137874,0.01363427837760818,0.02086690107823168,iid_oic,estimation_square,32,before,older256,COMPLETE,ar1_stationary
0.13333649361744682,0.0869342804567342,0.10950444206200288,iid_oic,mismatch_square,32,before,older256,COMPLETE,ar1_stationary
-0.023579103410133008,-0.06698216746488346,-0.04373462517032632,iid_oic,cross_term,32,before,older256,COMPLETE,ar1_stationary
1.1630627997633742,1.0380322237057713,1.1031717974434798,iid_oic,conditional_es,32,before,older256,COMPLETE,ar1_stationary
0.288458548445603,0.26152995105879334,0.2748109831100429,iid_oic,hhi,32,before,older256,COMPLETE,ar1_stationary
,,,iid_oic,latent_information_gap,32,before,older256,NOT_APPLICABLE,ar1_stationary
-0.011378364985635209,-0.10035489608815523,-0.055190565689884105,raw,conditional_signed_relative_error,32,before,older256,COMPLETE,ar1_stationary
0.10128966649414327,0.05881614591849695,0.07958802961492897,raw,conditional_squared_relative_error,32,before,older256,COMPLETE,ar1_stationary
-0.10984835113307545,-0.15738249160699572,-0.13310004807350267,raw,marginal_signed_relative_error,32,before,older256,COMPLETE,ar1_stationary
0.033383058363759356,0.018286829009614328,0.02513994517481545,raw,marginal_squared_relative_error,32,before,older256,COMPLETE,ar1_stationary
-0.11984280271941358,-0.17534566709374722,-0.14667477344136376,raw,estimation_relative,32,before,older256,COMPLETE,ar1_stationary
0.14216877481319495,0.0435464303569068,0.09148420775147964,raw,mismatch_relative,32,before,older256,COMPLETE,ar1_stationary
0.04590214795364609,0.024146519980146056,0.03397430095313832,raw,estimation_square,32,before,older256,COMPLETE,ar1_stationary
0.13333649361744682,0.0869342804567342,0.10950444206200288,raw,mismatch_square,32,before,older256,COMPLETE,ar1_stationary
-0.039388605416415104,-0.0919176919823465,-0.06389071340021221,raw,cross_term,32,before,older256,COMPLETE,ar1_stationary
1.1630627997633742,1.0380322237057713,1.1031717974434798,raw,conditional_es,32,before,older256,COMPLETE,ar1_stationary
0.288458548445603,0.26152995105879334,0.2748109831100429,raw,hhi,32,before,older256,COMPLETE,ar1_stationary
,,,raw,latent_information_gap,32,before,older256,NOT_APPLICABLE,ar1_stationary
-0.0010864763358970464,-0.021445832476636062,-0.011004419193562237,ar_gaussian,conditional_signed_relative_error,32,after,older256,COMPLETE,ar1_stationary
0.002702348952511311,0.0007951443890413893,0.0016272899188620273,ar_gaussian,conditional_squared_relative_error,32,after,older256,COMPLETE,ar1_stationary
0.11548858289712326,-0.08863453490585596,0.007755388231825172,ar_gaussian,marginal_signed_relative_error,32,after,older256,COMPLETE,ar1_stationary
0.45373890612842993,0.14222647860638407,0.28437217162694584,ar_gaussian,marginal_squared_relative_error,32,after,older256,COMPLETE,ar1_stationary
-0.077323074840689,-0.19922353441403695,-0.14149029137636016,ar_gaussian,estimation_relative,32,after,older256,COMPLETE,ar1_stationary
0.18656271718884448,0.0674469894892142,0.1304858721827979,ar_gaussian,mismatch_relative,32,after,older256,COMPLETE,ar1_stationary
0.1621037205241406,0.09135174438239248,0.12255366333827777,ar_gaussian,estimation_square,32,after,older256,COMPLETE,ar1_stationary
0.15808829105623637,0.08866516336669458,0.11937766543584429,ar_gaussian,mismatch_square,32,after,older256,COMPLETE,ar1_stationary
-0.17901100102334783,-0.3179704105229481,-0.24030403885526003,ar_gaussian,cross_term,32,after,older256,COMPLETE,ar1_stationary
1.1261010934541513,0.9765607673798468,1.0525180450321214,ar_gaussian,conditional_es,32,after,older256,COMPLETE,ar1_stationary
0.28919941099964824,0.26159135390734345,0.2755994823173,ar_gaussian,hhi,32,after,older256,COMPLETE,ar1_stationary
,,,ar_gaussian,latent_information_gap,32,after,older256,NOT_APPLICABLE,ar1_stationary
0.21141040025681843,0.05841626651280712,0.13554509278778717,blocked_holdout,conditional_signed_relative_error,32,after,older256,COMPLETE,ar1_stationary
0.20424556990476303,0.10582502042741279,0.15000661244780483,blocked_holdout,conditional_squared_relative_error,32,after,older256,COMPLETE,ar1_stationary
0.038711265119069534,-0.027346725581471457,0.004625560975010589,blocked_holdout,marginal_signed_relative_error,32,after,older256,COMPLETE,ar1_stationary
0.021917611267624714,0.010758650189335684,0.015715763040765746,blocked_holdout,marginal_squared_relative_error,32,after,older256,COMPLETE,ar1_stationary
0.04689251884578182,-0.03363112717279479,0.005059220604989237,blocked_holdout,estimation_relative,32,after,older256,COMPLETE,ar1_stationary
0.18656271718884448,0.0674469894892142,0.1304858721827979,blocked_holdout,mismatch_relative,32,after,older256,COMPLETE,ar1_stationary
0.0324925887474263,0.01310933163230383,0.021478594517640975,blocked_holdout,estimation_square,32,after,older256,COMPLETE,ar1_stationary
0.15808829105623637,0.08866516336669458,0.11937766543584429,blocked_holdout,mismatch_square,32,after,older256,COMPLETE,ar1_stationary
0.033514774018320544,-0.012248636081881944,0.00915035249431954,blocked_holdout,cross_term,32,after,older256,COMPLETE,ar1_stationary
1.1261010934541513,0.9765607673798468,1.0525180450321214,blocked_holdout,conditional_es,32,after,older256,COMPLETE,ar1_stationary
0.28919941099964824,0.26159135390734345,0.2755994823173,blocked_holdout,hhi,32,after,older256,COMPLETE,ar1_stationary
,,,blocked_holdout,latent_information_gap,32,after,older256,NOT_APPLICABLE,ar1_stationary
0.21549318862450517,0.060521380490174054,0.13827101579629647,chronological,conditional_signed_relative_error,32,after,older256,COMPLETE,ar1_stationary
0.20489802363552798,0.10818850748473748,0.15226457497583354,chronological,conditional_squared_relative_error,32,after,older256,COMPLETE,ar1_stationary
0.04003626449898301,-0.025686430073483944,0.005919470100518898,chronological,marginal_signed_relative_error,32,after,older256,COMPLETE,ar1_stationary
0.02138320665354938,0.009856918227213138,0.014932305072971499,chronological,marginal_squared_relative_error,32,after,older256,COMPLETE,ar1_stationary
0.05088460437522346,-0.03021606490208231,0.007785143613498552,chronological,estimation_relative,32,after,older256,COMPLETE,ar1_stationary
0.18656271718884448,0.0674469894892142,0.1304858721827979,chronological,mismatch_relative,32,after,older256,COMPLETE,ar1_stationary
0.03292392078890995,0.01187150895745438,0.02101646597565908,chronological,estimation_square,32,after,older256,COMPLETE,ar1_stationary
0.15808829105623637,0.08866516336669458,0.11937766543584429,chronological,mismatch_square,32,after,older256,COMPLETE,ar1_stationary
0.03716658805547013,-0.009554750036171646,0.011870443564330188,chronological,cross_term,32,after,older256,COMPLETE,ar1_stationary
1.1261010934541513,0.9765607673798468,1.0525180450321214,chronological,conditional_es,32,after,older256,COMPLETE,ar1_stationary
0.28919941099964824,0.26159135390734345,0.2755994823173,chronological,hhi,32,after,older256,COMPLETE,ar1_stationary
,,,chronological,latent_information_gap,32,after,older256,NOT_APPLICABLE,ar1_stationary
0.20716889287458895,0.0545489113862339,0.1298644430575215,ewma_gaussian,conditional_signed_relative_error,32,after,older256,COMPLETE,ar1_stationary
0.3515414638650101,0.1190889868538021,0.21403313526857604,ewma_gaussian,conditional_squared_relative_error,32,after,older256,COMPLETE,ar1_stationary
0.050622861962377266,-0.034906701860241966,0.006299444741708335,ewma_gaussian,marginal_signed_relative_error,32,after,older256,COMPLETE,ar1_stationary
0.09111715568704062,0.036583847434089885,0.06027859306030954,ewma_gaussian,marginal_squared_relative_error,32,after,older256,COMPLETE,ar1_stationary
0.051108090525961686,-0.04963340449755481,-0.0006214291252764105,ewma_gaussian,estimation_relative,32,after,older256,COMPLETE,ar1_stationary
0.18656271718884448,0.0674469894892142,0.1304858721827979,ewma_gaussian,mismatch_relative,32,after,older256,COMPLETE,ar1_stationary
0.14333141275781697,0.047839164040694514,0.08812599291687528,ewma_gaussian,estimation_square,32,after,older256,COMPLETE,ar1_stationary
0.15808829105623637,0.08866516336669458,0.11937766543584429,ewma_gaussian,mismatch_square,32,after,older256,COMPLETE,ar1_stationary
0.06246492772120844,-0.03706082663759432,0.0065294769158564725,ewma_gaussian,cross_term,32,after,older256,COMPLETE,ar1_stationary
1.1261010934541513,0.9765607673798468,1.0525180450321214,ewma_gaussian,conditional_es,32,after,older256,COMPLETE,ar1_stationary
0.28919941099964824,0.26159135390734345,0.2755994823173,ewma_gaussian,hhi,32,after,older256,COMPLETE,ar1_stationary
,,,ewma_gaussian,latent_information_gap,32,after,older256,NOT_APPLICABLE,ar1_stationary
0.15647837321988142,0.03034788819024911,0.09479037273860497,gaussian_iid,conditional_signed_relative_error,32,after,older256,COMPLETE,ar1_stationary
0.13317980220432887,0.07887007956758252,0.10443679908095925,gaussian_iid,conditional_squared_relative_error,32,after,older256,COMPLETE,ar1_stationary
-0.006043257508577263,-0.053926409979452396,-0.0302060408375482,gaussian_iid,marginal_signed_relative_error,32,after,older256,COMPLETE,ar1_stationary
0.009350047903576134,0.004235238086104647,0.006580796002188933,gaussian_iid,marginal_squared_relative_error,32,after,older256,COMPLETE,ar1_stationary
-0.00679238514806049,-0.06421929035430574,-0.03569549944419293,gaussian_iid,estimation_relative,32,after,older256,COMPLETE,ar1_stationary
0.18656271718884448,0.0674469894892142,0.1304858721827979,gaussian_iid,mismatch_relative,32,after,older256,COMPLETE,ar1_stationary
0.01568995580991128,0.0060585486413922505,0.010472865418453969,gaussian_iid,estimation_square,32,after,older256,COMPLETE,ar1_stationary
0.15808829105623637,0.08866516336669458,0.11937766543584429,gaussian_iid,mismatch_square,32,after,older256,COMPLETE,ar1_stationary
-0.003452533940142546,-0.05064954667751027,-0.025413731773339013,gaussian_iid,cross_term,32,after,older256,COMPLETE,ar1_stationary
1.1261010934541513,0.9765607673798468,1.0525180450321214,gaussian_iid,conditional_es,32,after,older256,COMPLETE,ar1_stationary
0.28919941099964824,0.26159135390734345,0.2755994823173,gaussian_iid,hhi,32,after,older256,COMPLETE,ar1_stationary
,,,gaussian_iid,latent_information_gap,32,after,older256,NOT_APPLICABLE,ar1_stationary
0.12077996843708398,0.011805923237281924,0.06942352324257678,hac,conditional_signed_relative_error,32,after,older256,COMPLETE,ar1_stationary
0.11202996698649469,0.06582794598640347,0.08753244607358592,hac,conditional_squared_relative_error,32,after,older256,COMPLETE,ar1_stationary
-0.01921813445534502,-0.07765174999406851,-0.04773616673379211,hac,marginal_signed_relative_error,32,after,older256,COMPLETE,ar1_stationary
0.02109368038952628,0.009828670188504567,0.014776504955391314,hac,marginal_squared_relative_error,32,after,older256,COMPLETE,ar1_stationary
-0.028285783652503654,-0.0972391283181364,-0.06106234894022113,hac,estimation_relative,32,after,older256,COMPLETE,ar1_stationary
0.18656271718884448,0.0674469894892142,0.1304858721827979,hac,mismatch_relative,32,after,older256,COMPLETE,ar1_stationary
0.038684339214338,0.013753387317919639,0.024678589574734115,hac,estimation_square,32,after,older256,COMPLETE,ar1_stationary
0.15808829105623637,0.08866516336669458,0.11937766543584429,hac,mismatch_square,32,after,older256,COMPLETE,ar1_stationary
-0.02499437569821676,-0.09612518590807885,-0.056523808936992485,hac,cross_term,32,after,older256,COMPLETE,ar1_stationary
1.1261010934541513,0.9765607673798468,1.0525180450321214,hac,conditional_es,32,after,older256,COMPLETE,ar1_stationary
0.28919941099964824,0.26159135390734345,0.2755994823173,hac,hhi,32,after,older256,COMPLETE,ar1_stationary
,,,hac,latent_information_gap,32,after,older256,NOT_APPLICABLE,ar1_stationary
0.09287851254197534,-0.01188781921857108,0.04383211737658616,iid_oic,conditional_signed_relative_error,32,after,older256,COMPLETE,ar1_stationary
0.10543641985288835,0.05748767530064323,0.07993658730651976,iid_oic,conditional_squared_relative_error,32,after,older256,COMPLETE,ar1_stationary
-0.04453859265981823,-0.09870137820459533,-0.07088222919880782,iid_oic,marginal_signed_relative_error,32,after,older256,COMPLETE,ar1_stationary
0.02224548869316756,0.010099507671866176,0.015471030391980228,iid_oic,marginal_squared_relative_error,32,after,older256,COMPLETE,ar1_stationary
-0.05533001401571203,-0.12063105233453494,-0.08665375480621174,iid_oic,estimation_relative,32,after,older256,COMPLETE,ar1_stationary
0.18656271718884448,0.0674469894892142,0.1304858721827979,iid_oic,mismatch_relative,32,after,older256,COMPLETE,ar1_stationary
0.04060583974803939,0.01466325975242268,0.02607370424832424,iid_oic,estimation_square,32,after,older256,COMPLETE,ar1_stationary
0.15808829105623637,0.08866516336669458,0.11937766543584429,iid_oic,mismatch_square,32,after,older256,COMPLETE,ar1_stationary
-0.033636094807044485,-0.10492180114820637,-0.06551478237764877,iid_oic,cross_term,32,after,older256,COMPLETE,ar1_stationary
1.1261010934541513,0.9765607673798468,1.0525180450321214,iid_oic,conditional_es,32,after,older256,COMPLETE,ar1_stationary
0.28919941099964824,0.26159135390734345,0.2755994823173,iid_oic,hhi,32,after,older256,COMPLETE,ar1_stationary
,,,iid_oic,latent_information_gap,32,after,older256,NOT_APPLICABLE,ar1_stationary
0.032224196827690385,-0.06880377831196116,-0.015492274291517217,raw,conditional_signed_relative_error,32,after,older256,COMPLETE,ar1_stationary
0.09755173477242729,0.04575301898357318,0.06977308523361131,raw,conditional_squared_relative_error,32,after,older256,COMPLETE,ar1_stationary
-0.10033559985932386,-0.1502782025443548,-0.12426639018488532,raw,marginal_signed_relative_error,32,after,older256,COMPLETE,ar1_stationary
0.03307800899218972,0.01674039608127033,0.024077682674524307,raw,marginal_squared_relative_error,32,after,older256,COMPLETE,ar1_stationary
-0.11521805734391226,-0.17903426912201065,-0.14597814647431515,raw,estimation_relative,32,after,older256,COMPLETE,ar1_stationary
0.18656271718884448,0.0674469894892142,0.1304858721827979,raw,mismatch_relative,32,after,older256,COMPLETE,ar1_stationary
0.05820731947940103,0.024415922488029266,0.03943646758090381,raw,estimation_square,32,after,older256,COMPLETE,ar1_stationary
0.15808829105623637,0.08866516336669458,0.11937766543584429,raw,mismatch_square,32,after,older256,COMPLETE,ar1_stationary
-0.052309494467291974,-0.13337677495632277,-0.08904104778313678,raw,cross_term,32,after,older256,COMPLETE,ar1_stationary
1.1261010934541513,0.9765607673798468,1.0525180450321214,raw,conditional_es,32,after,older256,COMPLETE,ar1_stationary
0.28919941099964824,0.26159135390734345,0.2755994823173,raw,hhi,32,after,older256,COMPLETE,ar1_stationary
,,,raw,latent_information_gap,32,after,older256,NOT_APPLICABLE,ar1_stationary
0.037730726121726656,-0.03243545203746766,0.003023026715873428,ar_gaussian,conditional_signed_relative_error,32,all,full512,COMPLETE,markov_stationary
0.10225400815539525,0.06907334146152548,0.08525760048482398,ar_gaussian,conditional_squared_relative_error,32,all,full512,COMPLETE,markov_stationary
-0.16053098594779733,-0.21335240836189534,-0.18721187087905247,ar_gaussian,marginal_signed_relative_error,32,all,full512,COMPLETE,markov_stationary
0.05282938140234708,0.03296930172285394,0.04285386508858177,ar_gaussian,marginal_squared_relative_error,32,all,full512,COMPLETE,markov_stationary
-0.1993531923818549,-0.27736383686190264,-0.23816566770801362,ar_gaussian,estimation_relative,32,all,full512,COMPLETE,markov_stationary
0.289561422483218,0.19297019354957434,0.24118869442388707,ar_gaussian,mismatch_relative,32,all,full512,COMPLETE,markov_stationary
0.09960627235353438,0.057216192463528305,0.07785599268843413,ar_gaussian,estimation_square,32,all,full512,COMPLETE,markov_stationary
0.21501415431568077,0.17117129521345126,0.19260778415810237,ar_gaussian,mismatch_square,32,all,full512,COMPLETE,markov_stationary
-0.1413169035904038,-0.2324405188593984,-0.18520617636171252,ar_gaussian,cross_term,32,all,full512,COMPLETE,markov_stationary
1.9836936997355614,1.8176823854598623,1.898362638743177,ar_gaussian,conditional_es,32,all,full512,COMPLETE,markov_stationary
0.26699256932270327,0.24632622317971203,0.2566788197579859,ar_gaussian,hhi,32,all,full512,COMPLETE,markov_stationary
-0.0032627978143638164,-0.02703866991811172,-0.015227304409136758,ar_gaussian,latent_information_gap,32,all,full512,COMPLETE,markov_stationary
0.25716284856659083,0.14393768032553733,0.2013612428095165,block_bootstrap,conditional_signed_relative_error,32,all,full512,COMPLETE,markov_stationary
0.2000802207100041,0.15113096833967474,0.17491935042146006,block_bootstrap,conditional_squared_relative_error,32,all,full512,COMPLETE,markov_stationary
0.017334377737437394,-0.07006622322109048,-0.02625288249265123,block_bootstrap,marginal_signed_relative_error,32,all,full512,COMPLETE,markov_stationary
0.02714574857148812,0.015513698532501357,0.02122116918877628,block_bootstrap,marginal_squared_relative_error,32,all,full512,COMPLETE,markov_stationary
0.01546775192669432,-0.09660609357302759,-0.039827451614370527,block_bootstrap,estimation_relative,32,all,full512,COMPLETE,markov_stationary
0.289561422483218,0.19297019354957434,0.24118869442388707,block_bootstrap,mismatch_relative,32,all,full512,COMPLETE,markov_stationary
0.0497135160864587,0.02613683379660829,0.037370126237365464,block_bootstrap,estimation_square,32,all,full512,COMPLETE,markov_stationary
0.21501415431568077,0.17117129521345126,0.19260778415810237,block_bootstrap,mismatch_square,32,all,full512,COMPLETE,markov_stationary
-0.011065531729962955,-0.10184508460728951,-0.05505855997400776,block_bootstrap,cross_term,32,all,full512,COMPLETE,markov_stationary
1.9836936997355614,1.8176823854598623,1.898362638743177,block_bootstrap,conditional_es,32,all,full512,COMPLETE,markov_stationary
0.26699256932270327,0.24632622317971203,0.2566788197579859,block_bootstrap,hhi,32,all,full512,COMPLETE,markov_stationary
-0.0032627978143638164,-0.02703866991811172,-0.015227304409136758,block_bootstrap,latent_information_gap,32,all,full512,COMPLETE,markov_stationary
0.024439183553195715,-0.05633445705892671,-0.018069460938125816,ewma_gaussian,conditional_signed_relative_error,32,all,full512,COMPLETE,markov_stationary
0.1561897647795794,0.07243752399704342,0.10942248753112632,ewma_gaussian,conditional_squared_relative_error,32,all,full512,COMPLETE,markov_stationary
-0.13913933276562127,-0.1942571464362833,-0.16705888012182274,ewma_gaussian,marginal_signed_relative_error,32,all,full512,COMPLETE,markov_stationary
0.12834160427130606,0.08450853637893044,0.10535654972482725,ewma_gaussian,marginal_squared_relative_error,32,all,full512,COMPLETE,markov_stationary
-0.2248401720472713,-0.2943380986640484,-0.25925815536201285,ewma_gaussian,estimation_relative,32,all,full512,COMPLETE,markov_stationary
0.289561422483218,0.19297019354957434,0.24118869442388707,ewma_gaussian,mismatch_relative,32,all,full512,COMPLETE,markov_stationary
0.2086542140366599,0.12832754063619398,0.16425345372068992,ewma_gaussian,estimation_square,32,all,full512,COMPLETE,markov_stationary
0.21501415431568077,0.17117129521345126,0.19260778415810237,ewma_gaussian,mismatch_square,32,all,full512,COMPLETE,markov_stationary
-0.20564963856097457,-0.2914112798608253,-0.24743875034766596,ewma_gaussian,cross_term,32,all,full512,COMPLETE,markov_stationary
1.9836936997355614,1.8176823854598623,1.898362638743177,ewma_gaussian,conditional_es,32,all,full512,COMPLETE,markov_stationary
0.26699256932270327,0.24632622317971203,0.2566788197579859,ewma_gaussian,hhi,32,all,full512,COMPLETE,markov_stationary
-0.0032627978143638164,-0.02703866991811172,-0.015227304409136758,ewma_gaussian,latent_information_gap,32,all,full512,COMPLETE,markov_stationary
0.040713533433068466,-0.02932026957511497,0.005862759625845574,gaussian_iid,conditional_signed_relative_error,32,all,full512,COMPLETE,markov_stationary
0.10176834017171851,0.0689305133999748,0.08502360107518786,gaussian_iid,conditional_squared_relative_error,32,all,full512,COMPLETE,markov_stationary
-0.15772429930851603,-0.21064885380758192,-0.18441037335251725,gaussian_iid,marginal_signed_relative_error,32,all,full512,COMPLETE,markov_stationary
0.051277882848104354,0.03163459573154958,0.041431647975288644,gaussian_iid,marginal_squared_relative_error,32,all,full512,COMPLETE,markov_stationary
-0.19623922411182215,-0.2748508919896108,-0.23532593479804148,gaussian_iid,estimation_relative,32,all,full512,COMPLETE,markov_stationary
0.289561422483218,0.19297019354957434,0.24118869442388707,gaussian_iid,mismatch_relative,32,all,full512,COMPLETE,markov_stationary
0.09831540098324276,0.05559778300309228,0.07623069068990443,gaussian_iid,estimation_square,32,all,full512,COMPLETE,markov_stationary
0.21501415431568077,0.17117129521345126,0.19260778415810237,gaussian_iid,mismatch_square,32,all,full512,COMPLETE,markov_stationary
-0.1398749608426465,-0.2317321891129638,-0.18381487377281894,gaussian_iid,cross_term,32,all,full512,COMPLETE,markov_stationary
1.9836936997355614,1.8176823854598623,1.898362638743177,gaussian_iid,conditional_es,32,all,full512,COMPLETE,markov_stationary
0.26699256932270327,0.24632622317971203,0.2566788197579859,gaussian_iid,hhi,32,all,full512,COMPLETE,markov_stationary
-0.0032627978143638164,-0.02703866991811172,-0.015227304409136758,gaussian_iid,latent_information_gap,32,all,full512,COMPLETE,markov_stationary
0.2721770925858407,0.15534762421193057,0.21396202443959286,hac,conditional_signed_relative_error,32,all,full512,COMPLETE,markov_stationary
0.21442091337110647,0.15848806804420162,0.1850745725893953,hac,conditional_squared_relative_error,32,all,full512,COMPLETE,markov_stationary
0.030670558945095204,-0.0625019395880443,-0.01617085189590528,hac,marginal_signed_relative_error,32,all,full512,COMPLETE,markov_stationary
0.030685100993882133,0.016602081562910775,0.023274795550822992,hac,marginal_squared_relative_error,32,all,full512,COMPLETE,markov_stationary
0.03204053212826774,-0.08673343475163892,-0.027226669984294214,hac,estimation_relative,32,all,full512,COMPLETE,markov_stationary
0.289561422483218,0.19297019354957434,0.24118869442388707,hac,mismatch_relative,32,all,full512,COMPLETE,markov_stationary
0.05368170847706843,0.027126571362995792,0.039548137060669925,hac,estimation_square,32,all,full512,COMPLETE,markov_stationary
0.21501415431568077,0.17117129521345126,0.19260778415810237,hac,mismatch_square,32,all,full512,COMPLETE,markov_stationary
-0.0012777025912356842,-0.09558932634778504,-0.047081348629377,hac,cross_term,32,all,full512,COMPLETE,markov_stationary
1.9836936997355614,1.8176823854598623,1.898362638743177,hac,conditional_es,32,all,full512,COMPLETE,markov_stationary
0.26699256932270327,0.24632622317971203,0.2566788197579859,hac,hhi,32,all,full512,COMPLETE,markov_stationary
-0.0032627978143638164,-0.02703866991811172,-0.015227304409136758,hac,latent_information_gap,32,all,full512,COMPLETE,markov_stationary
0.2610507181554141,0.14684794700993065,0.20468392380612918,iid_oic,conditional_signed_relative_error,32,all,full512,COMPLETE,markov_stationary
0.20291541092724352,0.15319164964499604,0.1774641162415273,iid_oic,conditional_squared_relative_error,32,all,full512,COMPLETE,markov_stationary
0.02160648188624586,-0.06912188892941011,-0.023688653194196017,iid_oic,marginal_signed_relative_error,32,all,full512,COMPLETE,markov_stationary
0.028361934477913197,0.01605837145032271,0.021972972255346168,iid_oic,marginal_squared_relative_error,32,all,full512,COMPLETE,markov_stationary
0.02057115878091719,-0.09497744700095334,-0.036504770617757865,iid_oic,estimation_relative,32,all,full512,COMPLETE,markov_stationary
0.289561422483218,0.19297019354957434,0.24118869442388707,iid_oic,mismatch_relative,32,all,full512,COMPLETE,markov_stationary
0.05096332926415824,0.02614901582069627,0.03778841512450713,iid_oic,estimation_square,32,all,full512,COMPLETE,markov_stationary
0.21501415431568077,0.17117129521345126,0.19260778415810237,iid_oic,mismatch_square,32,all,full512,COMPLETE,markov_stationary
-0.007789760837053244,-0.10126561652159735,-0.05293208304108221,iid_oic,cross_term,32,all,full512,COMPLETE,markov_stationary
1.9836936997355614,1.8176823854598623,1.898362638743177,iid_oic,conditional_es,32,all,full512,COMPLETE,markov_stationary
0.26699256932270327,0.24632622317971203,0.2566788197579859,iid_oic,hhi,32,all,full512,COMPLETE,markov_stationary
-0.0032627978143638164,-0.02703866991811172,-0.015227304409136758,iid_oic,latent_information_gap,32,all,full512,COMPLETE,markov_stationary
0.1629035409085288,0.06133163221423375,0.11304716020810611,raw,conditional_signed_relative_error,32,all,full512,COMPLETE,markov_stationary
0.14517106871075325,0.10835217936656258,0.12675260072448385,raw,conditional_squared_relative_error,32,all,full512,COMPLETE,markov_stationary
-0.05816603567709577,-0.13834829592258094,-0.09820639805242767,raw,marginal_signed_relative_error,32,all,full512,COMPLETE,markov_stationary
0.03519749716275385,0.017651170672796108,0.02611939520750501,raw,marginal_squared_relative_error,32,all,full512,COMPLETE,markov_stationary
-0.07557305400347332,-0.18213213512267837,-0.12814153421578095,raw,estimation_relative,32,all,full512,COMPLETE,markov_stationary
0.289561422483218,0.19297019354957434,0.24118869442388707,raw,mismatch_relative,32,all,full512,COMPLETE,markov_stationary
0.06844405490460663,0.03056147276014199,0.04834129864133491,raw,estimation_square,32,all,full512,COMPLETE,markov_stationary
0.21501415431568077,0.17117129521345126,0.19260778415810237,raw,mismatch_square,32,all,full512,COMPLETE,markov_stationary
-0.06703750840155207,-0.1658505528572808,-0.11419648207495339,raw,cross_term,32,all,full512,COMPLETE,markov_stationary
1.9836936997355614,1.8176823854598623,1.898362638743177,raw,conditional_es,32,all,full512,COMPLETE,markov_stationary
0.26699256932270327,0.24632622317971203,0.2566788197579859,raw,hhi,32,all,full512,COMPLETE,markov_stationary
-0.0032627978143638164,-0.02703866991811172,-0.015227304409136758,raw,latent_information_gap,32,all,full512,COMPLETE,markov_stationary
0.03719919745610528,-0.055645126683201755,-0.0071442633992079415,ar_gaussian,conditional_signed_relative_error,32,before,full512,COMPLETE,markov_stationary
0.11349304165297901,0.06521294573834582,0.08817458007020305,ar_gaussian,conditional_squared_relative_error,32,before,full512,COMPLETE,markov_stationary
-0.15058525106203244,-0.20652704482078013,-0.17867199505269926,ar_gaussian,marginal_signed_relative_error,32,before,full512,COMPLETE,markov_stationary
0.050338460108466467,0.029816145685886024,0.03983670145493248,ar_gaussian,marginal_squared_relative_error,32,before,full512,COMPLETE,markov_stationary
-0.1821266501124401,-0.2677398516548158,-0.22439872167278813,ar_gaussian,estimation_relative,32,before,full512,COMPLETE,markov_stationary
0.2800572593052699,0.15121655731504377,0.2172544582735802,ar_gaussian,mismatch_relative,32,before,full512,COMPLETE,markov_stationary
0.09520642194900901,0.0496811655534173,0.07153194975326921,ar_gaussian,estimation_square,32,before,full512,COMPLETE,markov_stationary
0.2083483805371286,0.16266729631119056,0.1851602003790689,ar_gaussian,mismatch_square,32,before,full512,COMPLETE,markov_stationary
-0.11936193313347304,-0.22066874171501613,-0.16851757006213508,ar_gaussian,cross_term,32,before,full512,COMPLETE,markov_stationary
2.0584229222590356,1.8251613716932278,1.9378817477941843,ar_gaussian,conditional_es,32,before,full512,COMPLETE,markov_stationary
0.2695721886705046,0.24804991596679005,0.258650833891827,ar_gaussian,hhi,32,before,full512,COMPLETE,markov_stationary
0.008229897337387805,-0.02534350428715749,-0.00984577386900159,ar_gaussian,latent_information_gap,32,before,full512,COMPLETE,markov_stationary
0.24461510340205925,0.12097296821661185,0.18488926532560895,block_bootstrap,conditional_signed_relative_error,32,before,full512,COMPLETE,markov_stationary
0.19544447208479707,0.14159646066882717,0.1680425360111868,block_bootstrap,conditional_squared_relative_error,32,before,full512,COMPLETE,markov_stationary
0.030818617509471367,-0.06304214143761894,-0.015943917749813224,block_bootstrap,marginal_signed_relative_error,32,before,full512,COMPLETE,markov_stationary
0.028613373257799585,0.015793929132863427,0.02197444984461258,block_bootstrap,marginal_squared_relative_error,32,before,full512,COMPLETE,markov_stationary
0.02792321402314236,-0.09326642304513322,-0.03236519294797126,block_bootstrap,estimation_relative,32,before,full512,COMPLETE,markov_stationary
0.2800572593052699,0.15121655731504377,0.2172544582735802,block_bootstrap,mismatch_relative,32,before,full512,COMPLETE,markov_stationary
0.05356575305498124,0.026653314184544242,0.03931362039423206,block_bootstrap,estimation_square,32,before,full512,COMPLETE,markov_stationary
0.2083483805371286,0.16266729631119056,0.1851602003790689,block_bootstrap,mismatch_square,32,before,full512,COMPLETE,markov_stationary
-0.009117174163772468,-0.1072629896847887,-0.056431284762114196,block_bootstrap,cross_term,32,before,full512,COMPLETE,markov_stationary
2.0584229222590356,1.8251613716932278,1.9378817477941843,block_bootstrap,conditional_es,32,before,full512,COMPLETE,markov_stationary
0.2695721886705046,0.24804991596679005,0.258650833891827,block_bootstrap,hhi,32,before,full512,COMPLETE,markov_stationary
0.008229897337387805,-0.02534350428715749,-0.00984577386900159,block_bootstrap,latent_information_gap,32,before,full512,COMPLETE,markov_stationary
0.03597559505961379,-0.0661795330241788,-0.01473598651537401,ewma_gaussian,conditional_signed_relative_error,32,before,full512,COMPLETE,markov_stationary
0.11171186961483962,0.054424055036113105,0.08143197361890198,ewma_gaussian,conditional_squared_relative_error,32,before,full512,COMPLETE,markov_stationary
-0.08528702127503116,-0.17251825300035334,-0.1296073338969182,ewma_gaussian,marginal_signed_relative_error,32,before,full512,COMPLETE,markov_stationary
0.15207788522807086,0.0854893165911033,0.11585001989753153,ewma_gaussian,marginal_squared_relative_error,32,before,full512,COMPLETE,markov_stationary
-0.18893590600339688,-0.27886087166919626,-0.23199044478895423,ewma_gaussian,estimation_relative,32,before,full512,COMPLETE,markov_stationary
0.2800572593052699,0.15121655731504377,0.2172544582735802,ewma_gaussian,mismatch_relative,32,before,full512,COMPLETE,markov_stationary
0.175279132855218,0.11601912411571266,0.1443211950762519,ewma_gaussian,estimation_square,32,before,full512,COMPLETE,markov_stationary
0.2083483805371286,0.16266729631119056,0.1851602003790689,ewma_gaussian,mismatch_square,32,before,full512,COMPLETE,markov_stationary
-0.20008589649313394,-0.3005860848769026,-0.24804942183641884,ewma_gaussian,cross_term,32,before,full512,COMPLETE,markov_stationary
2.0584229222590356,1.8251613716932278,1.9378817477941843,ewma_gaussian,conditional_es,32,before,full512,COMPLETE,markov_stationary
0.2695721886705046,0.24804991596679005,0.258650833891827,ewma_gaussian,hhi,32,before,full512,COMPLETE,markov_stationary
0.008229897337387805,-0.02534350428715749,-0.00984577386900159,ewma_gaussian,latent_information_gap,32,before,full512,COMPLETE,markov_stationary
0.04263646894612678,-0.04915668986559911,-0.001338746802175373,gaussian_iid,conditional_signed_relative_error,32,before,full512,COMPLETE,markov_stationary
0.11236280568670626,0.06576185559051602,0.08798380728167371,gaussian_iid,conditional_squared_relative_error,32,before,full512,COMPLETE,markov_stationary
-0.14585355402727113,-0.2004331521040569,-0.1732213645712728,gaussian_iid,marginal_signed_relative_error,32,before,full512,COMPLETE,markov_stationary
0.047030922677015086,0.027573064158392536,0.037146217339671356,gaussian_iid,marginal_squared_relative_error,32,before,full512,COMPLETE,markov_stationary
-0.17740014136597626,-0.26143105039102416,-0.2185932050757556,gaussian_iid,estimation_relative,32,before,full512,COMPLETE,markov_stationary
0.2800572593052699,0.15121655731504377,0.2172544582735802,gaussian_iid,mismatch_relative,32,before,full512,COMPLETE,markov_stationary
0.09077704794376566,0.04675775322404871,0.06795745420842625,gaussian_iid,estimation_square,32,before,full512,COMPLETE,markov_stationary
0.2083483805371286,0.16266729631119056,0.1851602003790689,gaussian_iid,mismatch_square,32,before,full512,COMPLETE,markov_stationary
-0.11702465943680071,-0.21663699724951016,-0.16513384730582148,gaussian_iid,cross_term,32,before,full512,COMPLETE,markov_stationary
2.0584229222590356,1.8251613716932278,1.9378817477941843,gaussian_iid,conditional_es,32,before,full512,COMPLETE,markov_stationary
0.2695721886705046,0.24804991596679005,0.258650833891827,gaussian_iid,hhi,32,before,full512,COMPLETE,markov_stationary
0.008229897337387805,-0.02534350428715749,-0.00984577386900159,gaussian_iid,latent_information_gap,32,before,full512,COMPLETE,markov_stationary
0.2530981513011918,0.13361845768690778,0.19527361590210746,hac,conditional_signed_relative_error,32,before,full512,COMPLETE,markov_stationary
0.20522702879263852,0.14484442906953782,0.17412266304692453,hac,conditional_squared_relative_error,32,before,full512,COMPLETE,markov_stationary
0.04244061239046333,-0.05563587665614021,-0.006795209567784163,hac,marginal_signed_relative_error,32,before,full512,COMPLETE,markov_stationary
0.03137606926230329,0.01677438149341446,0.023836107625145778,hac,marginal_squared_relative_error,32,before,full512,COMPLETE,markov_stationary
0.040272567843253115,-0.08437294609707986,-0.02198084237147279,hac,estimation_relative,32,before,full512,COMPLETE,markov_stationary
0.2800572593052699,0.15121655731504377,0.2172544582735802,hac,mismatch_relative,32,before,full512,COMPLETE,markov_stationary
0.054973101744602966,0.027378814548010093,0.04018674333560051,hac,estimation_square,32,before,full512,COMPLETE,markov_stationary
0.2083483805371286,0.16266729631119056,0.1851602003790689,hac,mismatch_square,32,before,full512,COMPLETE,markov_stationary
-0.0033161633238431945,-0.10316361676445325,-0.05122428066774491,hac,cross_term,32,before,full512,COMPLETE,markov_stationary
2.0584229222590356,1.8251613716932278,1.9378817477941843,hac,conditional_es,32,before,full512,COMPLETE,markov_stationary
0.2695721886705046,0.24804991596679005,0.258650833891827,hac,hhi,32,before,full512,COMPLETE,markov_stationary
0.008229897337387805,-0.02534350428715749,-0.00984577386900159,hac,latent_information_gap,32,before,full512,COMPLETE,markov_stationary
0.24239031197702005,0.1246479000118728,0.18572039848394017,iid_oic,conditional_signed_relative_error,32,before,full512,COMPLETE,markov_stationary
0.19336242478140708,0.13982877922517212,0.16635058578575845,iid_oic,conditional_squared_relative_error,32,before,full512,COMPLETE,markov_stationary
0.03276758283411025,-0.062042637807590374,-0.014569248224489356,iid_oic,marginal_signed_relative_error,32,before,full512,COMPLETE,markov_stationary
0.029054978038042276,0.015932735462669302,0.022257102988014178,iid_oic,marginal_squared_relative_error,32,before,full512,COMPLETE,markov_stationary
0.028980182652904807,-0.09290807801663918,-0.031534059789640065,iid_oic,estimation_relative,32,before,full512,COMPLETE,markov_stationary
0.2800572593052699,0.15121655731504377,0.2172544582735802,iid_oic,mismatch_relative,32,before,full512,COMPLETE,markov_stationary
0.05316230015213802,0.025636119223839633,0.03823948411412968,iid_oic,estimation_square,32,before,full512,COMPLETE,markov_stationary
0.2083483805371286,0.16266729631119056,0.1851602003790689,iid_oic,mismatch_square,32,before,full512,COMPLETE,markov_stationary
-0.009708322640253512,-0.10930786935203367,-0.057049098707440155,iid_oic,cross_term,32,before,full512,COMPLETE,markov_stationary
2.0584229222590356,1.8251613716932278,1.9378817477941843,iid_oic,conditional_es,32,before,full512,COMPLETE,markov_stationary
0.2695721886705046,0.24804991596679005,0.258650833891827,iid_oic,hhi,32,before,full512,COMPLETE,markov_stationary
0.008229897337387805,-0.02534350428715749,-0.00984577386900159,iid_oic,latent_information_gap,32,before,full512,COMPLETE,markov_stationary
0.15398545056000923,0.04206264842528672,0.09986945030428263,raw,conditional_signed_relative_error,32,before,full512,COMPLETE,markov_stationary
0.14796850919845758,0.1001544334376881,0.12367906472739212,raw,conditional_squared_relative_error,32,before,full512,COMPLETE,markov_stationary
-0.044992375104197915,-0.12994958714479649,-0.08754359444946903,raw,marginal_signed_relative_error,32,before,full512,COMPLETE,markov_stationary
0.03416980100514475,0.01625251052595604,0.024789166343792066,raw,marginal_squared_relative_error,32,before,full512,COMPLETE,markov_stationary
-0.06051920244931651,-0.17525790543267974,-0.11738500796929757,raw,estimation_relative,32,before,full512,COMPLETE,markov_stationary
0.2800572593052699,0.15121655731504377,0.2172544582735802,raw,mismatch_relative,32,before,full512,COMPLETE,markov_stationary
0.06907604356997035,0.028006631556076036,0.047024437309887715,raw,estimation_square,32,before,full512,COMPLETE,markov_stationary
0.2083483805371286,0.16266729631119056,0.1851602003790689,raw,mismatch_square,32,before,full512,COMPLETE,markov_stationary
-0.05682207506998671,-0.16423357818278322,-0.10850557296156452,raw,cross_term,32,before,full512,COMPLETE,markov_stationary
2.0584229222590356,1.8251613716932278,1.9378817477941843,raw,conditional_es,32,before,full512,COMPLETE,markov_stationary
0.2695721886705046,0.24804991596679005,0.258650833891827,raw,hhi,32,before,full512,COMPLETE,markov_stationary
0.008229897337387805,-0.02534350428715749,-0.00984577386900159,raw,latent_information_gap,32,before,full512,COMPLETE,markov_stationary
0.06053399995422247,-0.03618214719515178,0.013190316830954802,ar_gaussian,conditional_signed_relative_error,32,after,full512,COMPLETE,markov_stationary
0.10459965523252153,0.061019156534395214,0.08234062089944491,ar_gaussian,conditional_squared_relative_error,32,after,full512,COMPLETE,markov_stationary
-0.16840865019141674,-0.22283665815669276,-0.19575174670540565,ar_gaussian,marginal_signed_relative_error,32,after,full512,COMPLETE,markov_stationary
0.056785543703842374,0.03547138572514845,0.04587102872223106,ar_gaussian,marginal_squared_relative_error,32,after,full512,COMPLETE,markov_stationary
-0.21249050305761527,-0.29214170148006274,-0.25193261374323905,ar_gaussian,estimation_relative,32,after,full512,COMPLETE,markov_stationary
0.32623458070154315,0.20099485172158102,0.2651229305741939,ar_gaussian,mismatch_relative,32,after,full512,COMPLETE,markov_stationary
0.10760438139040966,0.0622898711413379,0.08418003562359905,ar_gaussian,estimation_square,32,after,full512,COMPLETE,markov_stationary
0.22502835343874691,0.17533488517390705,0.2000553679371358,ar_gaussian,mismatch_square,32,after,full512,COMPLETE,markov_stationary
-0.15468244892736444,-0.25211429433724575,-0.20189478266128993,ar_gaussian,cross_term,32,after,full512,COMPLETE,markov_stationary
1.9778133052510043,1.7468164362664715,1.85884352969217,ar_gaussian,conditional_es,32,after,full512,COMPLETE,markov_stationary
0.2674389449819812,0.24153571883702418,0.2547068056241447,ar_gaussian,hhi,32,after,full512,COMPLETE,markov_stationary
-0.005270447331548211,-0.038769916137461016,-0.020608834949271928,ar_gaussian,latent_information_gap,32,after,full512,COMPLETE,markov_stationary
0.29196016268759145,0.14355889971232336,0.2178332202934241,block_bootstrap,conditional_signed_relative_error,32,after,full512,COMPLETE,markov_stationary
0.21049224915427925,0.15511976214675616,0.18179616483173333,block_bootstrap,conditional_squared_relative_error,32,after,full512,COMPLETE,markov_stationary
0.007062459598637027,-0.07993650999095224,-0.036561847235489234,block_bootstrap,marginal_signed_relative_error,32,after,full512,COMPLETE,markov_stationary
0.027289328146672735,0.014284903921537823,0.020467888532939984,block_bootstrap,marginal_squared_relative_error,32,after,full512,COMPLETE,markov_stationary
0.008256439295926406,-0.10314906086209427,-0.04728971028076978,block_bootstrap,estimation_relative,32,after,full512,COMPLETE,markov_stationary
0.32623458070154315,0.20099485172158102,0.2651229305741939,block_bootstrap,mismatch_relative,32,after,full512,COMPLETE,markov_stationary
0.04842784858723812,0.02359646552072735,0.03542663208049887,block_bootstrap,estimation_square,32,after,full512,COMPLETE,markov_stationary
0.22502835343874691,0.17533488517390705,0.2000553679371358,block_bootstrap,mismatch_square,32,after,full512,COMPLETE,markov_stationary
-0.00837276144035562,-0.10086355572569168,-0.05368583518590132,block_bootstrap,cross_term,32,after,full512,COMPLETE,markov_stationary
1.9778133052510043,1.7468164362664715,1.85884352969217,block_bootstrap,conditional_es,32,after,full512,COMPLETE,markov_stationary
0.2674389449819812,0.24153571883702418,0.2547068056241447,block_bootstrap,hhi,32,after,full512,COMPLETE,markov_stationary
-0.005270447331548211,-0.038769916137461016,-0.020608834949271928,block_bootstrap,latent_information_gap,32,after,full512,COMPLETE,markov_stationary
0.05155644554369543,-0.08460299846310708,-0.02140293536087761,ewma_gaussian,conditional_signed_relative_error,32,after,full512,COMPLETE,markov_stationary
0.22830236395494716,0.07250896412471515,0.13741300144335067,ewma_gaussian,conditional_squared_relative_error,32,after,full512,COMPLETE,markov_stationary
-0.16826031853399068,-0.2389760650560823,-0.20451042634672728,ewma_gaussian,marginal_signed_relative_error,32,after,full512,COMPLETE,markov_stationary
0.12107231268188129,0.07445534860169507,0.09486307955212295,ewma_gaussian,marginal_squared_relative_error,32,after,full512,COMPLETE,markov_stationary
-0.238777003172635,-0.33304413903403035,-0.2865258659350715,ewma_gaussian,estimation_relative,32,after,full512,COMPLETE,markov_stationary
0.32623458070154315,0.20099485172158102,0.2651229305741939,ewma_gaussian,mismatch_relative,32,after,full512,COMPLETE,markov_stationary
0.24947368116914442,0.13423653883926273,0.18418571236512793,ewma_gaussian,estimation_square,32,after,full512,COMPLETE,markov_stationary
0.22502835343874691,0.17533488517390705,0.2000553679371358,ewma_gaussian,mismatch_square,32,after,full512,COMPLETE,markov_stationary
-0.19234349914039559,-0.30342368319328616,-0.24682807885891309,ewma_gaussian,cross_term,32,after,full512,COMPLETE,markov_stationary
1.9778133052510043,1.7468164362664715,1.85884352969217,ewma_gaussian,conditional_es,32,after,full512,COMPLETE,markov_stationary
0.2674389449819812,0.24153571883702418,0.2547068056241447,ewma_gaussian,hhi,32,after,full512,COMPLETE,markov_stationary
-0.005270447331548211,-0.038769916137461016,-0.020608834949271928,ewma_gaussian,latent_information_gap,32,after,full512,COMPLETE,markov_stationary
0.060939148946918896,-0.0367220890358318,0.013064266053866508,gaussian_iid,conditional_signed_relative_error,32,after,full512,COMPLETE,markov_stationary
0.10388706814598342,0.06091041314568564,0.08206339486870201,gaussian_iid,conditional_squared_relative_error,32,after,full512,COMPLETE,markov_stationary
-0.167920913659189,-0.2230894676087684,-0.1955993821337617,gaussian_iid,marginal_signed_relative_error,32,after,full512,COMPLETE,markov_stationary
0.05658498854097339,0.0353078551856184,0.04571707861090593,gaussian_iid,marginal_squared_relative_error,32,after,full512,COMPLETE,markov_stationary
-0.21198716157439434,-0.29305650808783273,-0.2520586645203273,gaussian_iid,estimation_relative,32,after,full512,COMPLETE,markov_stationary
0.32623458070154315,0.20099485172158102,0.2651229305741939,gaussian_iid,mismatch_relative,32,after,full512,COMPLETE,markov_stationary
0.10850576820946935,0.06198614216568402,0.08450392717138262,gaussian_iid,estimation_square,32,after,full512,COMPLETE,markov_stationary
0.22502835343874691,0.17533488517390705,0.2000553679371358,gaussian_iid,mismatch_square,32,after,full512,COMPLETE,markov_stationary
-0.15488358266568816,-0.25347050965286,-0.20249590023981642,gaussian_iid,cross_term,32,after,full512,COMPLETE,markov_stationary
1.9778133052510043,1.7468164362664715,1.85884352969217,gaussian_iid,conditional_es,32,after,full512,COMPLETE,markov_stationary
0.2674389449819812,0.24153571883702418,0.2547068056241447,gaussian_iid,hhi,32,after,full512,COMPLETE,markov_stationary
-0.005270447331548211,-0.038769916137461016,-0.020608834949271928,gaussian_iid,latent_information_gap,32,after,full512,COMPLETE,markov_stationary
0.3117214394563724,0.15327410639131092,0.23265043297707827,hac,conditional_signed_relative_error,32,after,full512,COMPLETE,markov_stationary
0.22951339675305166,0.166066119078552,0.19602648213186608,hac,conditional_squared_relative_error,32,after,full512,COMPLETE,markov_stationary
0.021460653706250513,-0.07202350225317694,-0.025546494224026398,hac,marginal_signed_relative_error,32,after,full512,COMPLETE,markov_stationary
0.031110968919897633,0.015426911250289266,0.022713483476500203,hac,marginal_squared_relative_error,32,after,full512,COMPLETE,markov_stationary
0.02762269998165832,-0.09171575841211616,-0.032472497597115624,hac,estimation_relative,32,after,full512,COMPLETE,markov_stationary
0.32623458070154315,0.20099485172158102,0.2651229305741939,hac,mismatch_relative,32,after,full512,COMPLETE,markov_stationary
0.054255448622236684,0.025488355815172066,0.038909530785739346,hac,estimation_square,32,after,full512,COMPLETE,markov_stationary
0.22502835343874691,0.17533488517390705,0.2000553679371358,hac,mismatch_square,32,after,full512,COMPLETE,markov_stationary
0.0038084517184499922,-0.09200221038841823,-0.04293841659100907,hac,cross_term,32,after,full512,COMPLETE,markov_stationary
1.9778133052510043,1.7468164362664715,1.85884352969217,hac,conditional_es,32,after,full512,COMPLETE,markov_stationary
0.2674389449819812,0.24153571883702418,0.2547068056241447,hac,hhi,32,after,full512,COMPLETE,markov_stationary
-0.005270447331548211,-0.038769916137461016,-0.020608834949271928,hac,latent_information_gap,32,after,full512,COMPLETE,markov_stationary
0.30158840662013436,0.14537997547452514,0.22364744912831824,iid_oic,conditional_signed_relative_error,32,after,full512,COMPLETE,markov_stationary
0.21932364659152664,0.16075592956250745,0.18857764669729613,iid_oic,conditional_squared_relative_error,32,after,full512,COMPLETE,markov_stationary
0.012558310475203407,-0.07793740607246465,-0.032808058163902684,iid_oic,marginal_signed_relative_error,32,after,full512,COMPLETE,markov_stationary
0.028967622343299224,0.01513310558152946,0.021688841522678158,iid_oic,marginal_squared_relative_error,32,after,full512,COMPLETE,markov_stationary
0.01602454706039805,-0.09882205623673815,-0.041475481445875664,iid_oic,estimation_relative,32,after,full512,COMPLETE,markov_stationary
0.32623458070154315,0.20099485172158102,0.2651229305741939,iid_oic,mismatch_relative,32,after,full512,COMPLETE,markov_stationary
0.05089861770079735,0.024983150644944555,0.037337346134884576,iid_oic,estimation_square,32,after,full512,COMPLETE,markov_stationary
0.22502835343874691,0.17533488517390705,0.2000553679371358,iid_oic,mismatch_square,32,after,full512,COMPLETE,markov_stationary
-0.0027259979889329446,-0.09724318560221243,-0.048815067374724255,iid_oic,cross_term,32,after,full512,COMPLETE,markov_stationary
1.9778133052510043,1.7468164362664715,1.85884352969217,iid_oic,conditional_es,32,after,full512,COMPLETE,markov_stationary
0.2674389449819812,0.24153571883702418,0.2547068056241447,iid_oic,hhi,32,after,full512,COMPLETE,markov_stationary
-0.005270447331548211,-0.038769916137461016,-0.020608834949271928,iid_oic,latent_information_gap,32,after,full512,COMPLETE,markov_stationary
0.19434328159547978,0.057942865653928616,0.12622487011192957,raw,conditional_signed_relative_error,32,after,full512,COMPLETE,markov_stationary
0.15077435473747944,0.1087374505483583,0.1298261367215756,raw,conditional_squared_relative_error,32,after,full512,COMPLETE,markov_stationary
-0.06915621804253602,-0.1487357801942292,-0.10886920165538634,raw,marginal_signed_relative_error,32,after,full512,COMPLETE,markov_stationary
0.037124966713748805,0.01829185058634652,0.02744962407121795,raw,marginal_squared_relative_error,32,after,full512,COMPLETE,markov_stationary
-0.08714393636187649,-0.1916408302081138,-0.13889806046226433,raw,estimation_relative,32,after,full512,COMPLETE,markov_stationary
0.32623458070154315,0.20099485172158102,0.2651229305741939,raw,mismatch_relative,32,after,full512,COMPLETE,markov_stationary
0.07028793244185312,0.03109316549689806,0.0496581599727821,raw,estimation_square,32,after,full512,COMPLETE,markov_stationary
0.22502835343874691,0.17533488517390705,0.2000553679371358,raw,mismatch_square,32,after,full512,COMPLETE,markov_stationary
-0.07195067499714314,-0.17187597564680623,-0.1198873911883423,raw,cross_term,32,after,full512,COMPLETE,markov_stationary
1.9778133052510043,1.7468164362664715,1.85884352969217,raw,conditional_es,32,after,full512,COMPLETE,markov_stationary
0.2674389449819812,0.24153571883702418,0.2547068056241447,raw,hhi,32,after,full512,COMPLETE,markov_stationary
-0.005270447331548211,-0.038769916137461016,-0.020608834949271928,raw,latent_information_gap,32,after,full512,COMPLETE,markov_stationary
0.05399057149708071,-0.018219267562393934,0.017521899899551607,ar_gaussian,conditional_signed_relative_error,32,all,equal512,COMPLETE,markov_stationary
0.09467694804929874,0.06516909789902633,0.07969943161588067,ar_gaussian,conditional_squared_relative_error,32,all,equal512,COMPLETE,markov_stationary
-0.13264600207765467,-0.18191863180621382,-0.15757004922806955,ar_gaussian,marginal_signed_relative_error,32,all,equal512,COMPLETE,markov_stationary
0.03896920746969319,0.023753618363768336,0.031282631999369356,ar_gaussian,marginal_squared_relative_error,32,all,equal512,COMPLETE,markov_stationary
-0.162297327667292,-0.23092468467726932,-0.19670633796257986,ar_gaussian,estimation_relative,32,all,equal512,COMPLETE,markov_stationary
0.26032515407010565,0.1681354130319549,0.21422823786213147,ar_gaussian,mismatch_relative,32,all,equal512,COMPLETE,markov_stationary
0.06949206725093082,0.03978764951431406,0.05429011341341901,ar_gaussian,estimation_square,32,all,equal512,COMPLETE,markov_stationary
0.1834134512820717,0.1442752289290791,0.16358677010006506,ar_gaussian,mismatch_square,32,all,equal512,COMPLETE,markov_stationary
-0.10457356159049899,-0.17341500683912428,-0.13817745189760341,ar_gaussian,cross_term,32,all,equal512,COMPLETE,markov_stationary
2.072497974855284,1.9018658885552044,1.985150531496373,ar_gaussian,conditional_es,32,all,equal512,COMPLETE,markov_stationary
0.125,0.125,0.125,ar_gaussian,hhi,32,all,equal512,COMPLETE,markov_stationary
-0.002422766358387615,-0.0254483464803219,-0.014064862240939092,ar_gaussian,latent_information_gap,32,all,equal512,COMPLETE,markov_stationary
0.25660618891600784,0.15562020662963783,0.2062812626965489,block_bootstrap,conditional_signed_relative_error,32,all,equal512,COMPLETE,markov_stationary
0.18541818852819136,0.14202358834000503,0.16351138581463867,block_bootstrap,conditional_squared_relative_error,32,all,equal512,COMPLETE,markov_stationary
0.038253909518195135,-0.040958538940694754,-0.0011596776217994986,block_bootstrap,marginal_signed_relative_error,32,all,equal512,COMPLETE,markov_stationary
0.021593837478787292,0.01244714325599681,0.016920013187582808,block_bootstrap,marginal_squared_relative_error,32,all,equal512,COMPLETE,markov_stationary
0.041923531856798917,-0.05848533326641504,-0.007946975165582567,block_bootstrap,estimation_relative,32,all,equal512,COMPLETE,markov_stationary
0.26032515407010565,0.1681354130319549,0.21422823786213147,block_bootstrap,mismatch_relative,32,all,equal512,COMPLETE,markov_stationary
0.03747268363634252,0.01975717956403715,0.028206746978373245,block_bootstrap,estimation_square,32,all,equal512,COMPLETE,markov_stationary
0.1834134512820717,0.1442752289290791,0.16358677010006506,block_bootstrap,mismatch_square,32,all,equal512,COMPLETE,markov_stationary
0.007480975187657656,-0.06669167619269063,-0.028282131263799644,block_bootstrap,cross_term,32,all,equal512,COMPLETE,markov_stationary
2.072497974855284,1.9018658885552044,1.985150531496373,block_bootstrap,conditional_es,32,all,equal512,COMPLETE,markov_stationary
0.125,0.125,0.125,block_bootstrap,hhi,32,all,equal512,COMPLETE,markov_stationary
-0.002422766358387615,-0.0254483464803219,-0.014064862240939092,block_bootstrap,latent_information_gap,32,all,equal512,COMPLETE,markov_stationary
0.054295615280990715,-0.03340209363190814,0.008270956425622599,ewma_gaussian,conditional_signed_relative_error,32,all,equal512,COMPLETE,markov_stationary
0.16334636396915808,0.07748157221244859,0.11548500130797346,ewma_gaussian,conditional_squared_relative_error,32,all,equal512,COMPLETE,markov_stationary
-0.09639043817142313,-0.15753152790827624,-0.127686729879335,ewma_gaussian,marginal_signed_relative_error,32,all,equal512,COMPLETE,markov_stationary
0.1341998325714712,0.08438008761604875,0.10810937803737533,ewma_gaussian,marginal_squared_relative_error,32,all,equal512,COMPLETE,markov_stationary
-0.1706969375857473,-0.2396204660810788,-0.20595728143650888,ewma_gaussian,estimation_relative,32,all,equal512,COMPLETE,markov_stationary
0.26032515407010565,0.1681354130319549,0.21422823786213147,ewma_gaussian,mismatch_relative,32,all,equal512,COMPLETE,markov_stationary
0.19214331427538037,0.11271599587147473,0.1475864528795432,ewma_gaussian,estimation_square,32,all,equal512,COMPLETE,markov_stationary
0.1834134512820717,0.1442752289290791,0.16358677010006506,ewma_gaussian,mismatch_square,32,all,equal512,COMPLETE,markov_stationary
-0.16203640575737674,-0.23020224882596388,-0.1956882216716348,ewma_gaussian,cross_term,32,all,equal512,COMPLETE,markov_stationary
2.072497974855284,1.9018658885552044,1.985150531496373,ewma_gaussian,conditional_es,32,all,equal512,COMPLETE,markov_stationary
0.125,0.125,0.125,ewma_gaussian,hhi,32,all,equal512,COMPLETE,markov_stationary
-0.002422766358387615,-0.0254483464803219,-0.014064862240939092,ewma_gaussian,latent_information_gap,32,all,equal512,COMPLETE,markov_stationary
0.05723957073339204,-0.015793106121547495,0.020411304499741233,gaussian_iid,conditional_signed_relative_error,32,all,equal512,COMPLETE,markov_stationary
0.09556984148055779,0.06578250864876226,0.08050061685776619,gaussian_iid,conditional_squared_relative_error,32,all,equal512,COMPLETE,markov_stationary
-0.13062802653014566,-0.1797874794214166,-0.15534623346065124,gaussian_iid,marginal_signed_relative_error,32,all,equal512,COMPLETE,markov_stationary
0.0378364775537292,0.02296937707190648,0.0303637283286427,gaussian_iid,marginal_squared_relative_error,32,all,equal512,COMPLETE,markov_stationary
-0.1594709935269046,-0.22833002944299283,-0.19381693336239025,gaussian_iid,estimation_relative,32,all,equal512,COMPLETE,markov_stationary
0.26032515407010565,0.1681354130319549,0.21422823786213147,gaussian_iid,mismatch_relative,32,all,equal512,COMPLETE,markov_stationary
0.06838518491786277,0.038461637003040616,0.05308577634415479,gaussian_iid,estimation_square,32,all,equal512,COMPLETE,markov_stationary
0.1834134512820717,0.1442752289290791,0.16358677010006506,gaussian_iid,mismatch_square,32,all,equal512,COMPLETE,markov_stationary
-0.10212288342927928,-0.17229957466894288,-0.13617192958645366,gaussian_iid,cross_term,32,all,equal512,COMPLETE,markov_stationary
2.072497974855284,1.9018658885552044,1.985150531496373,gaussian_iid,conditional_es,32,all,equal512,COMPLETE,markov_stationary
0.125,0.125,0.125,gaussian_iid,hhi,32,all,equal512,COMPLETE,markov_stationary
-0.002422766358387615,-0.0254483464803219,-0.014064862240939092,gaussian_iid,latent_information_gap,32,all,equal512,COMPLETE,markov_stationary
0.25841165021724516,0.15731419673965807,0.20810430443690217,hac,conditional_signed_relative_error,32,all,equal512,COMPLETE,markov_stationary
0.1849613779155318,0.14226831141641275,0.1633671519696498,hac,conditional_squared_relative_error,32,all,equal512,COMPLETE,markov_stationary
0.041063328398525424,-0.03933829440693985,0.0008928019590865952,hac,marginal_signed_relative_error,32,all,equal512,COMPLETE,markov_stationary
0.022161784244315384,0.012009545058984057,0.01690981211844196,hac,marginal_squared_relative_error,32,all,equal512,COMPLETE,markov_stationary
0.044231407521583554,-0.056858922189413026,-0.006123933425229297,hac,estimation_relative,32,all,equal512,COMPLETE,markov_stationary
0.26032515407010565,0.1681354130319549,0.21422823786213147,hac,mismatch_relative,32,all,equal512,COMPLETE,markov_stationary
0.03773163774715807,0.019040743279179158,0.02796636701123559,hac,estimation_square,32,all,equal512,COMPLETE,markov_stationary
0.1834134512820717,0.1442752289290791,0.16358677010006506,hac,mismatch_square,32,all,equal512,COMPLETE,markov_stationary
0.007270893235798953,-0.06618856837136755,-0.02818598514165084,hac,cross_term,32,all,equal512,COMPLETE,markov_stationary
2.072497974855284,1.9018658885552044,1.985150531496373,hac,conditional_es,32,all,equal512,COMPLETE,markov_stationary
0.125,0.125,0.125,hac,hhi,32,all,equal512,COMPLETE,markov_stationary
-0.002422766358387615,-0.0254483464803219,-0.014064862240939092,hac,latent_information_gap,32,all,equal512,COMPLETE,markov_stationary
0.24488495800573665,0.14683516446971426,0.1959954755567792,iid_oic,conditional_signed_relative_error,32,all,equal512,COMPLETE,markov_stationary
0.17474202911755568,0.13573880850351625,0.15522817867196395,iid_oic,conditional_squared_relative_error,32,all,equal512,COMPLETE,markov_stationary
0.029409236068648474,-0.04812762749058853,-0.009242078558669882,iid_oic,marginal_signed_relative_error,32,all,equal512,COMPLETE,markov_stationary
0.020428544990253334,0.011287307590653961,0.015763455620620558,iid_oic,marginal_squared_relative_error,32,all,equal512,COMPLETE,markov_stationary
0.030471594121621055,-0.0675734272786489,-0.018232762305352236,iid_oic,estimation_relative,32,all,equal512,COMPLETE,markov_stationary
0.26032515407010565,0.1681354130319549,0.21422823786213147,iid_oic,mismatch_relative,32,all,equal512,COMPLETE,markov_stationary
0.0361128750888852,0.017904986741495238,0.026597690133690732,iid_oic,estimation_square,32,all,equal512,COMPLETE,markov_stationary
0.1834134512820717,0.1442752289290791,0.16358677010006506,iid_oic,mismatch_square,32,all,equal512,COMPLETE,markov_stationary
5.4388386279016594e-05,-0.07296658777639006,-0.03495628156179185,iid_oic,cross_term,32,all,equal512,COMPLETE,markov_stationary
2.072497974855284,1.9018658885552044,1.985150531496373,iid_oic,conditional_es,32,all,equal512,COMPLETE,markov_stationary
0.125,0.125,0.125,iid_oic,hhi,32,all,equal512,COMPLETE,markov_stationary
-0.002422766358387615,-0.0254483464803219,-0.014064862240939092,iid_oic,latent_information_gap,32,all,equal512,COMPLETE,markov_stationary
0.2315730659268128,0.13502531175045632,0.18337915119792042,raw,conditional_signed_relative_error,32,all,equal512,COMPLETE,markov_stationary
0.16599971935498722,0.12922904447548278,0.1476546483915163,raw,conditional_squared_relative_error,32,all,equal512,COMPLETE,markov_stationary
0.017632259740904314,-0.05758182317343613,-0.01984197411330077,raw,marginal_signed_relative_error,32,all,equal512,COMPLETE,markov_stationary
0.01973228987688219,0.010795154964152702,0.015183023840216714,raw,marginal_squared_relative_error,32,all,equal512,COMPLETE,markov_stationary
0.01675463933390406,-0.07916295566821477,-0.030849086664211017,raw,estimation_relative,32,all,equal512,COMPLETE,markov_stationary
0.26032515407010565,0.1681354130319549,0.21422823786213147,raw,mismatch_relative,32,all,equal512,COMPLETE,markov_stationary
0.0359042677469074,0.01717932100522151,0.02609085941946382,raw,estimation_square,32,all,equal512,COMPLETE,markov_stationary
0.1834134512820717,0.1442752289290791,0.16358677010006506,raw,mismatch_square,32,all,equal512,COMPLETE,markov_stationary
-0.007141879093463935,-0.08000901849984793,-0.04202298112801259,raw,cross_term,32,all,equal512,COMPLETE,markov_stationary
2.072497974855284,1.9018658885552044,1.985150531496373,raw,conditional_es,32,all,equal512,COMPLETE,markov_stationary
0.125,0.125,0.125,raw,hhi,32,all,equal512,COMPLETE,markov_stationary
-0.002422766358387615,-0.0254483464803219,-0.014064862240939092,raw,latent_information_gap,32,all,equal512,COMPLETE,markov_stationary
0.05831910514355808,-0.03946387320792857,0.010621265342827143,ar_gaussian,conditional_signed_relative_error,32,before,equal512,COMPLETE,markov_stationary
0.10395426268330847,0.06274167619822558,0.08240196744225832,ar_gaussian,conditional_squared_relative_error,32,before,equal512,COMPLETE,markov_stationary
-0.1241229835233653,-0.17419771119267094,-0.14905292621123456,ar_gaussian,marginal_signed_relative_error,32,before,equal512,COMPLETE,markov_stationary
0.03595022647084349,0.02110080929320663,0.028354353985724917,ar_gaussian,marginal_squared_relative_error,32,before,equal512,COMPLETE,markov_stationary
-0.1480408869734029,-0.21977999146177954,-0.18357062342379646,ar_gaussian,estimation_relative,32,before,equal512,COMPLETE,markov_stationary
0.255147539776855,0.1301348185912182,0.1941918887666236,ar_gaussian,mismatch_relative,32,before,equal512,COMPLETE,markov_stationary
0.06406792356467675,0.033873742695873676,0.04850246478207481,ar_gaussian,estimation_square,32,before,equal512,COMPLETE,markov_stationary
0.1767405542559814,0.13875813244054952,0.15731539565673489,ar_gaussian,mismatch_square,32,before,equal512,COMPLETE,markov_stationary
-0.08674519659619953,-0.16189265329587438,-0.12341589299655137,ar_gaussian,cross_term,32,before,equal512,COMPLETE,markov_stationary
2.150519073973298,1.906549118748448,2.0243795347311737,ar_gaussian,conditional_es,32,before,equal512,COMPLETE,markov_stationary
0.125,0.125,0.125,ar_gaussian,hhi,32,before,equal512,COMPLETE,markov_stationary
0.0091068093006922,-0.02384471878353854,-0.008734017592601149,ar_gaussian,latent_information_gap,32,before,equal512,COMPLETE,markov_stationary
0.2614624459472679,0.14493028276002443,0.20414047665467266,block_bootstrap,conditional_signed_relative_error,32,before,equal512,COMPLETE,markov_stationary
0.1872382650349696,0.13978747658653623,0.16340566184049427,block_bootstrap,conditional_squared_relative_error,32,before,equal512,COMPLETE,markov_stationary
0.056555479753997474,-0.024154944087826678,0.016276977632843533,block_bootstrap,marginal_signed_relative_error,32,before,equal512,COMPLETE,markov_stationary
0.02124714146265373,0.01215369138066747,0.016649237578804772,block_bootstrap,marginal_squared_relative_error,32,before,equal512,COMPLETE,markov_stationary
0.06009739130460629,-0.04167868057218759,0.009948587888049042,block_bootstrap,estimation_relative,32,before,equal512,COMPLETE,markov_stationary
0.255147539776855,0.1301348185912182,0.1941918887666236,block_bootstrap,mismatch_relative,32,before,equal512,COMPLETE,markov_stationary
0.03486542960180663,0.019332531266570047,0.02698323736000498,block_bootstrap,estimation_square,32,before,equal512,COMPLETE,markov_stationary
0.1767405542559814,0.13875813244054952,0.15731539565673489,block_bootstrap,mismatch_square,32,before,equal512,COMPLETE,markov_stationary
0.013673641349999644,-0.05806779281951998,-0.020892971176245605,block_bootstrap,cross_term,32,before,equal512,COMPLETE,markov_stationary
2.150519073973298,1.906549118748448,2.0243795347311737,block_bootstrap,conditional_es,32,before,equal512,COMPLETE,markov_stationary
0.125,0.125,0.125,block_bootstrap,hhi,32,before,equal512,COMPLETE,markov_stationary
0.0091068093006922,-0.02384471878353854,-0.008734017592601149,block_bootstrap,latent_information_gap,32,before,equal512,COMPLETE,markov_stationary
0.0778037471314175,-0.03633018871955723,0.020932018523741512,ewma_gaussian,conditional_signed_relative_error,32,before,equal512,COMPLETE,markov_stationary
0.13341368984907598,0.06830102401885764,0.09874429389683516,ewma_gaussian,conditional_squared_relative_error,32,before,equal512,COMPLETE,markov_stationary
-0.0476308819788489,-0.1306745234180887,-0.08882866045954349,ewma_gaussian,marginal_signed_relative_error,32,before,equal512,COMPLETE,markov_stationary
0.15192255951156544,0.08403662706359807,0.11572599566173258,ewma_gaussian,marginal_squared_relative_error,32,before,equal512,COMPLETE,markov_stationary
-0.133047709934716,-0.21658294258120545,-0.17325987024288209,ewma_gaussian,estimation_relative,32,before,equal512,COMPLETE,markov_stationary
0.255147539776855,0.1301348185912182,0.1941918887666236,ewma_gaussian,mismatch_relative,32,before,equal512,COMPLETE,markov_stationary
0.1636492179343405,0.10513534072793122,0.13271591364782934,ewma_gaussian,estimation_square,32,before,equal512,COMPLETE,markov_stationary
0.1767405542559814,0.13875813244054952,0.15731539565673489,ewma_gaussian,mismatch_square,32,before,equal512,COMPLETE,markov_stationary
-0.1500708956661971,-0.23484395543525993,-0.19128701540772908,ewma_gaussian,cross_term,32,before,equal512,COMPLETE,markov_stationary
2.150519073973298,1.906549118748448,2.0243795347311737,ewma_gaussian,conditional_es,32,before,equal512,COMPLETE,markov_stationary
0.125,0.125,0.125,ewma_gaussian,hhi,32,before,equal512,COMPLETE,markov_stationary
0.0091068093006922,-0.02384471878353854,-0.008734017592601149,ewma_gaussian,latent_information_gap,32,before,equal512,COMPLETE,markov_stationary
0.06406164394604523,-0.03444037868064373,0.01617947532767118,gaussian_iid,conditional_signed_relative_error,32,before,equal512,COMPLETE,markov_stationary
0.10484600958200445,0.06402772036944089,0.08350940563434012,gaussian_iid,conditional_squared_relative_error,32,before,equal512,COMPLETE,markov_stationary
-0.11952130014533568,-0.16931211737296137,-0.1445217204079504,gaussian_iid,marginal_signed_relative_error,32,before,equal512,COMPLETE,markov_stationary
0.034026204625073865,0.01965353318746619,0.026708062647885493,gaussian_iid,marginal_squared_relative_error,32,before,equal512,COMPLETE,markov_stationary
-0.14239151128977245,-0.2144616143185633,-0.17801241343895244,gaussian_iid,estimation_relative,32,before,equal512,COMPLETE,markov_stationary
0.255147539776855,0.1301348185912182,0.1941918887666236,gaussian_iid,mismatch_relative,32,before,equal512,COMPLETE,markov_stationary
0.061519283876893295,0.03169679261340079,0.046090462706688214,gaussian_iid,estimation_square,32,before,equal512,COMPLETE,markov_stationary
0.1767405542559814,0.13875813244054952,0.15731539565673489,gaussian_iid,mismatch_square,32,before,equal512,COMPLETE,markov_stationary
-0.08348778604024545,-0.15859176062814961,-0.11989645272908299,gaussian_iid,cross_term,32,before,equal512,COMPLETE,markov_stationary
2.150519073973298,1.906549118748448,2.0243795347311737,gaussian_iid,conditional_es,32,before,equal512,COMPLETE,markov_stationary
0.125,0.125,0.125,gaussian_iid,hhi,32,before,equal512,COMPLETE,markov_stationary
0.0091068093006922,-0.02384471878353854,-0.008734017592601149,gaussian_iid,latent_information_gap,32,before,equal512,COMPLETE,markov_stationary
0.25905927246679195,0.1429733088863102,0.20226425884322297,hac,conditional_signed_relative_error,32,before,equal512,COMPLETE,markov_stationary
0.18463704201867256,0.13847222224188988,0.16115772531178613,hac,conditional_squared_relative_error,32,before,equal512,COMPLETE,markov_stationary
0.056522796261299205,-0.025680042809744775,0.015070652195423754,hac,marginal_signed_relative_error,32,before,equal512,COMPLETE,markov_stationary
0.02185131625820064,0.011617795138456925,0.016589140338625553,hac,marginal_squared_relative_error,32,before,equal512,COMPLETE,markov_stationary
0.059181095286258895,-0.043847038751762234,0.008072370076599389,hac,estimation_relative,32,before,equal512,COMPLETE,markov_stationary
0.255147539776855,0.1301348185912182,0.1941918887666236,hac,mismatch_relative,32,before,equal512,COMPLETE,markov_stationary
0.03541539891372173,0.018133462892860594,0.02651840827881265,hac,estimation_square,32,before,equal512,COMPLETE,markov_stationary
0.1767405542559814,0.13875813244054952,0.15731539565673489,hac,mismatch_square,32,before,equal512,COMPLETE,markov_stationary
0.012294794451257736,-0.05962310352394896,-0.022676078623761402,hac,cross_term,32,before,equal512,COMPLETE,markov_stationary
2.150519073973298,1.906549118748448,2.0243795347311737,hac,conditional_es,32,before,equal512,COMPLETE,markov_stationary
0.125,0.125,0.125,hac,hhi,32,before,equal512,COMPLETE,markov_stationary
0.0091068093006922,-0.02384471878353854,-0.008734017592601149,hac,latent_information_gap,32,before,equal512,COMPLETE,markov_stationary
0.24644460237683294,0.13141382913609617,0.19011212451864995,iid_oic,conditional_signed_relative_error,32,before,equal512,COMPLETE,markov_stationary
0.17588687179347218,0.13211976368937192,0.15376961613127496,iid_oic,conditional_squared_relative_error,32,before,equal512,COMPLETE,markov_stationary
0.044841981918139984,-0.0353556528602025,0.004505771982605637,iid_oic,marginal_signed_relative_error,32,before,equal512,COMPLETE,markov_stationary
0.02025851149375669,0.010786411467876473,0.015451889874526493,iid_oic,marginal_squared_relative_error,32,before,equal512,COMPLETE,markov_stationary
0.04571915438743492,-0.05491497975665521,-0.004079764247973668,iid_oic,estimation_relative,32,before,equal512,COMPLETE,markov_stationary
0.255147539776855,0.1301348185912182,0.1941918887666236,iid_oic,mismatch_relative,32,before,equal512,COMPLETE,markov_stationary
0.0342284330154642,0.017049828589329748,0.02534886819911149,iid_oic,estimation_square,32,before,equal512,COMPLETE,markov_stationary
0.1767405542559814,0.13875813244054952,0.15731539565673489,iid_oic,mismatch_square,32,before,equal512,COMPLETE,markov_stationary
0.005953343905139801,-0.06594455828009033,-0.02889464772457142,iid_oic,cross_term,32,before,equal512,COMPLETE,markov_stationary
2.150519073973298,1.906549118748448,2.0243795347311737,iid_oic,conditional_es,32,before,equal512,COMPLETE,markov_stationary
0.125,0.125,0.125,iid_oic,hhi,32,before,equal512,COMPLETE,markov_stationary
0.0091068093006922,-0.02384471878353854,-0.008734017592601149,iid_oic,latent_information_gap,32,before,equal512,COMPLETE,markov_stationary
0.23330566143405868,0.11953038168931256,0.17770850321738557,raw,conditional_signed_relative_error,32,before,equal512,COMPLETE,markov_stationary
0.16814416115060435,0.1257255838064258,0.14673105659399022,raw,conditional_squared_relative_error,32,before,equal512,COMPLETE,markov_stationary
0.03318070203737326,-0.04521956078119707,-0.006231918249224392,raw,marginal_signed_relative_error,32,before,equal512,COMPLETE,markov_stationary
0.01925937393540633,0.010230185925736787,0.014666191604924779,raw,marginal_squared_relative_error,32,before,equal512,COMPLETE,markov_stationary
0.0324199762543699,-0.06608050586939192,-0.016483385549238026,raw,estimation_relative,32,before,equal512,COMPLETE,markov_stationary
0.255147539776855,0.1301348185912182,0.1941918887666236,raw,mismatch_relative,32,before,equal512,COMPLETE,markov_stationary
0.03376472437770346,0.01620852819659813,0.02467784782477922,raw,estimation_square,32,before,equal512,COMPLETE,markov_stationary
0.1767405542559814,0.13875813244054952,0.15731539565673489,raw,mismatch_square,32,before,equal512,COMPLETE,markov_stationary
-0.00019445142914262,-0.07251392394735949,-0.03526218688752389,raw,cross_term,32,before,equal512,COMPLETE,markov_stationary
2.150519073973298,1.906549118748448,2.0243795347311737,raw,conditional_es,32,before,equal512,COMPLETE,markov_stationary
0.125,0.125,0.125,raw,hhi,32,before,equal512,COMPLETE,markov_stationary
0.0091068093006922,-0.02384471878353854,-0.008734017592601149,raw,latent_information_gap,32,before,equal512,COMPLETE,markov_stationary
0.06897199469655514,-0.02067426858581872,0.02442253445627608,ar_gaussian,conditional_signed_relative_error,32,after,equal512,COMPLETE,markov_stationary
0.09812660984185474,0.056587250740079906,0.076996895789503,ar_gaussian,conditional_squared_relative_error,32,after,equal512,COMPLETE,markov_stationary
-0.13948714111482793,-0.19193865652788053,-0.16608717224490455,ar_gaussian,marginal_signed_relative_error,32,after,equal512,COMPLETE,markov_stationary
0.04308234184755595,0.025690042893719903,0.0342109100130138,ar_gaussian,marginal_squared_relative_error,32,after,equal512,COMPLETE,markov_stationary
-0.1735197242793828,-0.2469854487734249,-0.20984205250136326,ar_gaussian,estimation_relative,32,after,equal512,COMPLETE,markov_stationary
0.29053250115732115,0.17630196150113497,0.23426458695763935,ar_gaussian,mismatch_relative,32,after,equal512,COMPLETE,markov_stationary
0.07786778431485664,0.04348192417317799,0.0600777620447632,ar_gaussian,estimation_square,32,after,equal512,COMPLETE,markov_stationary
0.19320754063733725,0.14703845463398257,0.16985814454339526,ar_gaussian,mismatch_square,32,after,equal512,COMPLETE,markov_stationary
-0.11508130887523063,-0.1935290176915486,-0.15293901079865543,ar_gaussian,cross_term,32,after,equal512,COMPLETE,markov_stationary
2.064837003872449,1.8326385328691264,1.9459215282615723,ar_gaussian,conditional_es,32,after,equal512,COMPLETE,markov_stationary
0.125,0.125,0.125,ar_gaussian,hhi,32,after,equal512,COMPLETE,markov_stationary
-0.004872809416571527,-0.036719404010153514,-0.019395706889277036,ar_gaussian,latent_information_gap,32,after,equal512,COMPLETE,markov_stationary
0.2762295160587418,0.14092849283657752,0.20842204873842515,block_bootstrap,conditional_signed_relative_error,32,after,equal512,COMPLETE,markov_stationary
0.18891717049986448,0.1383095394849419,0.16361710978878308,block_bootstrap,conditional_squared_relative_error,32,after,equal512,COMPLETE,markov_stationary
0.02342067516906239,-0.05978891524601386,-0.018596332876442533,block_bootstrap,marginal_signed_relative_error,32,after,equal512,COMPLETE,markov_stationary
0.02336297123232228,0.011680084425799531,0.017190788796360844,block_bootstrap,marginal_squared_relative_error,32,after,equal512,COMPLETE,markov_stationary
0.027584072206979664,-0.08006402699285245,-0.025842538219214166,block_bootstrap,estimation_relative,32,after,equal512,COMPLETE,markov_stationary
0.29053250115732115,0.17630196150113497,0.23426458695763935,block_bootstrap,mismatch_relative,32,after,equal512,COMPLETE,markov_stationary
0.042563984710481,0.018284841256334877,0.029430256596741516,block_bootstrap,estimation_square,32,after,equal512,COMPLETE,markov_stationary
0.19320754063733725,0.14703845463398257,0.16985814454339526,block_bootstrap,mismatch_square,32,after,equal512,COMPLETE,markov_stationary
0.0048174009496207365,-0.0800453839072242,-0.035671291351353676,block_bootstrap,cross_term,32,after,equal512,COMPLETE,markov_stationary
2.064837003872449,1.8326385328691264,1.9459215282615723,block_bootstrap,conditional_es,32,after,equal512,COMPLETE,markov_stationary
0.125,0.125,0.125,block_bootstrap,hhi,32,after,equal512,COMPLETE,markov_stationary
-0.004872809416571527,-0.036719404010153514,-0.019395706889277036,block_bootstrap,latent_information_gap,32,after,equal512,COMPLETE,markov_stationary
0.06658304726530971,-0.06809671903814904,-0.004390105672496335,ewma_gaussian,conditional_signed_relative_error,32,after,equal512,COMPLETE,markov_stationary
0.22512407431453157,0.06785909046673624,0.13222570871911177,ewma_gaussian,conditional_squared_relative_error,32,after,equal512,COMPLETE,markov_stationary
-0.11876853614080715,-0.21061157130044514,-0.16654479929912644,ewma_gaussian,marginal_signed_relative_error,32,after,equal512,COMPLETE,markov_stationary
0.13799657795730033,0.07116724984863616,0.10049276041301809,ewma_gaussian,marginal_squared_relative_error,32,after,equal512,COMPLETE,markov_stationary
-0.18531460861483653,-0.29056123800899203,-0.23865469263013567,ewma_gaussian,estimation_relative,32,after,equal512,COMPLETE,markov_stationary
0.29053250115732115,0.17630196150113497,0.23426458695763935,ewma_gaussian,mismatch_relative,32,after,equal512,COMPLETE,markov_stationary
0.23504169421051513,0.11135153974264898,0.16245699211125708,ewma_gaussian,estimation_square,32,after,equal512,COMPLETE,markov_stationary
0.19320754063733725,0.14703845463398257,0.16985814454339526,ewma_gaussian,mismatch_square,32,after,equal512,COMPLETE,markov_stationary
-0.1555693843761958,-0.2453832794052818,-0.20008942793554052,ewma_gaussian,cross_term,32,after,equal512,COMPLETE,markov_stationary
2.064837003872449,1.8326385328691264,1.9459215282615723,ewma_gaussian,conditional_es,32,after,equal512,COMPLETE,markov_stationary
0.125,0.125,0.125,ewma_gaussian,hhi,32,after,equal512,COMPLETE,markov_stationary
-0.004872809416571527,-0.036719404010153514,-0.019395706889277036,ewma_gaussian,latent_information_gap,32,after,equal512,COMPLETE,markov_stationary
0.07007756113949812,-0.02126344079452927,0.02464313367181128,gaussian_iid,conditional_signed_relative_error,32,after,equal512,COMPLETE,markov_stationary
0.09847674959564098,0.057276497464000896,0.07749182808119229,gaussian_iid,conditional_squared_relative_error,32,after,equal512,COMPLETE,markov_stationary
-0.13991867808643957,-0.1921413446222715,-0.16617074651335212,gaussian_iid,marginal_signed_relative_error,32,after,equal512,COMPLETE,markov_stationary
0.04274386268204413,0.025574575834179606,0.03401939400939989,gaussian_iid,marginal_squared_relative_error,32,after,equal512,COMPLETE,markov_stationary
-0.1731310398523842,-0.2469153511500559,-0.20962145328582804,gaussian_iid,estimation_relative,32,after,equal512,COMPLETE,markov_stationary
0.29053250115732115,0.17630196150113497,0.23426458695763935,gaussian_iid,mismatch_relative,32,after,equal512,COMPLETE,markov_stationary
0.078098626081166,0.04308566385767973,0.06008108998162137,gaussian_iid,estimation_square,32,after,equal512,COMPLETE,markov_stationary
0.19320754063733725,0.14703845463398257,0.16985814454339526,gaussian_iid,mismatch_square,32,after,equal512,COMPLETE,markov_stationary
-0.11394734302465642,-0.19370257977535787,-0.15244740644382432,gaussian_iid,cross_term,32,after,equal512,COMPLETE,markov_stationary
2.064837003872449,1.8326385328691264,1.9459215282615723,gaussian_iid,conditional_es,32,after,equal512,COMPLETE,markov_stationary
0.125,0.125,0.125,gaussian_iid,hhi,32,after,equal512,COMPLETE,markov_stationary
-0.004872809416571527,-0.036719404010153514,-0.019395706889277036,gaussian_iid,latent_information_gap,32,after,equal512,COMPLETE,markov_stationary
0.2812572158037419,0.14727335011108147,0.21394435003058132,hac,conditional_signed_relative_error,32,after,equal512,COMPLETE,markov_stationary
0.19049282053060204,0.1410577845142362,0.1655765786275135,hac,conditional_squared_relative_error,32,after,equal512,COMPLETE,markov_stationary
0.030070009757516985,-0.05541953390642409,-0.013285048277250563,hac,marginal_signed_relative_error,32,after,equal512,COMPLETE,markov_stationary
0.024101288604866454,0.011178670940036285,0.01723048389825837,hac,marginal_squared_relative_error,32,after,equal512,COMPLETE,markov_stationary
0.0343996473244224,-0.07493753217764298,-0.020320236927057977,hac,estimation_relative,32,after,equal512,COMPLETE,markov_stationary
0.29053250115732115,0.17630196150113497,0.23426458695763935,hac,mismatch_relative,32,after,equal512,COMPLETE,markov_stationary
0.04290058002638961,0.017915419574210383,0.029414325743658532,hac,estimation_square,32,after,equal512,COMPLETE,markov_stationary
0.19320754063733725,0.14703845463398257,0.16985814454339526,hac,mismatch_square,32,after,equal512,COMPLETE,markov_stationary
0.0062941444576096696,-0.0777687269888985,-0.033695891659540275,hac,cross_term,32,after,equal512,COMPLETE,markov_stationary
2.064837003872449,1.8326385328691264,1.9459215282615723,hac,conditional_es,32,after,equal512,COMPLETE,markov_stationary
0.125,0.125,0.125,hac,hhi,32,after,equal512,COMPLETE,markov_stationary
-0.004872809416571527,-0.036719404010153514,-0.019395706889277036,hac,latent_information_gap,32,after,equal512,COMPLETE,markov_stationary
0.26672498311608484,0.1372585529566169,0.20187882659490852,iid_oic,conditional_signed_relative_error,32,after,equal512,COMPLETE,markov_stationary
0.1790237740149013,0.1337120592043428,0.15668674121265294,iid_oic,conditional_squared_relative_error,32,after,equal512,COMPLETE,markov_stationary
0.017878995637320438,-0.06319731305185956,-0.022989929099945405,iid_oic,marginal_signed_relative_error,32,after,equal512,COMPLETE,markov_stationary
0.022186538530475114,0.010527991672183884,0.01607502136671462,iid_oic,marginal_squared_relative_error,32,after,equal512,COMPLETE,markov_stationary
0.019318767016065806,-0.0851157603829537,-0.0323857603627308,iid_oic,estimation_relative,32,after,equal512,COMPLETE,markov_stationary
0.29053250115732115,0.17630196150113497,0.23426458695763935,iid_oic,mismatch_relative,32,after,equal512,COMPLETE,markov_stationary
0.041059717656362786,0.01673802991506795,0.02784651206826998,iid_oic,estimation_square,32,after,equal512,COMPLETE,markov_stationary
0.19320754063733725,0.14703845463398257,0.16985814454339526,iid_oic,mismatch_square,32,after,equal512,COMPLETE,markov_stationary
-0.001641821657777874,-0.08456489508077722,-0.04101791539901227,iid_oic,cross_term,32,after,equal512,COMPLETE,markov_stationary
2.064837003872449,1.8326385328691264,1.9459215282615723,iid_oic,conditional_es,32,after,equal512,COMPLETE,markov_stationary
0.125,0.125,0.125,iid_oic,hhi,32,after,equal512,COMPLETE,markov_stationary
-0.004872809416571527,-0.036719404010153514,-0.019395706889277036,iid_oic,latent_information_gap,32,after,equal512,COMPLETE,markov_stationary
0.2520858809857707,0.12572882954638404,0.18904979917845532,raw,conditional_signed_relative_error,32,after,equal512,COMPLETE,markov_stationary
0.1697824092233928,0.1266988951006992,0.14857824018904237,raw,conditional_squared_relative_error,32,after,equal512,COMPLETE,markov_stationary
0.005986780673226247,-0.07257188814111974,-0.03345202997737715,raw,marginal_signed_relative_error,32,after,equal512,COMPLETE,markov_stationary
0.021796681398381437,0.010170776063507247,0.01569985607550865,raw,marginal_squared_relative_error,32,after,equal512,COMPLETE,markov_stationary
0.004627569930959062,-0.09625412132707253,-0.045214787779184,raw,estimation_relative,32,after,equal512,COMPLETE,markov_stationary
0.29053250115732115,0.17630196150113497,0.23426458695763935,raw,mismatch_relative,32,after,equal512,COMPLETE,markov_stationary
0.04113656954176184,0.01612376321983798,0.027503871014148414,raw,estimation_square,32,after,equal512,COMPLETE,markov_stationary
0.19320754063733725,0.14703845463398257,0.16985814454339526,raw,mismatch_square,32,after,equal512,COMPLETE,markov_stationary
-0.009746914127093975,-0.09231706218751176,-0.04878377536850129,raw,cross_term,32,after,equal512,COMPLETE,markov_stationary
2.064837003872449,1.8326385328691264,1.9459215282615723,raw,conditional_es,32,after,equal512,COMPLETE,markov_stationary
0.125,0.125,0.125,raw,hhi,32,after,equal512,COMPLETE,markov_stationary
-0.004872809416571527,-0.036719404010153514,-0.019395706889277036,raw,latent_information_gap,32,after,equal512,COMPLETE,markov_stationary
0.06844698746479598,-0.005555568770400083,0.03172347191975047,ar_gaussian,conditional_signed_relative_error,32,all,older256,COMPLETE,markov_stationary
0.1219501675143787,0.08569177408763402,0.10329213539969524,ar_gaussian,conditional_squared_relative_error,32,all,older256,COMPLETE,markov_stationary
-0.14487592863830268,-0.20085330347892635,-0.17309679377719905,ar_gaussian,marginal_signed_relative_error,32,all,older256,COMPLETE,markov_stationary
0.048425059956950324,0.029344667748584234,0.038738353840449304,ar_gaussian,marginal_squared_relative_error,32,all,older256,COMPLETE,markov_stationary
-0.18057557921232376,-0.26163374446092974,-0.22088485679970432,ar_gaussian,estimation_relative,32,all,older256,COMPLETE,markov_stationary
0.2989206172481682,0.20760008831624877,0.2526083287194548,ar_gaussian,mismatch_relative,32,all,older256,COMPLETE,markov_stationary
0.09218297634920998,0.05134342175885089,0.07100875957149683,ar_gaussian,estimation_square,32,all,older256,COMPLETE,markov_stationary
0.23241163082301408,0.18885825288664734,0.2100837079070672,ar_gaussian,mismatch_square,32,all,older256,COMPLETE,markov_stationary
-0.1339347491472242,-0.22542584328888518,-0.17780033207886875,ar_gaussian,cross_term,32,all,older256,COMPLETE,markov_stationary
2.034401344295591,1.8607424985749592,1.9454257200324805,ar_gaussian,conditional_es,32,all,older256,COMPLETE,markov_stationary
0.28198900806204646,0.2648141325686068,0.27355992081040625,ar_gaussian,hhi,32,all,older256,COMPLETE,markov_stationary
-0.002910572682330325,-0.026336879034428343,-0.014835081268097487,ar_gaussian,latent_information_gap,32,all,older256,COMPLETE,markov_stationary
0.2901224959108298,0.16652210414968627,0.22766158078959314,blocked_holdout,conditional_signed_relative_error,32,all,older256,COMPLETE,markov_stationary
0.3294205881407629,0.21189296504459926,0.2658820888924496,blocked_holdout,conditional_squared_relative_error,32,all,older256,COMPLETE,markov_stationary
0.024828387641572053,-0.06532026329171846,-0.020625403021342456,blocked_holdout,marginal_signed_relative_error,32,all,older256,COMPLETE,markov_stationary
0.04826747364288503,0.028885511889238148,0.0379037123740872,blocked_holdout,marginal_squared_relative_error,32,all,older256,COMPLETE,markov_stationary
0.03750978223019773,-0.08645750128259717,-0.024946747929861617,blocked_holdout,estimation_relative,32,all,older256,COMPLETE,markov_stationary
0.2989206172481682,0.20760008831624877,0.2526083287194548,blocked_holdout,mismatch_relative,32,all,older256,COMPLETE,markov_stationary
0.09749011219813077,0.05319002824010777,0.07310690383087216,blocked_holdout,estimation_square,32,all,older256,COMPLETE,markov_stationary
0.23241163082301408,0.18885825288664734,0.2100837079070672,blocked_holdout,mismatch_square,32,all,older256,COMPLETE,markov_stationary
0.03970774261162716,-0.07500386357963347,-0.01730852284548979,blocked_holdout,cross_term,32,all,older256,COMPLETE,markov_stationary
2.034401344295591,1.8607424985749592,1.9454257200324805,blocked_holdout,conditional_es,32,all,older256,COMPLETE,markov_stationary
0.28198900806204646,0.2648141325686068,0.27355992081040625,blocked_holdout,hhi,32,all,older256,COMPLETE,markov_stationary
-0.002910572682330325,-0.026336879034428343,-0.014835081268097487,blocked_holdout,latent_information_gap,32,all,older256,COMPLETE,markov_stationary
0.2966356712987056,0.17074560167600036,0.23310884756721922,chronological,conditional_signed_relative_error,32,all,older256,COMPLETE,markov_stationary
0.3370434130271528,0.21660059593599637,0.2715434740711582,chronological,conditional_squared_relative_error,32,all,older256,COMPLETE,markov_stationary
0.028899310615885805,-0.06336970734456983,-0.017656311080151074,chronological,marginal_signed_relative_error,32,all,older256,COMPLETE,markov_stationary
0.04813636821093994,0.02773300617928155,0.037236100629514594,chronological,marginal_squared_relative_error,32,all,older256,COMPLETE,markov_stationary
0.0438643447473196,-0.0818834450980656,-0.01949948115223557,chronological,estimation_relative,32,all,older256,COMPLETE,markov_stationary
0.2989206172481682,0.20760008831624877,0.2526083287194548,chronological,mismatch_relative,32,all,older256,COMPLETE,markov_stationary
0.0990065732781119,0.050988108971362425,0.07257577690007191,chronological,estimation_square,32,all,older256,COMPLETE,markov_stationary
0.23241163082301408,0.18885825288664734,0.2100837079070672,chronological,mismatch_square,32,all,older256,COMPLETE,markov_stationary
0.047616905222471174,-0.07044363254947834,-0.011116010735980926,chronological,cross_term,32,all,older256,COMPLETE,markov_stationary
2.034401344295591,1.8607424985749592,1.9454257200324805,chronological,conditional_es,32,all,older256,COMPLETE,markov_stationary
0.28198900806204646,0.2648141325686068,0.27355992081040625,chronological,hhi,32,all,older256,COMPLETE,markov_stationary
-0.002910572682330325,-0.026336879034428343,-0.014835081268097487,chronological,latent_information_gap,32,all,older256,COMPLETE,markov_stationary
0.08488507442181803,-0.010021353552280907,0.03432794534382344,ewma_gaussian,conditional_signed_relative_error,32,all,older256,COMPLETE,markov_stationary
0.23835438801948453,0.10223539046473673,0.16166194556154173,ewma_gaussian,conditional_squared_relative_error,32,all,older256,COMPLETE,markov_stationary
-0.09110028117701142,-0.15715386021837732,-0.12446670136879212,ewma_gaussian,marginal_signed_relative_error,32,all,older256,COMPLETE,markov_stationary
0.16713259363958294,0.10326757728179008,0.13443070039502425,ewma_gaussian,marginal_squared_relative_error,32,all,older256,COMPLETE,markov_stationary
-0.18346177254087861,-0.25236711518511695,-0.21828038337563138,ewma_gaussian,estimation_relative,32,all,older256,COMPLETE,markov_stationary
0.2989206172481682,0.20760008831624877,0.2526083287194548,ewma_gaussian,mismatch_relative,32,all,older256,COMPLETE,markov_stationary
0.24625959828161148,0.14032764447142795,0.18687761727873772,ewma_gaussian,estimation_square,32,all,older256,COMPLETE,markov_stationary
0.23241163082301408,0.18885825288664734,0.2100837079070672,ewma_gaussian,mismatch_square,32,all,older256,COMPLETE,markov_stationary
-0.19519599536570814,-0.2741739042789584,-0.23529937962426317,ewma_gaussian,cross_term,32,all,older256,COMPLETE,markov_stationary
2.034401344295591,1.8607424985749592,1.9454257200324805,ewma_gaussian,conditional_es,32,all,older256,COMPLETE,markov_stationary
0.28198900806204646,0.2648141325686068,0.27355992081040625,ewma_gaussian,hhi,32,all,older256,COMPLETE,markov_stationary
-0.002910572682330325,-0.026336879034428343,-0.014835081268097487,ewma_gaussian,latent_information_gap,32,all,older256,COMPLETE,markov_stationary
0.07248374603970689,-0.0017595904798801856,0.035409114266241395,gaussian_iid,conditional_signed_relative_error,32,all,older256,COMPLETE,markov_stationary
0.12274926177825976,0.08610933521723785,0.10394604371623621,gaussian_iid,conditional_squared_relative_error,32,all,older256,COMPLETE,markov_stationary
-0.14081351483723314,-0.19711530063015356,-0.16945927792284518,gaussian_iid,marginal_signed_relative_error,32,all,older256,COMPLETE,markov_stationary
0.04687080296044536,0.02788188791610742,0.03722763183110593,gaussian_iid,marginal_squared_relative_error,32,all,older256,COMPLETE,markov_stationary
-0.17627783133192382,-0.2584439183357988,-0.2171992144532134,gaussian_iid,estimation_relative,32,all,older256,COMPLETE,markov_stationary
0.2989206172481682,0.20760008831624877,0.2526083287194548,gaussian_iid,mismatch_relative,32,all,older256,COMPLETE,markov_stationary
0.09105588424514253,0.04966749595870235,0.06953685034581632,gaussian_iid,estimation_square,32,all,older256,COMPLETE,markov_stationary
0.23241163082301408,0.18885825288664734,0.2100837079070672,gaussian_iid,mismatch_square,32,all,older256,COMPLETE,markov_stationary
-0.13090491371144589,-0.2244532145055983,-0.17567451453664729,gaussian_iid,cross_term,32,all,older256,COMPLETE,markov_stationary
2.034401344295591,1.8607424985749592,1.9454257200324805,gaussian_iid,conditional_es,32,all,older256,COMPLETE,markov_stationary
0.28198900806204646,0.2648141325686068,0.27355992081040625,gaussian_iid,hhi,32,all,older256,COMPLETE,markov_stationary
-0.002910572682330325,-0.026336879034428343,-0.014835081268097487,gaussian_iid,latent_information_gap,32,all,older256,COMPLETE,markov_stationary
0.22576993721517025,0.11459810892658552,0.17217571098363166,hac,conditional_signed_relative_error,32,all,older256,COMPLETE,markov_stationary
0.19754738166920335,0.15354057938870672,0.17556959714937412,hac,conditional_squared_relative_error,32,all,older256,COMPLETE,markov_stationary
-0.008501339724314097,-0.09520041888924247,-0.05098123462483285,hac,marginal_signed_relative_error,32,all,older256,COMPLETE,markov_stationary
0.05328142718691486,0.03631363591027341,0.044395769939302915,hac,marginal_squared_relative_error,32,all,older256,COMPLETE,markov_stationary
-0.02604356146035251,-0.13760847489959174,-0.0804326177358231,hac,estimation_relative,32,all,older256,COMPLETE,markov_stationary
0.2989206172481682,0.20760008831624877,0.2526083287194548,hac,mismatch_relative,32,all,older256,COMPLETE,markov_stationary
0.10066563943439696,0.06324884438402566,0.0802941501826909,hac,estimation_square,32,all,older256,COMPLETE,markov_stationary
0.23241163082301408,0.18885825288664734,0.2100837079070672,hac,mismatch_square,32,all,older256,COMPLETE,markov_stationary
-0.06677118969207553,-0.16792348065890178,-0.11480826094038396,hac,cross_term,32,all,older256,COMPLETE,markov_stationary
2.034401344295591,1.8607424985749592,1.9454257200324805,hac,conditional_es,32,all,older256,COMPLETE,markov_stationary
0.28198900806204646,0.2648141325686068,0.27355992081040625,hac,hhi,32,all,older256,COMPLETE,markov_stationary
-0.002910572682330325,-0.026336879034428343,-0.014835081268097487,hac,latent_information_gap,32,all,older256,COMPLETE,markov_stationary
0.22288852524936265,0.11224044359032202,0.16972325982541586,iid_oic,conditional_signed_relative_error,32,all,older256,COMPLETE,markov_stationary
0.19469958153947187,0.15178498527773648,0.17339371302296097,iid_oic,conditional_squared_relative_error,32,all,older256,COMPLETE,markov_stationary
-0.01080690238422745,-0.09756006749911238,-0.05328543749295324,iid_oic,marginal_signed_relative_error,32,all,older256,COMPLETE,markov_stationary
0.05237064518061385,0.035507231167524446,0.04351557551866864,iid_oic,marginal_squared_relative_error,32,all,older256,COMPLETE,markov_stationary
-0.028765292034736843,-0.14002090217398078,-0.08288506889403893,iid_oic,estimation_relative,32,all,older256,COMPLETE,markov_stationary
0.2989206172481682,0.20760008831624877,0.2526083287194548,iid_oic,mismatch_relative,32,all,older256,COMPLETE,markov_stationary
0.09965831834012152,0.06207905528277696,0.07919798772423954,iid_oic,estimation_square,32,all,older256,COMPLETE,markov_stationary
0.23241163082301408,0.18885825288664734,0.2100837079070672,iid_oic,mismatch_square,32,all,older256,COMPLETE,markov_stationary
-0.06831386048014235,-0.16869793088018634,-0.11588798260834574,iid_oic,cross_term,32,all,older256,COMPLETE,markov_stationary
2.034401344295591,1.8607424985749592,1.9454257200324805,iid_oic,conditional_es,32,all,older256,COMPLETE,markov_stationary
0.28198900806204646,0.2648141325686068,0.27355992081040625,iid_oic,hhi,32,all,older256,COMPLETE,markov_stationary
-0.002910572682330325,-0.026336879034428343,-0.014835081268097487,iid_oic,latent_information_gap,32,all,older256,COMPLETE,markov_stationary
0.0833170766433435,-0.009702266829170924,0.03846744230078068,raw,conditional_signed_relative_error,32,all,older256,COMPLETE,markov_stationary
0.12693722164896715,0.09248144205092163,0.10965952052538855,raw,conditional_squared_relative_error,32,all,older256,COMPLETE,markov_stationary
-0.1234223406141321,-0.19734618696296155,-0.1601240846390395,raw,marginal_signed_relative_error,32,all,older256,COMPLETE,markov_stationary
0.06653756915862011,0.041823414900601236,0.053841753092277775,raw,marginal_squared_relative_error,32,all,older256,COMPLETE,markov_stationary
-0.165311187982601,-0.2651124370607302,-0.21414088641867413,raw,estimation_relative,32,all,older256,COMPLETE,markov_stationary
0.2989206172481682,0.20760008831624877,0.2526083287194548,raw,mismatch_relative,32,all,older256,COMPLETE,markov_stationary
0.13512516929640045,0.07867607918103925,0.10510795058806344,raw,estimation_square,32,all,older256,COMPLETE,markov_stationary
0.23241163082301408,0.18885825288664734,0.2100837079070672,raw,mismatch_square,32,all,older256,COMPLETE,markov_stationary
-0.15517495677636942,-0.2621807678055472,-0.20553213796974207,raw,cross_term,32,all,older256,COMPLETE,markov_stationary
2.034401344295591,1.8607424985749592,1.9454257200324805,raw,conditional_es,32,all,older256,COMPLETE,markov_stationary
0.28198900806204646,0.2648141325686068,0.27355992081040625,raw,hhi,32,all,older256,COMPLETE,markov_stationary
-0.002910572682330325,-0.026336879034428343,-0.014835081268097487,raw,latent_information_gap,32,all,older256,COMPLETE,markov_stationary
0.09134526025314647,-0.007682207745786744,0.042473382874428416,ar_gaussian,conditional_signed_relative_error,32,before,older256,COMPLETE,markov_stationary
0.1516705297396481,0.0889772565246774,0.1187151616625341,ar_gaussian,conditional_squared_relative_error,32,before,older256,COMPLETE,markov_stationary
-0.12621905690823876,-0.18803187526818865,-0.15740267854064427,ar_gaussian,marginal_signed_relative_error,32,before,older256,COMPLETE,markov_stationary
0.04420734943193166,0.025067419172746134,0.03447792660852516,ar_gaussian,marginal_squared_relative_error,32,before,older256,COMPLETE,markov_stationary
-0.15330127145749115,-0.24323732028090117,-0.198474133685898,ar_gaussian,estimation_relative,32,before,older256,COMPLETE,markov_stationary
0.30020821773751655,0.1796384448002713,0.24094751656032645,ar_gaussian,mismatch_relative,32,before,older256,COMPLETE,markov_stationary
0.08323910728657966,0.04212698910116121,0.06205703158633848,ar_gaussian,estimation_square,32,before,older256,COMPLETE,markov_stationary
0.23998916952207477,0.18453173812364168,0.21213273400510885,ar_gaussian,mismatch_square,32,before,older256,COMPLETE,markov_stationary
-0.10807617962898873,-0.2055756840999466,-0.1554746039289132,ar_gaussian,cross_term,32,before,older256,COMPLETE,markov_stationary
2.1116368249696715,1.8618876352554345,1.9835354327963757,ar_gaussian,conditional_es,32,before,older256,COMPLETE,markov_stationary
0.2865013179415877,0.26023475892771714,0.27290678027788007,ar_gaussian,hhi,32,before,older256,COMPLETE,markov_stationary
0.009225603020474458,-0.022324703400404336,-0.008160715390033704,ar_gaussian,latent_information_gap,32,before,older256,COMPLETE,markov_stationary
0.3581016099447491,0.17698790555211852,0.26600039869789494,blocked_holdout,conditional_signed_relative_error,32,before,older256,COMPLETE,markov_stationary
0.4683516299522519,0.23596971656196983,0.34021444570831305,blocked_holdout,conditional_squared_relative_error,32,before,older256,COMPLETE,markov_stationary
0.08662519422816269,-0.04731010809229226,0.01861011989693966,blocked_holdout,marginal_signed_relative_error,32,before,older256,COMPLETE,markov_stationary
0.07364464543084126,0.034130184768179264,0.052048761843065984,blocked_holdout,marginal_squared_relative_error,32,before,older256,COMPLETE,markov_stationary
0.11837146839200921,-0.06454194400002279,0.025052882137568486,blocked_holdout,estimation_relative,32,before,older256,COMPLETE,markov_stationary
0.30020821773751655,0.1796384448002713,0.24094751656032645,blocked_holdout,mismatch_relative,32,before,older256,COMPLETE,markov_stationary
0.1530678032689282,0.06332209021238729,0.10295615295653977,blocked_holdout,estimation_square,32,before,older256,COMPLETE,markov_stationary
0.23998916952207477,0.18453173812364168,0.21213273400510885,blocked_holdout,mismatch_square,32,before,older256,COMPLETE,markov_stationary
0.11190613579150005,-0.05723965627210829,0.0251255587466644,blocked_holdout,cross_term,32,before,older256,COMPLETE,markov_stationary
2.1116368249696715,1.8618876352554345,1.9835354327963757,blocked_holdout,conditional_es,32,before,older256,COMPLETE,markov_stationary
0.2865013179415877,0.26023475892771714,0.27290678027788007,blocked_holdout,hhi,32,before,older256,COMPLETE,markov_stationary
0.009225603020474458,-0.022324703400404336,-0.008160715390033704,blocked_holdout,latent_information_gap,32,before,older256,COMPLETE,markov_stationary
0.35954939499735944,0.17901725138386732,0.2679756616860951,chronological,conditional_signed_relative_error,32,before,older256,COMPLETE,markov_stationary
0.4693027216154114,0.24239919487777245,0.3449503534922298,chronological,conditional_squared_relative_error,32,before,older256,COMPLETE,markov_stationary
0.08494633961229976,-0.04657368826490283,0.01833320924675247,chronological,marginal_signed_relative_error,32,before,older256,COMPLETE,markov_stationary
0.07250962606854548,0.03371356080662834,0.051379036477994966,chronological,marginal_squared_relative_error,32,before,older256,COMPLETE,markov_stationary
0.11800992028146316,-0.061203027505937285,0.027028145125768652,chronological,estimation_relative,32,before,older256,COMPLETE,markov_stationary
0.30020821773751655,0.1796384448002713,0.24094751656032645,chronological,mismatch_relative,32,before,older256,COMPLETE,markov_stationary
0.15366055075651577,0.06350666223061074,0.10345252654911666,chronological,estimation_square,32,before,older256,COMPLETE,markov_stationary
0.23998916952207477,0.18453173812364168,0.21213273400510885,chronological,mismatch_square,32,before,older256,COMPLETE,markov_stationary
0.11465249792441644,-0.05183861129314149,0.029365092938004267,chronological,cross_term,32,before,older256,COMPLETE,markov_stationary
2.1116368249696715,1.8618876352554345,1.9835354327963757,chronological,conditional_es,32,before,older256,COMPLETE,markov_stationary
0.2865013179415877,0.26023475892771714,0.27290678027788007,chronological,hhi,32,before,older256,COMPLETE,markov_stationary
0.009225603020474458,-0.022324703400404336,-0.008160715390033704,chronological,latent_information_gap,32,before,older256,COMPLETE,markov_stationary
0.12031154771239314,-0.007720025617245592,0.0563949535467584,ewma_gaussian,conditional_signed_relative_error,32,before,older256,COMPLETE,markov_stationary
0.21869470993270834,0.09204160992054182,0.14840489884630798,ewma_gaussian,conditional_squared_relative_error,32,before,older256,COMPLETE,markov_stationary
-0.028196736980240358,-0.12401874593254844,-0.07711104197044544,ewma_gaussian,marginal_signed_relative_error,32,before,older256,COMPLETE,markov_stationary
0.2148252070354599,0.10904200809245017,0.15890330500114425,ewma_gaussian,marginal_squared_relative_error,32,before,older256,COMPLETE,markov_stationary
-0.1430212703879727,-0.228731948944213,-0.18455256301356804,ewma_gaussian,estimation_relative,32,before,older256,COMPLETE,markov_stationary
0.30020821773751655,0.1796384448002713,0.24094751656032645,ewma_gaussian,mismatch_relative,32,before,older256,COMPLETE,markov_stationary
0.2230255847363058,0.13716459950367257,0.17736291130974075,ewma_gaussian,estimation_square,32,before,older256,COMPLETE,markov_stationary
0.23998916952207477,0.18453173812364168,0.21213273400510885,ewma_gaussian,mismatch_square,32,before,older256,COMPLETE,markov_stationary
-0.19310835604648924,-0.29026809812684895,-0.24109074646854162,ewma_gaussian,cross_term,32,before,older256,COMPLETE,markov_stationary
2.1116368249696715,1.8618876352554345,1.9835354327963757,ewma_gaussian,conditional_es,32,before,older256,COMPLETE,markov_stationary
0.2865013179415877,0.26023475892771714,0.27290678027788007,ewma_gaussian,hhi,32,before,older256,COMPLETE,markov_stationary
0.009225603020474458,-0.022324703400404336,-0.008160715390033704,ewma_gaussian,latent_information_gap,32,before,older256,COMPLETE,markov_stationary
0.09765702462588996,-0.00035471946315371593,0.049367018508721175,gaussian_iid,conditional_signed_relative_error,32,before,older256,COMPLETE,markov_stationary
0.1530400890324058,0.09077534192008804,0.12045409456704571,gaussian_iid,conditional_squared_relative_error,32,before,older256,COMPLETE,markov_stationary
-0.12073811558994378,-0.1816324291763645,-0.15140376520390375,gaussian_iid,marginal_signed_relative_error,32,before,older256,COMPLETE,markov_stationary
0.04121890853746655,0.022829878035831298,0.03185724483455138,gaussian_iid,marginal_squared_relative_error,32,before,older256,COMPLETE,markov_stationary
-0.14680792117923375,-0.23638862579695302,-0.19158049805160526,gaussian_iid,estimation_relative,32,before,older256,COMPLETE,markov_stationary
0.30020821773751655,0.1796384448002713,0.24094751656032645,gaussian_iid,mismatch_relative,32,before,older256,COMPLETE,markov_stationary
0.07915111316201726,0.039179292356977,0.0585460077448264,gaussian_iid,estimation_square,32,before,older256,COMPLETE,markov_stationary
0.23998916952207477,0.18453173812364168,0.21213273400510885,gaussian_iid,mismatch_square,32,before,older256,COMPLETE,markov_stationary
-0.10298449844954434,-0.20033296948292323,-0.15022464718288953,gaussian_iid,cross_term,32,before,older256,COMPLETE,markov_stationary
2.1116368249696715,1.8618876352554345,1.9835354327963757,gaussian_iid,conditional_es,32,before,older256,COMPLETE,markov_stationary
0.2865013179415877,0.26023475892771714,0.27290678027788007,gaussian_iid,hhi,32,before,older256,COMPLETE,markov_stationary
0.009225603020474458,-0.022324703400404336,-0.008160715390033704,gaussian_iid,latent_information_gap,32,before,older256,COMPLETE,markov_stationary
0.21131063261005162,0.07041003117415194,0.14283265021900382,hac,conditional_signed_relative_error,32,before,older256,COMPLETE,markov_stationary
0.17888041497741278,0.12895628302800288,0.15426586554977062,hac,conditional_squared_relative_error,32,before,older256,COMPLETE,markov_stationary
-0.011757092312884939,-0.11385595906692948,-0.06185309083701973,hac,marginal_signed_relative_error,32,before,older256,COMPLETE,markov_stationary
0.051052222219309634,0.030401341727639954,0.04014926118021778,hac,marginal_squared_relative_error,32,before,older256,COMPLETE,markov_stationary
-0.03586659288452775,-0.16404919066486823,-0.0981148663413226,hac,estimation_relative,32,before,older256,COMPLETE,markov_stationary
0.30020821773751655,0.1796384448002713,0.24094751656032645,hac,mismatch_relative,32,before,older256,COMPLETE,markov_stationary
0.09421110793559107,0.050220916829080156,0.07014546579166936,hac,estimation_square,32,before,older256,COMPLETE,markov_stationary
0.23998916952207477,0.18453173812364168,0.21213273400510885,hac,mismatch_square,32,before,older256,COMPLETE,markov_stationary
-0.07387950394213316,-0.1887098891065846,-0.1280123342470076,hac,cross_term,32,before,older256,COMPLETE,markov_stationary
2.1116368249696715,1.8618876352554345,1.9835354327963757,hac,conditional_es,32,before,older256,COMPLETE,markov_stationary
0.2865013179415877,0.26023475892771714,0.27290678027788007,hac,hhi,32,before,older256,COMPLETE,markov_stationary
0.009225603020474458,-0.022324703400404336,-0.008160715390033704,hac,latent_information_gap,32,before,older256,COMPLETE,markov_stationary
0.20879288830707426,0.06970493642848578,0.14145957044027294,iid_oic,conditional_signed_relative_error,32,before,older256,COMPLETE,markov_stationary
0.1783350208598642,0.1279447728022042,0.15302707942981883,iid_oic,conditional_squared_relative_error,32,before,older256,COMPLETE,markov_stationary
-0.014941126847657521,-0.11447405596907667,-0.06346236744760526,iid_oic,marginal_signed_relative_error,32,before,older256,COMPLETE,markov_stationary
0.04975560044659242,0.029318842809322825,0.03895200878249093,iid_oic,marginal_squared_relative_error,32,before,older256,COMPLETE,markov_stationary
-0.03819901520419688,-0.16411990998534742,-0.09948794612005349,iid_oic,estimation_relative,32,before,older256,COMPLETE,markov_stationary
0.30020821773751655,0.1796384448002713,0.24094751656032645,iid_oic,mismatch_relative,32,before,older256,COMPLETE,markov_stationary
0.09209189861443393,0.04890088208566715,0.0685729391986381,iid_oic,estimation_square,32,before,older256,COMPLETE,markov_stationary
0.23998916952207477,0.18453173812364168,0.21213273400510885,iid_oic,mismatch_square,32,before,older256,COMPLETE,markov_stationary
-0.07346222502858223,-0.187877230070074,-0.12767859377392812,iid_oic,cross_term,32,before,older256,COMPLETE,markov_stationary
2.1116368249696715,1.8618876352554345,1.9835354327963757,iid_oic,conditional_es,32,before,older256,COMPLETE,markov_stationary
0.2865013179415877,0.26023475892771714,0.27290678027788007,iid_oic,hhi,32,before,older256,COMPLETE,markov_stationary
0.009225603020474458,-0.022324703400404336,-0.008160715390033704,iid_oic,latent_information_gap,32,before,older256,COMPLETE,markov_stationary
0.08050891241156288,-0.04219317847687277,0.021540119530182034,raw,conditional_signed_relative_error,32,before,older256,COMPLETE,markov_stationary
0.1315779824364369,0.08296387873698059,0.10595580044500487,raw,conditional_squared_relative_error,32,before,older256,COMPLETE,markov_stationary
-0.12309774277441084,-0.20762340108163005,-0.16468063841038028,raw,marginal_signed_relative_error,32,before,older256,COMPLETE,markov_stationary
0.06707121084648097,0.03866023844345417,0.052195799785299986,raw,marginal_squared_relative_error,32,before,older256,COMPLETE,markov_stationary
-0.16429705619104618,-0.27668328075212173,-0.2194073970301444,raw,estimation_relative,32,before,older256,COMPLETE,markov_stationary
0.30020821773751655,0.1796384448002713,0.24094751656032645,raw,mismatch_relative,32,before,older256,COMPLETE,markov_stationary
0.13307745947529392,0.07114209185016815,0.09966727578646908,raw,estimation_square,32,before,older256,COMPLETE,markov_stationary
0.23998916952207477,0.18453173812364168,0.21213273400510885,raw,mismatch_square,32,before,older256,COMPLETE,markov_stationary
-0.14894315355100968,-0.26905420512593836,-0.20584420934657305,raw,cross_term,32,before,older256,COMPLETE,markov_stationary
2.1116368249696715,1.8618876352554345,1.9835354327963757,raw,conditional_es,32,before,older256,COMPLETE,markov_stationary
0.2865013179415877,0.26023475892771714,0.27290678027788007,raw,hhi,32,before,older256,COMPLETE,markov_stationary
0.009225603020474458,-0.022324703400404336,-0.008160715390033704,raw,latent_information_gap,32,before,older256,COMPLETE,markov_stationary
0.07133944825372764,-0.029978794841947907,0.02097356096507253,ar_gaussian,conditional_signed_relative_error,32,after,older256,COMPLETE,markov_stationary
0.10998146946441358,0.06678468052253052,0.08786910913685639,ar_gaussian,conditional_squared_relative_error,32,after,older256,COMPLETE,markov_stationary
-0.16171565975596078,-0.21574781874333268,-0.1887909090137539,ar_gaussian,marginal_signed_relative_error,32,after,older256,COMPLETE,markov_stationary
0.05396103046327616,0.032705540186549704,0.042998781072373454,ar_gaussian,marginal_squared_relative_error,32,after,older256,COMPLETE,markov_stationary
-0.2037640529590668,-0.2841044904675222,-0.24329557991351064,ar_gaussian,estimation_relative,32,after,older256,COMPLETE,markov_stationary
0.3283343191605005,0.19882039540855842,0.2642691408785831,ar_gaussian,mismatch_relative,32,after,older256,COMPLETE,markov_stationary
0.1038123834044878,0.05795739912243948,0.07996048755665514,ar_gaussian,estimation_square,32,after,older256,COMPLETE,markov_stationary
0.24214970317967655,0.17563111497226638,0.2080346818090255,ar_gaussian,mismatch_square,32,after,older256,COMPLETE,markov_stationary
-0.149163737850055,-0.2555306107433567,-0.2001260602288243,ar_gaussian,cross_term,32,after,older256,COMPLETE,markov_stationary
2.025144745766335,1.7970348418676534,1.9073160072685853,ar_gaussian,conditional_es,32,after,older256,COMPLETE,markov_stationary
0.28530972924276304,0.2630363952745113,0.27421306134293244,ar_gaussian,hhi,32,after,older256,COMPLETE,markov_stationary
-0.005914091872243989,-0.03974855735090497,-0.021509447146161268,ar_gaussian,latent_information_gap,32,after,older256,COMPLETE,markov_stationary
0.27272211441449584,0.10667222260019105,0.1893227628812914,blocked_holdout,conditional_signed_relative_error,32,after,older256,COMPLETE,markov_stationary
0.24372229312593552,0.15128292695798343,0.1915497320765861,blocked_holdout,conditional_squared_relative_error,32,after,older256,COMPLETE,markov_stationary
-0.02282111908513818,-0.09708691364679599,-0.05986092593962457,blocked_holdout,marginal_signed_relative_error,32,after,older256,COMPLETE,markov_stationary
0.03060545984700448,0.01765891178722313,0.02375866290510842,blocked_holdout,marginal_squared_relative_error,32,after,older256,COMPLETE,markov_stationary
-0.025496672009853283,-0.12436355641478943,-0.07494637799729173,blocked_holdout,estimation_relative,32,after,older256,COMPLETE,markov_stationary
0.3283343191605005,0.19882039540855842,0.2642691408785831,blocked_holdout,mismatch_relative,32,after,older256,COMPLETE,markov_stationary
0.05765362526266526,0.03042657972660268,0.043257654705204554,blocked_holdout,estimation_square,32,after,older256,COMPLETE,markov_stationary
0.24214970317967655,0.17563111497226638,0.2080346818090255,blocked_holdout,mismatch_square,32,after,older256,COMPLETE,markov_stationary
-0.013202560801982729,-0.10550565754908708,-0.05974260443764398,blocked_holdout,cross_term,32,after,older256,COMPLETE,markov_stationary
2.025144745766335,1.7970348418676534,1.9073160072685853,blocked_holdout,conditional_es,32,after,older256,COMPLETE,markov_stationary
0.28530972924276304,0.2630363952745113,0.27421306134293244,blocked_holdout,hhi,32,after,older256,COMPLETE,markov_stationary
-0.005914091872243989,-0.03974855735090497,-0.021509447146161268,blocked_holdout,latent_information_gap,32,after,older256,COMPLETE,markov_stationary
0.2822438493812508,0.1144345537312047,0.19824203344834337,chronological,conditional_signed_relative_error,32,after,older256,COMPLETE,markov_stationary
0.24592037259777083,0.1587911797992667,0.1981365946500866,chronological,conditional_squared_relative_error,32,after,older256,COMPLETE,markov_stationary
-0.015036089953676855,-0.09229458490562537,-0.053645831407054624,chronological,marginal_signed_relative_error,32,after,older256,COMPLETE,markov_stationary
0.030148931114271936,0.016839156241769373,0.023093164781034226,chronological,marginal_squared_relative_error,32,after,older256,COMPLETE,markov_stationary
-0.01572914307573464,-0.11619490056464622,-0.06602710743023978,chronological,estimation_relative,32,after,older256,COMPLETE,markov_stationary
0.3283343191605005,0.19882039540855842,0.2642691408785831,chronological,mismatch_relative,32,after,older256,COMPLETE,markov_stationary
0.05639256582042631,0.028917125762105558,0.04169902725102716,chronological,estimation_square,32,after,older256,COMPLETE,markov_stationary
0.24214970317967655,0.17563111497226638,0.2080346818090255,chronological,mismatch_square,32,after,older256,COMPLETE,markov_stationary
-0.005005410400215084,-0.09801702242540229,-0.05159711440996611,chronological,cross_term,32,after,older256,COMPLETE,markov_stationary
2.025144745766335,1.7970348418676534,1.9073160072685853,chronological,conditional_es,32,after,older256,COMPLETE,markov_stationary
0.28530972924276304,0.2630363952745113,0.27421306134293244,chronological,hhi,32,after,older256,COMPLETE,markov_stationary
-0.005914091872243989,-0.03974855735090497,-0.021509447146161268,chronological,latent_information_gap,32,after,older256,COMPLETE,markov_stationary
0.09799798719496423,-0.06161109875703046,0.012260937140888477,ewma_gaussian,conditional_signed_relative_error,32,after,older256,COMPLETE,markov_stationary
0.31297012813662484,0.08098768532452155,0.1749189922767755,ewma_gaussian,conditional_squared_relative_error,32,after,older256,COMPLETE,markov_stationary
-0.1277256141548497,-0.21240444231646122,-0.1718223607671388,ewma_gaussian,marginal_signed_relative_error,32,after,older256,COMPLETE,markov_stationary
0.14955406008160368,0.07965438258034825,0.10995809578890425,ewma_gaussian,marginal_squared_relative_error,32,after,older256,COMPLETE,markov_stationary
-0.20045935510727791,-0.30018765500345007,-0.25200820373769467,ewma_gaussian,estimation_relative,32,after,older256,COMPLETE,markov_stationary
0.3283343191605005,0.19882039540855842,0.2642691408785831,ewma_gaussian,mismatch_relative,32,after,older256,COMPLETE,markov_stationary
0.29472311081074243,0.12967188017932524,0.19639232324773465,ewma_gaussian,estimation_square,32,after,older256,COMPLETE,markov_stationary
0.24214970317967655,0.17563111497226638,0.2080346818090255,ewma_gaussian,mismatch_square,32,after,older256,COMPLETE,markov_stationary
-0.16959821129521535,-0.28967073038653723,-0.22950801277998467,ewma_gaussian,cross_term,32,after,older256,COMPLETE,markov_stationary
2.025144745766335,1.7970348418676534,1.9073160072685853,ewma_gaussian,conditional_es,32,after,older256,COMPLETE,markov_stationary
0.28530972924276304,0.2630363952745113,0.27421306134293244,ewma_gaussian,hhi,32,after,older256,COMPLETE,markov_stationary
-0.005914091872243989,-0.03974855735090497,-0.021509447146161268,ewma_gaussian,latent_information_gap,32,after,older256,COMPLETE,markov_stationary
0.07261437270154629,-0.030097669209215614,0.021451210023761626,gaussian_iid,conditional_signed_relative_error,32,after,older256,COMPLETE,markov_stationary
0.10897931436686971,0.0669755842973792,0.08743799286542672,gaussian_iid,conditional_squared_relative_error,32,after,older256,COMPLETE,markov_stationary
-0.15950087345209155,-0.21529673703928034,-0.18751479064178656,gaussian_iid,marginal_signed_relative_error,32,after,older256,COMPLETE,markov_stationary
0.053538293079164016,0.032215882050413015,0.04259801882766048,gaussian_iid,marginal_squared_relative_error,32,after,older256,COMPLETE,markov_stationary
-0.2019568246192119,-0.2846989329351684,-0.24281793085482153,gaussian_iid,estimation_relative,32,after,older256,COMPLETE,markov_stationary
0.3283343191605005,0.19882039540855842,0.2642691408785831,gaussian_iid,mismatch_relative,32,after,older256,COMPLETE,markov_stationary
0.10557293814795973,0.05770797697233985,0.08052769294680623,gaussian_iid,estimation_square,32,after,older256,COMPLETE,markov_stationary
0.24214970317967655,0.17563111497226638,0.2080346818090255,gaussian_iid,mismatch_square,32,after,older256,COMPLETE,markov_stationary
-0.14956958990372413,-0.2577698314256622,-0.20112438189040505,gaussian_iid,cross_term,32,after,older256,COMPLETE,markov_stationary
2.025144745766335,1.7970348418676534,1.9073160072685853,gaussian_iid,conditional_es,32,after,older256,COMPLETE,markov_stationary
0.28530972924276304,0.2630363952745113,0.27421306134293244,gaussian_iid,hhi,32,after,older256,COMPLETE,markov_stationary
-0.005914091872243989,-0.03974855735090497,-0.021509447146161268,gaussian_iid,latent_information_gap,32,after,older256,COMPLETE,markov_stationary
0.27721515680989295,0.12493463306713518,0.20151877174825955,hac,conditional_signed_relative_error,32,after,older256,COMPLETE,markov_stationary
0.23290774073890894,0.16270719086104346,0.19687332874897767,hac,conditional_squared_relative_error,32,after,older256,COMPLETE,markov_stationary
0.021847583215949786,-0.10361764947915897,-0.040109378412645974,hac,marginal_signed_relative_error,32,after,older256,COMPLETE,markov_stationary
0.06495578454817287,0.034328801568979,0.04864227869838805,hac,marginal_squared_relative_error,32,after,older256,COMPLETE,markov_stationary
0.018168389190358698,-0.1474236985599703,-0.06275036913032361,hac,estimation_relative,32,after,older256,COMPLETE,markov_stationary
0.3283343191605005,0.19882039540855842,0.2642691408785831,hac,mismatch_relative,32,after,older256,COMPLETE,markov_stationary
0.12713903987820424,0.061031367879442425,0.09044283457371244,hac,estimation_square,32,after,older256,COMPLETE,markov_stationary
0.24214970317967655,0.17563111497226638,0.2080346818090255,hac,mismatch_square,32,after,older256,COMPLETE,markov_stationary
-0.027737897615720097,-0.18405172655959384,-0.10160418763376033,hac,cross_term,32,after,older256,COMPLETE,markov_stationary
2.025144745766335,1.7970348418676534,1.9073160072685853,hac,conditional_es,32,after,older256,COMPLETE,markov_stationary
0.28530972924276304,0.2630363952745113,0.27421306134293244,hac,hhi,32,after,older256,COMPLETE,markov_stationary
-0.005914091872243989,-0.03974855735090497,-0.021509447146161268,hac,latent_information_gap,32,after,older256,COMPLETE,markov_stationary
0.2742235587130611,0.12134259688960164,0.1979869492105588,iid_oic,conditional_signed_relative_error,32,after,older256,COMPLETE,markov_stationary
0.2276340464071476,0.16080180935695074,0.19376034661610314,iid_oic,conditional_squared_relative_error,32,after,older256,COMPLETE,markov_stationary
0.01884676353010741,-0.10622192977880539,-0.043108507538301206,iid_oic,marginal_signed_relative_error,32,after,older256,COMPLETE,markov_stationary
0.06420601631544084,0.03389490134549435,0.048079142254846344,iid_oic,marginal_squared_relative_error,32,after,older256,COMPLETE,markov_stationary
0.013755585839036698,-0.15005015467932775,-0.06628219166802438,iid_oic,estimation_relative,32,after,older256,COMPLETE,markov_stationary
0.3283343191605005,0.19882039540855842,0.2642691408785831,iid_oic,mismatch_relative,32,after,older256,COMPLETE,markov_stationary
0.12669851915957453,0.06049654971581862,0.08982303624984098,iid_oic,estimation_square,32,after,older256,COMPLETE,markov_stationary
0.24214970317967655,0.17563111497226638,0.2080346818090255,iid_oic,mismatch_square,32,after,older256,COMPLETE,markov_stationary
-0.030477058638750384,-0.18619425520847951,-0.10409737144276336,iid_oic,cross_term,32,after,older256,COMPLETE,markov_stationary
2.025144745766335,1.7970348418676534,1.9073160072685853,iid_oic,conditional_es,32,after,older256,COMPLETE,markov_stationary
0.28530972924276304,0.2630363952745113,0.27421306134293244,iid_oic,hhi,32,after,older256,COMPLETE,markov_stationary
-0.005914091872243989,-0.03974855735090497,-0.021509447146161268,iid_oic,latent_information_gap,32,after,older256,COMPLETE,markov_stationary
0.11767054313197821,-0.008746428264752425,0.055394765071379345,raw,conditional_signed_relative_error,32,after,older256,COMPLETE,markov_stationary
0.1357419879253167,0.09103891456086795,0.11336324060577224,raw,conditional_squared_relative_error,32,after,older256,COMPLETE,markov_stationary
-0.1037203877206563,-0.20865268065290607,-0.15556753086769876,raw,marginal_signed_relative_error,32,after,older256,COMPLETE,markov_stationary
0.0778408239429369,0.0360187226472569,0.05548770639925556,raw,marginal_squared_relative_error,32,after,older256,COMPLETE,markov_stationary
-0.13793297713655167,-0.2844620070171701,-0.2088743758072038,raw,estimation_relative,32,after,older256,COMPLETE,markov_stationary
0.3283343191605005,0.19882039540855842,0.2642691408785831,raw,mismatch_relative,32,after,older256,COMPLETE,markov_stationary
0.16121179166683813,0.06690887259771007,0.11054862538965782,raw,estimation_square,32,after,older256,COMPLETE,markov_stationary
0.24214970317967655,0.17563111497226638,0.2080346818090255,raw,mismatch_square,32,after,older256,COMPLETE,markov_stationary
-0.1264786643868198,-0.2935569159866375,-0.20522006659291112,raw,cross_term,32,after,older256,COMPLETE,markov_stationary
2.025144745766335,1.7970348418676534,1.9073160072685853,raw,conditional_es,32,after,older256,COMPLETE,markov_stationary
0.28530972924276304,0.2630363952745113,0.27421306134293244,raw,hhi,32,after,older256,COMPLETE,markov_stationary
-0.005914091872243989,-0.03974855735090497,-0.021509447146161268,raw,latent_information_gap,32,after,older256,COMPLETE,markov_stationary
-0.12108661872814738,-0.19162702099279658,-0.15646235400199882,ar_gaussian,conditional_signed_relative_error,32,all,full512,COMPLETE,markov_shift
0.14477317314456642,0.10816086681579726,0.1259743788697233,ar_gaussian,conditional_squared_relative_error,32,all,full512,COMPLETE,markov_shift
-0.16145288217823445,-0.20996366094970234,-0.18580101878421468,ar_gaussian,marginal_signed_relative_error,32,all,full512,COMPLETE,markov_shift
0.05081154596913722,0.032981688809222025,0.041809436773556655,ar_gaussian,marginal_squared_relative_error,32,all,full512,COMPLETE,markov_shift
-0.16583474325827774,-0.223594309919888,-0.19475419053354281,ar_gaussian,estimation_relative,32,all,full512,COMPLETE,markov_shift
0.07880105650089132,-0.001858689288297644,0.03829183653154398,ar_gaussian,mismatch_relative,32,all,full512,COMPLETE,markov_shift
0.06854562286419395,0.04042569617191474,0.054032553963095656,ar_gaussian,estimation_square,32,all,full512,COMPLETE,markov_shift
0.17131803520592412,0.13794812340160606,0.15420919891033374,ar_gaussian,mismatch_square,32,all,full512,COMPLETE,markov_shift
-0.057012568357379854,-0.10949777628157058,-0.08226737400370611,ar_gaussian,cross_term,32,all,full512,COMPLETE,markov_shift
2.504031638507755,2.339173409261964,2.422603423023379,ar_gaussian,conditional_es,32,all,full512,COMPLETE,markov_shift
0.26513670518367655,0.24554407209577175,0.255128068289862,ar_gaussian,hhi,32,all,full512,COMPLETE,markov_shift
-0.0012353483337741989,-0.02570348998438722,-0.013332918572879136,ar_gaussian,latent_information_gap,32,all,full512,COMPLETE,markov_shift
0.06870067770847335,-0.04026184820530873,0.013633872789643266,block_bootstrap,conditional_signed_relative_error,32,all,full512,COMPLETE,markov_shift
0.16636868926555706,0.1379640523492239,0.15187843376224508,block_bootstrap,conditional_squared_relative_error,32,all,full512,COMPLETE,markov_shift
0.019357968361795572,-0.05874240606798678,-0.019933197065830653,block_bootstrap,marginal_signed_relative_error,32,all,full512,COMPLETE,markov_shift
0.02271862843454534,0.01363854952315154,0.01803161241075263,block_bootstrap,marginal_squared_relative_error,32,all,full512,COMPLETE,markov_shift
0.018170572145169782,-0.06729935467535458,-0.024657963741900712,block_bootstrap,estimation_relative,32,all,full512,COMPLETE,markov_shift
0.07880105650089132,-0.001858689288297644,0.03829183653154398,block_bootstrap,mismatch_relative,32,all,full512,COMPLETE,markov_shift
0.03351868964318341,0.018177120449134127,0.025466165562519967,block_bootstrap,estimation_square,32,all,full512,COMPLETE,markov_shift
0.17131803520592412,0.13794812340160606,0.15420919891033374,block_bootstrap,mismatch_square,32,all,full512,COMPLETE,markov_shift
-0.004042205319126605,-0.053180028619782604,-0.027796930710608632,block_bootstrap,cross_term,32,all,full512,COMPLETE,markov_shift
2.504031638507755,2.339173409261964,2.422603423023379,block_bootstrap,conditional_es,32,all,full512,COMPLETE,markov_shift
0.26513670518367655,0.24554407209577175,0.255128068289862,block_bootstrap,hhi,32,all,full512,COMPLETE,markov_shift
-0.0012353483337741989,-0.02570348998438722,-0.013332918572879136,block_bootstrap,latent_information_gap,32,all,full512,COMPLETE,markov_shift
-0.04589283296936445,-0.1193316573119526,-0.08331493124895606,ewma_gaussian,conditional_signed_relative_error,32,all,full512,COMPLETE,markov_shift
0.11822870152332825,0.07395361329472352,0.09457954601022056,ewma_gaussian,conditional_squared_relative_error,32,all,full512,COMPLETE,markov_shift
-0.009690337785779553,-0.06730670521138443,-0.038631235295639874,ewma_gaussian,marginal_signed_relative_error,32,all,full512,COMPLETE,markov_shift
0.13610819369956254,0.09533517501384664,0.1148819877787253,ewma_gaussian,marginal_squared_relative_error,32,all,full512,COMPLETE,markov_shift
-0.09222147622575985,-0.1513490475206565,-0.12160676778050004,ewma_gaussian,estimation_relative,32,all,full512,COMPLETE,markov_shift
0.07880105650089132,-0.001858689288297644,0.03829183653154398,ewma_gaussian,mismatch_relative,32,all,full512,COMPLETE,markov_shift
0.13016730205635718,0.0931039914991308,0.11103809343773019,ewma_gaussian,estimation_square,32,all,full512,COMPLETE,markov_shift
0.17131803520592412,0.13794812340160606,0.15420919891033374,ewma_gaussian,mismatch_square,32,all,full512,COMPLETE,markov_shift
-0.14312427035973743,-0.20264683249936893,-0.17066774633784335,ewma_gaussian,cross_term,32,all,full512,COMPLETE,markov_shift
2.504031638507755,2.339173409261964,2.422603423023379,ewma_gaussian,conditional_es,32,all,full512,COMPLETE,markov_shift
0.26513670518367655,0.24554407209577175,0.255128068289862,ewma_gaussian,hhi,32,all,full512,COMPLETE,markov_shift
-0.0012353483337741989,-0.02570348998438722,-0.013332918572879136,ewma_gaussian,latent_information_gap,32,all,full512,COMPLETE,markov_shift
-0.11826420571722827,-0.18923034311871997,-0.1539542767234589,gaussian_iid,conditional_signed_relative_error,32,all,full512,COMPLETE,markov_shift
0.14491500459420106,0.10873292315758167,0.12622942075566607,gaussian_iid,conditional_squared_relative_error,32,all,full512,COMPLETE,markov_shift
-0.15923178237651375,-0.20754736282384673,-0.18366219457259436,gaussian_iid,marginal_signed_relative_error,32,all,full512,COMPLETE,markov_shift
0.04946255162069623,0.03206347204194324,0.04066184974618507,gaussian_iid,marginal_squared_relative_error,32,all,full512,COMPLETE,markov_shift
-0.16366378024421246,-0.2206107932151149,-0.19224611325500288,gaussian_iid,estimation_relative,32,all,full512,COMPLETE,markov_shift
0.07880105650089132,-0.001858689288297644,0.03829183653154398,gaussian_iid,mismatch_relative,32,all,full512,COMPLETE,markov_shift
0.06641086692120424,0.03915818232528329,0.05239278202096257,gaussian_iid,estimation_square,32,all,full512,COMPLETE,markov_shift
0.17131803520592412,0.13794812340160606,0.15420919891033374,gaussian_iid,mismatch_square,32,all,full512,COMPLETE,markov_shift
-0.05547874037417058,-0.10685976931322905,-0.08037256017563026,gaussian_iid,cross_term,32,all,full512,COMPLETE,markov_shift
2.504031638507755,2.339173409261964,2.422603423023379,gaussian_iid,conditional_es,32,all,full512,COMPLETE,markov_shift
0.26513670518367655,0.24554407209577175,0.255128068289862,gaussian_iid,hhi,32,all,full512,COMPLETE,markov_shift
-0.0012353483337741989,-0.02570348998438722,-0.013332918572879136,gaussian_iid,latent_information_gap,32,all,full512,COMPLETE,markov_shift
0.07834833116990254,-0.030329282690313947,0.02340627845188838,hac,conditional_signed_relative_error,32,all,full512,COMPLETE,markov_shift
0.17181030804104253,0.1419835404517416,0.1566746539565126,hac,conditional_squared_relative_error,32,all,full512,COMPLETE,markov_shift
0.03189489659238415,-0.051939192478331335,-0.010895752103560974,hac,marginal_signed_relative_error,32,all,full512,COMPLETE,markov_shift
0.02604812866432286,0.014870528175094952,0.020142139276953012,hac,marginal_squared_relative_error,32,all,full512,COMPLETE,markov_shift
0.0308467632888142,-0.05976518725773601,-0.014885558079655609,hac,estimation_relative,32,all,full512,COMPLETE,markov_shift
0.07880105650089132,-0.001858689288297644,0.03829183653154398,hac,mismatch_relative,32,all,full512,COMPLETE,markov_shift
0.035024592704977514,0.01906368961015056,0.026677653770555962,hac,estimation_square,32,all,full512,COMPLETE,markov_shift
0.17131803520592412,0.13794812340160606,0.15420919891033374,hac,mismatch_square,32,all,full512,COMPLETE,markov_shift
-0.000531034527704061,-0.049843762902724506,-0.02421219872437711,hac,cross_term,32,all,full512,COMPLETE,markov_shift
2.504031638507755,2.339173409261964,2.422603423023379,hac,conditional_es,32,all,full512,COMPLETE,markov_shift
0.26513670518367655,0.24554407209577175,0.255128068289862,hac,hhi,32,all,full512,COMPLETE,markov_shift
-0.0012353483337741989,-0.02570348998438722,-0.013332918572879136,hac,latent_information_gap,32,all,full512,COMPLETE,markov_shift
0.06913745613210147,-0.03798751014152607,0.01545640742910456,iid_oic,conditional_signed_relative_error,32,all,full512,COMPLETE,markov_shift
0.16596112962436863,0.13920689894165528,0.15249289940212163,iid_oic,conditional_squared_relative_error,32,all,full512,COMPLETE,markov_shift
0.023406655722468108,-0.05895770098381926,-0.018416508167666823,iid_oic,marginal_signed_relative_error,32,all,full512,COMPLETE,markov_shift
0.024213472610684062,0.014447812741225825,0.01913374364337802,iid_oic,marginal_squared_relative_error,32,all,full512,COMPLETE,markov_shift
0.021686984757159855,-0.06666257666629863,-0.022835429102439422,iid_oic,estimation_relative,32,all,full512,COMPLETE,markov_shift
0.07880105650089132,-0.001858689288297644,0.03829183653154398,iid_oic,mismatch_relative,32,all,full512,COMPLETE,markov_shift
0.0334992078203765,0.018163850524509705,0.02542464274260988,iid_oic,estimation_square,32,all,full512,COMPLETE,markov_shift
0.17131803520592412,0.13794812340160606,0.15420919891033374,iid_oic,mismatch_square,32,all,full512,COMPLETE,markov_shift
-0.003846734186348965,-0.052695656031765445,-0.027140942250821993,iid_oic,cross_term,32,all,full512,COMPLETE,markov_shift
2.504031638507755,2.339173409261964,2.422603423023379,iid_oic,conditional_es,32,all,full512,COMPLETE,markov_shift
0.26513670518367655,0.24554407209577175,0.255128068289862,iid_oic,hhi,32,all,full512,COMPLETE,markov_shift
-0.0012353483337741989,-0.02570348998438722,-0.013332918572879136,iid_oic,latent_information_gap,32,all,full512,COMPLETE,markov_shift
-0.009921586149184642,-0.1085297245090193,-0.059615939644044325,raw,conditional_signed_relative_error,32,all,full512,COMPLETE,markov_shift
0.14853194541347808,0.11932648221835936,0.1333639438618479,raw,conditional_squared_relative_error,32,all,full512,COMPLETE,markov_shift
-0.05505034300692059,-0.12740435184000903,-0.09144729793135259,raw,marginal_signed_relative_error,32,all,full512,COMPLETE,markov_shift
0.030349476318924953,0.015737443980026373,0.022771154468671683,raw,marginal_squared_relative_error,32,all,full512,COMPLETE,markov_shift
-0.057807559923472605,-0.13821104302743445,-0.09790777617558831,raw,estimation_relative,32,all,full512,COMPLETE,markov_shift
0.07880105650089132,-0.001858689288297644,0.03829183653154398,raw,mismatch_relative,32,all,full512,COMPLETE,markov_shift
0.04437821202775957,0.02023521576352647,0.031726399881072925,raw,estimation_square,32,all,full512,COMPLETE,markov_shift
0.17131803520592412,0.13794812340160606,0.15420919891033374,raw,mismatch_square,32,all,full512,COMPLETE,markov_shift
-0.027423304829544515,-0.0801577162311612,-0.05257165492955877,raw,cross_term,32,all,full512,COMPLETE,markov_shift
2.504031638507755,2.339173409261964,2.422603423023379,raw,conditional_es,32,all,full512,COMPLETE,markov_shift
0.26513670518367655,0.24554407209577175,0.255128068289862,raw,hhi,32,all,full512,COMPLETE,markov_shift
-0.0012353483337741989,-0.02570348998438722,-0.013332918572879136,raw,latent_information_gap,32,all,full512,COMPLETE,markov_shift
0.03719919745610528,-0.055645126683201755,-0.0071442633992079415,ar_gaussian,conditional_signed_relative_error,32,before,full512,COMPLETE,markov_shift
0.11349304165297901,0.06521294573834582,0.08817458007020305,ar_gaussian,conditional_squared_relative_error,32,before,full512,COMPLETE,markov_shift
-0.15058525106203244,-0.20652704482078013,-0.17867199505269926,ar_gaussian,marginal_signed_relative_error,32,before,full512,COMPLETE,markov_shift
0.050338460108466467,0.029816145685886024,0.03983670145493248,ar_gaussian,marginal_squared_relative_error,32,before,full512,COMPLETE,markov_shift
-0.1821266501124401,-0.2677398516548158,-0.22439872167278813,ar_gaussian,estimation_relative,32,before,full512,COMPLETE,markov_shift
0.2800572593052699,0.15121655731504377,0.2172544582735802,ar_gaussian,mismatch_relative,32,before,full512,COMPLETE,markov_shift
0.09520642194900901,0.0496811655534173,0.07153194975326921,ar_gaussian,estimation_square,32,before,full512,COMPLETE,markov_shift
0.2083483805371286,0.16266729631119056,0.1851602003790689,ar_gaussian,mismatch_square,32,before,full512,COMPLETE,markov_shift
-0.11936193313347304,-0.22066874171501613,-0.16851757006213508,ar_gaussian,cross_term,32,before,full512,COMPLETE,markov_shift
2.0584229222590356,1.8251613716932278,1.9378817477941843,ar_gaussian,conditional_es,32,before,full512,COMPLETE,markov_shift
0.2695721886705046,0.24804991596679005,0.258650833891827,ar_gaussian,hhi,32,before,full512,COMPLETE,markov_shift
0.008229897337387805,-0.02534350428715749,-0.00984577386900159,ar_gaussian,latent_information_gap,32,before,full512,COMPLETE,markov_shift
0.24461510340205925,0.12097296821661185,0.18488926532560895,block_bootstrap,conditional_signed_relative_error,32,before,full512,COMPLETE,markov_shift
0.19544447208479707,0.14159646066882717,0.1680425360111868,block_bootstrap,conditional_squared_relative_error,32,before,full512,COMPLETE,markov_shift
0.030818617509471367,-0.06304214143761894,-0.015943917749813224,block_bootstrap,marginal_signed_relative_error,32,before,full512,COMPLETE,markov_shift
0.028613373257799585,0.015793929132863427,0.02197444984461258,block_bootstrap,marginal_squared_relative_error,32,before,full512,COMPLETE,markov_shift
0.02792321402314236,-0.09326642304513322,-0.03236519294797126,block_bootstrap,estimation_relative,32,before,full512,COMPLETE,markov_shift
0.2800572593052699,0.15121655731504377,0.2172544582735802,block_bootstrap,mismatch_relative,32,before,full512,COMPLETE,markov_shift
0.05356575305498124,0.026653314184544242,0.03931362039423206,block_bootstrap,estimation_square,32,before,full512,COMPLETE,markov_shift
0.2083483805371286,0.16266729631119056,0.1851602003790689,block_bootstrap,mismatch_square,32,before,full512,COMPLETE,markov_shift
-0.009117174163772468,-0.1072629896847887,-0.056431284762114196,block_bootstrap,cross_term,32,before,full512,COMPLETE,markov_shift
2.0584229222590356,1.8251613716932278,1.9378817477941843,block_bootstrap,conditional_es,32,before,full512,COMPLETE,markov_shift
0.2695721886705046,0.24804991596679005,0.258650833891827,block_bootstrap,hhi,32,before,full512,COMPLETE,markov_shift
0.008229897337387805,-0.02534350428715749,-0.00984577386900159,block_bootstrap,latent_information_gap,32,before,full512,COMPLETE,markov_shift
0.03597559505961379,-0.0661795330241788,-0.01473598651537401,ewma_gaussian,conditional_signed_relative_error,32,before,full512,COMPLETE,markov_shift
0.11171186961483962,0.054424055036113105,0.08143197361890198,ewma_gaussian,conditional_squared_relative_error,32,before,full512,COMPLETE,markov_shift
-0.08528702127503116,-0.17251825300035334,-0.1296073338969182,ewma_gaussian,marginal_signed_relative_error,32,before,full512,COMPLETE,markov_shift
0.15207788522807086,0.0854893165911033,0.11585001989753153,ewma_gaussian,marginal_squared_relative_error,32,before,full512,COMPLETE,markov_shift
-0.18893590600339688,-0.27886087166919626,-0.23199044478895423,ewma_gaussian,estimation_relative,32,before,full512,COMPLETE,markov_shift
0.2800572593052699,0.15121655731504377,0.2172544582735802,ewma_gaussian,mismatch_relative,32,before,full512,COMPLETE,markov_shift
0.175279132855218,0.11601912411571266,0.1443211950762519,ewma_gaussian,estimation_square,32,before,full512,COMPLETE,markov_shift
0.2083483805371286,0.16266729631119056,0.1851602003790689,ewma_gaussian,mismatch_square,32,before,full512,COMPLETE,markov_shift
-0.20008589649313394,-0.3005860848769026,-0.24804942183641884,ewma_gaussian,cross_term,32,before,full512,COMPLETE,markov_shift
2.0584229222590356,1.8251613716932278,1.9378817477941843,ewma_gaussian,conditional_es,32,before,full512,COMPLETE,markov_shift
0.2695721886705046,0.24804991596679005,0.258650833891827,ewma_gaussian,hhi,32,before,full512,COMPLETE,markov_shift
0.008229897337387805,-0.02534350428715749,-0.00984577386900159,ewma_gaussian,latent_information_gap,32,before,full512,COMPLETE,markov_shift
0.04263646894612678,-0.04915668986559911,-0.001338746802175373,gaussian_iid,conditional_signed_relative_error,32,before,full512,COMPLETE,markov_shift
0.11236280568670626,0.06576185559051602,0.08798380728167371,gaussian_iid,conditional_squared_relative_error,32,before,full512,COMPLETE,markov_shift
-0.14585355402727113,-0.2004331521040569,-0.1732213645712728,gaussian_iid,marginal_signed_relative_error,32,before,full512,COMPLETE,markov_shift
0.047030922677015086,0.027573064158392536,0.037146217339671356,gaussian_iid,marginal_squared_relative_error,32,before,full512,COMPLETE,markov_shift
-0.17740014136597626,-0.26143105039102416,-0.2185932050757556,gaussian_iid,estimation_relative,32,before,full512,COMPLETE,markov_shift
0.2800572593052699,0.15121655731504377,0.2172544582735802,gaussian_iid,mismatch_relative,32,before,full512,COMPLETE,markov_shift
0.09077704794376566,0.04675775322404871,0.06795745420842625,gaussian_iid,estimation_square,32,before,full512,COMPLETE,markov_shift
0.2083483805371286,0.16266729631119056,0.1851602003790689,gaussian_iid,mismatch_square,32,before,full512,COMPLETE,markov_shift
-0.11702465943680071,-0.21663699724951016,-0.16513384730582148,gaussian_iid,cross_term,32,before,full512,COMPLETE,markov_shift
2.0584229222590356,1.8251613716932278,1.9378817477941843,gaussian_iid,conditional_es,32,before,full512,COMPLETE,markov_shift
0.2695721886705046,0.24804991596679005,0.258650833891827,gaussian_iid,hhi,32,before,full512,COMPLETE,markov_shift
0.008229897337387805,-0.02534350428715749,-0.00984577386900159,gaussian_iid,latent_information_gap,32,before,full512,COMPLETE,markov_shift
0.2530981513011918,0.13361845768690778,0.19527361590210746,hac,conditional_signed_relative_error,32,before,full512,COMPLETE,markov_shift
0.20522702879263852,0.14484442906953782,0.17412266304692453,hac,conditional_squared_relative_error,32,before,full512,COMPLETE,markov_shift
0.04244061239046333,-0.05563587665614021,-0.006795209567784163,hac,marginal_signed_relative_error,32,before,full512,COMPLETE,markov_shift
0.03137606926230329,0.01677438149341446,0.023836107625145778,hac,marginal_squared_relative_error,32,before,full512,COMPLETE,markov_shift
0.040272567843253115,-0.08437294609707986,-0.02198084237147279,hac,estimation_relative,32,before,full512,COMPLETE,markov_shift
0.2800572593052699,0.15121655731504377,0.2172544582735802,hac,mismatch_relative,32,before,full512,COMPLETE,markov_shift
0.054973101744602966,0.027378814548010093,0.04018674333560051,hac,estimation_square,32,before,full512,COMPLETE,markov_shift
0.2083483805371286,0.16266729631119056,0.1851602003790689,hac,mismatch_square,32,before,full512,COMPLETE,markov_shift
-0.0033161633238431945,-0.10316361676445325,-0.05122428066774491,hac,cross_term,32,before,full512,COMPLETE,markov_shift
2.0584229222590356,1.8251613716932278,1.9378817477941843,hac,conditional_es,32,before,full512,COMPLETE,markov_shift
0.2695721886705046,0.24804991596679005,0.258650833891827,hac,hhi,32,before,full512,COMPLETE,markov_shift
0.008229897337387805,-0.02534350428715749,-0.00984577386900159,hac,latent_information_gap,32,before,full512,COMPLETE,markov_shift
0.24239031197702005,0.1246479000118728,0.18572039848394017,iid_oic,conditional_signed_relative_error,32,before,full512,COMPLETE,markov_shift
0.19336242478140708,0.13982877922517212,0.16635058578575845,iid_oic,conditional_squared_relative_error,32,before,full512,COMPLETE,markov_shift
0.03276758283411025,-0.062042637807590374,-0.014569248224489356,iid_oic,marginal_signed_relative_error,32,before,full512,COMPLETE,markov_shift
0.029054978038042276,0.015932735462669302,0.022257102988014178,iid_oic,marginal_squared_relative_error,32,before,full512,COMPLETE,markov_shift
0.028980182652904807,-0.09290807801663918,-0.031534059789640065,iid_oic,estimation_relative,32,before,full512,COMPLETE,markov_shift
0.2800572593052699,0.15121655731504377,0.2172544582735802,iid_oic,mismatch_relative,32,before,full512,COMPLETE,markov_shift
0.05316230015213802,0.025636119223839633,0.03823948411412968,iid_oic,estimation_square,32,before,full512,COMPLETE,markov_shift
0.2083483805371286,0.16266729631119056,0.1851602003790689,iid_oic,mismatch_square,32,before,full512,COMPLETE,markov_shift
-0.009708322640253512,-0.10930786935203367,-0.057049098707440155,iid_oic,cross_term,32,before,full512,COMPLETE,markov_shift
2.0584229222590356,1.8251613716932278,1.9378817477941843,iid_oic,conditional_es,32,before,full512,COMPLETE,markov_shift
0.2695721886705046,0.24804991596679005,0.258650833891827,iid_oic,hhi,32,before,full512,COMPLETE,markov_shift
0.008229897337387805,-0.02534350428715749,-0.00984577386900159,iid_oic,latent_information_gap,32,before,full512,COMPLETE,markov_shift
0.15398545056000923,0.04206264842528672,0.09986945030428263,raw,conditional_signed_relative_error,32,before,full512,COMPLETE,markov_shift
0.14796850919845758,0.1001544334376881,0.12367906472739212,raw,conditional_squared_relative_error,32,before,full512,COMPLETE,markov_shift
-0.044992375104197915,-0.12994958714479649,-0.08754359444946903,raw,marginal_signed_relative_error,32,before,full512,COMPLETE,markov_shift
0.03416980100514475,0.01625251052595604,0.024789166343792066,raw,marginal_squared_relative_error,32,before,full512,COMPLETE,markov_shift
-0.06051920244931651,-0.17525790543267974,-0.11738500796929757,raw,estimation_relative,32,before,full512,COMPLETE,markov_shift
0.2800572593052699,0.15121655731504377,0.2172544582735802,raw,mismatch_relative,32,before,full512,COMPLETE,markov_shift
0.06907604356997035,0.028006631556076036,0.047024437309887715,raw,estimation_square,32,before,full512,COMPLETE,markov_shift
0.2083483805371286,0.16266729631119056,0.1851602003790689,raw,mismatch_square,32,before,full512,COMPLETE,markov_shift
-0.05682207506998671,-0.16423357818278322,-0.10850557296156452,raw,cross_term,32,before,full512,COMPLETE,markov_shift
2.0584229222590356,1.8251613716932278,1.9378817477941843,raw,conditional_es,32,before,full512,COMPLETE,markov_shift
0.2695721886705046,0.24804991596679005,0.258650833891827,raw,hhi,32,before,full512,COMPLETE,markov_shift
0.008229897337387805,-0.02534350428715749,-0.00984577386900159,raw,latent_information_gap,32,before,full512,COMPLETE,markov_shift
-0.26157103914871765,-0.3492350048285921,-0.3057804446047897,ar_gaussian,conditional_signed_relative_error,32,after,full512,COMPLETE,markov_shift
0.19036955968326216,0.13887870941279812,0.16377417766924351,ar_gaussian,conditional_squared_relative_error,32,after,full512,COMPLETE,markov_shift
-0.16909410814094436,-0.216509920090018,-0.1929300425157301,ar_gaussian,marginal_signed_relative_error,32,after,full512,COMPLETE,markov_shift
0.05357673309356034,0.034789946405882295,0.04378217209218083,ar_gaussian,marginal_squared_relative_error,32,after,full512,COMPLETE,markov_shift
-0.14454097266943491,-0.18540850969568207,-0.16510965939429742,ar_gaussian,estimation_relative,32,after,full512,COMPLETE,markov_shift
-0.09293407602666334,-0.1862640027940773,-0.14067078521049226,ar_gaussian,mismatch_relative,32,after,full512,COMPLETE,markov_shift
0.044569076799032444,0.02897274326744613,0.0365331581729221,ar_gaussian,estimation_square,32,after,full512,COMPLETE,markov_shift
0.1381004631695321,0.10924717407430354,0.12325819744159858,ar_gaussian,mismatch_square,32,after,full512,COMPLETE,markov_shift
0.019687749285800905,-0.013308778917966349,0.003982822054722855,ar_gaussian,cross_term,32,after,full512,COMPLETE,markov_shift
3.0040839926150538,2.8049631896367075,2.9073250982525742,ar_gaussian,conditional_es,32,after,full512,COMPLETE,markov_shift
0.263607630991953,0.23975759976655878,0.2516053026878971,ar_gaussian,hhi,32,after,full512,COMPLETE,markov_shift
0.0016716387546017307,-0.03501359301317536,-0.01682006327675668,ar_gaussian,latent_information_gap,32,after,full512,COMPLETE,markov_shift
-0.09408158071965764,-0.21906622900785624,-0.15762151974632244,block_bootstrap,conditional_signed_relative_error,32,after,full512,COMPLETE,markov_shift
0.15662423783255625,0.11681164410416806,0.13571433151330337,block_bootstrap,conditional_squared_relative_error,32,after,full512,COMPLETE,markov_shift
0.010755603763925385,-0.05796254122567416,-0.023922476381848093,block_bootstrap,marginal_signed_relative_error,32,after,full512,COMPLETE,markov_shift
0.01831819107908238,0.010215543888289274,0.014088774976892676,block_bootstrap,marginal_squared_relative_error,32,after,full512,COMPLETE,markov_shift
0.012073970852883467,-0.04564704345267248,-0.016950734535830167,block_bootstrap,estimation_relative,32,after,full512,COMPLETE,markov_shift
-0.09293407602666334,-0.1862640027940773,-0.14067078521049226,block_bootstrap,mismatch_relative,32,after,full512,COMPLETE,markov_shift
0.01588169413878171,0.007746569675302,0.01161871073080787,block_bootstrap,estimation_square,32,after,full512,COMPLETE,markov_shift
0.1381004631695321,0.10924717407430354,0.12325819744159858,block_bootstrap,mismatch_square,32,after,full512,COMPLETE,markov_shift
0.009414549561133065,-0.007770437872231482,0.0008374233408969317,block_bootstrap,cross_term,32,after,full512,COMPLETE,markov_shift
3.0040839926150538,2.8049631896367075,2.9073250982525742,block_bootstrap,conditional_es,32,after,full512,COMPLETE,markov_shift
0.263607630991953,0.23975759976655878,0.2516053026878971,block_bootstrap,hhi,32,after,full512,COMPLETE,markov_shift
0.0016716387546017307,-0.03501359301317536,-0.01682006327675668,block_bootstrap,latent_information_gap,32,after,full512,COMPLETE,markov_shift
-0.10457245795623085,-0.1957111152576009,-0.15189387598253812,ewma_gaussian,conditional_signed_relative_error,32,after,full512,COMPLETE,markov_shift
0.14313387391040508,0.07897445171027115,0.1077271184015392,ewma_gaussian,conditional_squared_relative_error,32,after,full512,COMPLETE,markov_shift
0.09818055238905375,0.008885994169473081,0.05234486330563843,ewma_gaussian,marginal_signed_relative_error,32,after,full512,COMPLETE,markov_shift
0.1427993785471768,0.08897392496345966,0.11391395565991908,ewma_gaussian,marginal_squared_relative_error,32,after,full512,COMPLETE,markov_shift
0.02984964300921361,-0.04959096958916474,-0.011223090772045842,ewma_gaussian,estimation_relative,32,after,full512,COMPLETE,markov_shift
-0.09293407602666334,-0.1862640027940773,-0.14067078521049226,ewma_gaussian,mismatch_relative,32,after,full512,COMPLETE,markov_shift
0.09615037633152025,0.06177775799024734,0.07775499179920844,ewma_gaussian,estimation_square,32,after,full512,COMPLETE,markov_shift
0.1381004631695321,0.10924717407430354,0.12325819744159858,ewma_gaussian,mismatch_square,32,after,full512,COMPLETE,markov_shift
-0.06574033046511278,-0.11877587553407284,-0.09328607083926783,ewma_gaussian,cross_term,32,after,full512,COMPLETE,markov_shift
3.0040839926150538,2.8049631896367075,2.9073250982525742,ewma_gaussian,conditional_es,32,after,full512,COMPLETE,markov_shift
0.263607630991953,0.23975759976655878,0.2516053026878971,ewma_gaussian,hhi,32,after,full512,COMPLETE,markov_shift
0.0016716387546017307,-0.03501359301317536,-0.01682006327675668,ewma_gaussian,latent_information_gap,32,after,full512,COMPLETE,markov_shift
-0.26167534250484825,-0.350597096558816,-0.3065698066447425,gaussian_iid,conditional_signed_relative_error,32,after,full512,COMPLETE,markov_shift
0.19120765843802545,0.13952832356750403,0.16447503422965842,gaussian_iid,conditional_squared_relative_error,32,after,full512,COMPLETE,markov_shift
-0.1700621126936016,-0.21757986863809972,-0.19410302457391596,gaussian_iid,marginal_signed_relative_error,32,after,full512,COMPLETE,markov_shift
0.05379107870004474,0.03525581820158412,0.04417748215269878,gaussian_iid,marginal_squared_relative_error,32,after,full512,COMPLETE,markov_shift
-0.14503734790492834,-0.18619681547656633,-0.16589902143425017,gaussian_iid,estimation_relative,32,after,full512,COMPLETE,markov_shift
-0.09293407602666334,-0.1862640027940773,-0.14067078521049226,gaussian_iid,mismatch_relative,32,after,full512,COMPLETE,markov_shift
0.04479096331859807,0.02921504175950638,0.03682810983349889,gaussian_iid,estimation_square,32,after,full512,COMPLETE,markov_shift
0.1381004631695321,0.10924717407430354,0.12325819744159858,gaussian_iid,mismatch_square,32,after,full512,COMPLETE,markov_shift
0.01996366108864489,-0.012795868672283587,0.004388726954560958,gaussian_iid,cross_term,32,after,full512,COMPLETE,markov_shift
3.0040839926150538,2.8049631896367075,2.9073250982525742,gaussian_iid,conditional_es,32,after,full512,COMPLETE,markov_shift
0.263607630991953,0.23975759976655878,0.2516053026878971,gaussian_iid,hhi,32,after,full512,COMPLETE,markov_shift
0.0016716387546017307,-0.03501359301317536,-0.01682006327675668,gaussian_iid,latent_information_gap,32,after,full512,COMPLETE,markov_shift
-0.08351840071100491,-0.21191208537464037,-0.14846105899833067,hac,conditional_signed_relative_error,32,after,full512,COMPLETE,markov_shift
0.1608905962146069,0.11913332883165913,0.1392266448661007,hac,conditional_squared_relative_error,32,after,full512,COMPLETE,markov_shift
0.0236935975372236,-0.052310319668076394,-0.014996294639337783,hac,marginal_signed_relative_error,32,after,full512,COMPLETE,markov_shift
0.021770340584534104,0.011762228833527103,0.016448170928760254,hac,marginal_squared_relative_error,32,after,full512,COMPLETE,markov_shift
0.023950834901945762,-0.03858608680750985,-0.0077902737878384224,hac,estimation_relative,32,after,full512,COMPLETE,markov_shift
-0.09293407602666334,-0.1862640027940773,-0.14067078521049226,hac,mismatch_relative,32,after,full512,COMPLETE,markov_shift
0.018114197819712602,0.008955038667790792,0.01316856420551141,hac,estimation_square,32,after,full512,COMPLETE,markov_shift
0.1381004631695321,0.10924717407430354,0.12325819744159858,hac,mismatch_square,32,after,full512,COMPLETE,markov_shift
0.012847493001776797,-0.007789013969827037,0.002799883218990702,hac,cross_term,32,after,full512,COMPLETE,markov_shift
3.0040839926150538,2.8049631896367075,2.9073250982525742,hac,conditional_es,32,after,full512,COMPLETE,markov_shift
0.263607630991953,0.23975759976655878,0.2516053026878971,hac,hhi,32,after,full512,COMPLETE,markov_shift
0.0016716387546017307,-0.03501359301317536,-0.01682006327675668,hac,latent_information_gap,32,after,full512,COMPLETE,markov_shift
-0.09075807509117521,-0.2180091629282536,-0.15480758362573102,iid_oic,conditional_signed_relative_error,32,after,full512,COMPLETE,markov_shift
0.160368299620831,0.11835995222891202,0.1386352130184848,iid_oic,conditional_squared_relative_error,32,after,full512,COMPLETE,markov_shift
0.01584136954453682,-0.05928629435720204,-0.022263768110844295,iid_oic,marginal_signed_relative_error,32,after,full512,COMPLETE,markov_shift
0.020712014485896265,0.011704241186440196,0.01601038429874186,iid_oic,marginal_squared_relative_error,32,after,full512,COMPLETE,markov_shift
0.016547136340251782,-0.044385186582555435,-0.014136798415238782,iid_oic,estimation_relative,32,after,full512,COMPLETE,markov_shift
-0.09293407602666334,-0.1862640027940773,-0.14067078521049226,iid_oic,mismatch_relative,32,after,full512,COMPLETE,markov_shift
0.01682287638688071,0.008872915747524933,0.012609801371090074,iid_oic,estimation_square,32,after,full512,COMPLETE,markov_shift
0.1381004631695321,0.10924717407430354,0.12325819744159858,iid_oic,mismatch_square,32,after,full512,COMPLETE,markov_shift
0.012576626505196056,-0.007393143384040236,0.0027672142057961757,iid_oic,cross_term,32,after,full512,COMPLETE,markov_shift
3.0040839926150538,2.8049631896367075,2.9073250982525742,iid_oic,conditional_es,32,after,full512,COMPLETE,markov_shift
0.263607630991953,0.23975759976655878,0.2516053026878971,iid_oic,hhi,32,after,full512,COMPLETE,markov_shift
0.0016716387546017307,-0.03501359301317536,-0.01682006327675668,iid_oic,latent_information_gap,32,after,full512,COMPLETE,markov_shift
-0.1608107075563624,-0.27572118901492637,-0.21910132959237133,raw,conditional_signed_relative_error,32,after,full512,COMPLETE,markov_shift
0.1677842804487959,0.12036703369881607,0.14304882299630367,raw,conditional_squared_relative_error,32,after,full512,COMPLETE,markov_shift
-0.06293192456633116,-0.1275307584390054,-0.09535100141323616,raw,marginal_signed_relative_error,32,after,full512,COMPLETE,markov_shift
0.02779787213427251,0.014153954652233295,0.0207531425935513,raw,marginal_squared_relative_error,32,after,full512,COMPLETE,markov_shift
-0.052591991530798264,-0.10417276473930817,-0.07843054438187905,raw,estimation_relative,32,after,full512,COMPLETE,markov_shift
-0.09293407602666334,-0.1862640027940773,-0.14067078521049226,raw,mismatch_relative,32,after,full512,COMPLETE,markov_shift
0.02228872532621951,0.010898907690276035,0.016428362452258132,raw,estimation_square,32,after,full512,COMPLETE,markov_shift
0.1381004631695321,0.10924717407430354,0.12325819744159858,raw,mismatch_square,32,after,full512,COMPLETE,markov_shift
0.0145053317307789,-0.007505512558430349,0.003362263102446972,raw,cross_term,32,after,full512,COMPLETE,markov_shift
3.0040839926150538,2.8049631896367075,2.9073250982525742,raw,conditional_es,32,after,full512,COMPLETE,markov_shift
0.263607630991953,0.23975759976655878,0.2516053026878971,raw,hhi,32,after,full512,COMPLETE,markov_shift
0.0016716387546017307,-0.03501359301317536,-0.01682006327675668,raw,latent_information_gap,32,after,full512,COMPLETE,markov_shift
-0.09758632238217346,-0.1683398869784101,-0.13342170038229814,ar_gaussian,conditional_signed_relative_error,32,all,equal512,COMPLETE,markov_shift
0.12813083348250093,0.09732557360547255,0.11245686367991248,ar_gaussian,conditional_squared_relative_error,32,all,equal512,COMPLETE,markov_shift
-0.13422409997248227,-0.17934256311340407,-0.15693234425813443,ar_gaussian,marginal_signed_relative_error,32,all,equal512,COMPLETE,markov_shift
0.037910418196458844,0.023854209918557853,0.030691761777838975,ar_gaussian,marginal_squared_relative_error,32,all,equal512,COMPLETE,markov_shift
-0.1368712522596697,-0.188276967176459,-0.16250328166808325,ar_gaussian,estimation_relative,32,all,equal512,COMPLETE,markov_shift
0.06650006497362815,-0.008250634362831744,0.029081581285785117,ar_gaussian,mismatch_relative,32,all,equal512,COMPLETE,markov_shift
0.04787501951637069,0.028370736695790735,0.03785427476631067,ar_gaussian,estimation_square,32,all,equal512,COMPLETE,markov_shift
0.14772231028665975,0.11812957424748388,0.13261430483903433,ar_gaussian,mismatch_square,32,all,equal512,COMPLETE,markov_shift
-0.03960012225758492,-0.07729446131676752,-0.05801171592543249,ar_gaussian,cross_term,32,all,equal512,COMPLETE,markov_shift
2.622906411310388,2.446407888676533,2.535642109246428,ar_gaussian,conditional_es,32,all,equal512,COMPLETE,markov_shift
0.125,0.125,0.125,ar_gaussian,hhi,32,all,equal512,COMPLETE,markov_shift
-0.00030683875128591914,-0.023651326324110926,-0.01188803983212257,ar_gaussian,latent_information_gap,32,all,equal512,COMPLETE,markov_shift
0.07996097612023567,-0.01766067506119602,0.030599460105723002,block_bootstrap,conditional_signed_relative_error,32,all,equal512,COMPLETE,markov_shift
0.1540272846675221,0.12866227316236342,0.14117929063107018,block_bootstrap,conditional_squared_relative_error,32,all,equal512,COMPLETE,markov_shift
0.036801751851006724,-0.032506926926930454,0.0021162989714411506,block_bootstrap,marginal_signed_relative_error,32,all,equal512,COMPLETE,markov_shift
0.017622756432335945,0.010950442759727693,0.01428642759408883,block_bootstrap,marginal_squared_relative_error,32,all,equal512,COMPLETE,markov_shift
0.03892722078511235,-0.03618076411321626,0.0015178788199378835,block_bootstrap,estimation_relative,32,all,equal512,COMPLETE,markov_shift
0.06650006497362815,-0.008250634362831744,0.029081581285785117,block_bootstrap,mismatch_relative,32,all,equal512,COMPLETE,markov_shift
0.02319723204426296,0.013534406789206779,0.018324637225315098,block_bootstrap,estimation_square,32,all,equal512,COMPLETE,markov_shift
0.14772231028665975,0.11812957424748388,0.13261430483903433,block_bootstrap,mismatch_square,32,all,equal512,COMPLETE,markov_shift
0.008278904957060311,-0.02860976544931034,-0.009759651433279233,block_bootstrap,cross_term,32,all,equal512,COMPLETE,markov_shift
2.622906411310388,2.446407888676533,2.535642109246428,block_bootstrap,conditional_es,32,all,equal512,COMPLETE,markov_shift
0.125,0.125,0.125,block_bootstrap,hhi,32,all,equal512,COMPLETE,markov_shift
-0.00030683875128591914,-0.023651326324110926,-0.01188803983212257,block_bootstrap,latent_information_gap,32,all,equal512,COMPLETE,markov_shift
-0.005221376681573386,-0.08121995922648809,-0.04370241411223352,ewma_gaussian,conditional_signed_relative_error,32,all,equal512,COMPLETE,markov_shift
0.12019433094712464,0.07362011174521689,0.09561818906288105,ewma_gaussian,conditional_squared_relative_error,32,all,equal512,COMPLETE,markov_shift
0.033893847514995495,-0.023403377319967198,0.005172808131019224,ewma_gaussian,marginal_signed_relative_error,32,all,equal512,COMPLETE,markov_shift
0.149435949254501,0.10163439043431659,0.12431954465487614,ewma_gaussian,marginal_squared_relative_error,32,all,equal512,COMPLETE,markov_shift
-0.04338132002884178,-0.10279586119589672,-0.07278399539801864,ewma_gaussian,estimation_relative,32,all,equal512,COMPLETE,markov_shift
0.06650006497362815,-0.008250634362831744,0.029081581285785117,ewma_gaussian,mismatch_relative,32,all,equal512,COMPLETE,markov_shift
0.12733384381990454,0.08921403904440131,0.10708124074731389,ewma_gaussian,estimation_square,32,all,equal512,COMPLETE,markov_shift
0.14772231028665975,0.11812957424748388,0.13261430483903433,ewma_gaussian,mismatch_square,32,all,equal512,COMPLETE,markov_shift
-0.12062635055708291,-0.17057381423218337,-0.14407735652346715,ewma_gaussian,cross_term,32,all,equal512,COMPLETE,markov_shift
2.622906411310388,2.446407888676533,2.535642109246428,ewma_gaussian,conditional_es,32,all,equal512,COMPLETE,markov_shift
0.125,0.125,0.125,ewma_gaussian,hhi,32,all,equal512,COMPLETE,markov_shift
-0.00030683875128591914,-0.023651326324110926,-0.01188803983212257,ewma_gaussian,latent_information_gap,32,all,equal512,COMPLETE,markov_shift
-0.09445978571686561,-0.16636710924292425,-0.13099082506952076,gaussian_iid,conditional_signed_relative_error,32,all,equal512,COMPLETE,markov_shift
0.12935792309536165,0.09825668498350233,0.11346063959403686,gaussian_iid,conditional_squared_relative_error,32,all,equal512,COMPLETE,markov_shift
-0.1328839402181417,-0.1776804245399102,-0.15534901526369788,gaussian_iid,marginal_signed_relative_error,32,all,equal512,COMPLETE,markov_shift
0.036932512782395184,0.023273669510964705,0.029927533779198448,gaussian_iid,marginal_squared_relative_error,32,all,equal512,COMPLETE,markov_shift
-0.13482123108967048,-0.18579394588972054,-0.1600724063553059,gaussian_iid,estimation_relative,32,all,equal512,COMPLETE,markov_shift
0.06650006497362815,-0.008250634362831744,0.029081581285785117,gaussian_iid,mismatch_relative,32,all,equal512,COMPLETE,markov_shift
0.04646899085109063,0.027354695397247764,0.03662724528299505,gaussian_iid,estimation_square,32,all,equal512,COMPLETE,markov_shift
0.14772231028665975,0.11812957424748388,0.13261430483903433,gaussian_iid,mismatch_square,32,all,equal512,COMPLETE,markov_shift
-0.03720579056786321,-0.07511268036116733,-0.05578091052799248,gaussian_iid,cross_term,32,all,equal512,COMPLETE,markov_shift
2.622906411310388,2.446407888676533,2.535642109246428,gaussian_iid,conditional_es,32,all,equal512,COMPLETE,markov_shift
0.125,0.125,0.125,gaussian_iid,hhi,32,all,equal512,COMPLETE,markov_shift
-0.00030683875128591914,-0.023651326324110926,-0.01188803983212257,gaussian_iid,latent_information_gap,32,all,equal512,COMPLETE,markov_shift
0.08048574052759729,-0.01792143361425582,0.030629392470626557,hac,conditional_signed_relative_error,32,all,equal512,COMPLETE,markov_shift
0.1522198924004091,0.1274335781484163,0.13947038029288628,hac,conditional_squared_relative_error,32,all,equal512,COMPLETE,markov_shift
0.03736658348718678,-0.031705362286210015,0.002919428952888611,hac,marginal_signed_relative_error,32,all,equal512,COMPLETE,markov_shift
0.017357023460188806,0.01032921451784744,0.01380854247509665,hac,marginal_squared_relative_error,32,all,equal512,COMPLETE,markov_shift
0.03879252405195263,-0.03590754620381994,0.0015478111848414517,hac,estimation_relative,32,all,equal512,COMPLETE,markov_shift
0.06650006497362815,-0.008250634362831744,0.029081581285785117,hac,mismatch_relative,32,all,equal512,COMPLETE,markov_shift
0.023116420938609272,0.012800516135549944,0.017880923251726397,hac,estimation_square,32,all,equal512,COMPLETE,markov_shift
0.14772231028665975,0.11812957424748388,0.13261430483903433,hac,mismatch_square,32,all,equal512,COMPLETE,markov_shift
0.006864238573944272,-0.029729149229055733,-0.011024847797874441,hac,cross_term,32,all,equal512,COMPLETE,markov_shift
2.622906411310388,2.446407888676533,2.535642109246428,hac,conditional_es,32,all,equal512,COMPLETE,markov_shift
0.125,0.125,0.125,hac,hhi,32,all,equal512,COMPLETE,markov_shift
-0.00030683875128591914,-0.023651326324110926,-0.01188803983212257,hac,latent_information_gap,32,all,equal512,COMPLETE,markov_shift
0.07000351750329498,-0.02710340217987757,0.020712097185509128,iid_oic,conditional_signed_relative_error,32,all,equal512,COMPLETE,markov_shift
0.14841731990462737,0.12406428599635015,0.13597075503187864,iid_oic,conditional_squared_relative_error,32,all,equal512,COMPLETE,markov_shift
0.026718381722904066,-0.040674616535174755,-0.0068465958283271365,iid_oic,marginal_signed_relative_error,32,all,equal512,COMPLETE,markov_shift
0.016464579186829666,0.009764469300792153,0.013133653609212644,iid_oic,marginal_squared_relative_error,32,all,equal512,COMPLETE,markov_shift
0.027972035557250714,-0.04521257465239767,-0.008369484100275989,iid_oic,estimation_relative,32,all,equal512,COMPLETE,markov_shift
0.06650006497362815,-0.008250634362831744,0.029081581285785117,iid_oic,mismatch_relative,32,all,equal512,COMPLETE,markov_shift
0.022353179807513137,0.01207764597316219,0.017165870000023422,iid_oic,estimation_square,32,all,equal512,COMPLETE,markov_shift
0.14772231028665975,0.11812957424748388,0.13261430483903433,iid_oic,mismatch_square,32,all,equal512,COMPLETE,markov_shift
0.003986649499026992,-0.032379492641007354,-0.013809419807179094,iid_oic,cross_term,32,all,equal512,COMPLETE,markov_shift
2.622906411310388,2.446407888676533,2.535642109246428,iid_oic,conditional_es,32,all,equal512,COMPLETE,markov_shift
0.125,0.125,0.125,iid_oic,hhi,32,all,equal512,COMPLETE,markov_shift
-0.00030683875128591914,-0.023651326324110926,-0.01188803983212257,iid_oic,latent_information_gap,32,all,equal512,COMPLETE,markov_shift
0.05854285687920872,-0.03690114707269796,0.00999106713059755,raw,conditional_signed_relative_error,32,all,equal512,COMPLETE,markov_shift
0.14512382599666712,0.12101432530102516,0.1328178971125764,raw,conditional_squared_relative_error,32,all,equal512,COMPLETE,markov_shift
0.015329258154540875,-0.050438327468575885,-0.017478849301714987,raw,marginal_signed_relative_error,32,all,equal512,COMPLETE,markov_shift
0.016054458235453584,0.009391789523756622,0.012761851589318803,raw,marginal_squared_relative_error,32,all,equal512,COMPLETE,markov_shift
0.01648903964963193,-0.05515345807852441,-0.019090514155187567,raw,estimation_relative,32,all,equal512,COMPLETE,markov_shift
0.06650006497362815,-0.008250634362831744,0.029081581285785117,raw,mismatch_relative,32,all,equal512,COMPLETE,markov_shift
0.022117148112933763,0.011623115903096037,0.016806208269203413,raw,estimation_square,32,all,equal512,COMPLETE,markov_shift
0.14772231028665975,0.11812957424748388,0.13261430483903433,raw,mismatch_square,32,all,equal512,COMPLETE,markov_shift
0.0012285843017814338,-0.03526481325561251,-0.016602615995661346,raw,cross_term,32,all,equal512,COMPLETE,markov_shift
2.622906411310388,2.446407888676533,2.535642109246428,raw,conditional_es,32,all,equal512,COMPLETE,markov_shift
0.125,0.125,0.125,raw,hhi,32,all,equal512,COMPLETE,markov_shift
-0.00030683875128591914,-0.023651326324110926,-0.01188803983212257,raw,latent_information_gap,32,all,equal512,COMPLETE,markov_shift
0.05831910514355808,-0.03946387320792857,0.010621265342827143,ar_gaussian,conditional_signed_relative_error,32,before,equal512,COMPLETE,markov_shift
0.10395426268330847,0.06274167619822558,0.08240196744225832,ar_gaussian,conditional_squared_relative_error,32,before,equal512,COMPLETE,markov_shift
-0.1241229835233653,-0.17419771119267094,-0.14905292621123456,ar_gaussian,marginal_signed_relative_error,32,before,equal512,COMPLETE,markov_shift
0.03595022647084349,0.02110080929320663,0.028354353985724917,ar_gaussian,marginal_squared_relative_error,32,before,equal512,COMPLETE,markov_shift
-0.1480408869734029,-0.21977999146177954,-0.18357062342379646,ar_gaussian,estimation_relative,32,before,equal512,COMPLETE,markov_shift
0.255147539776855,0.1301348185912182,0.1941918887666236,ar_gaussian,mismatch_relative,32,before,equal512,COMPLETE,markov_shift
0.06406792356467675,0.033873742695873676,0.04850246478207481,ar_gaussian,estimation_square,32,before,equal512,COMPLETE,markov_shift
0.1767405542559814,0.13875813244054952,0.15731539565673489,ar_gaussian,mismatch_square,32,before,equal512,COMPLETE,markov_shift
-0.08674519659619953,-0.16189265329587438,-0.12341589299655137,ar_gaussian,cross_term,32,before,equal512,COMPLETE,markov_shift
2.150519073973298,1.906549118748448,2.0243795347311737,ar_gaussian,conditional_es,32,before,equal512,COMPLETE,markov_shift
0.125,0.125,0.125,ar_gaussian,hhi,32,before,equal512,COMPLETE,markov_shift
0.0091068093006922,-0.02384471878353854,-0.008734017592601149,ar_gaussian,latent_information_gap,32,before,equal512,COMPLETE,markov_shift
0.2614624459472679,0.14493028276002443,0.20414047665467266,block_bootstrap,conditional_signed_relative_error,32,before,equal512,COMPLETE,markov_shift
0.1872382650349696,0.13978747658653623,0.16340566184049427,block_bootstrap,conditional_squared_relative_error,32,before,equal512,COMPLETE,markov_shift
0.056555479753997474,-0.024154944087826678,0.016276977632843533,block_bootstrap,marginal_signed_relative_error,32,before,equal512,COMPLETE,markov_shift
0.02124714146265373,0.01215369138066747,0.016649237578804772,block_bootstrap,marginal_squared_relative_error,32,before,equal512,COMPLETE,markov_shift
0.06009739130460629,-0.04167868057218759,0.009948587888049042,block_bootstrap,estimation_relative,32,before,equal512,COMPLETE,markov_shift
0.255147539776855,0.1301348185912182,0.1941918887666236,block_bootstrap,mismatch_relative,32,before,equal512,COMPLETE,markov_shift
0.03486542960180663,0.019332531266570047,0.02698323736000498,block_bootstrap,estimation_square,32,before,equal512,COMPLETE,markov_shift
0.1767405542559814,0.13875813244054952,0.15731539565673489,block_bootstrap,mismatch_square,32,before,equal512,COMPLETE,markov_shift
0.013673641349999644,-0.05806779281951998,-0.020892971176245605,block_bootstrap,cross_term,32,before,equal512,COMPLETE,markov_shift
2.150519073973298,1.906549118748448,2.0243795347311737,block_bootstrap,conditional_es,32,before,equal512,COMPLETE,markov_shift
0.125,0.125,0.125,block_bootstrap,hhi,32,before,equal512,COMPLETE,markov_shift
0.0091068093006922,-0.02384471878353854,-0.008734017592601149,block_bootstrap,latent_information_gap,32,before,equal512,COMPLETE,markov_shift
0.0778037471314175,-0.03633018871955723,0.020932018523741512,ewma_gaussian,conditional_signed_relative_error,32,before,equal512,COMPLETE,markov_shift
0.13341368984907598,0.06830102401885764,0.09874429389683516,ewma_gaussian,conditional_squared_relative_error,32,before,equal512,COMPLETE,markov_shift
-0.0476308819788489,-0.1306745234180887,-0.08882866045954349,ewma_gaussian,marginal_signed_relative_error,32,before,equal512,COMPLETE,markov_shift
0.15192255951156544,0.08403662706359807,0.11572599566173258,ewma_gaussian,marginal_squared_relative_error,32,before,equal512,COMPLETE,markov_shift
-0.133047709934716,-0.21658294258120545,-0.17325987024288209,ewma_gaussian,estimation_relative,32,before,equal512,COMPLETE,markov_shift
0.255147539776855,0.1301348185912182,0.1941918887666236,ewma_gaussian,mismatch_relative,32,before,equal512,COMPLETE,markov_shift
0.1636492179343405,0.10513534072793122,0.13271591364782934,ewma_gaussian,estimation_square,32,before,equal512,COMPLETE,markov_shift
0.1767405542559814,0.13875813244054952,0.15731539565673489,ewma_gaussian,mismatch_square,32,before,equal512,COMPLETE,markov_shift
-0.1500708956661971,-0.23484395543525993,-0.19128701540772908,ewma_gaussian,cross_term,32,before,equal512,COMPLETE,markov_shift
2.150519073973298,1.906549118748448,2.0243795347311737,ewma_gaussian,conditional_es,32,before,equal512,COMPLETE,markov_shift
0.125,0.125,0.125,ewma_gaussian,hhi,32,before,equal512,COMPLETE,markov_shift
0.0091068093006922,-0.02384471878353854,-0.008734017592601149,ewma_gaussian,latent_information_gap,32,before,equal512,COMPLETE,markov_shift
0.06406164394604523,-0.03444037868064373,0.01617947532767118,gaussian_iid,conditional_signed_relative_error,32,before,equal512,COMPLETE,markov_shift
0.10484600958200445,0.06402772036944089,0.08350940563434012,gaussian_iid,conditional_squared_relative_error,32,before,equal512,COMPLETE,markov_shift
-0.11952130014533568,-0.16931211737296137,-0.1445217204079504,gaussian_iid,marginal_signed_relative_error,32,before,equal512,COMPLETE,markov_shift
0.034026204625073865,0.01965353318746619,0.026708062647885493,gaussian_iid,marginal_squared_relative_error,32,before,equal512,COMPLETE,markov_shift
-0.14239151128977245,-0.2144616143185633,-0.17801241343895244,gaussian_iid,estimation_relative,32,before,equal512,COMPLETE,markov_shift
0.255147539776855,0.1301348185912182,0.1941918887666236,gaussian_iid,mismatch_relative,32,before,equal512,COMPLETE,markov_shift
0.061519283876893295,0.03169679261340079,0.046090462706688214,gaussian_iid,estimation_square,32,before,equal512,COMPLETE,markov_shift
0.1767405542559814,0.13875813244054952,0.15731539565673489,gaussian_iid,mismatch_square,32,before,equal512,COMPLETE,markov_shift
-0.08348778604024545,-0.15859176062814961,-0.11989645272908299,gaussian_iid,cross_term,32,before,equal512,COMPLETE,markov_shift
2.150519073973298,1.906549118748448,2.0243795347311737,gaussian_iid,conditional_es,32,before,equal512,COMPLETE,markov_shift
0.125,0.125,0.125,gaussian_iid,hhi,32,before,equal512,COMPLETE,markov_shift
0.0091068093006922,-0.02384471878353854,-0.008734017592601149,gaussian_iid,latent_information_gap,32,before,equal512,COMPLETE,markov_shift
0.25905927246679195,0.1429733088863102,0.20226425884322297,hac,conditional_signed_relative_error,32,before,equal512,COMPLETE,markov_shift
0.18463704201867256,0.13847222224188988,0.16115772531178613,hac,conditional_squared_relative_error,32,before,equal512,COMPLETE,markov_shift
0.056522796261299205,-0.025680042809744775,0.015070652195423754,hac,marginal_signed_relative_error,32,before,equal512,COMPLETE,markov_shift
0.02185131625820064,0.011617795138456925,0.016589140338625553,hac,marginal_squared_relative_error,32,before,equal512,COMPLETE,markov_shift
0.059181095286258895,-0.043847038751762234,0.008072370076599389,hac,estimation_relative,32,before,equal512,COMPLETE,markov_shift
0.255147539776855,0.1301348185912182,0.1941918887666236,hac,mismatch_relative,32,before,equal512,COMPLETE,markov_shift
0.03541539891372173,0.018133462892860594,0.02651840827881265,hac,estimation_square,32,before,equal512,COMPLETE,markov_shift
0.1767405542559814,0.13875813244054952,0.15731539565673489,hac,mismatch_square,32,before,equal512,COMPLETE,markov_shift
0.012294794451257736,-0.05962310352394896,-0.022676078623761402,hac,cross_term,32,before,equal512,COMPLETE,markov_shift
2.150519073973298,1.906549118748448,2.0243795347311737,hac,conditional_es,32,before,equal512,COMPLETE,markov_shift
0.125,0.125,0.125,hac,hhi,32,before,equal512,COMPLETE,markov_shift
0.0091068093006922,-0.02384471878353854,-0.008734017592601149,hac,latent_information_gap,32,before,equal512,COMPLETE,markov_shift
0.24644460237683294,0.13141382913609617,0.19011212451864995,iid_oic,conditional_signed_relative_error,32,before,equal512,COMPLETE,markov_shift
0.17588687179347218,0.13211976368937192,0.15376961613127496,iid_oic,conditional_squared_relative_error,32,before,equal512,COMPLETE,markov_shift
0.044841981918139984,-0.0353556528602025,0.004505771982605637,iid_oic,marginal_signed_relative_error,32,before,equal512,COMPLETE,markov_shift
0.02025851149375669,0.010786411467876473,0.015451889874526493,iid_oic,marginal_squared_relative_error,32,before,equal512,COMPLETE,markov_shift
0.04571915438743492,-0.05491497975665521,-0.004079764247973668,iid_oic,estimation_relative,32,before,equal512,COMPLETE,markov_shift
0.255147539776855,0.1301348185912182,0.1941918887666236,iid_oic,mismatch_relative,32,before,equal512,COMPLETE,markov_shift
0.0342284330154642,0.017049828589329748,0.02534886819911149,iid_oic,estimation_square,32,before,equal512,COMPLETE,markov_shift
0.1767405542559814,0.13875813244054952,0.15731539565673489,iid_oic,mismatch_square,32,before,equal512,COMPLETE,markov_shift
0.005953343905139801,-0.06594455828009033,-0.02889464772457142,iid_oic,cross_term,32,before,equal512,COMPLETE,markov_shift
2.150519073973298,1.906549118748448,2.0243795347311737,iid_oic,conditional_es,32,before,equal512,COMPLETE,markov_shift
0.125,0.125,0.125,iid_oic,hhi,32,before,equal512,COMPLETE,markov_shift
0.0091068093006922,-0.02384471878353854,-0.008734017592601149,iid_oic,latent_information_gap,32,before,equal512,COMPLETE,markov_shift
0.23330566143405868,0.11953038168931256,0.17770850321738557,raw,conditional_signed_relative_error,32,before,equal512,COMPLETE,markov_shift
0.16814416115060435,0.1257255838064258,0.14673105659399022,raw,conditional_squared_relative_error,32,before,equal512,COMPLETE,markov_shift
0.03318070203737326,-0.04521956078119707,-0.006231918249224392,raw,marginal_signed_relative_error,32,before,equal512,COMPLETE,markov_shift
0.01925937393540633,0.010230185925736787,0.014666191604924779,raw,marginal_squared_relative_error,32,before,equal512,COMPLETE,markov_shift
0.0324199762543699,-0.06608050586939192,-0.016483385549238026,raw,estimation_relative,32,before,equal512,COMPLETE,markov_shift
0.255147539776855,0.1301348185912182,0.1941918887666236,raw,mismatch_relative,32,before,equal512,COMPLETE,markov_shift
0.03376472437770346,0.01620852819659813,0.02467784782477922,raw,estimation_square,32,before,equal512,COMPLETE,markov_shift
0.1767405542559814,0.13875813244054952,0.15731539565673489,raw,mismatch_square,32,before,equal512,COMPLETE,markov_shift
-0.00019445142914262,-0.07251392394735949,-0.03526218688752389,raw,cross_term,32,before,equal512,COMPLETE,markov_shift
2.150519073973298,1.906549118748448,2.0243795347311737,raw,conditional_es,32,before,equal512,COMPLETE,markov_shift
0.125,0.125,0.125,raw,hhi,32,before,equal512,COMPLETE,markov_shift
0.0091068093006922,-0.02384471878353854,-0.008734017592601149,raw,latent_information_gap,32,before,equal512,COMPLETE,markov_shift
-0.23738175360425978,-0.31759007452143545,-0.2774646661074234,ar_gaussian,conditional_signed_relative_error,32,after,equal512,COMPLETE,markov_shift
0.1656245058686694,0.12045321877336017,0.14251175991756665,ar_gaussian,conditional_squared_relative_error,32,after,equal512,COMPLETE,markov_shift
-0.14217962192155978,-0.1875243964238061,-0.1648117623050343,ar_gaussian,marginal_signed_relative_error,32,after,equal512,COMPLETE,markov_shift
0.04126211491248692,0.02566911646902478,0.033029169569953026,ar_gaussian,marginal_squared_relative_error,32,after,equal512,COMPLETE,markov_shift
-0.1216739979959045,-0.16105035583082355,-0.14143593991237002,ar_gaussian,estimation_relative,32,after,equal512,COMPLETE,markov_shift
-0.09502551181794505,-0.17638700664973658,-0.13602872619505338,ar_gaussian,mismatch_relative,32,after,equal512,COMPLETE,markov_shift
0.03349658470218813,0.021202086312387583,0.027206084750546523,ar_gaussian,estimation_square,32,after,equal512,COMPLETE,markov_shift
0.12204436718107066,0.09456241589970532,0.10791321402133375,ar_gaussian,mismatch_square,32,after,equal512,COMPLETE,markov_shift
0.018155905233120273,-0.003687737094118289,0.007392461145686388,ar_gaussian,cross_term,32,after,equal512,COMPLETE,markov_shift
3.149725360165786,2.93767003735307,3.0469046837616816,ar_gaussian,conditional_es,32,after,equal512,COMPLETE,markov_shift
0.125,0.125,0.125,ar_gaussian,hhi,32,after,equal512,COMPLETE,markov_shift
0.0024643284590325594,-0.03200336270933995,-0.015042062071643998,ar_gaussian,latent_information_gap,32,after,equal512,COMPLETE,markov_shift
-0.08585993465297559,-0.19893803543633437,-0.14294155644322665,block_bootstrap,conditional_signed_relative_error,32,after,equal512,COMPLETE,markov_shift
0.1366809324746189,0.10190703565018036,0.11895291942164608,block_bootstrap,conditional_squared_relative_error,32,after,equal512,COMPLETE,markov_shift
0.019903340197942272,-0.04420234021893349,-0.012044379689961238,block_bootstrap,marginal_signed_relative_error,32,after,equal512,COMPLETE,markov_shift
0.015419505057948223,0.008516042094488967,0.011923617609372892,block_bootstrap,marginal_squared_relative_error,32,after,equal512,COMPLETE,markov_shift
0.020665225419627314,-0.03456021657769798,-0.006912830248173268,block_bootstrap,estimation_relative,32,after,equal512,COMPLETE,markov_shift
-0.09502551181794505,-0.17638700664973658,-0.13602872619505338,block_bootstrap,mismatch_relative,32,after,equal512,COMPLETE,markov_shift
0.012696770329317953,0.006814480636943305,0.009666037090625213,block_bootstrap,estimation_square,32,after,equal512,COMPLETE,markov_shift
0.12204436718107066,0.09456241589970532,0.10791321402133375,block_bootstrap,mismatch_square,32,after,equal512,COMPLETE,markov_shift
0.0089581943520756,-0.006007343673981023,0.0013736683096871346,block_bootstrap,cross_term,32,after,equal512,COMPLETE,markov_shift
3.149725360165786,2.93767003735307,3.0469046837616816,block_bootstrap,conditional_es,32,after,equal512,COMPLETE,markov_shift
0.125,0.125,0.125,block_bootstrap,hhi,32,after,equal512,COMPLETE,markov_shift
0.0024643284590325594,-0.03200336270933995,-0.015042062071643998,block_bootstrap,latent_information_gap,32,after,equal512,COMPLETE,markov_shift
-0.06441256192297945,-0.15042360445258138,-0.10833684674820857,ewma_gaussian,conditional_signed_relative_error,32,after,equal512,COMPLETE,markov_shift
0.12001358045505557,0.068458269232639,0.09249208422892694,ewma_gaussian,conditional_squared_relative_error,32,after,equal512,COMPLETE,markov_shift
0.1424664309432897,0.05599784468961817,0.09917427672158194,ewma_gaussian,marginal_signed_relative_error,32,after,equal512,COMPLETE,markov_shift
0.16866808666081756,0.10090596170747289,0.1329130936480197,ewma_gaussian,marginal_squared_relative_error,32,after,equal512,COMPLETE,markov_shift
0.06563967719904945,-0.009307869519290102,0.02769187944684482,ewma_gaussian,estimation_relative,32,after,equal512,COMPLETE,markov_shift
-0.09502551181794505,-0.17638700664973658,-0.13602872619505338,ewma_gaussian,mismatch_relative,32,after,equal512,COMPLETE,markov_shift
0.10082112526544572,0.0654950428532806,0.0814465678467984,ewma_gaussian,estimation_square,32,after,equal512,COMPLETE,markov_shift
0.12204436718107066,0.09456241589970532,0.10791321402133375,ewma_gaussian,mismatch_square,32,after,equal512,COMPLETE,markov_shift
-0.07317465268487355,-0.11858717863002965,-0.0968676976392052,ewma_gaussian,cross_term,32,after,equal512,COMPLETE,markov_shift
3.149725360165786,2.93767003735307,3.0469046837616816,ewma_gaussian,conditional_es,32,after,equal512,COMPLETE,markov_shift
0.125,0.125,0.125,ewma_gaussian,hhi,32,after,equal512,COMPLETE,markov_shift
0.0024643284590325594,-0.03200336270933995,-0.015042062071643998,ewma_gaussian,latent_information_gap,32,after,equal512,COMPLETE,markov_shift
-0.23711044897096273,-0.3192832575680227,-0.27816112546671273,gaussian_iid,conditional_signed_relative_error,32,after,equal512,COMPLETE,markov_shift
0.16690832900907107,0.12126798242653414,0.14341187355373364,gaussian_iid,conditional_squared_relative_error,32,after,equal512,COMPLETE,markov_shift
-0.14372693728100833,-0.18867979959988757,-0.16617631011944534,gaussian_iid,marginal_signed_relative_error,32,after,equal512,COMPLETE,markov_shift
0.04115963818103026,0.02584704799416609,0.0331470049105114,gaussian_iid,marginal_squared_relative_error,32,after,equal512,COMPLETE,markov_shift
-0.12282339820651342,-0.1613132195562271,-0.14213239927165935,gaussian_iid,estimation_relative,32,after,equal512,COMPLETE,markov_shift
-0.09502551181794505,-0.17638700664973658,-0.13602872619505338,gaussian_iid,mismatch_relative,32,after,equal512,COMPLETE,markov_shift
0.03335364471326928,0.021245498897802972,0.02716402785930188,gaussian_iid,estimation_square,32,after,equal512,COMPLETE,markov_shift
0.12204436718107066,0.09456241589970532,0.10791321402133375,gaussian_iid,mismatch_square,32,after,equal512,COMPLETE,markov_shift
0.019346143538045132,-0.0027678822607451925,0.008334631673098019,gaussian_iid,cross_term,32,after,equal512,COMPLETE,markov_shift
3.149725360165786,2.93767003735307,3.0469046837616816,gaussian_iid,conditional_es,32,after,equal512,COMPLETE,markov_shift
0.125,0.125,0.125,gaussian_iid,hhi,32,after,equal512,COMPLETE,markov_shift
0.0024643284590325594,-0.03200336270933995,-0.015042062071643998,gaussian_iid,latent_information_gap,32,after,equal512,COMPLETE,markov_shift
-0.08425243658003265,-0.19632506505910344,-0.14100547390196985,hac,conditional_signed_relative_error,32,after,equal512,COMPLETE,markov_shift
0.13509171403033443,0.10137832273795377,0.1177830352739864,hac,conditional_squared_relative_error,32,after,equal512,COMPLETE,markov_shift
0.02222215018614428,-0.04118178179525865,-0.009231794289646532,hac,marginal_signed_relative_error,32,after,equal512,COMPLETE,markov_shift
0.014428992900922335,0.007751539938991122,0.011027944611567746,hac,marginal_squared_relative_error,32,after,equal512,COMPLETE,markov_shift
0.02241646489827743,-0.0323234644787373,-0.004976747706916482,hac,estimation_relative,32,after,equal512,COMPLETE,markov_shift
-0.09502551181794505,-0.17638700664973658,-0.13602872619505338,hac,mismatch_relative,32,after,equal512,COMPLETE,markov_shift
0.012304222265401201,0.006387554125885589,0.009243438224640143,hac,estimation_square,32,after,equal512,COMPLETE,markov_shift
0.12204436718107066,0.09456241589970532,0.10791321402133375,hac,mismatch_square,32,after,equal512,COMPLETE,markov_shift
0.007445307612074883,-0.006188301062749979,0.0006263830280125245,hac,cross_term,32,after,equal512,COMPLETE,markov_shift
3.149725360165786,2.93767003735307,3.0469046837616816,hac,conditional_es,32,after,equal512,COMPLETE,markov_shift
0.125,0.125,0.125,hac,hhi,32,after,equal512,COMPLETE,markov_shift
0.0024643284590325594,-0.03200336270933995,-0.015042062071643998,hac,latent_information_gap,32,after,equal512,COMPLETE,markov_shift
-0.09254147098585717,-0.2032215479710023,-0.14868793014763168,iid_oic,conditional_signed_relative_error,32,after,equal512,COMPLETE,markov_shift
0.13595949118835943,0.1013573987179876,0.11817189393248233,iid_oic,conditional_squared_relative_error,32,after,equal512,COMPLETE,markov_shift
0.012607571293485678,-0.04952263482804099,-0.018198963639259918,iid_oic,marginal_signed_relative_error,32,after,equal512,COMPLETE,markov_shift
0.014278077987203593,0.007506545865255927,0.010815417343898797,iid_oic,marginal_squared_relative_error,32,after,equal512,COMPLETE,markov_shift
0.013865012492511312,-0.0392862726426621,-0.012659203952578309,iid_oic,estimation_relative,32,after,equal512,COMPLETE,markov_shift
-0.09502551181794505,-0.17638700664973658,-0.13602872619505338,iid_oic,mismatch_relative,32,after,equal512,COMPLETE,markov_shift
0.012174096352436449,0.006138036196834007,0.008982871800935351,iid_oic,estimation_square,32,after,equal512,COMPLETE,markov_shift
0.12204436718107066,0.09456241589970532,0.10791321402133375,iid_oic,mismatch_square,32,after,equal512,COMPLETE,markov_shift
0.007965752684979524,-0.005413838216886364,0.0012758081102132344,iid_oic,cross_term,32,after,equal512,COMPLETE,markov_shift
3.149725360165786,2.93767003735307,3.0469046837616816,iid_oic,conditional_es,32,after,equal512,COMPLETE,markov_shift
0.125,0.125,0.125,iid_oic,hhi,32,after,equal512,COMPLETE,markov_shift
0.0024643284590325594,-0.03200336270933995,-0.015042062071643998,iid_oic,latent_information_gap,32,after,equal512,COMPLETE,markov_shift
-0.10227318389759922,-0.2115435552783405,-0.15772636895619047,raw,conditional_signed_relative_error,32,after,equal512,COMPLETE,markov_shift
0.13711135375591912,0.1017311721127871,0.11890473763116254,raw,conditional_squared_relative_error,32,after,equal512,COMPLETE,markov_shift
0.00141594518077866,-0.05932141978314276,-0.028725780354205584,raw,marginal_signed_relative_error,32,after,equal512,COMPLETE,markov_shift
0.014548705434330688,0.007446192697331983,0.010857511573712827,raw,marginal_squared_relative_error,32,after,equal512,COMPLETE,markov_shift
0.004219638631449578,-0.04762405429259232,-0.0216976427611371,raw,estimation_relative,32,after,equal512,COMPLETE,markov_shift
-0.09502551181794505,-0.17638700664973658,-0.13602872619505338,raw,mismatch_relative,32,after,equal512,COMPLETE,markov_shift
0.012209769640441678,0.006026490091783087,0.0089345687136276,raw,estimation_square,32,after,equal512,COMPLETE,markov_shift
0.12204436718107066,0.09456241589970532,0.10791321402133375,raw,mismatch_square,32,after,equal512,COMPLETE,markov_shift
0.008640104667556877,-0.004545518863929897,0.002056954896201199,raw,cross_term,32,after,equal512,COMPLETE,markov_shift
3.149725360165786,2.93767003735307,3.0469046837616816,raw,conditional_es,32,after,equal512,COMPLETE,markov_shift
0.125,0.125,0.125,raw,hhi,32,after,equal512,COMPLETE,markov_shift
0.0024643284590325594,-0.03200336270933995,-0.015042062071643998,raw,latent_information_gap,32,after,equal512,COMPLETE,markov_shift
-0.09344898323907493,-0.17458661486513685,-0.13399687643176428,ar_gaussian,conditional_signed_relative_error,32,all,older256,COMPLETE,markov_shift
0.17701603736448232,0.1394165503324099,0.15772818547790834,ar_gaussian,conditional_squared_relative_error,32,all,older256,COMPLETE,markov_shift
-0.07723923750510327,-0.12534329169436595,-0.1013217499048647,ar_gaussian,marginal_signed_relative_error,32,all,older256,COMPLETE,markov_shift
0.037025890523846625,0.021551790857597796,0.029080338180763346,ar_gaussian,marginal_squared_relative_error,32,all,older256,COMPLETE,markov_shift
-0.0978805553683295,-0.15514165643094943,-0.12673846084309254,ar_gaussian,estimation_relative,32,all,older256,COMPLETE,markov_shift
0.02984047788075851,-0.0445471610565762,-0.0072584155886717405,ar_gaussian,mismatch_relative,32,all,older256,COMPLETE,markov_shift
0.05296332594927351,0.028217012977086894,0.040182596395657584,ar_gaussian,estimation_square,32,all,older256,COMPLETE,markov_shift
0.22897030990790454,0.18618881023888217,0.20756522035029457,ar_gaussian,mismatch_square,32,all,older256,COMPLETE,markov_shift
-0.06318237186132755,-0.11887309159811274,-0.09001963126804377,ar_gaussian,cross_term,32,all,older256,COMPLETE,markov_shift
2.579376328411645,2.398735765341991,2.48979141663505,ar_gaussian,conditional_es,32,all,older256,COMPLETE,markov_shift
0.28198900806204646,0.2648141325686068,0.27355992081040625,ar_gaussian,hhi,32,all,older256,COMPLETE,markov_shift
6.085181296959719e-05,-0.026783017966129148,-0.01331032351115826,ar_gaussian,latent_information_gap,32,all,older256,COMPLETE,markov_shift
0.15414621639947257,0.020992663023979265,0.08693106944042042,blocked_holdout,conditional_signed_relative_error,32,all,older256,COMPLETE,markov_shift
0.32839413220958114,0.21196431673871063,0.2657174280552971,blocked_holdout,conditional_squared_relative_error,32,all,older256,COMPLETE,markov_shift
0.18655430609974907,0.11193590745357454,0.14937534911197745,blocked_holdout,marginal_signed_relative_error,32,all,older256,COMPLETE,markov_shift
0.13550263055007186,0.09060797523903542,0.11223827556243977,blocked_holdout,marginal_squared_relative_error,32,all,older256,COMPLETE,markov_shift
0.14745093372603504,0.04274396781767285,0.09418948502909218,blocked_holdout,estimation_relative,32,all,older256,COMPLETE,markov_shift
0.02984047788075851,-0.0445471610565762,-0.0072584155886717405,blocked_holdout,mismatch_relative,32,all,older256,COMPLETE,markov_shift
0.11540221258066934,0.06394892747387385,0.08784925411897623,blocked_holdout,estimation_square,32,all,older256,COMPLETE,markov_shift
0.22897030990790454,0.18618881023888217,0.20756522035029457,blocked_holdout,mismatch_square,32,all,older256,COMPLETE,markov_shift
0.02052043824306214,-0.07897695884287072,-0.02969704641397374,blocked_holdout,cross_term,32,all,older256,COMPLETE,markov_shift
2.579376328411645,2.398735765341991,2.48979141663505,blocked_holdout,conditional_es,32,all,older256,COMPLETE,markov_shift
0.28198900806204646,0.2648141325686068,0.27355992081040625,blocked_holdout,hhi,32,all,older256,COMPLETE,markov_shift
6.085181296959719e-05,-0.026783017966129148,-0.01331032351115826,blocked_holdout,latent_information_gap,32,all,older256,COMPLETE,markov_shift
0.1525251151187095,0.017927443758742202,0.08457252853619235,chronological,conditional_signed_relative_error,32,all,older256,COMPLETE,markov_shift
0.3332130070643789,0.21610342739775418,0.26979166722409753,chronological,conditional_squared_relative_error,32,all,older256,COMPLETE,markov_shift
0.18037538063763967,0.10326784062291855,0.14171939404483636,chronological,marginal_signed_relative_error,32,all,older256,COMPLETE,markov_shift
0.12290263200590397,0.08422579100155037,0.10308993594471522,chronological,marginal_squared_relative_error,32,all,older256,COMPLETE,markov_shift
0.1462824332166602,0.03963325136903004,0.09183094412486409,chronological,estimation_relative,32,all,older256,COMPLETE,markov_shift
0.02984047788075851,-0.0445471610565762,-0.0072584155886717405,chronological,mismatch_relative,32,all,older256,COMPLETE,markov_shift
0.11464048421278272,0.062272160269370616,0.08626515574468585,chronological,estimation_square,32,all,older256,COMPLETE,markov_shift
0.22897030990790454,0.18618881023888217,0.20756522035029457,chronological,mismatch_square,32,all,older256,COMPLETE,markov_shift
0.02583389131942578,-0.07201738170609227,-0.02403870887088292,chronological,cross_term,32,all,older256,COMPLETE,markov_shift
2.579376328411645,2.398735765341991,2.48979141663505,chronological,conditional_es,32,all,older256,COMPLETE,markov_shift
0.28198900806204646,0.2648141325686068,0.27355992081040625,chronological,hhi,32,all,older256,COMPLETE,markov_shift
6.085181296959719e-05,-0.026783017966129148,-0.01331032351115826,chronological,latent_information_gap,32,all,older256,COMPLETE,markov_shift
0.018277701974211996,-0.06687171304087437,-0.024770737944674062,ewma_gaussian,conditional_signed_relative_error,32,all,older256,COMPLETE,markov_shift
0.19082521199593042,0.10801089433748592,0.14598629889988723,ewma_gaussian,conditional_squared_relative_error,32,all,older256,COMPLETE,markov_shift
0.1947417349457217,0.11117675636848612,0.15292657894553185,ewma_gaussian,marginal_signed_relative_error,32,all,older256,COMPLETE,markov_shift
0.39244495832046156,0.2598977340333333,0.3226407423697635,ewma_gaussian,marginal_squared_relative_error,32,all,older256,COMPLETE,markov_shift
0.016536892099531127,-0.050232218095076935,-0.017512322356002315,ewma_gaussian,estimation_relative,32,all,older256,COMPLETE,markov_shift
0.02984047788075851,-0.0445471610565762,-0.0072584155886717405,ewma_gaussian,mismatch_relative,32,all,older256,COMPLETE,markov_shift
0.19306311512996102,0.13152307234599755,0.16163504396802894,ewma_gaussian,estimation_square,32,all,older256,COMPLETE,markov_shift
0.22897030990790454,0.18618881023888217,0.20756522035029457,ewma_gaussian,mismatch_square,32,all,older256,COMPLETE,markov_shift
-0.18828280387407598,-0.2599936326032969,-0.22321396541843624,ewma_gaussian,cross_term,32,all,older256,COMPLETE,markov_shift
2.579376328411645,2.398735765341991,2.48979141663505,ewma_gaussian,conditional_es,32,all,older256,COMPLETE,markov_shift
0.28198900806204646,0.2648141325686068,0.27355992081040625,ewma_gaussian,hhi,32,all,older256,COMPLETE,markov_shift
6.085181296959719e-05,-0.026783017966129148,-0.01331032351115826,ewma_gaussian,latent_information_gap,32,all,older256,COMPLETE,markov_shift
-0.09038966356690616,-0.17173350141176658,-0.13123621948330555,gaussian_iid,conditional_signed_relative_error,32,all,older256,COMPLETE,markov_shift
0.17873475298074254,0.14182214609801713,0.15983922440033577,gaussian_iid,conditional_squared_relative_error,32,all,older256,COMPLETE,markov_shift
-0.0763478380193935,-0.125042143009691,-0.10072620550454273,gaussian_iid,marginal_signed_relative_error,32,all,older256,COMPLETE,markov_shift
0.033251587623455175,0.019747871755680633,0.02640815731719238,gaussian_iid,marginal_squared_relative_error,32,all,older256,COMPLETE,markov_shift
-0.09452739063691307,-0.152940131240686,-0.12397780389463384,gaussian_iid,estimation_relative,32,all,older256,COMPLETE,markov_shift
0.02984047788075851,-0.0445471610565762,-0.0072584155886717405,gaussian_iid,mismatch_relative,32,all,older256,COMPLETE,markov_shift
0.050617610628596266,0.02664373063763133,0.03821281000325448,gaussian_iid,estimation_square,32,all,older256,COMPLETE,markov_shift
0.22897030990790454,0.18618881023888217,0.20756522035029457,gaussian_iid,mismatch_square,32,all,older256,COMPLETE,markov_shift
-0.06003627626486203,-0.11359454371893635,-0.08593880595321328,gaussian_iid,cross_term,32,all,older256,COMPLETE,markov_shift
2.579376328411645,2.398735765341991,2.48979141663505,gaussian_iid,conditional_es,32,all,older256,COMPLETE,markov_shift
0.28198900806204646,0.2648141325686068,0.27355992081040625,gaussian_iid,hhi,32,all,older256,COMPLETE,markov_shift
6.085181296959719e-05,-0.026783017966129148,-0.01331032351115826,gaussian_iid,latent_information_gap,32,all,older256,COMPLETE,markov_shift
-0.013788795031932151,-0.1241194612668868,-0.06850761972738735,hac,conditional_signed_relative_error,32,all,older256,COMPLETE,markov_shift
0.21364446867058312,0.1736278227148235,0.19341521972885523,hac,conditional_squared_relative_error,32,all,older256,COMPLETE,markov_shift
-0.008501339724314097,-0.09520041888924247,-0.05098123462483285,hac,marginal_signed_relative_error,32,all,older256,COMPLETE,markov_shift
0.05328142718691486,0.03631363591027341,0.044395769939302915,hac,marginal_squared_relative_error,32,all,older256,COMPLETE,markov_shift
-0.0201225587521221,-0.10388750566696195,-0.061249204138715624,hac,estimation_relative,32,all,older256,COMPLETE,markov_shift
0.02984047788075851,-0.0445471610565762,-0.0072584155886717405,hac,mismatch_relative,32,all,older256,COMPLETE,markov_shift
0.06317725132843216,0.041480917556548154,0.0516726987733443,hac,estimation_square,32,all,older256,COMPLETE,markov_shift
0.22897030990790454,0.18618881023888217,0.20756522035029457,hac,mismatch_square,32,all,older256,COMPLETE,markov_shift
-0.03553818802575113,-0.09830419304433631,-0.06582269939478363,hac,cross_term,32,all,older256,COMPLETE,markov_shift
2.579376328411645,2.398735765341991,2.48979141663505,hac,conditional_es,32,all,older256,COMPLETE,markov_shift
0.28198900806204646,0.2648141325686068,0.27355992081040625,hac,hhi,32,all,older256,COMPLETE,markov_shift
6.085181296959719e-05,-0.026783017966129148,-0.01331032351115826,hac,latent_information_gap,32,all,older256,COMPLETE,markov_shift
-0.01556254846206131,-0.12573934629839822,-0.0700662926495331,iid_oic,conditional_signed_relative_error,32,all,older256,COMPLETE,markov_shift
0.21365127395294203,0.17373203898783612,0.19359134080368706,iid_oic,conditional_squared_relative_error,32,all,older256,COMPLETE,markov_shift
-0.01080690238422745,-0.09756006749911238,-0.05328543749295324,iid_oic,marginal_signed_relative_error,32,all,older256,COMPLETE,markov_shift
0.05237064518061385,0.035507231167524446,0.04351557551866864,iid_oic,marginal_squared_relative_error,32,all,older256,COMPLETE,markov_shift
-0.021966698229450483,-0.1052998414747238,-0.06280787706086136,iid_oic,estimation_relative,32,all,older256,COMPLETE,markov_shift
0.02984047788075851,-0.0445471610565762,-0.0072584155886717405,iid_oic,mismatch_relative,32,all,older256,COMPLETE,markov_shift
0.06262244407210828,0.04097462590384368,0.051135359067847594,iid_oic,estimation_square,32,all,older256,COMPLETE,markov_shift
0.22897030990790454,0.18618881023888217,0.20756522035029457,iid_oic,mismatch_square,32,all,older256,COMPLETE,markov_shift
-0.03538436191523317,-0.09707536423994031,-0.06510923861445508,iid_oic,cross_term,32,all,older256,COMPLETE,markov_shift
2.579376328411645,2.398735765341991,2.48979141663505,iid_oic,conditional_es,32,all,older256,COMPLETE,markov_shift
0.28198900806204646,0.2648141325686068,0.27355992081040625,iid_oic,hhi,32,all,older256,COMPLETE,markov_shift
6.085181296959719e-05,-0.026783017966129148,-0.01331032351115826,iid_oic,latent_information_gap,32,all,older256,COMPLETE,markov_shift
-0.12676571548866605,-0.22022015245493964,-0.1733975764213391,raw,conditional_signed_relative_error,32,all,older256,COMPLETE,markov_shift
0.200028720775507,0.1555741334820471,0.1774205061518006,raw,conditional_squared_relative_error,32,all,older256,COMPLETE,markov_shift
-0.1234223406141321,-0.19734618696296155,-0.1601240846390395,raw,marginal_signed_relative_error,32,all,older256,COMPLETE,markov_shift
0.06653756915862011,0.041823414900601236,0.053841753092277775,raw,marginal_squared_relative_error,32,all,older256,COMPLETE,markov_shift
-0.13019433806848754,-0.20258935739263684,-0.16613916083266736,raw,estimation_relative,32,all,older256,COMPLETE,markov_shift
0.02984047788075851,-0.0445471610565762,-0.0072584155886717405,raw,mismatch_relative,32,all,older256,COMPLETE,markov_shift
0.08704572892174893,0.05279472192657381,0.06912915387613261,raw,estimation_square,32,all,older256,COMPLETE,markov_shift
0.22897030990790454,0.18618881023888217,0.20756522035029457,raw,mismatch_square,32,all,older256,COMPLETE,markov_shift
-0.06963182513490392,-0.13172447851973793,-0.09927386807462658,raw,cross_term,32,all,older256,COMPLETE,markov_shift
2.579376328411645,2.398735765341991,2.48979141663505,raw,conditional_es,32,all,older256,COMPLETE,markov_shift
0.28198900806204646,0.2648141325686068,0.27355992081040625,raw,hhi,32,all,older256,COMPLETE,markov_shift
6.085181296959719e-05,-0.026783017966129148,-0.01331032351115826,raw,latent_information_gap,32,all,older256,COMPLETE,markov_shift
0.09134526025314647,-0.007682207745786744,0.042473382874428416,ar_gaussian,conditional_signed_relative_error,32,before,older256,COMPLETE,markov_shift
0.1516705297396481,0.0889772565246774,0.1187151616625341,ar_gaussian,conditional_squared_relative_error,32,before,older256,COMPLETE,markov_shift
-0.12621905690823876,-0.18803187526818865,-0.15740267854064427,ar_gaussian,marginal_signed_relative_error,32,before,older256,COMPLETE,markov_shift
0.04420734943193166,0.025067419172746134,0.03447792660852516,ar_gaussian,marginal_squared_relative_error,32,before,older256,COMPLETE,markov_shift
-0.15330127145749115,-0.24323732028090117,-0.198474133685898,ar_gaussian,estimation_relative,32,before,older256,COMPLETE,markov_shift
0.30020821773751655,0.1796384448002713,0.24094751656032645,ar_gaussian,mismatch_relative,32,before,older256,COMPLETE,markov_shift
0.08323910728657966,0.04212698910116121,0.06205703158633848,ar_gaussian,estimation_square,32,before,older256,COMPLETE,markov_shift
0.23998916952207477,0.18453173812364168,0.21213273400510885,ar_gaussian,mismatch_square,32,before,older256,COMPLETE,markov_shift
-0.10807617962898873,-0.2055756840999466,-0.1554746039289132,ar_gaussian,cross_term,32,before,older256,COMPLETE,markov_shift
2.1116368249696715,1.8618876352554345,1.9835354327963757,ar_gaussian,conditional_es,32,before,older256,COMPLETE,markov_shift
0.2865013179415877,0.26023475892771714,0.27290678027788007,ar_gaussian,hhi,32,before,older256,COMPLETE,markov_shift
0.009225603020474458,-0.022324703400404336,-0.008160715390033704,ar_gaussian,latent_information_gap,32,before,older256,COMPLETE,markov_shift
0.3581016099447491,0.17698790555211852,0.26600039869789494,blocked_holdout,conditional_signed_relative_error,32,before,older256,COMPLETE,markov_shift
0.4683516299522519,0.23596971656196983,0.34021444570831305,blocked_holdout,conditional_squared_relative_error,32,before,older256,COMPLETE,markov_shift
0.08662519422816269,-0.04731010809229226,0.01861011989693966,blocked_holdout,marginal_signed_relative_error,32,before,older256,COMPLETE,markov_shift
0.07364464543084126,0.034130184768179264,0.052048761843065984,blocked_holdout,marginal_squared_relative_error,32,before,older256,COMPLETE,markov_shift
0.11837146839200921,-0.06454194400002279,0.025052882137568486,blocked_holdout,estimation_relative,32,before,older256,COMPLETE,markov_shift
0.30020821773751655,0.1796384448002713,0.24094751656032645,blocked_holdout,mismatch_relative,32,before,older256,COMPLETE,markov_shift
0.1530678032689282,0.06332209021238729,0.10295615295653977,blocked_holdout,estimation_square,32,before,older256,COMPLETE,markov_shift
0.23998916952207477,0.18453173812364168,0.21213273400510885,blocked_holdout,mismatch_square,32,before,older256,COMPLETE,markov_shift
0.11190613579150005,-0.05723965627210829,0.0251255587466644,blocked_holdout,cross_term,32,before,older256,COMPLETE,markov_shift
2.1116368249696715,1.8618876352554345,1.9835354327963757,blocked_holdout,conditional_es,32,before,older256,COMPLETE,markov_shift
0.2865013179415877,0.26023475892771714,0.27290678027788007,blocked_holdout,hhi,32,before,older256,COMPLETE,markov_shift
0.009225603020474458,-0.022324703400404336,-0.008160715390033704,blocked_holdout,latent_information_gap,32,before,older256,COMPLETE,markov_shift
0.35954939499735944,0.17901725138386732,0.2679756616860951,chronological,conditional_signed_relative_error,32,before,older256,COMPLETE,markov_shift
0.4693027216154114,0.24239919487777245,0.3449503534922298,chronological,conditional_squared_relative_error,32,before,older256,COMPLETE,markov_shift
0.08494633961229976,-0.04657368826490283,0.01833320924675247,chronological,marginal_signed_relative_error,32,before,older256,COMPLETE,markov_shift
0.07250962606854548,0.03371356080662834,0.051379036477994966,chronological,marginal_squared_relative_error,32,before,older256,COMPLETE,markov_shift
0.11800992028146316,-0.061203027505937285,0.027028145125768652,chronological,estimation_relative,32,before,older256,COMPLETE,markov_shift
0.30020821773751655,0.1796384448002713,0.24094751656032645,chronological,mismatch_relative,32,before,older256,COMPLETE,markov_shift
0.15366055075651577,0.06350666223061074,0.10345252654911666,chronological,estimation_square,32,before,older256,COMPLETE,markov_shift
0.23998916952207477,0.18453173812364168,0.21213273400510885,chronological,mismatch_square,32,before,older256,COMPLETE,markov_shift
0.11465249792441644,-0.05183861129314149,0.029365092938004267,chronological,cross_term,32,before,older256,COMPLETE,markov_shift
2.1116368249696715,1.8618876352554345,1.9835354327963757,chronological,conditional_es,32,before,older256,COMPLETE,markov_shift
0.2865013179415877,0.26023475892771714,0.27290678027788007,chronological,hhi,32,before,older256,COMPLETE,markov_shift
0.009225603020474458,-0.022324703400404336,-0.008160715390033704,chronological,latent_information_gap,32,before,older256,COMPLETE,markov_shift
0.12031154771239314,-0.007720025617245592,0.0563949535467584,ewma_gaussian,conditional_signed_relative_error,32,before,older256,COMPLETE,markov_shift
0.21869470993270834,0.09204160992054182,0.14840489884630798,ewma_gaussian,conditional_squared_relative_error,32,before,older256,COMPLETE,markov_shift
-0.028196736980240358,-0.12401874593254844,-0.07711104197044544,ewma_gaussian,marginal_signed_relative_error,32,before,older256,COMPLETE,markov_shift
0.2148252070354599,0.10904200809245017,0.15890330500114425,ewma_gaussian,marginal_squared_relative_error,32,before,older256,COMPLETE,markov_shift
-0.1430212703879727,-0.228731948944213,-0.18455256301356804,ewma_gaussian,estimation_relative,32,before,older256,COMPLETE,markov_shift
0.30020821773751655,0.1796384448002713,0.24094751656032645,ewma_gaussian,mismatch_relative,32,before,older256,COMPLETE,markov_shift
0.2230255847363058,0.13716459950367257,0.17736291130974075,ewma_gaussian,estimation_square,32,before,older256,COMPLETE,markov_shift
0.23998916952207477,0.18453173812364168,0.21213273400510885,ewma_gaussian,mismatch_square,32,before,older256,COMPLETE,markov_shift
-0.19310835604648924,-0.29026809812684895,-0.24109074646854162,ewma_gaussian,cross_term,32,before,older256,COMPLETE,markov_shift
2.1116368249696715,1.8618876352554345,1.9835354327963757,ewma_gaussian,conditional_es,32,before,older256,COMPLETE,markov_shift
0.2865013179415877,0.26023475892771714,0.27290678027788007,ewma_gaussian,hhi,32,before,older256,COMPLETE,markov_shift
0.009225603020474458,-0.022324703400404336,-0.008160715390033704,ewma_gaussian,latent_information_gap,32,before,older256,COMPLETE,markov_shift
0.09765702462588996,-0.00035471946315371593,0.049367018508721175,gaussian_iid,conditional_signed_relative_error,32,before,older256,COMPLETE,markov_shift
0.1530400890324058,0.09077534192008804,0.12045409456704571,gaussian_iid,conditional_squared_relative_error,32,before,older256,COMPLETE,markov_shift
-0.12073811558994378,-0.1816324291763645,-0.15140376520390375,gaussian_iid,marginal_signed_relative_error,32,before,older256,COMPLETE,markov_shift
0.04121890853746655,0.022829878035831298,0.03185724483455138,gaussian_iid,marginal_squared_relative_error,32,before,older256,COMPLETE,markov_shift
-0.14680792117923375,-0.23638862579695302,-0.19158049805160526,gaussian_iid,estimation_relative,32,before,older256,COMPLETE,markov_shift
0.30020821773751655,0.1796384448002713,0.24094751656032645,gaussian_iid,mismatch_relative,32,before,older256,COMPLETE,markov_shift
0.07915111316201726,0.039179292356977,0.0585460077448264,gaussian_iid,estimation_square,32,before,older256,COMPLETE,markov_shift
0.23998916952207477,0.18453173812364168,0.21213273400510885,gaussian_iid,mismatch_square,32,before,older256,COMPLETE,markov_shift
-0.10298449844954434,-0.20033296948292323,-0.15022464718288953,gaussian_iid,cross_term,32,before,older256,COMPLETE,markov_shift
2.1116368249696715,1.8618876352554345,1.9835354327963757,gaussian_iid,conditional_es,32,before,older256,COMPLETE,markov_shift
0.2865013179415877,0.26023475892771714,0.27290678027788007,gaussian_iid,hhi,32,before,older256,COMPLETE,markov_shift
0.009225603020474458,-0.022324703400404336,-0.008160715390033704,gaussian_iid,latent_information_gap,32,before,older256,COMPLETE,markov_shift
0.21131063261005162,0.07041003117415194,0.14283265021900382,hac,conditional_signed_relative_error,32,before,older256,COMPLETE,markov_shift
0.17888041497741278,0.12895628302800288,0.15426586554977062,hac,conditional_squared_relative_error,32,before,older256,COMPLETE,markov_shift
-0.011757092312884939,-0.11385595906692948,-0.06185309083701973,hac,marginal_signed_relative_error,32,before,older256,COMPLETE,markov_shift
0.051052222219309634,0.030401341727639954,0.04014926118021778,hac,marginal_squared_relative_error,32,before,older256,COMPLETE,markov_shift
-0.03586659288452775,-0.16404919066486823,-0.0981148663413226,hac,estimation_relative,32,before,older256,COMPLETE,markov_shift
0.30020821773751655,0.1796384448002713,0.24094751656032645,hac,mismatch_relative,32,before,older256,COMPLETE,markov_shift
0.09421110793559107,0.050220916829080156,0.07014546579166936,hac,estimation_square,32,before,older256,COMPLETE,markov_shift
0.23998916952207477,0.18453173812364168,0.21213273400510885,hac,mismatch_square,32,before,older256,COMPLETE,markov_shift
-0.07387950394213316,-0.1887098891065846,-0.1280123342470076,hac,cross_term,32,before,older256,COMPLETE,markov_shift
2.1116368249696715,1.8618876352554345,1.9835354327963757,hac,conditional_es,32,before,older256,COMPLETE,markov_shift
0.2865013179415877,0.26023475892771714,0.27290678027788007,hac,hhi,32,before,older256,COMPLETE,markov_shift
0.009225603020474458,-0.022324703400404336,-0.008160715390033704,hac,latent_information_gap,32,before,older256,COMPLETE,markov_shift
0.20879288830707426,0.06970493642848578,0.14145957044027294,iid_oic,conditional_signed_relative_error,32,before,older256,COMPLETE,markov_shift
0.1783350208598642,0.1279447728022042,0.15302707942981883,iid_oic,conditional_squared_relative_error,32,before,older256,COMPLETE,markov_shift
-0.014941126847657521,-0.11447405596907667,-0.06346236744760526,iid_oic,marginal_signed_relative_error,32,before,older256,COMPLETE,markov_shift
0.04975560044659242,0.029318842809322825,0.03895200878249093,iid_oic,marginal_squared_relative_error,32,before,older256,COMPLETE,markov_shift
-0.03819901520419688,-0.16411990998534742,-0.09948794612005349,iid_oic,estimation_relative,32,before,older256,COMPLETE,markov_shift
0.30020821773751655,0.1796384448002713,0.24094751656032645,iid_oic,mismatch_relative,32,before,older256,COMPLETE,markov_shift
0.09209189861443393,0.04890088208566715,0.0685729391986381,iid_oic,estimation_square,32,before,older256,COMPLETE,markov_shift
0.23998916952207477,0.18453173812364168,0.21213273400510885,iid_oic,mismatch_square,32,before,older256,COMPLETE,markov_shift
-0.07346222502858223,-0.187877230070074,-0.12767859377392812,iid_oic,cross_term,32,before,older256,COMPLETE,markov_shift
2.1116368249696715,1.8618876352554345,1.9835354327963757,iid_oic,conditional_es,32,before,older256,COMPLETE,markov_shift
0.2865013179415877,0.26023475892771714,0.27290678027788007,iid_oic,hhi,32,before,older256,COMPLETE,markov_shift
0.009225603020474458,-0.022324703400404336,-0.008160715390033704,iid_oic,latent_information_gap,32,before,older256,COMPLETE,markov_shift
0.08050891241156288,-0.04219317847687277,0.021540119530182034,raw,conditional_signed_relative_error,32,before,older256,COMPLETE,markov_shift
0.1315779824364369,0.08296387873698059,0.10595580044500487,raw,conditional_squared_relative_error,32,before,older256,COMPLETE,markov_shift
-0.12309774277441084,-0.20762340108163005,-0.16468063841038028,raw,marginal_signed_relative_error,32,before,older256,COMPLETE,markov_shift
0.06707121084648097,0.03866023844345417,0.052195799785299986,raw,marginal_squared_relative_error,32,before,older256,COMPLETE,markov_shift
-0.16429705619104618,-0.27668328075212173,-0.2194073970301444,raw,estimation_relative,32,before,older256,COMPLETE,markov_shift
0.30020821773751655,0.1796384448002713,0.24094751656032645,raw,mismatch_relative,32,before,older256,COMPLETE,markov_shift
0.13307745947529392,0.07114209185016815,0.09966727578646908,raw,estimation_square,32,before,older256,COMPLETE,markov_shift
0.23998916952207477,0.18453173812364168,0.21213273400510885,raw,mismatch_square,32,before,older256,COMPLETE,markov_shift
-0.14894315355100968,-0.26905420512593836,-0.20584420934657305,raw,cross_term,32,before,older256,COMPLETE,markov_shift
2.1116368249696715,1.8618876352554345,1.9835354327963757,raw,conditional_es,32,before,older256,COMPLETE,markov_shift
0.2865013179415877,0.26023475892771714,0.27290678027788007,raw,hhi,32,before,older256,COMPLETE,markov_shift
0.009225603020474458,-0.022324703400404336,-0.008160715390033704,raw,latent_information_gap,32,before,older256,COMPLETE,markov_shift
-0.2593271918467157,-0.3600323773635099,-0.310467135737957,ar_gaussian,conditional_signed_relative_error,32,after,older256,COMPLETE,markov_shift
0.22344775936347622,0.17154817218943402,0.19674120929328265,ar_gaussian,conditional_squared_relative_error,32,after,older256,COMPLETE,markov_shift
-0.019801364066153578,-0.07206931479769359,-0.04524082126908513,ar_gaussian,marginal_signed_relative_error,32,after,older256,COMPLETE,markov_shift
0.03184514062986423,0.016699898757483764,0.023682749753001525,ar_gaussian,marginal_squared_relative_error,32,after,older256,COMPLETE,markov_shift
-0.036345971018861584,-0.07397019715404432,-0.05500278800028708,ar_gaussian,estimation_relative,32,after,older256,COMPLETE,markov_shift
-0.20559364261112167,-0.30312857630414153,-0.2554643477376699,ar_gaussian,mismatch_relative,32,after,older256,COMPLETE,markov_shift
0.023616317638166302,0.013295663991529136,0.018308161204976685,ar_gaussian,estimation_square,32,after,older256,COMPLETE,markov_shift
0.22712693825105454,0.17924219337447686,0.20299770669548028,ar_gaussian,mismatch_square,32,after,older256,COMPLETE,markov_shift
-0.011433944429491427,-0.038453411242096405,-0.024564658607174328,ar_gaussian,cross_term,32,after,older256,COMPLETE,markov_shift
3.101237729218887,2.887290640868848,2.9960474004737243,ar_gaussian,conditional_es,32,after,older256,COMPLETE,markov_shift
0.28530972924276304,0.2630363952745113,0.27421306134293244,ar_gaussian,hhi,32,after,older256,COMPLETE,markov_shift
0.006331749092476856,-0.041023487762945135,-0.018459931632282815,ar_gaussian,latent_information_gap,32,after,older256,COMPLETE,markov_shift
-0.01623126811109982,-0.16438616431672184,-0.09213825981705409,blocked_holdout,conditional_signed_relative_error,32,after,older256,COMPLETE,markov_shift
0.22905852454713813,0.1573909728327584,0.1912204104022811,blocked_holdout,conditional_squared_relative_error,32,after,older256,COMPLETE,markov_shift
0.327886376381812,0.22952554249428014,0.2801405783270152,blocked_holdout,marginal_signed_relative_error,32,after,older256,COMPLETE,markov_shift
0.21771429293123157,0.1318000124541877,0.17242778928181354,blocked_holdout,marginal_squared_relative_error,32,after,older256,COMPLETE,markov_shift
0.2014043346219414,0.12361303402327134,0.16332608792061581,blocked_holdout,estimation_relative,32,after,older256,COMPLETE,markov_shift
-0.20559364261112167,-0.30312857630414153,-0.2554643477376699,blocked_holdout,mismatch_relative,32,after,older256,COMPLETE,markov_shift
0.09485009259595477,0.0528707608489364,0.0727423552814127,blocked_holdout,estimation_square,32,after,older256,COMPLETE,markov_shift
0.22712693825105454,0.17924219337447686,0.20299770669548028,blocked_holdout,mismatch_square,32,after,older256,COMPLETE,markov_shift
-0.05374750845913009,-0.11534802223876313,-0.08451965157461187,blocked_holdout,cross_term,32,after,older256,COMPLETE,markov_shift
3.101237729218887,2.887290640868848,2.9960474004737243,blocked_holdout,conditional_es,32,after,older256,COMPLETE,markov_shift
0.28530972924276304,0.2630363952745113,0.27421306134293244,blocked_holdout,hhi,32,after,older256,COMPLETE,markov_shift
0.006331749092476856,-0.041023487762945135,-0.018459931632282815,blocked_holdout,latent_information_gap,32,after,older256,COMPLETE,markov_shift
-0.023085932085302577,-0.17156884571700268,-0.09883060461371038,chronological,conditional_signed_relative_error,32,after,older256,COMPLETE,markov_shift
0.23098591160941911,0.16221409566505926,0.1946329809559652,chronological,conditional_squared_relative_error,32,after,older256,COMPLETE,markov_shift
0.31017993269829197,0.21731048956275575,0.26510557884292024,chronological,marginal_signed_relative_error,32,after,older256,COMPLETE,markov_shift
0.19205335495786716,0.12037482846753038,0.15480083541143544,chronological,marginal_squared_relative_error,32,after,older256,COMPLETE,markov_shift
0.19419098971032897,0.11838697466577953,0.15663374312395956,chronological,estimation_relative,32,after,older256,COMPLETE,markov_shift
-0.20559364261112167,-0.30312857630414153,-0.2554643477376699,chronological,mismatch_relative,32,after,older256,COMPLETE,markov_shift
0.0893087235074203,0.05089836167980172,0.06907778494025504,chronological,estimation_square,32,after,older256,COMPLETE,markov_shift
0.22712693825105454,0.17924219337447686,0.20299770669548028,chronological,mismatch_square,32,after,older256,COMPLETE,markov_shift
-0.04757106931683919,-0.1067936405005808,-0.07744251067977011,chronological,cross_term,32,after,older256,COMPLETE,markov_shift
3.101237729218887,2.887290640868848,2.9960474004737243,chronological,conditional_es,32,after,older256,COMPLETE,markov_shift
0.28530972924276304,0.2630363952745113,0.27421306134293244,chronological,hhi,32,after,older256,COMPLETE,markov_shift
0.006331749092476856,-0.041023487762945135,-0.018459931632282815,chronological,latent_information_gap,32,after,older256,COMPLETE,markov_shift
-0.052958903859463356,-0.15595241777406096,-0.10593642943610651,ewma_gaussian,conditional_signed_relative_error,32,after,older256,COMPLETE,markov_shift
0.19917039924854077,0.0988253750249476,0.14356769895346647,ewma_gaussian,conditional_squared_relative_error,32,after,older256,COMPLETE,markov_shift
0.4640028459278746,0.30521119314650663,0.38296419986150915,ewma_gaussian,marginal_signed_relative_error,32,after,older256,COMPLETE,markov_shift
0.6227940511859513,0.3697181376801614,0.4863781797383827,ewma_gaussian,marginal_squared_relative_error,32,after,older256,COMPLETE,markov_shift
0.19835025346477098,0.1032007298397719,0.1495279183015634,ewma_gaussian,estimation_relative,32,after,older256,COMPLETE,markov_shift
-0.20559364261112167,-0.30312857630414153,-0.2554643477376699,ewma_gaussian,mismatch_relative,32,after,older256,COMPLETE,markov_shift
0.17680019261865607,0.11674533785228368,0.14590717662631708,ewma_gaussian,estimation_square,32,after,older256,COMPLETE,markov_shift
0.22712693825105454,0.17924219337447686,0.20299770669548028,ewma_gaussian,mismatch_square,32,after,older256,COMPLETE,markov_shift
-0.15992032564994382,-0.2499010293482754,-0.20533718436833087,ewma_gaussian,cross_term,32,after,older256,COMPLETE,markov_shift
3.101237729218887,2.887290640868848,2.9960474004737243,ewma_gaussian,conditional_es,32,after,older256,COMPLETE,markov_shift
0.28530972924276304,0.2630363952745113,0.27421306134293244,ewma_gaussian,hhi,32,after,older256,COMPLETE,markov_shift
0.006331749092476856,-0.041023487762945135,-0.018459931632282815,ewma_gaussian,latent_information_gap,32,after,older256,COMPLETE,markov_shift
-0.2595134406829527,-0.36212403149882827,-0.3118394574753323,gaussian_iid,conditional_signed_relative_error,32,after,older256,COMPLETE,markov_shift
0.22633580349421414,0.1738692534480174,0.1992243542336258,gaussian_iid,conditional_squared_relative_error,32,after,older256,COMPLETE,markov_shift
-0.025537324772404734,-0.07568662289669312,-0.05004864580518168,gaussian_iid,marginal_signed_relative_error,32,after,older256,COMPLETE,markov_shift
0.02661057457277615,0.01567640725484043,0.020959069799833377,gaussian_iid,marginal_squared_relative_error,32,after,older256,COMPLETE,markov_shift
-0.037117376137336844,-0.07570865292461873,-0.05637510973766241,gaussian_iid,estimation_relative,32,after,older256,COMPLETE,markov_shift
-0.20559364261112167,-0.30312857630414153,-0.2554643477376699,gaussian_iid,mismatch_relative,32,after,older256,COMPLETE,markov_shift
0.022917271467018517,0.013093911636473976,0.01787961226168256,gaussian_iid,estimation_square,32,after,older256,COMPLETE,markov_shift
0.22712693825105454,0.17924219337447686,0.20299770669548028,gaussian_iid,mismatch_square,32,after,older256,COMPLETE,markov_shift
-0.010451475735686985,-0.03333480401755367,-0.02165296472353705,gaussian_iid,cross_term,32,after,older256,COMPLETE,markov_shift
3.101237729218887,2.887290640868848,2.9960474004737243,gaussian_iid,conditional_es,32,after,older256,COMPLETE,markov_shift
0.28530972924276304,0.2630363952745113,0.27421306134293244,gaussian_iid,hhi,32,after,older256,COMPLETE,markov_shift
0.006331749092476856,-0.041023487762945135,-0.018459931632282815,gaussian_iid,latent_information_gap,32,after,older256,COMPLETE,markov_shift
-0.20728717460558344,-0.3524517446495384,-0.27984788967377855,hac,conditional_signed_relative_error,32,after,older256,COMPLETE,markov_shift
0.26874461530529653,0.1972836940834294,0.23256457390793983,hac,conditional_squared_relative_error,32,after,older256,COMPLETE,markov_shift
0.021847583215949786,-0.10361764947915897,-0.040109378412645974,hac,marginal_signed_relative_error,32,after,older256,COMPLETE,markov_shift
0.06495578454817287,0.034328801568979,0.04864227869838805,hac,marginal_squared_relative_error,32,after,older256,COMPLETE,markov_shift
0.020366714481780197,-0.06977105617751896,-0.024383541936108644,hac,estimation_relative,32,after,older256,COMPLETE,markov_shift
-0.20559364261112167,-0.30312857630414153,-0.2554643477376699,hac,mismatch_relative,32,after,older256,COMPLETE,markov_shift
0.04332047206562647,0.024096944135479834,0.03319993175501924,hac,estimation_square,32,after,older256,COMPLETE,markov_shift
0.22712693825105454,0.17924219337447686,0.20299770669548028,hac,mismatch_square,32,after,older256,COMPLETE,markov_shift
0.01512558566427587,-0.0229416727227638,-0.0036330645425596796,hac,cross_term,32,after,older256,COMPLETE,markov_shift
3.101237729218887,2.887290640868848,2.9960474004737243,hac,conditional_es,32,after,older256,COMPLETE,markov_shift
0.28530972924276304,0.2630363952745113,0.27421306134293244,hac,hhi,32,after,older256,COMPLETE,markov_shift
0.006331749092476856,-0.041023487762945135,-0.018459931632282815,hac,latent_information_gap,32,after,older256,COMPLETE,markov_shift
-0.20838555830434952,-0.35419060440325567,-0.28159215573933916,iid_oic,conditional_signed_relative_error,32,after,older256,COMPLETE,markov_shift
0.2705703229323033,0.19875614625162158,0.23415560217755532,iid_oic,conditional_squared_relative_error,32,after,older256,COMPLETE,markov_shift
0.01884676353010741,-0.10622192977880539,-0.043108507538301206,iid_oic,marginal_signed_relative_error,32,after,older256,COMPLETE,markov_shift
0.06420601631544084,0.03389490134549435,0.048079142254846344,iid_oic,marginal_squared_relative_error,32,after,older256,COMPLETE,markov_shift
0.01854698057183396,-0.0719637007246817,-0.026127808001669205,iid_oic,estimation_relative,32,after,older256,COMPLETE,markov_shift
-0.20559364261112167,-0.30312857630414153,-0.2554643477376699,iid_oic,mismatch_relative,32,after,older256,COMPLETE,markov_shift
0.044287422035451524,0.024292221285108943,0.03369777893705707,iid_oic,estimation_square,32,after,older256,COMPLETE,markov_shift
0.22712693825105454,0.17924219337447686,0.20299770669548028,iid_oic,mismatch_square,32,after,older256,COMPLETE,markov_shift
0.016149823946552528,-0.02236621938895115,-0.002539883454982024,iid_oic,cross_term,32,after,older256,COMPLETE,markov_shift
3.101237729218887,2.887290640868848,2.9960474004737243,iid_oic,conditional_es,32,after,older256,COMPLETE,markov_shift
0.28530972924276304,0.2630363952745113,0.27421306134293244,iid_oic,hhi,32,after,older256,COMPLETE,markov_shift
0.006331749092476856,-0.041023487762945135,-0.018459931632282815,iid_oic,latent_information_gap,32,after,older256,COMPLETE,markov_shift
-0.3067544331034673,-0.4294794539078614,-0.3683352723728603,raw,conditional_signed_relative_error,32,after,older256,COMPLETE,markov_shift
0.29008128537017847,0.20841600051080048,0.2488852118585963,raw,conditional_squared_relative_error,32,after,older256,COMPLETE,markov_shift
-0.1037203877206563,-0.20865268065290607,-0.15556753086769876,raw,marginal_signed_relative_error,32,after,older256,COMPLETE,markov_shift
0.0778408239429369,0.0360187226472569,0.05548770639925556,raw,marginal_squared_relative_error,32,after,older256,COMPLETE,markov_shift
-0.07667634890452173,-0.15125319374741197,-0.11287092463519033,raw,estimation_relative,32,after,older256,COMPLETE,markov_shift
-0.20559364261112167,-0.30312857630414153,-0.2554643477376699,raw,mismatch_relative,32,after,older256,COMPLETE,markov_shift
0.054513579321753505,0.024804875757729147,0.038591031965796135,raw,estimation_square,32,after,older256,COMPLETE,markov_shift
0.22712693825105454,0.17924219337447686,0.20299770669548028,raw,mismatch_square,32,after,older256,COMPLETE,markov_shift
0.026348708936497107,-0.012032109676290736,0.007296473197319893,raw,cross_term,32,after,older256,COMPLETE,markov_shift
3.101237729218887,2.887290640868848,2.9960474004737243,raw,conditional_es,32,after,older256,COMPLETE,markov_shift
0.28530972924276304,0.2630363952745113,0.27421306134293244,raw,hhi,32,after,older256,COMPLETE,markov_shift
0.006331749092476856,-0.041023487762945135,-0.018459931632282815,raw,latent_information_gap,32,after,older256,COMPLETE,markov_shift
