absolute_error,family,forecaster,hhi,n_targets,own_selected,portfolio_id,predicted_es,relative_error,relative_regret,seed,selector,signed_relative_error,true_es
0.005934138836906966,gaussian,historical,0.125,1,False,0,1.1770144269381402,0.00501639632406082,0.17642615073148726,2026107021,equal_weight,-0.00501639632406082,1.1829485657750471
0.005934138836906966,gaussian,historical_se_penalty,0.125,1,False,0,1.1770144269381402,0.00501639632406082,0.17642615073148726,2026107021,equal_weight,-0.00501639632406082,1.1829485657750471
0.005993477210432641,gaussian,support_mix50,0.125,1,False,0,1.1889420429854798,0.00506655773871776,0.17642615073148726,2026107021,equal_weight,0.00506655773871776,1.1829485657750471
0.005993477210432641,gaussian,support_band50,0.125,1,False,0,1.1889420429854798,0.00506655773871776,0.17642615073148726,2026107021,equal_weight,0.00506655773871776,1.1829485657750471
0.02725399048878363,gaussian,historical,0.2289430605101516,1,True,123,1.058412324883568,0.026430461336260022,0.025472844063983535,2026107021,historical,0.026430461336260022,1.0311583343947843
0.02725399048878363,gaussian,historical_se_penalty,0.2289430605101516,1,False,123,1.058412324883568,0.026430461336260022,0.025472844063983535,2026107021,historical,0.026430461336260022,1.0311583343947843
0.05938406255353512,gaussian,support_mix50,0.2289430605101516,1,False,123,1.0905423969483194,0.05758966452847349,0.025472844063983535,2026107021,historical,0.05758966452847349,1.0311583343947843
0.05938406255353512,gaussian,support_band50,0.2289430605101516,1,False,123,1.0905423969483194,0.05758966452847349,0.025472844063983535,2026107021,historical,0.05758966452847349,1.0311583343947843
0.02725399048878363,gaussian,historical,0.2289430605101516,1,False,123,1.058412324883568,0.026430461336260022,0.025472844063983535,2026107021,historical_se_penalty,0.026430461336260022,1.0311583343947843
0.02725399048878363,gaussian,historical_se_penalty,0.2289430605101516,1,True,123,1.058412324883568,0.026430461336260022,0.025472844063983535,2026107021,historical_se_penalty,0.026430461336260022,1.0311583343947843
0.05938406255353512,gaussian,support_mix50,0.2289430605101516,1,False,123,1.0905423969483194,0.05758966452847349,0.025472844063983535,2026107021,historical_se_penalty,0.05758966452847349,1.0311583343947843
0.05938406255353512,gaussian,support_band50,0.2289430605101516,1,False,123,1.0905423969483194,0.05758966452847349,0.025472844063983535,2026107021,historical_se_penalty,0.05758966452847349,1.0311583343947843
0.02725399048878363,gaussian,historical,0.2289430605101516,1,False,123,1.058412324883568,0.026430461336260022,0.025472844063983535,2026107021,support_mix50,0.026430461336260022,1.0311583343947843
0.02725399048878363,gaussian,historical_se_penalty,0.2289430605101516,1,False,123,1.058412324883568,0.026430461336260022,0.025472844063983535,2026107021,support_mix50,0.026430461336260022,1.0311583343947843
0.05938406255353512,gaussian,support_mix50,0.2289430605101516,1,True,123,1.0905423969483194,0.05758966452847349,0.025472844063983535,2026107021,support_mix50,0.05758966452847349,1.0311583343947843
0.05938406255353512,gaussian,support_band50,0.2289430605101516,1,False,123,1.0905423969483194,0.05758966452847349,0.025472844063983535,2026107021,support_mix50,0.05758966452847349,1.0311583343947843
0.02725399048878363,gaussian,historical,0.2289430605101516,1,False,123,1.058412324883568,0.026430461336260022,0.025472844063983535,2026107021,support_band50,0.026430461336260022,1.0311583343947843
0.02725399048878363,gaussian,historical_se_penalty,0.2289430605101516,1,False,123,1.058412324883568,0.026430461336260022,0.025472844063983535,2026107021,support_band50,0.026430461336260022,1.0311583343947843
0.05938406255353512,gaussian,support_mix50,0.2289430605101516,1,False,123,1.0905423969483194,0.05758966452847349,0.025472844063983535,2026107021,support_band50,0.05758966452847349,1.0311583343947843
0.05938406255353512,gaussian,support_band50,0.2289430605101516,1,True,123,1.0905423969483194,0.05758966452847349,0.025472844063983535,2026107021,support_band50,0.05758966452847349,1.0311583343947843
0.0289552735377626,gaussian,historical,0.24343949285354924,285,False,-1,1.341422678235822,0.02241777537447968,0.323043746536466,2026107021,fixed_bank,0.009917183606977135,1.3303790479749216
0.0289552735377626,gaussian,historical_se_penalty,0.24343949285354924,285,False,-1,1.341422678235822,0.02241777537447968,0.323043746536466,2026107021,fixed_bank,0.009917183606977135,1.3303790479749216
0.03997943461224919,gaussian,support_mix50,0.24343949285354924,285,False,-1,1.3619231799819167,0.03174328377787901,0.323043746536466,2026107021,fixed_bank,0.02605903397537653,1.3303790479749216
0.039979434612249176,gaussian,support_band50,0.24343949285354924,285,False,-1,1.3619231799819167,0.031743283777878994,0.323043746536466,2026107021,fixed_bank,0.026059033975376508,1.3303790479749216
0.013901530464027756,gaussian,historical,0.125,1,False,0,1.1825303782935928,0.011619157230989568,0.11442184834106417,2026107018,equal_weight,-0.011619157230989568,1.1964319087576205
0.013901530464027756,gaussian,historical_se_penalty,0.125,1,False,0,1.1825303782935928,0.011619157230989568,0.11442184834106417,2026107018,equal_weight,-0.011619157230989568,1.1964319087576205
0.028010372624582613,gaussian,support_mix50,0.125,1,False,0,1.168421536133038,0.023411589426487873,0.11442184834106417,2026107018,equal_weight,-0.023411589426487873,1.1964319087576205
0.028010372624582835,gaussian,support_band50,0.125,1,False,0,1.1684215361330377,0.02341158942648806,0.11442184834106417,2026107018,equal_weight,-0.02341158942648806,1.1964319087576205
0.09881767874114278,gaussian,historical,0.29128917857464226,1,True,42,1.0155743185570312,0.08867407427612968,0.038005406170684486,2026107018,historical,-0.08867407427612968,1.114391997298174
0.09881767874114278,gaussian,historical_se_penalty,0.29128917857464226,1,False,42,1.0155743185570312,0.08867407427612968,0.038005406170684486,2026107018,historical,-0.08867407427612968,1.114391997298174
0.0747204144176028,gaussian,support_mix50,0.29128917857464226,1,False,42,1.0396715828805712,0.06705038675686947,0.038005406170684486,2026107018,historical,-0.06705038675686947,1.114391997298174
0.0747204144176028,gaussian,support_band50,0.29128917857464226,1,False,42,1.0396715828805712,0.06705038675686947,0.038005406170684486,2026107018,historical,-0.06705038675686947,1.114391997298174
0.09881767874114278,gaussian,historical,0.29128917857464226,1,False,42,1.0155743185570312,0.08867407427612968,0.038005406170684486,2026107018,historical_se_penalty,-0.08867407427612968,1.114391997298174
0.09881767874114278,gaussian,historical_se_penalty,0.29128917857464226,1,True,42,1.0155743185570312,0.08867407427612968,0.038005406170684486,2026107018,historical_se_penalty,-0.08867407427612968,1.114391997298174
0.0747204144176028,gaussian,support_mix50,0.29128917857464226,1,False,42,1.0396715828805712,0.06705038675686947,0.038005406170684486,2026107018,historical_se_penalty,-0.06705038675686947,1.114391997298174
0.0747204144176028,gaussian,support_band50,0.29128917857464226,1,False,42,1.0396715828805712,0.06705038675686947,0.038005406170684486,2026107018,historical_se_penalty,-0.06705038675686947,1.114391997298174
0.09881767874114278,gaussian,historical,0.29128917857464226,1,False,42,1.0155743185570312,0.08867407427612968,0.038005406170684486,2026107018,support_mix50,-0.08867407427612968,1.114391997298174
0.09881767874114278,gaussian,historical_se_penalty,0.29128917857464226,1,False,42,1.0155743185570312,0.08867407427612968,0.038005406170684486,2026107018,support_mix50,-0.08867407427612968,1.114391997298174
0.0747204144176028,gaussian,support_mix50,0.29128917857464226,1,True,42,1.0396715828805712,0.06705038675686947,0.038005406170684486,2026107018,support_mix50,-0.06705038675686947,1.114391997298174
0.0747204144176028,gaussian,support_band50,0.29128917857464226,1,False,42,1.0396715828805712,0.06705038675686947,0.038005406170684486,2026107018,support_mix50,-0.06705038675686947,1.114391997298174
0.09881767874114278,gaussian,historical,0.29128917857464226,1,False,42,1.0155743185570312,0.08867407427612968,0.038005406170684486,2026107018,support_band50,-0.08867407427612968,1.114391997298174
0.09881767874114278,gaussian,historical_se_penalty,0.29128917857464226,1,False,42,1.0155743185570312,0.08867407427612968,0.038005406170684486,2026107018,support_band50,-0.08867407427612968,1.114391997298174
0.0747204144176028,gaussian,support_mix50,0.29128917857464226,1,False,42,1.0396715828805712,0.06705038675686947,0.038005406170684486,2026107018,support_band50,-0.06705038675686947,1.114391997298174
0.0747204144176028,gaussian,support_band50,0.29128917857464226,1,True,42,1.0396715828805712,0.06705038675686947,0.038005406170684486,2026107018,support_band50,-0.06705038675686947,1.114391997298174
0.05100912839968901,gaussian,historical,0.24332963503196417,285,False,-1,1.3077659309057774,0.03761135239534884,0.2484153446015417,2026107018,fixed_bank,-0.023148702822732976,1.3402859571421484
0.05100912839968901,gaussian,historical_se_penalty,0.24332963503196417,285,False,-1,1.3077659309057774,0.03761135239534884,0.2484153446015417,2026107018,fixed_bank,-0.023148702822732976,1.3402859571421484
0.04812837843449934,gaussian,support_mix50,0.24332963503196417,285,False,-1,1.3063383124866161,0.03545484485847902,0.2484153446015417,2026107018,fixed_bank,-0.0244668431924733,1.3402859571421484
0.04812837843449935,gaussian,support_band50,0.24332963503196417,285,False,-1,1.3063383124866161,0.03545484485847904,0.2484153446015417,2026107018,fixed_bank,-0.024466843192473327,1.3402859571421484
0.05978172146370486,asymmetric_crash,historical,0.125,1,False,0,2.7667873256929965,0.021149924330997827,0.03982973386783084,2026107060,equal_weight,-0.021149924330997827,2.8265690471567013
0.05978172146370486,asymmetric_crash,historical_se_penalty,0.125,1,False,0,2.7667873256929965,0.021149924330997827,0.03982973386783084,2026107060,equal_weight,-0.021149924330997827,2.8265690471567013
0.037215162230866294,asymmetric_crash,support_mix50,0.125,1,False,0,2.789353884925835,0.013166196052525843,0.03982973386783084,2026107060,equal_weight,-0.013166196052525843,2.8265690471567013
0.037215162230866294,asymmetric_crash,support_band50,0.125,1,False,0,2.789353884925835,0.013166196052525843,0.03982973386783084,2026107060,equal_weight,-0.013166196052525843,2.8265690471567013
0.2258765526936699,asymmetric_crash,historical,0.5,1,True,5,2.4924233334259327,0.0830947879765064,0.0,2026107060,historical,-0.0830947879765064,2.7182998861196026
0.2258765526936699,asymmetric_crash,historical_se_penalty,0.5,1,False,5,2.4924233334259327,0.0830947879765064,0.0,2026107060,historical,-0.0830947879765064,2.7182998861196026
0.2517267114877031,asymmetric_crash,support_mix50,0.5,1,False,5,2.4665731746318995,0.09260446677465202,0.0,2026107060,historical,-0.09260446677465202,2.7182998861196026
0.2517267114877031,asymmetric_crash,support_band50,0.5,1,False,5,2.4665731746318995,0.09260446677465202,0.0,2026107060,historical,-0.09260446677465202,2.7182998861196026
0.2258765526936699,asymmetric_crash,historical,0.5,1,False,5,2.4924233334259327,0.0830947879765064,0.0,2026107060,historical_se_penalty,-0.0830947879765064,2.7182998861196026
0.2258765526936699,asymmetric_crash,historical_se_penalty,0.5,1,True,5,2.4924233334259327,0.0830947879765064,0.0,2026107060,historical_se_penalty,-0.0830947879765064,2.7182998861196026
0.2517267114877031,asymmetric_crash,support_mix50,0.5,1,False,5,2.4665731746318995,0.09260446677465202,0.0,2026107060,historical_se_penalty,-0.09260446677465202,2.7182998861196026
0.2517267114877031,asymmetric_crash,support_band50,0.5,1,False,5,2.4665731746318995,0.09260446677465202,0.0,2026107060,historical_se_penalty,-0.09260446677465202,2.7182998861196026
0.2258765526936699,asymmetric_crash,historical,0.5,1,False,5,2.4924233334259327,0.0830947879765064,0.0,2026107060,support_mix50,-0.0830947879765064,2.7182998861196026
0.2258765526936699,asymmetric_crash,historical_se_penalty,0.5,1,False,5,2.4924233334259327,0.0830947879765064,0.0,2026107060,support_mix50,-0.0830947879765064,2.7182998861196026
0.2517267114877031,asymmetric_crash,support_mix50,0.5,1,True,5,2.4665731746318995,0.09260446677465202,0.0,2026107060,support_mix50,-0.09260446677465202,2.7182998861196026
0.2517267114877031,asymmetric_crash,support_band50,0.5,1,False,5,2.4665731746318995,0.09260446677465202,0.0,2026107060,support_mix50,-0.09260446677465202,2.7182998861196026
0.2258765526936699,asymmetric_crash,historical,0.5,1,False,5,2.4924233334259327,0.0830947879765064,0.0,2026107060,support_band50,-0.0830947879765064,2.7182998861196026
0.2258765526936699,asymmetric_crash,historical_se_penalty,0.5,1,False,5,2.4924233334259327,0.0830947879765064,0.0,2026107060,support_band50,-0.0830947879765064,2.7182998861196026
0.2517267114877031,asymmetric_crash,support_mix50,0.5,1,False,5,2.4665731746318995,0.09260446677465202,0.0,2026107060,support_band50,-0.09260446677465202,2.7182998861196026
0.2517267114877031,asymmetric_crash,support_band50,0.5,1,True,5,2.4665731746318995,0.09260446677465202,0.0,2026107060,support_band50,-0.09260446677465202,2.7182998861196026
0.0962848799005498,asymmetric_crash,historical,0.23853568486178306,285,False,-1,2.8713645069799507,0.03286168701326612,0.07896155424464553,2026107060,fixed_bank,-0.02159636769698797,2.9329410700306493
0.0962848799005498,asymmetric_crash,historical_se_penalty,0.23853568486178306,285,False,-1,2.8713645069799507,0.03286168701326612,0.07896155424464553,2026107060,fixed_bank,-0.02159636769698797,2.9329410700306493
0.08343193774239663,asymmetric_crash,support_mix50,0.23853568486178306,285,False,-1,2.8952242669564576,0.028477566715419535,0.07896155424464553,2026107060,fixed_bank,-0.013459438613100092,2.9329410700306493
0.08343193774239664,asymmetric_crash,support_band50,0.23853568486178306,285,False,-1,2.8952242669564576,0.02847756671541955,0.07896155424464553,2026107060,fixed_bank,-0.01345943861310013,2.9329410700306493
0.002682535844191758,gaussian,historical,0.125,1,False,0,1.2912932693171277,0.0020730958287564945,0.07558375006384477,2026107007,equal_weight,-0.0020730958287564945,1.2939758051613195
0.002682535844191758,gaussian,historical_se_penalty,0.125,1,False,0,1.2912932693171277,0.0020730958287564945,0.07558375006384477,2026107007,equal_weight,-0.0020730958287564945,1.2939758051613195
0.02158690477418035,gaussian,support_mix50,0.125,1,False,0,1.3155627099354998,0.01668261855289413,0.07558375006384477,2026107007,equal_weight,0.01668261855289413,1.2939758051613195
0.02158690477418035,gaussian,support_band50,0.125,1,False,0,1.3155627099354998,0.01668261855289413,0.07558375006384477,2026107007,equal_weight,0.01668261855289413,1.2939758051613195
0.007415118490661454,gaussian,historical,0.1993790802283102,1,True,265,1.2005905039534857,0.006138314551598287,0.004123270546546376,2026107007,historical,-0.006138314551598287,1.208005622444147
0.007415118490661454,gaussian,historical_se_penalty,0.1993790802283102,1,False,265,1.2005905039534857,0.006138314551598287,0.004123270546546376,2026107007,historical,-0.006138314551598287,1.208005622444147
0.015025406037302957,gaussian,support_mix50,0.1993790802283102,1,False,265,1.22303102848145,0.012438192139290035,0.004123270546546376,2026107007,historical,0.012438192139290035,1.208005622444147
0.015025406037302957,gaussian,support_band50,0.1993790802283102,1,False,265,1.22303102848145,0.012438192139290035,0.004123270546546376,2026107007,historical,0.012438192139290035,1.208005622444147
0.007415118490661454,gaussian,historical,0.1993790802283102,1,False,265,1.2005905039534857,0.006138314551598287,0.004123270546546376,2026107007,historical_se_penalty,-0.006138314551598287,1.208005622444147
0.007415118490661454,gaussian,historical_se_penalty,0.1993790802283102,1,True,265,1.2005905039534857,0.006138314551598287,0.004123270546546376,2026107007,historical_se_penalty,-0.006138314551598287,1.208005622444147
0.015025406037302957,gaussian,support_mix50,0.1993790802283102,1,False,265,1.22303102848145,0.012438192139290035,0.004123270546546376,2026107007,historical_se_penalty,0.012438192139290035,1.208005622444147
0.015025406037302957,gaussian,support_band50,0.1993790802283102,1,False,265,1.22303102848145,0.012438192139290035,0.004123270546546376,2026107007,historical_se_penalty,0.012438192139290035,1.208005622444147
0.013621581635206104,gaussian,historical,0.2114066809307265,1,False,120,1.2166667234798196,0.011322585629929322,0.0,2026107007,support_mix50,0.011322585629929322,1.2030451418446135
0.013621581635206104,gaussian,historical_se_penalty,0.2114066809307265,1,False,120,1.2166667234798196,0.011322585629929322,0.0,2026107007,support_mix50,0.011322585629929322,1.2030451418446135
0.0019498901273256042,gaussian,support_mix50,0.2114066809307265,1,True,120,1.201095251717288,0.0016207954793249595,0.0,2026107007,support_mix50,-0.0016207954793249595,1.2030451418446135
0.0019498901273256042,gaussian,support_band50,0.2114066809307265,1,False,120,1.201095251717288,0.0016207954793249595,0.0,2026107007,support_mix50,-0.0016207954793249595,1.2030451418446135
0.013621581635206104,gaussian,historical,0.2114066809307265,1,False,120,1.2166667234798196,0.011322585629929322,0.0,2026107007,support_band50,0.011322585629929322,1.2030451418446135
0.013621581635206104,gaussian,historical_se_penalty,0.2114066809307265,1,False,120,1.2166667234798196,0.011322585629929322,0.0,2026107007,support_band50,0.011322585629929322,1.2030451418446135
0.0019498901273256042,gaussian,support_mix50,0.2114066809307265,1,False,120,1.201095251717288,0.0016207954793249595,0.0,2026107007,support_band50,-0.0016207954793249595,1.2030451418446135
0.0019498901273256042,gaussian,support_band50,0.2114066809307265,1,True,120,1.201095251717288,0.0016207954793249595,0.0,2026107007,support_band50,-0.0016207954793249595,1.2030451418446135
0.02951607833084131,gaussian,historical,0.2412768958679889,285,False,-1,1.4456952821740876,0.01987406581675001,0.1975161730444759,2026107007,fixed_bank,0.0031614270060579945,1.4406660142615102
0.02951607833084131,gaussian,historical_se_penalty,0.2412768958679889,285,False,-1,1.4456952821740876,0.01987406581675001,0.1975161730444759,2026107007,fixed_bank,0.0031614270060579945,1.4406660142615102
0.03323077191692143,gaussian,support_mix50,0.2412768958679889,285,False,-1,1.4643128427409733,0.022398490880191586,0.1975161730444759,2026107007,fixed_bank,0.01600544105906415,1.4406660142615102
0.0332307719169214,gaussian,support_band50,0.2412768958679889,285,False,-1,1.4643128427409733,0.02239849088019157,0.1975161730444759,2026107007,fixed_bank,0.016005441059064106,1.4406660142615102
0.13544099929365228,asymmetric_crash,historical,0.125,1,False,0,2.7926354597282073,0.046255964005426656,0.015452306348188616,2026107046,equal_weight,-0.046255964005426656,2.9280764590218595
0.13544099929365228,asymmetric_crash,historical_se_penalty,0.125,1,False,0,2.7926354597282073,0.046255964005426656,0.015452306348188616,2026107046,equal_weight,-0.046255964005426656,2.9280764590218595
0.17159552701647307,asymmetric_crash,support_mix50,0.125,1,False,0,2.7564809320053865,0.05860349940240137,0.015452306348188616,2026107046,equal_weight,-0.05860349940240137,2.9280764590218595
0.17159552701647307,asymmetric_crash,support_band50,0.125,1,False,0,2.7564809320053865,0.05860349940240137,0.015452306348188616,2026107046,equal_weight,-0.05860349940240137,2.9280764590218595
0.48700520292467386,asymmetric_crash,historical,0.34245511573561815,1,True,199,2.550507177903007,0.16033027749897485,0.05340451174660377,2026107046,historical,-0.16033027749897485,3.037512380827681
0.48700520292467386,asymmetric_crash,historical_se_penalty,0.34245511573561815,1,False,199,2.550507177903007,0.16033027749897485,0.05340451174660377,2026107046,historical,-0.16033027749897485,3.037512380827681
0.4967338971534039,asymmetric_crash,support_mix50,0.34245511573561815,1,False,199,2.540778483674277,0.16353312674170917,0.05340451174660377,2026107046,historical,-0.16353312674170917,3.037512380827681
0.4967338971534039,asymmetric_crash,support_band50,0.34245511573561815,1,False,199,2.540778483674277,0.16353312674170917,0.05340451174660377,2026107046,historical,-0.16353312674170917,3.037512380827681
0.48700520292467386,asymmetric_crash,historical,0.34245511573561815,1,False,199,2.550507177903007,0.16033027749897485,0.05340451174660377,2026107046,historical_se_penalty,-0.16033027749897485,3.037512380827681
0.48700520292467386,asymmetric_crash,historical_se_penalty,0.34245511573561815,1,True,199,2.550507177903007,0.16033027749897485,0.05340451174660377,2026107046,historical_se_penalty,-0.16033027749897485,3.037512380827681
0.4967338971534039,asymmetric_crash,support_mix50,0.34245511573561815,1,False,199,2.540778483674277,0.16353312674170917,0.05340451174660377,2026107046,historical_se_penalty,-0.16353312674170917,3.037512380827681
0.4967338971534039,asymmetric_crash,support_band50,0.34245511573561815,1,False,199,2.540778483674277,0.16353312674170917,0.05340451174660377,2026107046,historical_se_penalty,-0.16353312674170917,3.037512380827681
0.48700520292467386,asymmetric_crash,historical,0.34245511573561815,1,False,199,2.550507177903007,0.16033027749897485,0.05340451174660377,2026107046,support_mix50,-0.16033027749897485,3.037512380827681
0.48700520292467386,asymmetric_crash,historical_se_penalty,0.34245511573561815,1,False,199,2.550507177903007,0.16033027749897485,0.05340451174660377,2026107046,support_mix50,-0.16033027749897485,3.037512380827681
0.4967338971534039,asymmetric_crash,support_mix50,0.34245511573561815,1,True,199,2.540778483674277,0.16353312674170917,0.05340451174660377,2026107046,support_mix50,-0.16353312674170917,3.037512380827681
0.4967338971534039,asymmetric_crash,support_band50,0.34245511573561815,1,False,199,2.540778483674277,0.16353312674170917,0.05340451174660377,2026107046,support_mix50,-0.16353312674170917,3.037512380827681
0.48700520292467386,asymmetric_crash,historical,0.34245511573561815,1,False,199,2.550507177903007,0.16033027749897485,0.05340451174660377,2026107046,support_band50,-0.16033027749897485,3.037512380827681
0.48700520292467386,asymmetric_crash,historical_se_penalty,0.34245511573561815,1,False,199,2.550507177903007,0.16033027749897485,0.05340451174660377,2026107046,support_band50,-0.16033027749897485,3.037512380827681
0.4967338971534039,asymmetric_crash,support_mix50,0.34245511573561815,1,False,199,2.540778483674277,0.16353312674170917,0.05340451174660377,2026107046,support_band50,-0.16353312674170917,3.037512380827681
0.4967338971534039,asymmetric_crash,support_band50,0.34245511573561815,1,True,199,2.540778483674277,0.16353312674170917,0.05340451174660377,2026107046,support_band50,-0.16353312674170917,3.037512380827681
0.20412797464649488,asymmetric_crash,historical,0.2437331962810209,285,False,-1,2.8936796746343187,0.06636786957062404,0.059853166789362346,2026107046,fixed_bank,-0.05348610618262468,3.056107202962616
0.20412797464649488,asymmetric_crash,historical_se_penalty,0.2437331962810209,285,False,-1,2.8936796746343187,0.06636786957062404,0.059853166789362346,2026107046,fixed_bank,-0.05348610618262468,3.056107202962616
0.2164976099578969,asymmetric_crash,support_mix50,0.2437331962810209,285,False,-1,2.849256960786082,0.07064141676563375,0.059853166789362346,2026107046,fixed_bank,-0.06770311343120548,3.056107202962616
0.21649760995789696,asymmetric_crash,support_band50,0.2437331962810209,285,False,-1,2.849256960786082,0.07064141676563378,0.059853166789362346,2026107046,fixed_bank,-0.06770311343120552,3.056107202962616
0.17722849777398997,asymmetric_crash,historical,0.125,1,False,0,3.0170219075309586,0.06240894044090246,0.030403871787719083,2026107032,equal_weight,0.06240894044090246,2.8397934097569686
0.17722849777398997,asymmetric_crash,historical_se_penalty,0.125,1,False,0,3.0170219075309586,0.06240894044090246,0.030403871787719083,2026107032,equal_weight,0.06240894044090246,2.8397934097569686
0.0772937228804893,asymmetric_crash,support_mix50,0.125,1,False,0,2.917087132637458,0.02721807953174458,0.030403871787719083,2026107032,equal_weight,0.02721807953174458,2.8397934097569686
0.15180851301614195,asymmetric_crash,support_band50,0.125,1,False,0,2.9916019227731105,0.053457590434063944,0.030403871787719083,2026107032,equal_weight,0.053457590434063944,2.8397934097569686
0.04646501970138006,asymmetric_crash,historical,0.5,1,True,15,2.8403154107669075,0.016631176762353077,0.013733692830818045,2026107032,historical,0.016631176762353077,2.7938503910655275
0.04646501970138006,asymmetric_crash,historical_se_penalty,0.5,1,False,15,2.8403154107669075,0.016631176762353077,0.013733692830818045,2026107032,historical,0.016631176762353077,2.7938503910655275
0.053947359868595335,asymmetric_crash,support_mix50,0.5,1,False,15,2.739903031196932,0.019309323090854813,0.013733692830818045,2026107032,historical,-0.019309323090854813,2.7938503910655275
0.0021062856081561776,asymmetric_crash,support_band50,0.5,1,False,15,2.7959566766736836,0.0007539006436750808,0.013733692830818045,2026107032,historical,0.0007539006436750808,2.7938503910655275
0.04646501970138006,asymmetric_crash,historical,0.5,1,False,15,2.8403154107669075,0.016631176762353077,0.013733692830818045,2026107032,historical_se_penalty,0.016631176762353077,2.7938503910655275
0.04646501970138006,asymmetric_crash,historical_se_penalty,0.5,1,True,15,2.8403154107669075,0.016631176762353077,0.013733692830818045,2026107032,historical_se_penalty,0.016631176762353077,2.7938503910655275
0.053947359868595335,asymmetric_crash,support_mix50,0.5,1,False,15,2.739903031196932,0.019309323090854813,0.013733692830818045,2026107032,historical_se_penalty,-0.019309323090854813,2.7938503910655275
0.0021062856081561776,asymmetric_crash,support_band50,0.5,1,False,15,2.7959566766736836,0.0007539006436750808,0.013733692830818045,2026107032,historical_se_penalty,0.0007539006436750808,2.7938503910655275
0.04646501970138006,asymmetric_crash,historical,0.5,1,False,15,2.8403154107669075,0.016631176762353077,0.013733692830818045,2026107032,support_mix50,0.016631176762353077,2.7938503910655275
0.04646501970138006,asymmetric_crash,historical_se_penalty,0.5,1,False,15,2.8403154107669075,0.016631176762353077,0.013733692830818045,2026107032,support_mix50,0.016631176762353077,2.7938503910655275
0.053947359868595335,asymmetric_crash,support_mix50,0.5,1,True,15,2.739903031196932,0.019309323090854813,0.013733692830818045,2026107032,support_mix50,-0.019309323090854813,2.7938503910655275
0.0021062856081561776,asymmetric_crash,support_band50,0.5,1,False,15,2.7959566766736836,0.0007539006436750808,0.013733692830818045,2026107032,support_mix50,0.0007539006436750808,2.7938503910655275
0.04646501970138006,asymmetric_crash,historical,0.5,1,False,15,2.8403154107669075,0.016631176762353077,0.013733692830818045,2026107032,support_band50,0.016631176762353077,2.7938503910655275
0.04646501970138006,asymmetric_crash,historical_se_penalty,0.5,1,False,15,2.8403154107669075,0.016631176762353077,0.013733692830818045,2026107032,support_band50,0.016631176762353077,2.7938503910655275
0.053947359868595335,asymmetric_crash,support_mix50,0.5,1,False,15,2.739903031196932,0.019309323090854813,0.013733692830818045,2026107032,support_band50,-0.019309323090854813,2.7938503910655275
0.0021062856081561776,asymmetric_crash,support_band50,0.5,1,True,15,2.7959566766736836,0.0007539006436750808,0.013733692830818045,2026107032,support_band50,0.0007539006436750808,2.7938503910655275
0.17134343583953152,asymmetric_crash,historical,0.24019749892237305,285,False,-1,3.1015051333059365,0.05804069981392592,0.07453988673627499,2026107032,fixed_bank,0.04862470764346091,2.961432281480527
0.17134343583953152,asymmetric_crash,historical_se_penalty,0.24019749892237305,285,False,-1,3.1015051333059365,0.05804069981392592,0.07453988673627499,2026107032,fixed_bank,0.04862470764346091,2.961432281480527
0.10012655996541157,asymmetric_crash,support_mix50,0.24019749892237305,285,False,-1,3.004960411044947,0.03344041444749605,0.07453988673627499,2026107032,fixed_bank,0.015801400386236626,2.961432281480527
0.14274248400904857,asymmetric_crash,support_band50,0.24019749892237305,285,False,-1,3.074541861936857,0.048313684180915355,0.07453988673627499,2026107032,fixed_bank,0.039403473120538185,2.961432281480527
0.6133885890141886,asymmetric_crash,historical,0.125,1,False,0,2.2390935314482983,0.21503678659859116,0.061898380538355724,2026107018,equal_weight,-0.21503678659859116,2.852482120462487
0.6133885890141886,asymmetric_crash,historical_se_penalty,0.125,1,False,0,2.2390935314482983,0.21503678659859116,0.061898380538355724,2026107018,equal_weight,-0.21503678659859116,2.852482120462487
0.5775125232597929,asymmetric_crash,support_mix50,0.125,1,False,0,2.274969597202694,0.20245964702704533,0.061898380538355724,2026107018,equal_weight,-0.20245964702704533,2.852482120462487
0.6011791414677554,asymmetric_crash,support_band50,0.125,1,False,0,2.2513029789947314,0.21075649770252838,0.061898380538355724,2026107018,equal_weight,-0.21075649770252838,2.852482120462487
0.8646249888429653,asymmetric_crash,historical,0.1940040975517475,1,True,162,2.0328388634968477,0.2984075152981624,0.07864380652777392,2026107018,historical,-0.2984075152981624,2.897463852339813
0.8646249888429653,asymmetric_crash,historical_se_penalty,0.1940040975517475,1,False,162,2.0328388634968477,0.2984075152981624,0.07864380652777392,2026107018,historical,-0.2984075152981624,2.897463852339813
0.8650522935340961,asymmetric_crash,support_mix50,0.1940040975517475,1,False,162,2.032411558805717,0.2985549907155988,0.07864380652777392,2026107018,historical,-0.2985549907155988,2.897463852339813
0.8940663432450879,asymmetric_crash,support_band50,0.1940040975517475,1,False,162,2.003397509094725,0.30856859267565845,0.07864380652777392,2026107018,historical,-0.30856859267565845,2.897463852339813
0.8646249888429653,asymmetric_crash,historical,0.1940040975517475,1,False,162,2.0328388634968477,0.2984075152981624,0.07864380652777392,2026107018,historical_se_penalty,-0.2984075152981624,2.897463852339813
0.8646249888429653,asymmetric_crash,historical_se_penalty,0.1940040975517475,1,True,162,2.0328388634968477,0.2984075152981624,0.07864380652777392,2026107018,historical_se_penalty,-0.2984075152981624,2.897463852339813
0.8650522935340961,asymmetric_crash,support_mix50,0.1940040975517475,1,False,162,2.032411558805717,0.2985549907155988,0.07864380652777392,2026107018,historical_se_penalty,-0.2985549907155988,2.897463852339813
0.8940663432450879,asymmetric_crash,support_band50,0.1940040975517475,1,False,162,2.003397509094725,0.30856859267565845,0.07864380652777392,2026107018,historical_se_penalty,-0.30856859267565845,2.897463852339813
0.9357886458653177,asymmetric_crash,historical,0.25371319489473165,1,False,164,2.058726966204572,0.31250084056782573,0.11477343053013445,2026107018,support_mix50,-0.31250084056782573,2.9945156120698897
0.9357886458653177,asymmetric_crash,historical_se_penalty,0.25371319489473165,1,False,164,2.058726966204572,0.31250084056782573,0.11477343053013445,2026107018,support_mix50,-0.31250084056782573,2.9945156120698897
0.9783471419293264,asymmetric_crash,support_mix50,0.25371319489473165,1,True,164,2.0161684701405633,0.32671298756497935,0.11477343053013445,2026107018,support_mix50,-0.32671298756497935,2.9945156120698897
1.0106356635306946,asymmetric_crash,support_band50,0.25371319489473165,1,False,164,1.9838799485391951,0.3374955399989102,0.11477343053013445,2026107018,support_mix50,-0.3374955399989102,2.9945156120698897
0.9357886458653177,asymmetric_crash,historical,0.25371319489473165,1,False,164,2.058726966204572,0.31250084056782573,0.11477343053013445,2026107018,support_band50,-0.31250084056782573,2.9945156120698897
0.9357886458653177,asymmetric_crash,historical_se_penalty,0.25371319489473165,1,False,164,2.058726966204572,0.31250084056782573,0.11477343053013445,2026107018,support_band50,-0.31250084056782573,2.9945156120698897
0.9783471419293264,asymmetric_crash,support_mix50,0.25371319489473165,1,False,164,2.0161684701405633,0.32671298756497935,0.11477343053013445,2026107018,support_band50,-0.32671298756497935,2.9945156120698897
1.0106356635306946,asymmetric_crash,support_band50,0.25371319489473165,1,True,164,1.9838799485391951,0.3374955399989102,0.11477343053013445,2026107018,support_band50,-0.3374955399989102,2.9945156120698897
0.590290887526503,asymmetric_crash,historical,0.24332963503196417,285,False,-1,2.3875242384855997,0.19898282974412435,0.10689728262160307,2026107018,fixed_bank,-0.1976930440510419,2.9733586242648853
0.590290887526503,asymmetric_crash,historical_se_penalty,0.24332963503196417,285,False,-1,2.3875242384855997,0.19898282974412435,0.10689728262160307,2026107018,fixed_bank,-0.1976930440510419,2.9733586242648853
0.5614049895215473,asymmetric_crash,support_mix50,0.24332963503196417,285,False,-1,2.4148276917083638,0.18912262470464103,0.10689728262160307,2026107018,fixed_bank,-0.18829503431122155,2.9733586242648853
0.5845784245492167,asymmetric_crash,support_band50,0.24332963503196417,285,False,-1,2.3914365888408313,0.196926641847112,0.10689728262160307,2026107018,fixed_bank,-0.19616037085474133,2.9733586242648853
0.006843653250905302,gaussian,historical,0.125,1,False,0,1.1933145332073418,0.005768075193852696,0.0813384082475932,2026107020,equal_weight,0.005768075193852696,1.1864708799564365
0.006843653250905302,gaussian,historical_se_penalty,0.125,1,False,0,1.1933145332073418,0.005768075193852696,0.0813384082475932,2026107020,equal_weight,0.005768075193852696,1.1864708799564365
0.023457488975729746,gaussian,support_mix50,0.125,1,False,0,1.2099283689321663,0.01977080885170231,0.0813384082475932,2026107020,equal_weight,0.01977080885170231,1.1864708799564365
0.023457488975729746,gaussian,support_band50,0.125,1,False,0,1.2099283689321663,0.01977080885170231,0.0813384082475932,2026107020,equal_weight,0.01977080885170231,1.1864708799564365
0.04828397736504941,gaussian,historical,0.2108829822125815,1,True,249,1.1455083716036856,0.044005563145133736,0.0,2026107020,historical,0.044005563145133736,1.0972243942386362
0.04828397736504941,gaussian,historical_se_penalty,0.2108829822125815,1,False,249,1.1455083716036856,0.044005563145133736,0.0,2026107020,historical,0.044005563145133736,1.0972243942386362
0.08189748326696966,gaussian,support_mix50,0.2108829822125815,1,False,249,1.1791218775056058,0.07464059648782992,0.0,2026107020,historical,0.07464059648782992,1.0972243942386362
0.08189748326696966,gaussian,support_band50,0.2108829822125815,1,False,249,1.1791218775056058,0.07464059648782992,0.0,2026107020,historical,0.07464059648782992,1.0972243942386362
0.04828397736504941,gaussian,historical,0.2108829822125815,1,False,249,1.1455083716036856,0.044005563145133736,0.0,2026107020,historical_se_penalty,0.044005563145133736,1.0972243942386362
0.04828397736504941,gaussian,historical_se_penalty,0.2108829822125815,1,True,249,1.1455083716036856,0.044005563145133736,0.0,2026107020,historical_se_penalty,0.044005563145133736,1.0972243942386362
0.08189748326696966,gaussian,support_mix50,0.2108829822125815,1,False,249,1.1791218775056058,0.07464059648782992,0.0,2026107020,historical_se_penalty,0.07464059648782992,1.0972243942386362
0.08189748326696966,gaussian,support_band50,0.2108829822125815,1,False,249,1.1791218775056058,0.07464059648782992,0.0,2026107020,historical_se_penalty,0.07464059648782992,1.0972243942386362
0.0009669807394059315,gaussian,historical,0.1424725155260806,1,False,85,1.1559358044029286,0.000837235360465143,0.05262773023284395,2026107020,support_mix50,0.000837235360465143,1.1549688236635227
0.0009669807394059315,gaussian,historical_se_penalty,0.1424725155260806,1,False,85,1.1559358044029286,0.000837235360465143,0.05262773023284395,2026107020,support_mix50,0.000837235360465143,1.1549688236635227
0.02041977506364323,gaussian,support_mix50,0.1424725155260806,1,True,85,1.175388598727166,0.017679936155222252,0.05262773023284395,2026107020,support_mix50,0.017679936155222252,1.1549688236635227
0.02041977506364301,gaussian,support_band50,0.1424725155260806,1,False,85,1.1753885987271657,0.01767993615522206,0.05262773023284395,2026107020,support_mix50,0.01767993615522206,1.1549688236635227
0.0009669807394059315,gaussian,historical,0.1424725155260806,1,False,85,1.1559358044029286,0.000837235360465143,0.05262773023284395,2026107020,support_band50,0.000837235360465143,1.1549688236635227
0.0009669807394059315,gaussian,historical_se_penalty,0.1424725155260806,1,False,85,1.1559358044029286,0.000837235360465143,0.05262773023284395,2026107020,support_band50,0.000837235360465143,1.1549688236635227
0.02041977506364323,gaussian,support_mix50,0.1424725155260806,1,False,85,1.175388598727166,0.017679936155222252,0.05262773023284395,2026107020,support_band50,0.017679936155222252,1.1549688236635227
0.02041977506364301,gaussian,support_band50,0.1424725155260806,1,True,85,1.1753885987271657,0.01767993615522206,0.05262773023284395,2026107020,support_band50,0.01767993615522206,1.1549688236635227
0.026054139247061195,gaussian,historical,0.2407162583264737,285,False,-1,1.322841215425228,0.01944510060997358,0.2049425705724934,2026107020,fixed_bank,0.0016912830072973225,1.3220923820887491
0.026054139247061195,gaussian,historical_se_penalty,0.2407162583264737,285,False,-1,1.322841215425228,0.01944510060997358,0.2049425705724934,2026107020,fixed_bank,0.0016912830072973225,1.3220923820887491
0.034487830089293056,gaussian,support_mix50,0.2407162583264737,285,False,-1,1.34065771761812,0.02645439891053927,0.2049425705724934,2026107020,fixed_bank,0.01563740936400348,1.3220923820887491
0.03448783008929304,gaussian,support_band50,0.2407162583264737,285,False,-1,1.34065771761812,0.026454398910539252,0.2049425705724934,2026107020,fixed_bank,0.01563740936400344,1.3220923820887491
0.38888337795528116,asymmetric_crash,historical,0.125,1,False,0,2.5212102911199956,0.13363259818329296,0.05789398544818103,2026107031,equal_weight,-0.13363259818329296,2.910093669075277
0.38888337795528116,asymmetric_crash,historical_se_penalty,0.125,1,False,0,2.5212102911199956,0.13363259818329296,0.05789398544818103,2026107031,equal_weight,-0.13363259818329296,2.910093669075277
0.2560276469661469,asymmetric_crash,support_mix50,0.125,1,False,0,2.65406602210913,0.08797917733263316,0.05789398544818103,2026107031,equal_weight,-0.08797917733263316,2.910093669075277
0.5803606941741122,asymmetric_crash,support_band50,0.125,1,False,0,2.3297329749011646,0.19943024526716693,0.05789398544818103,2026107031,equal_weight,-0.19943024526716693,2.910093669075277
0.4318992635953225,asymmetric_crash,historical,0.5,1,True,18,2.4100856596437925,0.1519709904382853,0.03313470249376316,2026107031,historical,-0.1519709904382853,2.841984923239115
0.4318992635953225,asymmetric_crash,historical_se_penalty,0.5,1,False,18,2.4100856596437925,0.1519709904382853,0.03313470249376316,2026107031,historical,-0.1519709904382853,2.841984923239115
0.3421491999319968,asymmetric_crash,support_mix50,0.5,1,False,18,2.4998357233071182,0.12039092717706494,0.03313470249376316,2026107031,historical,-0.12039092717706494,2.841984923239115
0.5892177139718662,asymmetric_crash,support_band50,0.5,1,False,18,2.252767209267249,0.20732612237094947,0.03313470249376316,2026107031,historical,-0.20732612237094947,2.841984923239115
0.4318992635953225,asymmetric_crash,historical,0.5,1,False,18,2.4100856596437925,0.1519709904382853,0.03313470249376316,2026107031,historical_se_penalty,-0.1519709904382853,2.841984923239115
0.4318992635953225,asymmetric_crash,historical_se_penalty,0.5,1,True,18,2.4100856596437925,0.1519709904382853,0.03313470249376316,2026107031,historical_se_penalty,-0.1519709904382853,2.841984923239115
0.3421491999319968,asymmetric_crash,support_mix50,0.5,1,False,18,2.4998357233071182,0.12039092717706494,0.03313470249376316,2026107031,historical_se_penalty,-0.12039092717706494,2.841984923239115
0.5892177139718662,asymmetric_crash,support_band50,0.5,1,False,18,2.252767209267249,0.20732612237094947,0.03313470249376316,2026107031,historical_se_penalty,-0.20732612237094947,2.841984923239115
0.4318992635953225,asymmetric_crash,historical,0.5,1,False,18,2.4100856596437925,0.1519709904382853,0.03313470249376316,2026107031,support_mix50,-0.1519709904382853,2.841984923239115
0.4318992635953225,asymmetric_crash,historical_se_penalty,0.5,1,False,18,2.4100856596437925,0.1519709904382853,0.03313470249376316,2026107031,support_mix50,-0.1519709904382853,2.841984923239115
0.3421491999319968,asymmetric_crash,support_mix50,0.5,1,True,18,2.4998357233071182,0.12039092717706494,0.03313470249376316,2026107031,support_mix50,-0.12039092717706494,2.841984923239115
0.5892177139718662,asymmetric_crash,support_band50,0.5,1,False,18,2.252767209267249,0.20732612237094947,0.03313470249376316,2026107031,support_mix50,-0.20732612237094947,2.841984923239115
0.30388802650589497,asymmetric_crash,historical,0.5,1,False,7,2.4469487389025066,0.11047112294239618,0.0,2026107031,support_band50,-0.11047112294239618,2.7508367654084016
0.30388802650589497,asymmetric_crash,historical_se_penalty,0.5,1,False,7,2.4469487389025066,0.11047112294239618,0.0,2026107031,support_band50,-0.11047112294239618,2.7508367654084016
0.2458096809877124,asymmetric_crash,support_mix50,0.5,1,False,7,2.505027084420689,0.0893581487926705,0.0,2026107031,support_band50,-0.0893581487926705,2.7508367654084016
0.5583190384743597,asymmetric_crash,support_band50,0.5,1,True,7,2.192517726934042,0.20296334755125653,0.0,2026107031,support_band50,-0.20296334755125653,2.7508367654084016
0.41746066201682563,asymmetric_crash,historical,0.24153000667545652,285,False,-1,2.61311067730457,0.13779223402215451,0.10169072095830584,2026107031,fixed_bank,-0.13779223402215451,3.030571339321396
0.41746066201682563,asymmetric_crash,historical_se_penalty,0.24153000667545652,285,False,-1,2.61311067730457,0.13779223402215451,0.10169072095830584,2026107031,fixed_bank,-0.13779223402215451,3.030571339321396
0.27875356965162973,asymmetric_crash,support_mix50,0.24153000667545652,285,False,-1,2.7518177696697665,0.09194013093180281,0.10169072095830584,2026107031,fixed_bank,-0.09194013093180281,3.030571339321396
0.5971235487766762,asymmetric_crash,support_band50,0.24153000667545652,285,False,-1,2.4334477905447196,0.19716383187075787,0.10169072095830584,2026107031,fixed_bank,-0.19716383187075787,3.030571339321396
0.1374923726011632,asymmetric_crash,historical,0.125,1,False,0,2.7230169712721484,0.048065696025655975,0.03667609248338355,2026107009,equal_weight,-0.048065696025655975,2.8605093438733116
0.1374923726011632,asymmetric_crash,historical_se_penalty,0.125,1,False,0,2.7230169712721484,0.048065696025655975,0.03667609248338355,2026107009,equal_weight,-0.048065696025655975,2.8605093438733116
0.0731407377979445,asymmetric_crash,support_mix50,0.125,1,False,0,2.787368606075367,0.0255691308803443,0.03667609248338355,2026107009,equal_weight,-0.0255691308803443,2.8605093438733116
0.0731407377979445,asymmetric_crash,support_band50,0.125,1,False,0,2.787368606075367,0.0255691308803443,0.03667609248338355,2026107009,equal_weight,-0.0255691308803443,2.8605093438733116
0.26349793292174306,asymmetric_crash,historical,0.17687941503970178,1,True,39,2.653532071214684,0.09033089565348862,0.057159723257617534,2026107009,historical,-0.09033089565348862,2.917030004136427
0.26349793292174306,asymmetric_crash,historical_se_penalty,0.17687941503970178,1,False,39,2.653532071214684,0.09033089565348862,0.057159723257617534,2026107009,historical,-0.09033089565348862,2.917030004136427
0.20488079247851543,asymmetric_crash,support_mix50,0.17687941503970178,1,False,39,2.712149211657912,0.07023609362536173,0.057159723257617534,2026107009,historical,-0.07023609362536173,2.917030004136427
0.20488079247851543,asymmetric_crash,support_band50,0.17687941503970178,1,False,39,2.712149211657912,0.07023609362536173,0.057159723257617534,2026107009,historical,-0.07023609362536173,2.917030004136427
0.26349793292174306,asymmetric_crash,historical,0.17687941503970178,1,False,39,2.653532071214684,0.09033089565348862,0.057159723257617534,2026107009,historical_se_penalty,-0.09033089565348862,2.917030004136427
0.26349793292174306,asymmetric_crash,historical_se_penalty,0.17687941503970178,1,True,39,2.653532071214684,0.09033089565348862,0.057159723257617534,2026107009,historical_se_penalty,-0.09033089565348862,2.917030004136427
0.20488079247851543,asymmetric_crash,support_mix50,0.17687941503970178,1,False,39,2.712149211657912,0.07023609362536173,0.057159723257617534,2026107009,historical_se_penalty,-0.07023609362536173,2.917030004136427
0.20488079247851543,asymmetric_crash,support_band50,0.17687941503970178,1,False,39,2.712149211657912,0.07023609362536173,0.057159723257617534,2026107009,historical_se_penalty,-0.07023609362536173,2.917030004136427
0.26349793292174306,asymmetric_crash,historical,0.17687941503970178,1,False,39,2.653532071214684,0.09033089565348862,0.057159723257617534,2026107009,support_mix50,-0.09033089565348862,2.917030004136427
0.26349793292174306,asymmetric_crash,historical_se_penalty,0.17687941503970178,1,False,39,2.653532071214684,0.09033089565348862,0.057159723257617534,2026107009,support_mix50,-0.09033089565348862,2.917030004136427
0.20488079247851543,asymmetric_crash,support_mix50,0.17687941503970178,1,True,39,2.712149211657912,0.07023609362536173,0.057159723257617534,2026107009,support_mix50,-0.07023609362536173,2.917030004136427
0.20488079247851543,asymmetric_crash,support_band50,0.17687941503970178,1,False,39,2.712149211657912,0.07023609362536173,0.057159723257617534,2026107009,support_mix50,-0.07023609362536173,2.917030004136427
0.26349793292174306,asymmetric_crash,historical,0.17687941503970178,1,False,39,2.653532071214684,0.09033089565348862,0.057159723257617534,2026107009,support_band50,-0.09033089565348862,2.917030004136427
0.26349793292174306,asymmetric_crash,historical_se_penalty,0.17687941503970178,1,False,39,2.653532071214684,0.09033089565348862,0.057159723257617534,2026107009,support_band50,-0.09033089565348862,2.917030004136427
0.20488079247851543,asymmetric_crash,support_mix50,0.17687941503970178,1,False,39,2.712149211657912,0.07023609362536173,0.057159723257617534,2026107009,support_band50,-0.07023609362536173,2.917030004136427
0.20488079247851543,asymmetric_crash,support_band50,0.17687941503970178,1,True,39,2.712149211657912,0.07023609362536173,0.057159723257617534,2026107009,support_band50,-0.07023609362536173,2.917030004136427
0.1200732697813212,asymmetric_crash,historical,0.2417961514612921,285,False,-1,2.8888499288344915,0.03993778141586086,0.07830926507020884,2026107009,fixed_bank,-0.0294130084941302,2.9753881185100606
0.1200732697813212,asymmetric_crash,historical_se_penalty,0.2417961514612921,285,False,-1,2.8888499288344915,0.03993778141586086,0.07830926507020884,2026107009,fixed_bank,-0.0294130084941302,2.9753881185100606
0.10755399081039749,asymmetric_crash,support_mix50,0.2417961514612921,285,False,-1,2.9396281966714213,0.03534742187387288,0.07830926507020884,2026107009,fixed_bank,-0.012010648798823255,2.9753881185100606
0.10755399081039752,asymmetric_crash,support_band50,0.2417961514612921,285,False,-1,2.9396281966714213,0.035347421873872895,0.07830926507020884,2026107009,fixed_bank,-0.0120106487988233,2.9753881185100606
0.020497915502867947,asymmetric_crash,historical,0.125,1,False,0,2.926056225135226,0.007054725226100026,0.046342406239826994,2026107008,equal_weight,0.007054725226100026,2.905558309632358
0.020497915502867947,asymmetric_crash,historical_se_penalty,0.125,1,False,0,2.926056225135226,0.007054725226100026,0.046342406239826994,2026107008,equal_weight,0.007054725226100026,2.905558309632358
0.0018466605349973797,asymmetric_crash,support_mix50,0.125,1,False,0,2.9074049701673554,0.0006355613407844631,0.046342406239826994,2026107008,equal_weight,0.0006355613407844631,2.905558309632358
0.0018466605349969356,asymmetric_crash,support_band50,0.125,1,False,0,2.907404970167355,0.0006355613407843103,0.046342406239826994,2026107008,equal_weight,0.0006355613407843103,2.905558309632358
0.11618550520167847,asymmetric_crash,historical,0.5,1,True,2,2.7389512538911367,0.04069349912282135,0.02818472331087407,2026107008,historical,-0.04069349912282135,2.855136759092815
0.11618550520167847,asymmetric_crash,historical_se_penalty,0.5,1,False,2,2.7389512538911367,0.04069349912282135,0.02818472331087407,2026107008,historical,-0.04069349912282135,2.855136759092815
0.11150593222235639,asymmetric_crash,support_mix50,0.5,1,False,2,2.743630826870459,0.03905449778097005,0.02818472331087407,2026107008,historical,-0.03905449778097005,2.855136759092815
0.11150593222235639,asymmetric_crash,support_band50,0.5,1,False,2,2.743630826870459,0.03905449778097005,0.02818472331087407,2026107008,historical,-0.03905449778097005,2.855136759092815
0.11618550520167847,asymmetric_crash,historical,0.5,1,False,2,2.7389512538911367,0.04069349912282135,0.02818472331087407,2026107008,historical_se_penalty,-0.04069349912282135,2.855136759092815
0.11618550520167847,asymmetric_crash,historical_se_penalty,0.5,1,True,2,2.7389512538911367,0.04069349912282135,0.02818472331087407,2026107008,historical_se_penalty,-0.04069349912282135,2.855136759092815
0.11150593222235639,asymmetric_crash,support_mix50,0.5,1,False,2,2.743630826870459,0.03905449778097005,0.02818472331087407,2026107008,historical_se_penalty,-0.03905449778097005,2.855136759092815
0.11150593222235639,asymmetric_crash,support_band50,0.5,1,False,2,2.743630826870459,0.03905449778097005,0.02818472331087407,2026107008,historical_se_penalty,-0.03905449778097005,2.855136759092815
0.19002839350141798,asymmetric_crash,historical,0.5,1,False,1,2.7498198569808414,0.06463884435880161,0.05869081415157407,2026107008,support_mix50,-0.06463884435880161,2.9398482504822594
0.19002839350141798,asymmetric_crash,historical_se_penalty,0.5,1,False,1,2.7498198569808414,0.06463884435880161,0.05869081415157407,2026107008,support_mix50,-0.06463884435880161,2.9398482504822594
0.21031874285077823,asymmetric_crash,support_mix50,0.5,1,True,1,2.729529507631481,0.07154067997090566,0.05869081415157407,2026107008,support_mix50,-0.07154067997090566,2.9398482504822594
0.21031874285077823,asymmetric_crash,support_band50,0.5,1,False,1,2.729529507631481,0.07154067997090566,0.05869081415157407,2026107008,support_mix50,-0.07154067997090566,2.9398482504822594
0.19002839350141798,asymmetric_crash,historical,0.5,1,False,1,2.7498198569808414,0.06463884435880161,0.05869081415157407,2026107008,support_band50,-0.06463884435880161,2.9398482504822594
0.19002839350141798,asymmetric_crash,historical_se_penalty,0.5,1,False,1,2.7498198569808414,0.06463884435880161,0.05869081415157407,2026107008,support_band50,-0.06463884435880161,2.9398482504822594
0.21031874285077823,asymmetric_crash,support_mix50,0.5,1,False,1,2.729529507631481,0.07154067997090566,0.05869081415157407,2026107008,support_band50,-0.07154067997090566,2.9398482504822594
0.21031874285077823,asymmetric_crash,support_band50,0.5,1,True,1,2.729529507631481,0.07154067997090566,0.05869081415157407,2026107008,support_band50,-0.07154067997090566,2.9398482504822594
0.07406800572398274,asymmetric_crash,historical,0.24216157923801493,285,False,-1,3.0354308994115593,0.024070639805789135,0.0868143774240943,2026107008,fixed_bank,0.005931553830147548,3.017943769191661
0.07406800572398274,asymmetric_crash,historical_se_penalty,0.24216157923801493,285,False,-1,3.0354308994115593,0.024070639805789135,0.0868143774240943,2026107008,fixed_bank,0.005931553830147548,3.017943769191661
0.08186171244098132,asymmetric_crash,support_mix50,0.24216157923801493,285,False,-1,3.0318523203890786,0.026476429854778237,0.0868143774240943,2026107008,fixed_bank,0.004736758732389493,3.017943769191661
0.0818617124409813,asymmetric_crash,support_band50,0.24216157923801493,285,False,-1,3.0318523203890786,0.026476429854778227,0.0868143774240943,2026107008,fixed_bank,0.004736758732389447,3.017943769191661
0.030006645135781662,gaussian,historical,0.125,1,False,0,1.2456953364240904,0.02468283644555626,0.06442486769114941,2026107012,equal_weight,0.02468283644555626,1.2156886912883087
0.030006645135781662,gaussian,historical_se_penalty,0.125,1,False,0,1.2456953364240904,0.02468283644555626,0.06442486769114941,2026107012,equal_weight,0.02468283644555626,1.2156886912883087
0.050256677368877734,gaussian,support_mix50,0.125,1,False,0,1.2659453686571864,0.041340087909857035,0.06442486769114941,2026107012,equal_weight,0.041340087909857035,1.2156886912883087
0.050256677368877734,gaussian,support_band50,0.125,1,False,0,1.2659453686571864,0.041340087909857035,0.06442486769114941,2026107012,equal_weight,0.041340087909857035,1.2156886912883087
0.0380905137012304,gaussian,historical,0.190150349262988,1,True,214,1.133425895936228,0.03251385417044054,0.025748786068644725,2026107012,historical,-0.03251385417044054,1.1715164096374584
0.0380905137012304,gaussian,historical_se_penalty,0.190150349262988,1,False,214,1.133425895936228,0.03251385417044054,0.025748786068644725,2026107012,historical,-0.03251385417044054,1.1715164096374584
0.03398360397594358,gaussian,support_mix50,0.190150349262988,1,False,214,1.1375328056615148,0.02900821849047788,0.025748786068644725,2026107012,historical,-0.02900821849047788,1.1715164096374584
0.03398360397594358,gaussian,support_band50,0.190150349262988,1,False,214,1.1375328056615148,0.02900821849047788,0.025748786068644725,2026107012,historical,-0.02900821849047788,1.1715164096374584
0.006052626773708436,gaussian,historical,0.251617704703756,1,False,221,1.1360558753747492,0.005299519933808953,0.0,2026107012,historical_se_penalty,-0.005299519933808953,1.1421085021484576
0.006052626773708436,gaussian,historical_se_penalty,0.251617704703756,1,True,221,1.1360558753747492,0.005299519933808953,0.0,2026107012,historical_se_penalty,-0.005299519933808953,1.1421085021484576
0.011635812348041119,gaussian,support_mix50,0.251617704703756,1,False,221,1.1304726898004165,0.010188009568401437,0.0,2026107012,historical_se_penalty,-0.010188009568401437,1.1421085021484576
0.011635812348041341,gaussian,support_band50,0.251617704703756,1,False,221,1.1304726898004163,0.010188009568401631,0.0,2026107012,historical_se_penalty,-0.010188009568401631,1.1421085021484576
0.006052626773708436,gaussian,historical,0.251617704703756,1,False,221,1.1360558753747492,0.005299519933808953,0.0,2026107012,support_mix50,-0.005299519933808953,1.1421085021484576
0.006052626773708436,gaussian,historical_se_penalty,0.251617704703756,1,False,221,1.1360558753747492,0.005299519933808953,0.0,2026107012,support_mix50,-0.005299519933808953,1.1421085021484576
0.011635812348041119,gaussian,support_mix50,0.251617704703756,1,True,221,1.1304726898004165,0.010188009568401437,0.0,2026107012,support_mix50,-0.010188009568401437,1.1421085021484576
0.011635812348041341,gaussian,support_band50,0.251617704703756,1,False,221,1.1304726898004163,0.010188009568401631,0.0,2026107012,support_mix50,-0.010188009568401631,1.1421085021484576
0.006052626773708436,gaussian,historical,0.251617704703756,1,False,221,1.1360558753747492,0.005299519933808953,0.0,2026107012,support_band50,-0.005299519933808953,1.1421085021484576
0.006052626773708436,gaussian,historical_se_penalty,0.251617704703756,1,False,221,1.1360558753747492,0.005299519933808953,0.0,2026107012,support_band50,-0.005299519933808953,1.1421085021484576
0.011635812348041119,gaussian,support_mix50,0.251617704703756,1,False,221,1.1304726898004165,0.010188009568401437,0.0,2026107012,support_band50,-0.010188009568401437,1.1421085021484576
0.011635812348041341,gaussian,support_band50,0.251617704703756,1,True,221,1.1304726898004163,0.010188009568401631,0.0,2026107012,support_band50,-0.010188009568401631,1.1421085021484576
0.03425710620122405,gaussian,historical,0.24085368450012448,285,False,-1,1.3717157508305182,0.024569136555132903,0.1916634477360654,2026107012,fixed_bank,0.007684099710848389,1.3610089553589046
0.03425710620122405,gaussian,historical_se_penalty,0.24085368450012448,285,False,-1,1.3717157508305182,0.024569136555132903,0.1916634477360654,2026107012,fixed_bank,0.007684099710848389,1.3610089553589046
0.046925010733802335,gaussian,support_mix50,0.24085368450012448,285,False,-1,1.3912988680972,0.033873028899911777,0.1916634477360654,2026107012,fixed_bank,0.022103040069641804,1.3610089553589046
0.0469250107338023,gaussian,support_band50,0.24085368450012448,285,False,-1,1.3912988680972,0.033873028899911756,0.1916634477360654,2026107012,fixed_bank,0.022103040069641755,1.3610089553589046
0.1512079991266959,gaussian,historical,0.125,1,False,0,1.1243082959692547,0.11854650521365648,0.01437398249757571,2026107017,equal_weight,-0.11854650521365648,1.2755162950959507
0.1512079991266959,gaussian,historical_se_penalty,0.125,1,False,0,1.1243082959692547,0.11854650521365648,0.01437398249757571,2026107017,equal_weight,-0.11854650521365648,1.2755162950959507
0.1707675799333772,gaussian,support_mix50,0.125,1,False,0,1.1047487151625734,0.13388114333775034,0.01437398249757571,2026107017,equal_weight,-0.13388114333775034,1.2755162950959507
0.1707675799333772,gaussian,support_band50,0.125,1,False,0,1.1047487151625734,0.13388114333775034,0.01437398249757571,2026107017,equal_weight,-0.13388114333775034,1.2755162950959507
0.1860326909213912,gaussian,historical,0.1762397287075596,1,True,152,1.1135061905497885,0.14315284719360427,0.03347831437088966,2026107017,historical,-0.14315284719360427,1.2995388814711797
0.1860326909213912,gaussian,historical_se_penalty,0.1762397287075596,1,False,152,1.1135061905497885,0.14315284719360427,0.03347831437088966,2026107017,historical,-0.14315284719360427,1.2995388814711797
0.19304771880074867,gaussian,support_mix50,0.1762397287075596,1,False,152,1.106491162670431,0.14855093722336615,0.03347831437088966,2026107017,historical,-0.14855093722336615,1.2995388814711797
0.19304771880074867,gaussian,support_band50,0.1762397287075596,1,False,152,1.106491162670431,0.14855093722336615,0.03347831437088966,2026107017,historical,-0.14855093722336615,1.2995388814711797
0.1860326909213912,gaussian,historical,0.1762397287075596,1,False,152,1.1135061905497885,0.14315284719360427,0.03347831437088966,2026107017,historical_se_penalty,-0.14315284719360427,1.2995388814711797
0.1860326909213912,gaussian,historical_se_penalty,0.1762397287075596,1,True,152,1.1135061905497885,0.14315284719360427,0.03347831437088966,2026107017,historical_se_penalty,-0.14315284719360427,1.2995388814711797
0.19304771880074867,gaussian,support_mix50,0.1762397287075596,1,False,152,1.106491162670431,0.14855093722336615,0.03347831437088966,2026107017,historical_se_penalty,-0.14855093722336615,1.2995388814711797
0.19304771880074867,gaussian,support_band50,0.1762397287075596,1,False,152,1.106491162670431,0.14855093722336615,0.03347831437088966,2026107017,historical_se_penalty,-0.14855093722336615,1.2995388814711797
0.134132139708818,gaussian,historical,0.16839697464808373,1,False,88,1.1233097082725296,0.10667065035583868,0.0,2026107017,support_mix50,-0.10667065035583868,1.2574418479813476
0.134132139708818,gaussian,historical_se_penalty,0.16839697464808373,1,False,88,1.1233097082725296,0.10667065035583868,0.0,2026107017,support_mix50,-0.10667065035583868,1.2574418479813476
0.16419058484439586,gaussian,support_mix50,0.16839697464808373,1,True,88,1.0932512631369518,0.13057509188832994,0.0,2026107017,support_mix50,-0.13057509188832994,1.2574418479813476
0.16419058484439608,gaussian,support_band50,0.16839697464808373,1,False,88,1.0932512631369515,0.1305750918883301,0.0,2026107017,support_mix50,-0.1305750918883301,1.2574418479813476
0.134132139708818,gaussian,historical,0.16839697464808373,1,False,88,1.1233097082725296,0.10667065035583868,0.0,2026107017,support_band50,-0.10667065035583868,1.2574418479813476
0.134132139708818,gaussian,historical_se_penalty,0.16839697464808373,1,False,88,1.1233097082725296,0.10667065035583868,0.0,2026107017,support_band50,-0.10667065035583868,1.2574418479813476
0.16419058484439586,gaussian,support_mix50,0.16839697464808373,1,False,88,1.0932512631369518,0.13057509188832994,0.0,2026107017,support_band50,-0.13057509188832994,1.2574418479813476
0.16419058484439608,gaussian,support_band50,0.16839697464808373,1,True,88,1.0932512631369515,0.1305750918883301,0.0,2026107017,support_band50,-0.1305750918883301,1.2574418479813476
0.13414881414073834,gaussian,historical,0.24145938987622284,285,False,-1,1.2906998135904961,0.09515003173855051,0.13258308855747825,2026107017,fixed_bank,-0.09471647617799762,1.4241573718681377
0.13414881414073834,gaussian,historical_se_penalty,0.24145938987622284,285,False,-1,1.2906998135904961,0.09515003173855051,0.13258308855747825,2026107017,fixed_bank,-0.09471647617799762,1.4241573718681377
0.14406230981635434,gaussian,support_mix50,0.24145938987622284,285,False,-1,1.2806676605243048,0.10234070836576933,0.13258308855747825,2026107017,fixed_bank,-0.10198347029001081,1.4241573718681377
0.14406230981635437,gaussian,support_band50,0.24145938987622284,285,False,-1,1.2806676605243048,0.10234070836576936,0.13258308855747825,2026107017,fixed_bank,-0.10198347029001084,1.4241573718681377
0.13880752056082635,asymmetric_crash,historical,0.125,1,False,0,2.747289255098595,0.04809524120309906,0.05278333230067189,2026107048,equal_weight,-0.04809524120309906,2.8860967756594214
0.13880752056082635,asymmetric_crash,historical_se_penalty,0.125,1,False,0,2.747289255098595,0.04809524120309906,0.05278333230067189,2026107048,equal_weight,-0.04809524120309906,2.8860967756594214
0.1911425851234032,asymmetric_crash,support_mix50,0.125,1,False,0,2.694954190536018,0.06622875114079657,0.05278333230067189,2026107048,equal_weight,-0.06622875114079657,2.8860967756594214
0.4805975553613835,asymmetric_crash,support_band50,0.125,1,False,0,2.405499220298038,0.16652163552331872,0.05278333230067189,2026107048,equal_weight,-0.16652163552331872,2.8860967756594214
0.2649965063097408,asymmetric_crash,historical,0.21155992831237455,1,True,234,2.6371230210891397,0.09131136874546741,0.058628072543327026,2026107048,historical,-0.09131136874546741,2.9021195273988805
0.2649965063097408,asymmetric_crash,historical_se_penalty,0.21155992831237455,1,False,234,2.6371230210891397,0.09131136874546741,0.058628072543327026,2026107048,historical,-0.09131136874546741,2.9021195273988805
0.2733618415372119,asymmetric_crash,support_mix50,0.21155992831237455,1,False,234,2.6287576858616686,0.09419386036874276,0.058628072543327026,2026107048,historical,-0.09419386036874276,2.9021195273988805
0.5191491379888924,asymmetric_crash,support_band50,0.21155992831237455,1,False,234,2.382970389409988,0.1788862013048087,0.058628072543327026,2026107048,historical,-0.1788862013048087,2.9021195273988805
0.1966065491412885,asymmetric_crash,historical,0.20711826966407787,1,False,119,2.6570608042450665,0.06889609922753676,0.040953806855384745,2026107048,historical_se_penalty,-0.06889609922753676,2.853667353386355
0.1966065491412885,asymmetric_crash,historical_se_penalty,0.20711826966407787,1,True,119,2.6570608042450665,0.06889609922753676,0.040953806855384745,2026107048,historical_se_penalty,-0.06889609922753676,2.853667353386355
0.2280708131553495,asymmetric_crash,support_mix50,0.20711826966407787,1,False,119,2.6255965402310055,0.07992200383296434,0.040953806855384745,2026107048,historical_se_penalty,-0.07992200383296434,2.853667353386355
0.4808287536418838,asymmetric_crash,support_band50,0.20711826966407787,1,False,119,2.372838599744471,0.16849502555765647,0.040953806855384745,2026107048,historical_se_penalty,-0.16849502555765647,2.853667353386355
0.1966065491412885,asymmetric_crash,historical,0.20711826966407787,1,False,119,2.6570608042450665,0.06889609922753676,0.040953806855384745,2026107048,support_mix50,-0.06889609922753676,2.853667353386355
0.1966065491412885,asymmetric_crash,historical_se_penalty,0.20711826966407787,1,False,119,2.6570608042450665,0.06889609922753676,0.040953806855384745,2026107048,support_mix50,-0.06889609922753676,2.853667353386355
0.2280708131553495,asymmetric_crash,support_mix50,0.20711826966407787,1,True,119,2.6255965402310055,0.07992200383296434,0.040953806855384745,2026107048,support_mix50,-0.07992200383296434,2.853667353386355
0.4808287536418838,asymmetric_crash,support_band50,0.20711826966407787,1,False,119,2.372838599744471,0.16849502555765647,0.040953806855384745,2026107048,support_mix50,-0.16849502555765647,2.853667353386355
0.15805112375335284,asymmetric_crash,historical,0.17833802397111775,1,False,146,2.7564972251976316,0.054228341694945364,0.06316182771070356,2026107048,support_band50,-0.054228341694945364,2.9145483489509845
0.15805112375335284,asymmetric_crash,historical_se_penalty,0.17833802397111775,1,False,146,2.7564972251976316,0.054228341694945364,0.06316182771070356,2026107048,support_band50,-0.054228341694945364,2.9145483489509845
0.16733231379949576,asymmetric_crash,support_mix50,0.17833802397111775,1,False,146,2.7472160351514887,0.057412776789145616,0.06316182771070356,2026107048,support_band50,-0.057412776789145616,2.9145483489509845
0.5549408739517894,asymmetric_crash,support_band50,0.17833802397111775,1,True,146,2.359607474999195,0.19040372898652577,0.06316182771070356,2026107048,support_band50,-0.19040372898652577,2.9145483489509845
0.16265919430807405,asymmetric_crash,historical,0.23582807125972696,285,False,-1,2.8355397315896465,0.05399294377568829,0.09361177338200026,2026107048,fixed_bank,-0.05393481975848347,2.998023730185302
0.16265919430807405,asymmetric_crash,historical_se_penalty,0.23582807125972696,285,False,-1,2.8355397315896465,0.05399294377568829,0.09361177338200026,2026107048,fixed_bank,-0.05393481975848347,2.998023730185302
0.19086123427502302,asymmetric_crash,support_mix50,0.23582807125972696,285,False,-1,2.8074390669278775,0.06364557661322616,0.09361177338200026,2026107048,fixed_bank,-0.06355609662842926,2.998023730185302
0.45259126630613267,asymmetric_crash,support_band50,0.23582807125972696,285,False,-1,2.545432463879169,0.1509795519146283,0.09361177338200026,2026107048,fixed_bank,-0.1509795519146283,2.998023730185302
0.36179650126093854,asymmetric_crash,historical,0.125,1,False,0,2.454830963116196,0.12845024975319047,0.06840563777874809,2026107050,equal_weight,-0.12845024975319047,2.8166274643771345
0.36179650126093854,asymmetric_crash,historical_se_penalty,0.125,1,False,0,2.454830963116196,0.12845024975319047,0.06840563777874809,2026107050,equal_weight,-0.12845024975319047,2.8166274643771345
0.41181494260455054,asymmetric_crash,support_mix50,0.125,1,False,0,2.404812521772584,0.1462085234248821,0.06840563777874809,2026107050,equal_weight,-0.1462085234248821,2.8166274643771345
0.41181494260455054,asymmetric_crash,support_band50,0.125,1,False,0,2.404812521772584,0.1462085234248821,0.06840563777874809,2026107050,equal_weight,-0.1462085234248821,2.8166274643771345
0.4644657854005736,asymmetric_crash,historical,0.5,1,True,17,2.2874211245772758,0.1687808404177162,0.04384819303750187,2026107050,historical,-0.1687808404177162,2.7518869099778493
0.4644657854005736,asymmetric_crash,historical_se_penalty,0.5,1,False,17,2.2874211245772758,0.1687808404177162,0.04384819303750187,2026107050,historical,-0.1687808404177162,2.7518869099778493
0.520168772780409,asymmetric_crash,support_mix50,0.5,1,False,17,2.2317181371974404,0.1890225833388611,0.04384819303750187,2026107050,historical,-0.1890225833388611,2.7518869099778493
0.520168772780409,asymmetric_crash,support_band50,0.5,1,False,17,2.2317181371974404,0.1890225833388611,0.04384819303750187,2026107050,historical,-0.1890225833388611,2.7518869099778493
0.4644657854005736,asymmetric_crash,historical,0.5,1,False,17,2.2874211245772758,0.1687808404177162,0.04384819303750187,2026107050,historical_se_penalty,-0.1687808404177162,2.7518869099778493
0.4644657854005736,asymmetric_crash,historical_se_penalty,0.5,1,True,17,2.2874211245772758,0.1687808404177162,0.04384819303750187,2026107050,historical_se_penalty,-0.1687808404177162,2.7518869099778493
0.520168772780409,asymmetric_crash,support_mix50,0.5,1,False,17,2.2317181371974404,0.1890225833388611,0.04384819303750187,2026107050,historical_se_penalty,-0.1890225833388611,2.7518869099778493
0.520168772780409,asymmetric_crash,support_band50,0.5,1,False,17,2.2317181371974404,0.1890225833388611,0.04384819303750187,2026107050,historical_se_penalty,-0.1890225833388611,2.7518869099778493
0.4644657854005736,asymmetric_crash,historical,0.5,1,False,17,2.2874211245772758,0.1687808404177162,0.04384819303750187,2026107050,support_mix50,-0.1687808404177162,2.7518869099778493
0.4644657854005736,asymmetric_crash,historical_se_penalty,0.5,1,False,17,2.2874211245772758,0.1687808404177162,0.04384819303750187,2026107050,support_mix50,-0.1687808404177162,2.7518869099778493
0.520168772780409,asymmetric_crash,support_mix50,0.5,1,True,17,2.2317181371974404,0.1890225833388611,0.04384819303750187,2026107050,support_mix50,-0.1890225833388611,2.7518869099778493
0.520168772780409,asymmetric_crash,support_band50,0.5,1,False,17,2.2317181371974404,0.1890225833388611,0.04384819303750187,2026107050,support_mix50,-0.1890225833388611,2.7518869099778493
0.4644657854005736,asymmetric_crash,historical,0.5,1,False,17,2.2874211245772758,0.1687808404177162,0.04384819303750187,2026107050,support_band50,-0.1687808404177162,2.7518869099778493
0.4644657854005736,asymmetric_crash,historical_se_penalty,0.5,1,False,17,2.2874211245772758,0.1687808404177162,0.04384819303750187,2026107050,support_band50,-0.1687808404177162,2.7518869099778493
0.520168772780409,asymmetric_crash,support_mix50,0.5,1,False,17,2.2317181371974404,0.1890225833388611,0.04384819303750187,2026107050,support_band50,-0.1890225833388611,2.7518869099778493
0.520168772780409,asymmetric_crash,support_band50,0.5,1,True,17,2.2317181371974404,0.1890225833388611,0.04384819303750187,2026107050,support_band50,-0.1890225833388611,2.7518869099778493
0.3635345540747913,asymmetric_crash,historical,0.23650846396959696,285,False,-1,2.5680635764664688,0.12383225269694778,0.11201641324070431,2026107050,fixed_bank,-0.12383225269694778,2.9315981305412597
0.3635345540747913,asymmetric_crash,historical_se_penalty,0.23650846396959696,285,False,-1,2.5680635764664688,0.12383225269694778,0.11201641324070431,2026107050,fixed_bank,-0.12383225269694778,2.9315981305412597
0.40213282145556994,asymmetric_crash,support_mix50,0.23650846396959696,285,False,-1,2.52946530908569,0.13720588422084576,0.11201641324070431,2026107050,fixed_bank,-0.13720588422084576,2.9315981305412597
0.40213282145557006,asymmetric_crash,support_band50,0.23650846396959696,285,False,-1,2.52946530908569,0.13720588422084581,0.11201641324070431,2026107050,fixed_bank,-0.13720588422084581,2.9315981305412597
0.3618047338004522,asymmetric_crash,historical,0.125,1,False,0,3.168930090721153,0.12888798603470167,0.0607173660921565,2026107055,equal_weight,0.12888798603470167,2.8071253569207006
0.3618047338004522,asymmetric_crash,historical_se_penalty,0.125,1,False,0,3.168930090721153,0.12888798603470167,0.0607173660921565,2026107055,equal_weight,0.12888798603470167,2.8071253569207006
0.26817466885523844,asymmetric_crash,support_mix50,0.125,1,False,0,3.075300025775939,0.09553355648834111,0.0607173660921565,2026107055,equal_weight,0.09553355648834111,2.8071253569207006
0.26817466885523844,asymmetric_crash,support_band50,0.125,1,False,0,3.075300025775939,0.09553355648834111,0.0607173660921565,2026107055,equal_weight,0.09553355648834111,2.8071253569207006
0.16990882202869528,asymmetric_crash,historical,0.5,1,True,10,2.8163492845456575,0.06420277517488503,0.0,2026107055,historical,0.06420277517488503,2.646440462516962
0.16990882202869528,asymmetric_crash,historical_se_penalty,0.5,1,False,10,2.8163492845456575,0.06420277517488503,0.0,2026107055,historical,0.06420277517488503,2.646440462516962
0.14665985947113924,asymmetric_crash,support_mix50,0.5,1,False,10,2.7931003219881014,0.05541778156295826,0.0,2026107055,historical,0.05541778156295826,2.646440462516962
0.14665985947113924,asymmetric_crash,support_band50,0.5,1,False,10,2.7931003219881014,0.05541778156295826,0.0,2026107055,historical,0.05541778156295826,2.646440462516962
0.16990882202869528,asymmetric_crash,historical,0.5,1,False,10,2.8163492845456575,0.06420277517488503,0.0,2026107055,historical_se_penalty,0.06420277517488503,2.646440462516962
0.16990882202869528,asymmetric_crash,historical_se_penalty,0.5,1,True,10,2.8163492845456575,0.06420277517488503,0.0,2026107055,historical_se_penalty,0.06420277517488503,2.646440462516962
0.14665985947113924,asymmetric_crash,support_mix50,0.5,1,False,10,2.7931003219881014,0.05541778156295826,0.0,2026107055,historical_se_penalty,0.05541778156295826,2.646440462516962
0.14665985947113924,asymmetric_crash,support_band50,0.5,1,False,10,2.7931003219881014,0.05541778156295826,0.0,2026107055,historical_se_penalty,0.05541778156295826,2.646440462516962
0.16990882202869528,asymmetric_crash,historical,0.5,1,False,10,2.8163492845456575,0.06420277517488503,0.0,2026107055,support_mix50,0.06420277517488503,2.646440462516962
0.16990882202869528,asymmetric_crash,historical_se_penalty,0.5,1,False,10,2.8163492845456575,0.06420277517488503,0.0,2026107055,support_mix50,0.06420277517488503,2.646440462516962
0.14665985947113924,asymmetric_crash,support_mix50,0.5,1,True,10,2.7931003219881014,0.05541778156295826,0.0,2026107055,support_mix50,0.05541778156295826,2.646440462516962
0.14665985947113924,asymmetric_crash,support_band50,0.5,1,False,10,2.7931003219881014,0.05541778156295826,0.0,2026107055,support_mix50,0.05541778156295826,2.646440462516962
0.16990882202869528,asymmetric_crash,historical,0.5,1,False,10,2.8163492845456575,0.06420277517488503,0.0,2026107055,support_band50,0.06420277517488503,2.646440462516962
0.16990882202869528,asymmetric_crash,historical_se_penalty,0.5,1,False,10,2.8163492845456575,0.06420277517488503,0.0,2026107055,support_band50,0.06420277517488503,2.646440462516962
0.14665985947113924,asymmetric_crash,support_mix50,0.5,1,False,10,2.7931003219881014,0.05541778156295826,0.0,2026107055,support_band50,0.05541778156295826,2.646440462516962
0.14665985947113924,asymmetric_crash,support_band50,0.5,1,True,10,2.7931003219881014,0.05541778156295826,0.0,2026107055,support_band50,0.05541778156295826,2.646440462516962
0.3337682163674212,asymmetric_crash,historical,0.24002584381896525,285,False,-1,3.247508307264413,0.11439127884901093,0.10128243628804708,2026107055,fixed_bank,0.1141665696818739,2.914478400051946
0.3337682163674212,asymmetric_crash,historical_se_penalty,0.24002584381896525,285,False,-1,3.247508307264413,0.11439127884901093,0.10128243628804708,2026107055,fixed_bank,0.1141665696818739,2.914478400051946
0.24110394244808467,asymmetric_crash,support_mix50,0.24002584381896525,285,False,-1,3.153507867166403,0.0826407090643937,0.10128243628804708,2026107055,fixed_bank,0.082013410582668,2.914478400051946
0.24110394244808447,asymmetric_crash,support_band50,0.24002584381896525,285,False,-1,3.153507867166403,0.08264070906439365,0.10128243628804708,2026107055,fixed_bank,0.08201341058266796,2.914478400051946
0.0690344516067749,gaussian,historical,0.125,1,False,0,1.311240571020407,0.055574071426537294,0.06820722577562677,2026107006,equal_weight,0.055574071426537294,1.242206119413632
0.0690344516067749,gaussian,historical_se_penalty,0.125,1,False,0,1.311240571020407,0.055574071426537294,0.06820722577562677,2026107006,equal_weight,0.055574071426537294,1.242206119413632
0.05771665104689494,gaussian,support_mix50,0.125,1,False,0,1.299922770460527,0.04646302263761136,0.06820722577562677,2026107006,equal_weight,0.04646302263761136,1.242206119413632
0.05771665104689494,gaussian,support_band50,0.125,1,False,0,1.299922770460527,0.04646302263761136,0.06820722577562677,2026107006,equal_weight,0.04646302263761136,1.242206119413632
0.029431196210540245,gaussian,historical,0.20528592793265654,1,True,59,1.1926009107031714,0.025302581251763406,0.00024164621802946762,2026107006,historical,0.025302581251763406,1.1631697144926312
0.029431196210540245,gaussian,historical_se_penalty,0.20528592793265654,1,False,59,1.1926009107031714,0.025302581251763406,0.00024164621802946762,2026107006,historical,0.025302581251763406,1.1631697144926312
0.02757616842286481,gaussian,support_mix50,0.20528592793265654,1,False,59,1.190745882915496,0.02370777718786583,0.00024164621802946762,2026107006,historical,0.02370777718786583,1.1631697144926312
0.02757616842286481,gaussian,support_band50,0.20528592793265654,1,False,59,1.190745882915496,0.02370777718786583,0.00024164621802946762,2026107006,historical,0.02370777718786583,1.1631697144926312
0.026406580931239487,gaussian,historical,0.19067657132747073,1,False,172,1.1940708595900416,0.022614874338341934,0.004106645628338512,2026107006,historical_se_penalty,0.022614874338341934,1.167664278658802
0.026406580931239487,gaussian,historical_se_penalty,0.19067657132747073,1,True,172,1.1940708595900416,0.022614874338341934,0.004106645628338512,2026107006,historical_se_penalty,0.022614874338341934,1.167664278658802
0.048391923143997095,gaussian,support_mix50,0.19067657132747073,1,False,172,1.2160562018027992,0.04144335322099674,0.004106645628338512,2026107006,historical_se_penalty,0.04144335322099674,1.167664278658802
0.048391923143997095,gaussian,support_band50,0.19067657132747073,1,False,172,1.2160562018027992,0.04144335322099674,0.004106645628338512,2026107006,historical_se_penalty,0.04144335322099674,1.167664278658802
0.029431196210540245,gaussian,historical,0.20528592793265654,1,False,59,1.1926009107031714,0.025302581251763406,0.00024164621802946762,2026107006,support_mix50,0.025302581251763406,1.1631697144926312
0.029431196210540245,gaussian,historical_se_penalty,0.20528592793265654,1,False,59,1.1926009107031714,0.025302581251763406,0.00024164621802946762,2026107006,support_mix50,0.025302581251763406,1.1631697144926312
0.02757616842286481,gaussian,support_mix50,0.20528592793265654,1,True,59,1.190745882915496,0.02370777718786583,0.00024164621802946762,2026107006,support_mix50,0.02370777718786583,1.1631697144926312
0.02757616842286481,gaussian,support_band50,0.20528592793265654,1,False,59,1.190745882915496,0.02370777718786583,0.00024164621802946762,2026107006,support_mix50,0.02370777718786583,1.1631697144926312
0.029431196210540245,gaussian,historical,0.20528592793265654,1,False,59,1.1926009107031714,0.025302581251763406,0.00024164621802946762,2026107006,support_band50,0.025302581251763406,1.1631697144926312
0.029431196210540245,gaussian,historical_se_penalty,0.20528592793265654,1,False,59,1.1926009107031714,0.025302581251763406,0.00024164621802946762,2026107006,support_band50,0.025302581251763406,1.1631697144926312
0.02757616842286481,gaussian,support_mix50,0.20528592793265654,1,False,59,1.190745882915496,0.02370777718786583,0.00024164621802946762,2026107006,support_band50,0.02370777718786583,1.1631697144926312
0.02757616842286481,gaussian,support_band50,0.20528592793265654,1,True,59,1.190745882915496,0.02370777718786583,0.00024164621802946762,2026107006,support_band50,0.02370777718786583,1.1631697144926312
0.04630701536679265,gaussian,historical,0.24084186670034022,285,False,-1,1.4312383962150466,0.03323009635903457,0.19535623081129128,2026107006,fixed_bank,0.029886190613821383,1.3900662614548664
0.04630701536679265,gaussian,historical_se_penalty,0.24084186670034022,285,False,-1,1.4312383962150466,0.03323009635903457,0.19535623081129128,2026107006,fixed_bank,0.029886190613821383,1.3900662614548664
0.03977472905202144,gaussian,support_mix50,0.24084186670034022,285,False,-1,1.4270636574476938,0.028984156330539784,0.19535623081129128,2026107006,fixed_bank,0.027263928583699405,1.3900662614548664
0.039774729052021396,gaussian,support_band50,0.24084186670034022,285,False,-1,1.4270636574476938,0.02898415633053976,0.19535623081129128,2026107006,fixed_bank,0.027263928583699366,1.3900662614548664
0.18363993900799302,asymmetric_crash,historical,0.125,1,False,0,2.812432925484746,0.061293549026914224,0.051466891182694985,2026107058,equal_weight,-0.061293549026914224,2.996072864492739
0.18363993900799302,asymmetric_crash,historical_se_penalty,0.125,1,False,0,2.812432925484746,0.061293549026914224,0.051466891182694985,2026107058,equal_weight,-0.061293549026914224,2.996072864492739
0.12919454870134972,asymmetric_crash,support_mix50,0.125,1,False,0,2.8668783157913893,0.04312129729302277,0.051466891182694985,2026107058,equal_weight,-0.04312129729302277,2.996072864492739
0.12919454870134972,asymmetric_crash,support_band50,0.125,1,False,0,2.8668783157913893,0.04312129729302277,0.051466891182694985,2026107058,equal_weight,-0.04312129729302277,2.996072864492739
0.43608880910860925,asymmetric_crash,historical,0.21182380096608705,1,True,198,2.562732496594566,0.14542007163923143,0.052431452148279156,2026107058,historical,-0.14542007163923143,2.998821305703175
0.43608880910860925,asymmetric_crash,historical_se_penalty,0.21182380096608705,1,False,198,2.562732496594566,0.14542007163923143,0.052431452148279156,2026107058,historical,-0.14542007163923143,2.998821305703175
0.42036327241819205,asymmetric_crash,support_mix50,0.21182380096608705,1,False,198,2.578458033284983,0.1401761657551061,0.052431452148279156,2026107058,historical,-0.1401761657551061,2.998821305703175
0.42036327241819205,asymmetric_crash,support_band50,0.21182380096608705,1,False,198,2.578458033284983,0.1401761657551061,0.052431452148279156,2026107058,historical,-0.1401761657551061,2.998821305703175
0.43608880910860925,asymmetric_crash,historical,0.21182380096608705,1,False,198,2.562732496594566,0.14542007163923143,0.052431452148279156,2026107058,historical_se_penalty,-0.14542007163923143,2.998821305703175
0.43608880910860925,asymmetric_crash,historical_se_penalty,0.21182380096608705,1,True,198,2.562732496594566,0.14542007163923143,0.052431452148279156,2026107058,historical_se_penalty,-0.14542007163923143,2.998821305703175
0.42036327241819205,asymmetric_crash,support_mix50,0.21182380096608705,1,False,198,2.578458033284983,0.1401761657551061,0.052431452148279156,2026107058,historical_se_penalty,-0.1401761657551061,2.998821305703175
0.42036327241819205,asymmetric_crash,support_band50,0.21182380096608705,1,False,198,2.578458033284983,0.1401761657551061,0.052431452148279156,2026107058,historical_se_penalty,-0.1401761657551061,2.998821305703175
0.58679741783746,asymmetric_crash,historical,0.29949899612673647,1,False,60,2.577116978528052,0.18546564297426396,0.1103706033791223,2026107058,support_mix50,-0.18546564297426396,3.163914396365512
0.58679741783746,asymmetric_crash,historical_se_penalty,0.29949899612673647,1,False,60,2.577116978528052,0.18546564297426396,0.1103706033791223,2026107058,support_mix50,-0.18546564297426396,3.163914396365512
0.615999579778578,asymmetric_crash,support_mix50,0.29949899612673647,1,True,60,2.547914816586934,0.19469540025678195,0.1103706033791223,2026107058,support_mix50,-0.19469540025678195,3.163914396365512
0.615999579778578,asymmetric_crash,support_band50,0.29949899612673647,1,False,60,2.547914816586934,0.19469540025678195,0.1103706033791223,2026107058,support_mix50,-0.19469540025678195,3.163914396365512
0.58679741783746,asymmetric_crash,historical,0.29949899612673647,1,False,60,2.577116978528052,0.18546564297426396,0.1103706033791223,2026107058,support_band50,-0.18546564297426396,3.163914396365512
0.58679741783746,asymmetric_crash,historical_se_penalty,0.29949899612673647,1,False,60,2.577116978528052,0.18546564297426396,0.1103706033791223,2026107058,support_band50,-0.18546564297426396,3.163914396365512
0.615999579778578,asymmetric_crash,support_mix50,0.29949899612673647,1,False,60,2.547914816586934,0.19469540025678195,0.1103706033791223,2026107058,support_band50,-0.19469540025678195,3.163914396365512
0.615999579778578,asymmetric_crash,support_band50,0.29949899612673647,1,True,60,2.547914816586934,0.19469540025678195,0.1103706033791223,2026107058,support_band50,-0.19469540025678195,3.163914396365512
0.2557566225821762,asymmetric_crash,historical,0.24237697167040367,285,False,-1,2.932142730951361,0.08076442500010515,0.0950436179513699,2026107058,fixed_bank,-0.05988463140689831,3.1202413472950723
0.2557566225821762,asymmetric_crash,historical_se_penalty,0.24237697167040367,285,False,-1,2.932142730951361,0.08076442500010515,0.0950436179513699,2026107058,fixed_bank,-0.05988463140689831,3.1202413472950723
0.2453967281061152,asymmetric_crash,support_mix50,0.24237697167040367,285,False,-1,2.9610207748382207,0.07721018503110645,0.0950436179513699,2026107058,fixed_bank,-0.050211886753321534,3.1202413472950723
0.2453967281061153,asymmetric_crash,support_band50,0.24237697167040367,285,False,-1,2.9610207748382207,0.07721018503110647,0.0950436179513699,2026107058,fixed_bank,-0.05021188675332157,3.1202413472950723
0.07143397738978852,gaussian,historical,0.125,1,False,0,1.1176917182878157,0.06007268840413293,0.1049158644410062,2026107015,equal_weight,-0.06007268840413293,1.1891256956776042
0.07143397738978852,gaussian,historical_se_penalty,0.125,1,False,0,1.1176917182878157,0.06007268840413293,0.1049158644410062,2026107015,equal_weight,-0.06007268840413293,1.1891256956776042
0.050548607263576795,gaussian,support_mix50,0.125,1,False,0,1.1385770884140274,0.04250905303561915,0.1049158644410062,2026107015,equal_weight,-0.04250905303561915,1.1891256956776042
0.050548607263576795,gaussian,support_band50,0.125,1,False,0,1.1385770884140274,0.04250905303561915,0.1049158644410062,2026107015,equal_weight,-0.04250905303561915,1.1891256956776042
0.09375947069627322,gaussian,historical,0.21745241945225913,1,True,240,0.9824543243506474,0.08711974435542848,0.0,2026107015,historical,-0.08711974435542848,1.0762137950469206
0.09375947069627322,gaussian,historical_se_penalty,0.21745241945225913,1,False,240,0.9824543243506474,0.08711974435542848,0.0,2026107015,historical,-0.08711974435542848,1.0762137950469206
0.06487395366673465,gaussian,support_mix50,0.21745241945225913,1,False,240,1.011339841380186,0.060279801248883165,0.0,2026107015,historical,-0.060279801248883165,1.0762137950469206
0.06487395366673465,gaussian,support_band50,0.21745241945225913,1,False,240,1.011339841380186,0.060279801248883165,0.0,2026107015,historical,-0.060279801248883165,1.0762137950469206
0.09375947069627322,gaussian,historical,0.21745241945225913,1,False,240,0.9824543243506474,0.08711974435542848,0.0,2026107015,historical_se_penalty,-0.08711974435542848,1.0762137950469206
0.09375947069627322,gaussian,historical_se_penalty,0.21745241945225913,1,True,240,0.9824543243506474,0.08711974435542848,0.0,2026107015,historical_se_penalty,-0.08711974435542848,1.0762137950469206
0.06487395366673465,gaussian,support_mix50,0.21745241945225913,1,False,240,1.011339841380186,0.060279801248883165,0.0,2026107015,historical_se_penalty,-0.060279801248883165,1.0762137950469206
0.06487395366673465,gaussian,support_band50,0.21745241945225913,1,False,240,1.011339841380186,0.060279801248883165,0.0,2026107015,historical_se_penalty,-0.060279801248883165,1.0762137950469206
0.09375947069627322,gaussian,historical,0.21745241945225913,1,False,240,0.9824543243506474,0.08711974435542848,0.0,2026107015,support_mix50,-0.08711974435542848,1.0762137950469206
0.09375947069627322,gaussian,historical_se_penalty,0.21745241945225913,1,False,240,0.9824543243506474,0.08711974435542848,0.0,2026107015,support_mix50,-0.08711974435542848,1.0762137950469206
0.06487395366673465,gaussian,support_mix50,0.21745241945225913,1,True,240,1.011339841380186,0.060279801248883165,0.0,2026107015,support_mix50,-0.060279801248883165,1.0762137950469206
0.06487395366673465,gaussian,support_band50,0.21745241945225913,1,False,240,1.011339841380186,0.060279801248883165,0.0,2026107015,support_mix50,-0.060279801248883165,1.0762137950469206
0.09375947069627322,gaussian,historical,0.21745241945225913,1,False,240,0.9824543243506474,0.08711974435542848,0.0,2026107015,support_band50,-0.08711974435542848,1.0762137950469206
0.09375947069627322,gaussian,historical_se_penalty,0.21745241945225913,1,False,240,0.9824543243506474,0.08711974435542848,0.0,2026107015,support_band50,-0.08711974435542848,1.0762137950469206
0.06487395366673465,gaussian,support_mix50,0.21745241945225913,1,False,240,1.011339841380186,0.060279801248883165,0.0,2026107015,support_band50,-0.060279801248883165,1.0762137950469206
0.06487395366673465,gaussian,support_band50,0.21745241945225913,1,True,240,1.011339841380186,0.060279801248883165,0.0,2026107015,support_band50,-0.060279801248883165,1.0762137950469206
0.06578773989803055,gaussian,historical,0.23802676584102472,285,False,-1,1.2763656113428097,0.04917493018602738,0.23935345879873526,2026107015,fixed_bank,-0.043198492295384576,1.333809289298314
0.06578773989803055,gaussian,historical_se_penalty,0.23802676584102472,285,False,-1,1.2763656113428097,0.04917493018602738,0.23935345879873526,2026107015,fixed_bank,-0.043198492295384576,1.333809289298314
0.04829781685105542,gaussian,support_mix50,0.23802676584102472,285,False,-1,1.2987253445753049,0.03593058290173363,0.23935345879873526,2026107015,fixed_bank,-0.026846169199622526,1.333809289298314
0.04829781685105542,gaussian,support_band50,0.23802676584102472,285,False,-1,1.2987253445753049,0.03593058290173363,0.23935345879873526,2026107015,fixed_bank,-0.026846169199622547,1.333809289298314
0.4601662299957847,asymmetric_crash,historical,0.125,1,False,0,2.3796459660186495,0.16204107815355187,0.04374621519571109,2026107022,equal_weight,-0.16204107815355187,2.8398121960144342
0.4601662299957847,asymmetric_crash,historical_se_penalty,0.125,1,False,0,2.3796459660186495,0.16204107815355187,0.04374621519571109,2026107022,equal_weight,-0.16204107815355187,2.8398121960144342
0.3374486766650495,asymmetric_crash,support_mix50,0.125,1,False,0,2.5023635193493847,0.11882781443739328,0.04374621519571109,2026107022,equal_weight,-0.11882781443739328,2.8398121960144342
0.8984570266330247,asymmetric_crash,support_band50,0.125,1,False,0,1.9413551693814095,0.31637902953370445,0.04374621519571109,2026107022,equal_weight,-0.31637902953370445,2.8398121960144342
0.6842395436148214,asymmetric_crash,historical,0.2546654979108175,1,True,190,2.1811946235969115,0.23879087903828347,0.0531633292923992,2026107022,historical,-0.23879087903828347,2.865434167211733
0.6842395436148214,asymmetric_crash,historical_se_penalty,0.2546654979108175,1,False,190,2.1811946235969115,0.23879087903828347,0.0531633292923992,2026107022,historical,-0.23879087903828347,2.865434167211733
0.6021847803153082,asymmetric_crash,support_mix50,0.2546654979108175,1,False,190,2.2632493868964247,0.21015481256066543,0.0531633292923992,2026107022,historical,-0.21015481256066543,2.865434167211733
1.0409201572459712,asymmetric_crash,support_band50,0.2546654979108175,1,False,190,1.8245140099657617,0.3632678667536302,0.0531633292923992,2026107022,historical,-0.3632678667536302,2.865434167211733
0.6842395436148214,asymmetric_crash,historical,0.2546654979108175,1,False,190,2.1811946235969115,0.23879087903828347,0.0531633292923992,2026107022,historical_se_penalty,-0.23879087903828347,2.865434167211733
0.6842395436148214,asymmetric_crash,historical_se_penalty,0.2546654979108175,1,True,190,2.1811946235969115,0.23879087903828347,0.0531633292923992,2026107022,historical_se_penalty,-0.23879087903828347,2.865434167211733
0.6021847803153082,asymmetric_crash,support_mix50,0.2546654979108175,1,False,190,2.2632493868964247,0.21015481256066543,0.0531633292923992,2026107022,historical_se_penalty,-0.21015481256066543,2.865434167211733
1.0409201572459712,asymmetric_crash,support_band50,0.2546654979108175,1,False,190,1.8245140099657617,0.3632678667536302,0.0531633292923992,2026107022,historical_se_penalty,-0.3632678667536302,2.865434167211733
0.6842395436148214,asymmetric_crash,historical,0.2546654979108175,1,False,190,2.1811946235969115,0.23879087903828347,0.0531633292923992,2026107022,support_mix50,-0.23879087903828347,2.865434167211733
0.6842395436148214,asymmetric_crash,historical_se_penalty,0.2546654979108175,1,False,190,2.1811946235969115,0.23879087903828347,0.0531633292923992,2026107022,support_mix50,-0.23879087903828347,2.865434167211733
0.6021847803153082,asymmetric_crash,support_mix50,0.2546654979108175,1,True,190,2.2632493868964247,0.21015481256066543,0.0531633292923992,2026107022,support_mix50,-0.21015481256066543,2.865434167211733
1.0409201572459712,asymmetric_crash,support_band50,0.2546654979108175,1,False,190,1.8245140099657617,0.3632678667536302,0.0531633292923992,2026107022,support_mix50,-0.3632678667536302,2.865434167211733
0.5844308413542265,asymmetric_crash,historical,0.24372394576722928,1,False,57,2.239034667477341,0.20699060765083724,0.03773814434438827,2026107022,support_band50,-0.20699060765083724,2.8234655088315677
0.5844308413542265,asymmetric_crash,historical_se_penalty,0.24372394576722928,1,False,57,2.239034667477341,0.20699060765083724,0.03773814434438827,2026107022,support_band50,-0.20699060765083724,2.8234655088315677
0.48949780018322864,asymmetric_crash,support_mix50,0.24372394576722928,1,False,57,2.333967708648339,0.17336772794005093,0.03773814434438827,2026107022,support_band50,-0.17336772794005093,2.8234655088315677
1.0075414940652194,asymmetric_crash,support_band50,0.24372394576722928,1,True,57,1.8159240147663482,0.356845688716123,0.03773814434438827,2026107022,support_band50,-0.356845688716123,2.8234655088315677
0.4448872494510096,asymmetric_crash,historical,0.23900821044792656,285,False,-1,2.505270197258864,0.1511237095055754,0.08430257238715734,2026107022,fixed_bank,-0.1511237095055754,2.9501574467098735
0.4448872494510096,asymmetric_crash,historical_se_penalty,0.23900821044792656,285,False,-1,2.505270197258864,0.1511237095055754,0.08430257238715734,2026107022,fixed_bank,-0.1511237095055754,2.9501574467098735
0.32794949971272197,asymmetric_crash,support_mix50,0.23900821044792656,285,False,-1,2.6250600067876637,0.11105105151531326,0.08430257238715734,2026107022,fixed_bank,-0.11018692409078924,2.9501574467098735
0.8495834428843384,asymmetric_crash,support_band50,0.23900821044792656,285,False,-1,2.1005740038255354,0.28866077899680137,0.08430257238715734,2026107022,fixed_bank,-0.28866077899680137,2.9501574467098735
0.004532123986089376,gaussian,historical,0.125,1,False,0,1.33623620472999,0.003380243916135266,0.1713430142303647,2026107054,equal_weight,-0.003380243916135266,1.3407683287160794
0.004532123986089376,gaussian,historical_se_penalty,0.125,1,False,0,1.33623620472999,0.003380243916135266,0.1713430142303647,2026107054,equal_weight,-0.003380243916135266,1.3407683287160794
0.00016210098467306366,gaussian,support_mix50,0.125,1,False,0,1.3409304297007525,0.00012090156159065278,0.1713430142303647,2026107054,equal_weight,0.00012090156159065278,1.3407683287160794
0.00016210098467306366,gaussian,support_band50,0.125,1,False,0,1.3409304297007525,0.00012090156159065278,0.1713430142303647,2026107054,equal_weight,0.00012090156159065278,1.3407683287160794
0.026842797946190045,gaussian,historical,0.2584445033565345,1,True,124,1.1177991322377163,0.023450825309079222,0.0,2026107054,historical,-0.023450825309079222,1.1446419301839064
0.026842797946190045,gaussian,historical_se_penalty,0.2584445033565345,1,False,124,1.1177991322377163,0.023450825309079222,0.0,2026107054,historical,-0.023450825309079222,1.1446419301839064
0.014563639070746204,gaussian,support_mix50,0.2584445033565345,1,False,124,1.1300782911131602,0.012723314328006755,0.0,2026107054,historical,-0.012723314328006755,1.1446419301839064
0.014563639070746204,gaussian,support_band50,0.2584445033565345,1,False,124,1.1300782911131602,0.012723314328006755,0.0,2026107054,historical,-0.012723314328006755,1.1446419301839064
0.026842797946190045,gaussian,historical,0.2584445033565345,1,False,124,1.1177991322377163,0.023450825309079222,0.0,2026107054,historical_se_penalty,-0.023450825309079222,1.1446419301839064
0.026842797946190045,gaussian,historical_se_penalty,0.2584445033565345,1,True,124,1.1177991322377163,0.023450825309079222,0.0,2026107054,historical_se_penalty,-0.023450825309079222,1.1446419301839064
0.014563639070746204,gaussian,support_mix50,0.2584445033565345,1,False,124,1.1300782911131602,0.012723314328006755,0.0,2026107054,historical_se_penalty,-0.012723314328006755,1.1446419301839064
0.014563639070746204,gaussian,support_band50,0.2584445033565345,1,False,124,1.1300782911131602,0.012723314328006755,0.0,2026107054,historical_se_penalty,-0.012723314328006755,1.1446419301839064
0.026842797946190045,gaussian,historical,0.2584445033565345,1,False,124,1.1177991322377163,0.023450825309079222,0.0,2026107054,support_mix50,-0.023450825309079222,1.1446419301839064
0.026842797946190045,gaussian,historical_se_penalty,0.2584445033565345,1,False,124,1.1177991322377163,0.023450825309079222,0.0,2026107054,support_mix50,-0.023450825309079222,1.1446419301839064
0.014563639070746204,gaussian,support_mix50,0.2584445033565345,1,True,124,1.1300782911131602,0.012723314328006755,0.0,2026107054,support_mix50,-0.012723314328006755,1.1446419301839064
0.014563639070746204,gaussian,support_band50,0.2584445033565345,1,False,124,1.1300782911131602,0.012723314328006755,0.0,2026107054,support_mix50,-0.012723314328006755,1.1446419301839064
0.026842797946190045,gaussian,historical,0.2584445033565345,1,False,124,1.1177991322377163,0.023450825309079222,0.0,2026107054,support_band50,-0.023450825309079222,1.1446419301839064
0.026842797946190045,gaussian,historical_se_penalty,0.2584445033565345,1,False,124,1.1177991322377163,0.023450825309079222,0.0,2026107054,support_band50,-0.023450825309079222,1.1446419301839064
0.014563639070746204,gaussian,support_mix50,0.2584445033565345,1,False,124,1.1300782911131602,0.012723314328006755,0.0,2026107054,support_band50,-0.012723314328006755,1.1446419301839064
0.014563639070746204,gaussian,support_band50,0.2584445033565345,1,True,124,1.1300782911131602,0.012723314328006755,0.0,2026107054,support_band50,-0.012723314328006755,1.1446419301839064
0.04240820882211332,gaussian,historical,0.23893811360939998,285,False,-1,1.4872486500392046,0.028122055079489408,0.297785884352504,2026107054,fixed_bank,-0.00031300554604308877,1.4855001396306782
0.04240820882211332,gaussian,historical_se_penalty,0.23893811360939998,285,False,-1,1.4872486500392046,0.028122055079489408,0.297785884352504,2026107054,fixed_bank,-0.00031300554604308877,1.4855001396306782
0.05094641315376439,gaussian,support_mix50,0.23893811360939998,285,False,-1,1.499520291539386,0.03370058174526339,0.297785884352504,2026107054,fixed_bank,0.00788561186882802,1.4855001396306782
0.05094641315376439,gaussian,support_band50,0.23893811360939998,285,False,-1,1.4995202915393857,0.03370058174526339,0.297785884352504,2026107054,fixed_bank,0.007885611868827998,1.4855001396306782
0.01768377987759906,gaussian,historical,0.125,1,False,0,1.3472810303467297,0.012955484086577127,0.021624585239185867,2026107027,equal_weight,-0.012955484086577127,1.3649648102243288
0.01768377987759906,gaussian,historical_se_penalty,0.125,1,False,0,1.3472810303467297,0.012955484086577127,0.021624585239185867,2026107027,equal_weight,-0.012955484086577127,1.3649648102243288
0.01737381231330626,gaussian,support_mix50,0.125,1,False,0,1.3475909979110225,0.012728395767544302,0.021624585239185867,2026107027,equal_weight,-0.012728395767544302,1.3649648102243288
0.01737381231330626,gaussian,support_band50,0.125,1,False,0,1.3475909979110225,0.012728395767544302,0.021624585239185867,2026107027,equal_weight,-0.012728395767544302,1.3649648102243288
0.04255188783683428,gaussian,historical,0.21412433864817199,1,True,129,1.3146342904997455,0.03135302180058121,0.015802573186916247,2026107027,historical,-0.03135302180058121,1.3571861783365797
0.04255188783683428,gaussian,historical_se_penalty,0.21412433864817199,1,False,129,1.3146342904997455,0.03135302180058121,0.015802573186916247,2026107027,historical,-0.03135302180058121,1.3571861783365797
0.05029592417314732,gaussian,support_mix50,0.21412433864817199,1,False,129,1.3068902541634324,0.03705897169892488,0.015802573186916247,2026107027,historical,-0.03705897169892488,1.3571861783365797
0.05029592417314732,gaussian,support_band50,0.21412433864817199,1,False,129,1.3068902541634324,0.03705897169892488,0.015802573186916247,2026107027,historical,-0.03705897169892488,1.3571861783365797
0.04255188783683428,gaussian,historical,0.21412433864817199,1,False,129,1.3146342904997455,0.03135302180058121,0.015802573186916247,2026107027,historical_se_penalty,-0.03135302180058121,1.3571861783365797
0.04255188783683428,gaussian,historical_se_penalty,0.21412433864817199,1,True,129,1.3146342904997455,0.03135302180058121,0.015802573186916247,2026107027,historical_se_penalty,-0.03135302180058121,1.3571861783365797
0.05029592417314732,gaussian,support_mix50,0.21412433864817199,1,False,129,1.3068902541634324,0.03705897169892488,0.015802573186916247,2026107027,historical_se_penalty,-0.03705897169892488,1.3571861783365797
0.05029592417314732,gaussian,support_band50,0.21412433864817199,1,False,129,1.3068902541634324,0.03705897169892488,0.015802573186916247,2026107027,historical_se_penalty,-0.03705897169892488,1.3571861783365797
0.013548435783077295,gaussian,historical,0.1658466142649369,1,False,150,1.3225243545019754,0.010140492255804956,0.0,2026107027,support_mix50,-0.010140492255804956,1.3360727902850527
0.013548435783077295,gaussian,historical_se_penalty,0.1658466142649369,1,False,150,1.3225243545019754,0.010140492255804956,0.0,2026107027,support_mix50,-0.010140492255804956,1.3360727902850527
0.032091371543382374,gaussian,support_mix50,0.1658466142649369,1,True,150,1.3039814187416703,0.02401917902731605,0.0,2026107027,support_mix50,-0.02401917902731605,1.3360727902850527
0.032091371543382374,gaussian,support_band50,0.1658466142649369,1,False,150,1.3039814187416703,0.02401917902731605,0.0,2026107027,support_mix50,-0.02401917902731605,1.3360727902850527
0.013548435783077295,gaussian,historical,0.1658466142649369,1,False,150,1.3225243545019754,0.010140492255804956,0.0,2026107027,support_band50,-0.010140492255804956,1.3360727902850527
0.013548435783077295,gaussian,historical_se_penalty,0.1658466142649369,1,False,150,1.3225243545019754,0.010140492255804956,0.0,2026107027,support_band50,-0.010140492255804956,1.3360727902850527
0.032091371543382374,gaussian,support_mix50,0.1658466142649369,1,False,150,1.3039814187416703,0.02401917902731605,0.0,2026107027,support_band50,-0.02401917902731605,1.3360727902850527
0.032091371543382374,gaussian,support_band50,0.1658466142649369,1,True,150,1.3039814187416703,0.02401917902731605,0.0,2026107027,support_band50,-0.02401917902731605,1.3360727902850527
0.040529303513536084,gaussian,historical,0.2419870328457714,285,False,-1,1.5264803868179828,0.02594371018250737,0.14203365080475364,2026107027,fixed_bank,7.347077797821367e-05,1.5258400864301327
0.040529303513536084,gaussian,historical_se_penalty,0.2419870328457714,285,False,-1,1.5264803868179828,0.02594371018250737,0.14203365080475364,2026107027,fixed_bank,7.347077797821367e-05,1.5258400864301327
0.041118320308891204,gaussian,support_mix50,0.2419870328457714,285,False,-1,1.5196428341784776,0.0264879206926427,0.14203365080475364,2026107027,fixed_bank,-0.004402745122564347,1.5258400864301327
0.04111832030889119,gaussian,support_band50,0.2419870328457714,285,False,-1,1.5196428341784773,0.026487920692642695,0.14203365080475364,2026107027,fixed_bank,-0.0044027451225643706,1.5258400864301327
0.4008499183866938,asymmetric_crash,historical,0.125,1,False,0,2.5384478971626483,0.13637608147977912,0.04087353224677526,2026107002,equal_weight,-0.13637608147977912,2.939297815549342
0.4008499183866938,asymmetric_crash,historical_se_penalty,0.125,1,False,0,2.5384478971626483,0.13637608147977912,0.04087353224677526,2026107002,equal_weight,-0.13637608147977912,2.939297815549342
0.4982874830771782,asymmetric_crash,support_mix50,0.125,1,False,0,2.441010332472164,0.16952602776117479,0.04087353224677526,2026107002,equal_weight,-0.16952602776117479,2.939297815549342
0.49828748307717863,asymmetric_crash,support_band50,0.125,1,False,0,2.4410103324721635,0.16952602776117495,0.04087353224677526,2026107002,equal_weight,-0.16952602776117495,2.939297815549342
0.46319384337923664,asymmetric_crash,historical,0.5,1,True,2,2.360682184292182,0.16402768352447414,0.0,2026107002,historical,-0.16402768352447414,2.8238760276714188
0.46319384337923664,asymmetric_crash,historical_se_penalty,0.5,1,False,2,2.360682184292182,0.16402768352447414,0.0,2026107002,historical,-0.16402768352447414,2.8238760276714188
0.589628995991148,asymmetric_crash,support_mix50,0.5,1,False,2,2.2342470316802707,0.2088013036738581,0.0,2026107002,historical,-0.2088013036738581,2.8238760276714188
0.5896289959911485,asymmetric_crash,support_band50,0.5,1,False,2,2.2342470316802703,0.20880130367385827,0.0,2026107002,historical,-0.20880130367385827,2.8238760276714188
0.46319384337923664,asymmetric_crash,historical,0.5,1,False,2,2.360682184292182,0.16402768352447414,0.0,2026107002,historical_se_penalty,-0.16402768352447414,2.8238760276714188
0.46319384337923664,asymmetric_crash,historical_se_penalty,0.5,1,True,2,2.360682184292182,0.16402768352447414,0.0,2026107002,historical_se_penalty,-0.16402768352447414,2.8238760276714188
0.589628995991148,asymmetric_crash,support_mix50,0.5,1,False,2,2.2342470316802707,0.2088013036738581,0.0,2026107002,historical_se_penalty,-0.2088013036738581,2.8238760276714188
0.5896289959911485,asymmetric_crash,support_band50,0.5,1,False,2,2.2342470316802703,0.20880130367385827,0.0,2026107002,historical_se_penalty,-0.20880130367385827,2.8238760276714188
0.46319384337923664,asymmetric_crash,historical,0.5,1,False,2,2.360682184292182,0.16402768352447414,0.0,2026107002,support_mix50,-0.16402768352447414,2.8238760276714188
0.46319384337923664,asymmetric_crash,historical_se_penalty,0.5,1,False,2,2.360682184292182,0.16402768352447414,0.0,2026107002,support_mix50,-0.16402768352447414,2.8238760276714188
0.589628995991148,asymmetric_crash,support_mix50,0.5,1,True,2,2.2342470316802707,0.2088013036738581,0.0,2026107002,support_mix50,-0.2088013036738581,2.8238760276714188
0.5896289959911485,asymmetric_crash,support_band50,0.5,1,False,2,2.2342470316802703,0.20880130367385827,0.0,2026107002,support_mix50,-0.20880130367385827,2.8238760276714188
0.46319384337923664,asymmetric_crash,historical,0.5,1,False,2,2.360682184292182,0.16402768352447414,0.0,2026107002,support_band50,-0.16402768352447414,2.8238760276714188
0.46319384337923664,asymmetric_crash,historical_se_penalty,0.5,1,False,2,2.360682184292182,0.16402768352447414,0.0,2026107002,support_band50,-0.16402768352447414,2.8238760276714188
0.589628995991148,asymmetric_crash,support_mix50,0.5,1,False,2,2.2342470316802707,0.2088013036738581,0.0,2026107002,support_band50,-0.2088013036738581,2.8238760276714188
0.5896289959911485,asymmetric_crash,support_band50,0.5,1,True,2,2.2342470316802703,0.20880130367385827,0.0,2026107002,support_band50,-0.20880130367385827,2.8238760276714188
0.3819036480472678,asymmetric_crash,historical,0.238178904684963,285,False,-1,2.668582253126187,0.1260856292182275,0.07997984135540431,2026107002,fixed_bank,-0.1258837410556812,3.0497291843719085
0.3819036480472678,asymmetric_crash,historical_se_penalty,0.238178904684963,285,False,-1,2.668582253126187,0.1260856292182275,0.07997984135540431,2026107002,fixed_bank,-0.1258837410556812,3.0497291843719085
0.4856913648996488,asymmetric_crash,support_mix50,0.238178904684963,285,False,-1,2.564124884731303,0.16019073745761098,0.07997984135540431,2026107002,fixed_bank,-0.16016696177927917,3.0497291843719085
0.4856913648996489,asymmetric_crash,support_band50,0.238178904684963,285,False,-1,2.564124884731303,0.160190737457611,0.07997984135540431,2026107002,fixed_bank,-0.1601669617792792,3.0497291843719085
0.046792309171818314,asymmetric_crash,historical,0.125,1,False,0,3.029253777175974,0.015689157990406974,0.020014642907299374,2026107039,equal_weight,0.015689157990406974,2.9824614680041557
0.046792309171818314,asymmetric_crash,historical_se_penalty,0.125,1,False,0,3.029253777175974,0.015689157990406974,0.020014642907299374,2026107039,equal_weight,0.015689157990406974,2.9824614680041557
0.08070405636200206,asymmetric_crash,support_mix50,0.125,1,False,0,3.0631655243661577,0.02705954703113355,0.020014642907299374,2026107039,equal_weight,0.02705954703113355,2.9824614680041557
0.16770484522961127,asymmetric_crash,support_band50,0.125,1,False,0,3.150166313233767,0.05623034766039686,0.020014642907299374,2026107039,equal_weight,0.05623034766039686,2.9824614680041557
0.07305809544505992,asymmetric_crash,historical,0.2266891172158375,1,True,182,2.8632804068051874,0.02488067890983013,0.00424039034846202,2026107039,historical,-0.02488067890983013,2.9363385022502473
0.07305809544505992,asymmetric_crash,historical_se_penalty,0.2266891172158375,1,False,182,2.8632804068051874,0.02488067890983013,0.00424039034846202,2026107039,historical,-0.02488067890983013,2.9363385022502473
0.05629627643812052,asymmetric_crash,support_mix50,0.2266891172158375,1,False,182,2.8800422258121268,0.01917227063398112,0.00424039034846202,2026107039,historical,-0.01917227063398112,2.9363385022502473
0.03516937327993919,asymmetric_crash,support_band50,0.2266891172158375,1,False,182,2.9715078755301865,0.011977288467588913,0.00424039034846202,2026107039,historical,0.011977288467588913,2.9363385022502473
0.06157544054045161,asymmetric_crash,historical,0.5,1,False,13,2.863741479754631,0.021049152012644283,0.00047096194079365716,2026107039,historical_se_penalty,-0.021049152012644283,2.9253169202950824
0.06157544054045161,asymmetric_crash,historical_se_penalty,0.5,1,True,13,2.863741479754631,0.021049152012644283,0.00047096194079365716,2026107039,historical_se_penalty,-0.021049152012644283,2.9253169202950824
0.07658692277448065,asymmetric_crash,support_mix50,0.5,1,False,13,2.8487299975206017,0.026180726690889677,0.00047096194079365716,2026107039,historical_se_penalty,-0.026180726690889677,2.9253169202950824
0.008011003308995512,asymmetric_crash,support_band50,0.5,1,False,13,2.933327923604078,0.0027385078359945447,0.00047096194079365716,2026107039,historical_se_penalty,0.0027385078359945447,2.9253169202950824
0.06157544054045161,asymmetric_crash,historical,0.5,1,False,13,2.863741479754631,0.021049152012644283,0.00047096194079365716,2026107039,support_mix50,-0.021049152012644283,2.9253169202950824
0.06157544054045161,asymmetric_crash,historical_se_penalty,0.5,1,False,13,2.863741479754631,0.021049152012644283,0.00047096194079365716,2026107039,support_mix50,-0.021049152012644283,2.9253169202950824
0.07658692277448065,asymmetric_crash,support_mix50,0.5,1,True,13,2.8487299975206017,0.026180726690889677,0.00047096194079365716,2026107039,support_mix50,-0.026180726690889677,2.9253169202950824
0.008011003308995512,asymmetric_crash,support_band50,0.5,1,False,13,2.933327923604078,0.0027385078359945447,0.00047096194079365716,2026107039,support_mix50,0.0027385078359945447,2.9253169202950824
0.06157544054045161,asymmetric_crash,historical,0.5,1,False,13,2.863741479754631,0.021049152012644283,0.00047096194079365716,2026107039,support_band50,-0.021049152012644283,2.9253169202950824
0.06157544054045161,asymmetric_crash,historical_se_penalty,0.5,1,False,13,2.863741479754631,0.021049152012644283,0.00047096194079365716,2026107039,support_band50,-0.021049152012644283,2.9253169202950824
0.07658692277448065,asymmetric_crash,support_mix50,0.5,1,False,13,2.8487299975206017,0.026180726690889677,0.00047096194079365716,2026107039,support_band50,-0.026180726690889677,2.9253169202950824
0.008011003308995512,asymmetric_crash,support_band50,0.5,1,True,13,2.933327923604078,0.0027385078359945447,0.00047096194079365716,2026107039,support_band50,0.0027385078359945447,2.9253169202950824
0.09180016053551564,asymmetric_crash,historical,0.239657194417306,285,False,-1,3.132591937146097,0.028961238207717108,0.06058633204171771,2026107039,fixed_bank,0.010400415126489452,3.101090646885701
0.09180016053551564,asymmetric_crash,historical_se_penalty,0.239657194417306,285,False,-1,3.132591937146097,0.028961238207717108,0.06058633204171771,2026107039,fixed_bank,0.010400415126489452,3.101090646885701
0.11046997405105413,asymmetric_crash,support_mix50,0.239657194417306,285,False,-1,3.173721482054994,0.035227856347688685,0.06058633204171771,2026107039,fixed_bank,0.023593222999330053,3.101090646885701
0.1770262340603962,asymmetric_crash,support_band50,0.239657194417306,285,False,-1,3.2726935908507007,0.05702944271965411,0.06058633204171771,2026107039,fixed_bank,0.05542951927588176,3.101090646885701
0.3929075181638204,asymmetric_crash,historical,0.125,1,False,0,2.507002823547643,0.13548953997382382,0.02915311931789577,2026107013,equal_weight,-0.13548953997382382,2.8999103417114633
0.3929075181638204,asymmetric_crash,historical_se_penalty,0.125,1,False,0,2.507002823547643,0.13548953997382382,0.02915311931789577,2026107013,equal_weight,-0.13548953997382382,2.8999103417114633
0.41983748364432527,asymmetric_crash,support_mix50,0.125,1,False,0,2.480072858067138,0.1447760220740295,0.02915311931789577,2026107013,equal_weight,-0.1447760220740295,2.8999103417114633
0.41983748364432527,asymmetric_crash,support_band50,0.125,1,False,0,2.480072858067138,0.1447760220740295,0.02915311931789577,2026107013,equal_weight,-0.1447760220740295,2.8999103417114633
0.4777237418262681,asymmetric_crash,historical,0.23042012579933666,1,True,112,2.421087763981097,0.16479986396811766,0.028763151951644916,2026107013,historical,-0.16479986396811766,2.898811505807365
0.4777237418262681,asymmetric_crash,historical_se_penalty,0.23042012579933666,1,False,112,2.421087763981097,0.16479986396811766,0.028763151951644916,2026107013,historical,-0.16479986396811766,2.898811505807365
0.5234704012071334,asymmetric_crash,support_mix50,0.23042012579933666,1,False,112,2.3753411046002317,0.18058104162979668,0.028763151951644916,2026107013,historical,-0.18058104162979668,2.898811505807365
0.5234704012071334,asymmetric_crash,support_band50,0.23042012579933666,1,False,112,2.3753411046002317,0.18058104162979668,0.028763151951644916,2026107013,historical,-0.18058104162979668,2.898811505807365
0.44499182033476936,asymmetric_crash,historical,0.5,1,False,18,2.456765155291668,0.15335254608587737,0.029808473735754015,2026107013,historical_se_penalty,-0.15335254608587737,2.901756975626437
0.44499182033476936,asymmetric_crash,historical_se_penalty,0.5,1,True,18,2.456765155291668,0.15335254608587737,0.029808473735754015,2026107013,historical_se_penalty,-0.15335254608587737,2.901756975626437
0.4296416410844319,asymmetric_crash,support_mix50,0.5,1,False,18,2.4721153345420053,0.14806258576898226,0.029808473735754015,2026107013,historical_se_penalty,-0.14806258576898226,2.901756975626437
0.42964164108443237,asymmetric_crash,support_band50,0.5,1,False,18,2.472115334542005,0.1480625857689824,0.029808473735754015,2026107013,historical_se_penalty,-0.1480625857689824,2.901756975626437
0.4777237418262681,asymmetric_crash,historical,0.23042012579933666,1,False,112,2.421087763981097,0.16479986396811766,0.028763151951644916,2026107013,support_mix50,-0.16479986396811766,2.898811505807365
0.4777237418262681,asymmetric_crash,historical_se_penalty,0.23042012579933666,1,False,112,2.421087763981097,0.16479986396811766,0.028763151951644916,2026107013,support_mix50,-0.16479986396811766,2.898811505807365
0.5234704012071334,asymmetric_crash,support_mix50,0.23042012579933666,1,True,112,2.3753411046002317,0.18058104162979668,0.028763151951644916,2026107013,support_mix50,-0.18058104162979668,2.898811505807365
0.5234704012071334,asymmetric_crash,support_band50,0.23042012579933666,1,False,112,2.3753411046002317,0.18058104162979668,0.028763151951644916,2026107013,support_mix50,-0.18058104162979668,2.898811505807365
0.4777237418262681,asymmetric_crash,historical,0.23042012579933666,1,False,112,2.421087763981097,0.16479986396811766,0.028763151951644916,2026107013,support_band50,-0.16479986396811766,2.898811505807365
0.4777237418262681,asymmetric_crash,historical_se_penalty,0.23042012579933666,1,False,112,2.421087763981097,0.16479986396811766,0.028763151951644916,2026107013,support_band50,-0.16479986396811766,2.898811505807365
0.5234704012071334,asymmetric_crash,support_mix50,0.23042012579933666,1,False,112,2.3753411046002317,0.18058104162979668,0.028763151951644916,2026107013,support_band50,-0.18058104162979668,2.898811505807365
0.5234704012071334,asymmetric_crash,support_band50,0.23042012579933666,1,True,112,2.3753411046002317,0.18058104162979668,0.028763151951644916,2026107013,support_band50,-0.18058104162979668,2.898811505807365
0.38375211439352774,asymmetric_crash,historical,0.23995373040544865,285,False,-1,2.6272763245837023,0.12759837627568818,0.06843929296135921,2026107013,fixed_bank,-0.12746984173777393,3.010609497256423
0.38375211439352774,asymmetric_crash,historical_se_penalty,0.23995373040544865,285,False,-1,2.6272763245837023,0.12759837627568818,0.06843929296135921,2026107013,fixed_bank,-0.12746984173777393,3.010609497256423
0.39517409962960814,asymmetric_crash,support_mix50,0.23995373040544865,285,False,-1,2.6159241251830694,0.13147497960378104,0.06843929296135921,2026107013,fixed_bank,-0.1313250342355133,3.010609497256423
0.39517409962960826,asymmetric_crash,support_band50,0.23995373040544865,285,False,-1,2.6159241251830694,0.13147497960378107,0.06843929296135921,2026107013,fixed_bank,-0.1313250342355133,3.010609497256423
0.5334335521496327,asymmetric_crash,historical,0.125,1,False,0,2.3186369841167935,0.18703378663556378,0.054315308648396954,2026107024,equal_weight,-0.18703378663556378,2.8520705362664263
0.5334335521496327,asymmetric_crash,historical_se_penalty,0.125,1,False,0,2.3186369841167935,0.18703378663556378,0.054315308648396954,2026107024,equal_weight,-0.18703378663556378,2.8520705362664263
0.5037882552737187,asymmetric_crash,support_mix50,0.125,1,False,0,2.3482822809927075,0.1766394795877718,0.054315308648396954,2026107024,equal_weight,-0.1766394795877718,2.8520705362664263
0.5037882552737187,asymmetric_crash,support_band50,0.125,1,False,0,2.3482822809927075,0.1766394795877718,0.054315308648396954,2026107024,equal_weight,-0.1766394795877718,2.8520705362664263
0.537507326744838,asymmetric_crash,historical,0.1669290028418982,1,True,230,2.282403197090953,0.19061148295361238,0.04242682517620078,2026107024,historical,-0.19061148295361238,2.819910523835791
0.537507326744838,asymmetric_crash,historical_se_penalty,0.1669290028418982,1,False,230,2.282403197090953,0.19061148295361238,0.04242682517620078,2026107024,historical,-0.19061148295361238,2.819910523835791
0.4978646740815327,asymmetric_crash,support_mix50,0.1669290028418982,1,False,230,2.322045849754258,0.17655335865207203,0.04242682517620078,2026107024,historical,-0.17655335865207203,2.819910523835791
0.4978646740815327,asymmetric_crash,support_band50,0.1669290028418982,1,False,230,2.322045849754258,0.17655335865207203,0.04242682517620078,2026107024,historical,-0.17655335865207203,2.819910523835791
0.5630498765922627,asymmetric_crash,historical,0.14643807659409896,1,False,144,2.290199532300325,0.19733636843573216,0.05475109852136972,2026107024,historical_se_penalty,-0.19733636843573216,2.8532494088925877
0.5630498765922627,asymmetric_crash,historical_se_penalty,0.14643807659409896,1,True,144,2.290199532300325,0.19733636843573216,0.05475109852136972,2026107024,historical_se_penalty,-0.19733636843573216,2.8532494088925877
0.509400078739707,asymmetric_crash,support_mix50,0.14643807659409896,1,False,144,2.3438493301528807,0.1785333161384644,0.05475109852136972,2026107024,historical_se_penalty,-0.1785333161384644,2.8532494088925877
0.509400078739707,asymmetric_crash,support_band50,0.14643807659409896,1,False,144,2.3438493301528807,0.1785333161384644,0.05475109852136972,2026107024,historical_se_penalty,-0.1785333161384644,2.8532494088925877
0.4418854449386469,asymmetric_crash,historical,0.21781030404916796,1,False,261,2.2873223127065363,0.16190978634763767,0.008897039108321847,2026107024,support_mix50,-0.16190978634763767,2.729207757645183
0.4418854449386469,asymmetric_crash,historical_se_penalty,0.21781030404916796,1,False,261,2.2873223127065363,0.16190978634763767,0.008897039108321847,2026107024,support_mix50,-0.16190978634763767,2.729207757645183
0.43649759354521267,asymmetric_crash,support_mix50,0.21781030404916796,1,True,261,2.2927101640999705,0.15993564151445613,0.008897039108321847,2026107024,support_mix50,-0.15993564151445613,2.729207757645183
0.43649759354521267,asymmetric_crash,support_band50,0.21781030404916796,1,False,261,2.2927101640999705,0.15993564151445613,0.008897039108321847,2026107024,support_mix50,-0.15993564151445613,2.729207757645183
0.4418854449386469,asymmetric_crash,historical,0.21781030404916796,1,False,261,2.2873223127065363,0.16190978634763767,0.008897039108321847,2026107024,support_band50,-0.16190978634763767,2.729207757645183
0.4418854449386469,asymmetric_crash,historical_se_penalty,0.21781030404916796,1,False,261,2.2873223127065363,0.16190978634763767,0.008897039108321847,2026107024,support_band50,-0.16190978634763767,2.729207757645183
0.43649759354521267,asymmetric_crash,support_mix50,0.21781030404916796,1,False,261,2.2927101640999705,0.15993564151445613,0.008897039108321847,2026107024,support_band50,-0.15993564151445613,2.729207757645183
0.43649759354521267,asymmetric_crash,support_band50,0.21781030404916796,1,True,261,2.2927101640999705,0.15993564151445613,0.008897039108321847,2026107024,support_band50,-0.15993564151445613,2.729207757645183
0.5366561167890523,asymmetric_crash,historical,0.23953804534998616,285,False,-1,2.42875209221286,0.18102952362034302,0.0962124643786446,2026107024,fixed_bank,-0.18102952362034302,2.9654082090019123
0.5366561167890523,asymmetric_crash,historical_se_penalty,0.23953804534998616,285,False,-1,2.42875209221286,0.18102952362034302,0.0962124643786446,2026107024,fixed_bank,-0.18102952362034302,2.9654082090019123
0.5009469880916899,asymmetric_crash,support_mix50,0.23953804534998616,285,False,-1,2.464461220910223,0.16900336712066577,0.0962124643786446,2026107024,fixed_bank,-0.16900336712066577,2.9654082090019123
0.50094698809169,asymmetric_crash,support_band50,0.23953804534998616,285,False,-1,2.4644612209102226,0.1690033671206658,0.0962124643786446,2026107024,fixed_bank,-0.1690033671206658,2.9654082090019123
0.11606009150257757,gaussian,historical,0.125,1,False,0,1.1527266113383137,0.11195508804602636,0.07420102989988986,2026107041,equal_weight,0.11195508804602636,1.036666519835736
0.11606009150257757,gaussian,historical_se_penalty,0.125,1,False,0,1.1527266113383137,0.11195508804602636,0.07420102989988986,2026107041,equal_weight,0.11195508804602636,1.036666519835736
0.09946688693890238,gaussian,support_mix50,0.125,1,False,0,1.1361334067746385,0.09594877912586904,0.07420102989988986,2026107041,equal_weight,0.09594877912586904,1.036666519835736
0.09560607489123862,gaussian,support_band50,0.125,1,False,0,1.1322725947269747,0.0922245226038435,0.07420102989988986,2026107041,equal_weight,0.0922245226038435,1.036666519835736
0.03364965097378647,gaussian,historical,0.20574235390460208,1,True,144,1.0581395916099985,0.03284527220725068,0.061583574173762035,2026107041,historical,0.03284527220725068,1.024489940636212
0.03364965097378647,gaussian,historical_se_penalty,0.20574235390460208,1,False,144,1.0581395916099985,0.03284527220725068,0.061583574173762035,2026107041,historical,0.03284527220725068,1.024489940636212
0.044764023244688866,gaussian,support_mix50,0.20574235390460208,1,False,144,1.0692539638809009,0.04369396074000516,0.061583574173762035,2026107041,historical,0.04369396074000516,1.024489940636212
0.04182802914539829,gaussian,support_band50,0.20574235390460208,1,False,144,1.0663179697816103,0.040828150171414015,0.061583574173762035,2026107041,historical,0.040828150171414015,1.024489940636212
0.03364965097378647,gaussian,historical,0.20574235390460208,1,False,144,1.0581395916099985,0.03284527220725068,0.061583574173762035,2026107041,historical_se_penalty,0.03284527220725068,1.024489940636212
0.03364965097378647,gaussian,historical_se_penalty,0.20574235390460208,1,True,144,1.0581395916099985,0.03284527220725068,0.061583574173762035,2026107041,historical_se_penalty,0.03284527220725068,1.024489940636212
0.044764023244688866,gaussian,support_mix50,0.20574235390460208,1,False,144,1.0692539638809009,0.04369396074000516,0.061583574173762035,2026107041,historical_se_penalty,0.04369396074000516,1.024489940636212
0.04182802914539829,gaussian,support_band50,0.20574235390460208,1,False,144,1.0663179697816103,0.040828150171414015,0.061583574173762035,2026107041,historical_se_penalty,0.040828150171414015,1.024489940636212
0.09432091737453097,gaussian,historical,0.1851680052508205,1,False,153,1.0702276243540854,0.09664952264387607,0.011241290873132304,2026107041,support_mix50,0.09664952264387607,0.9759067069795544
0.09432091737453097,gaussian,historical_se_penalty,0.1851680052508205,1,False,153,1.0702276243540854,0.09664952264387607,0.011241290873132304,2026107041,support_mix50,0.09664952264387607,0.9759067069795544
0.06536703926244547,gaussian,support_mix50,0.1851680052508205,1,True,153,1.0412737462419999,0.06698082797766337,0.011241290873132304,2026107041,support_mix50,0.06698082797766337,0.9759067069795544
0.06230214599017425,gaussian,support_band50,0.1851680052508205,1,False,153,1.0382088529697286,0.06384026828035674,0.011241290873132304,2026107041,support_mix50,0.06384026828035674,0.9759067069795544
0.09432091737453097,gaussian,historical,0.1851680052508205,1,False,153,1.0702276243540854,0.09664952264387607,0.011241290873132304,2026107041,support_band50,0.09664952264387607,0.9759067069795544
0.09432091737453097,gaussian,historical_se_penalty,0.1851680052508205,1,False,153,1.0702276243540854,0.09664952264387607,0.011241290873132304,2026107041,support_band50,0.09664952264387607,0.9759067069795544
0.06536703926244547,gaussian,support_mix50,0.1851680052508205,1,False,153,1.0412737462419999,0.06698082797766337,0.011241290873132304,2026107041,support_band50,0.06698082797766337,0.9759067069795544
0.06230214599017425,gaussian,support_band50,0.1851680052508205,1,True,153,1.0382088529697286,0.06384026828035674,0.011241290873132304,2026107041,support_band50,0.06384026828035674,0.9759067069795544
0.10417423119784558,gaussian,historical,0.24231011053807253,285,False,-1,1.265848608148266,0.09144953808158736,0.20613229547197126,2026107041,fixed_bank,0.08969386805634756,1.1639878704314248
0.10417423119784558,gaussian,historical_se_penalty,0.24231011053807253,285,False,-1,1.265848608148266,0.09144953808158736,0.20613229547197126,2026107041,fixed_bank,0.08969386805634756,1.1639878704314248
0.09735864970152787,gaussian,support_mix50,0.24231011053807253,285,False,-1,1.2581703288948267,0.08525089693678896,0.20613229547197126,2026107041,fixed_bank,0.08267096338981993,1.1639878704314248
0.09432526598641434,gaussian,support_band50,0.24231011053807253,285,False,-1,1.2549480956895012,0.08257858601180296,0.20613229547197126,2026107041,fixed_bank,0.07984065624960461,1.1639878704314248
0.17238553726264927,asymmetric_crash,historical,0.125,1,False,0,2.9368295135007134,0.06235812291527663,0.02381714892549014,2026107062,equal_weight,0.06235812291527663,2.764443976238064
0.17238553726264927,asymmetric_crash,historical_se_penalty,0.125,1,False,0,2.9368295135007134,0.06235812291527663,0.02381714892549014,2026107062,equal_weight,0.06235812291527663,2.764443976238064
0.1460749097869054,asymmetric_crash,support_mix50,0.125,1,False,0,2.9105188860249696,0.05284061136434691,0.02381714892549014,2026107062,equal_weight,0.05284061136434691,2.764443976238064
0.07585360030641519,asymmetric_crash,support_band50,0.125,1,False,0,2.8402975765444793,0.027439007973545183,0.02381714892549014,2026107062,equal_weight,0.027439007973545183,2.764443976238064
0.06797253150488425,asymmetric_crash,historical,0.5,1,True,13,2.768107002918442,0.025173757908916176,0.0,2026107062,historical,0.025173757908916176,2.700134471413558
0.06797253150488425,asymmetric_crash,historical_se_penalty,0.5,1,False,13,2.768107002918442,0.025173757908916176,0.0,2026107062,historical,0.025173757908916176,2.700134471413558
0.0715385495438734,asymmetric_crash,support_mix50,0.5,1,False,13,2.771673020957431,0.02649443955523518,0.0,2026107062,historical,0.02649443955523518,2.700134471413558
0.01658991875256932,asymmetric_crash,support_band50,0.5,1,False,13,2.716724390166127,0.0061441083502349675,0.0,2026107062,historical,0.0061441083502349675,2.700134471413558
0.06797253150488425,asymmetric_crash,historical,0.5,1,False,13,2.768107002918442,0.025173757908916176,0.0,2026107062,historical_se_penalty,0.025173757908916176,2.700134471413558
0.06797253150488425,asymmetric_crash,historical_se_penalty,0.5,1,True,13,2.768107002918442,0.025173757908916176,0.0,2026107062,historical_se_penalty,0.025173757908916176,2.700134471413558
0.0715385495438734,asymmetric_crash,support_mix50,0.5,1,False,13,2.771673020957431,0.02649443955523518,0.0,2026107062,historical_se_penalty,0.02649443955523518,2.700134471413558
0.01658991875256932,asymmetric_crash,support_band50,0.5,1,False,13,2.716724390166127,0.0061441083502349675,0.0,2026107062,historical_se_penalty,0.0061441083502349675,2.700134471413558
0.06797253150488425,asymmetric_crash,historical,0.5,1,False,13,2.768107002918442,0.025173757908916176,0.0,2026107062,support_mix50,0.025173757908916176,2.700134471413558
0.06797253150488425,asymmetric_crash,historical_se_penalty,0.5,1,False,13,2.768107002918442,0.025173757908916176,0.0,2026107062,support_mix50,0.025173757908916176,2.700134471413558
0.0715385495438734,asymmetric_crash,support_mix50,0.5,1,True,13,2.771673020957431,0.02649443955523518,0.0,2026107062,support_mix50,0.02649443955523518,2.700134471413558
0.01658991875256932,asymmetric_crash,support_band50,0.5,1,False,13,2.716724390166127,0.0061441083502349675,0.0,2026107062,support_mix50,0.0061441083502349675,2.700134471413558
0.06797253150488425,asymmetric_crash,historical,0.5,1,False,13,2.768107002918442,0.025173757908916176,0.0,2026107062,support_band50,0.025173757908916176,2.700134471413558
0.06797253150488425,asymmetric_crash,historical_se_penalty,0.5,1,False,13,2.768107002918442,0.025173757908916176,0.0,2026107062,support_band50,0.025173757908916176,2.700134471413558
0.0715385495438734,asymmetric_crash,support_mix50,0.5,1,False,13,2.771673020957431,0.02649443955523518,0.0,2026107062,support_band50,0.02649443955523518,2.700134471413558
0.01658991875256932,asymmetric_crash,support_band50,0.5,1,True,13,2.716724390166127,0.0061441083502349675,0.0,2026107062,support_band50,0.0061441083502349675,2.700134471413558
0.1807707865639484,asymmetric_crash,historical,0.24143800350168634,285,False,-1,3.0528522258205157,0.06239257160404919,0.06398693672663318,2026107062,fixed_bank,0.06213759626388894,2.872907804989298
0.1807707865639484,asymmetric_crash,historical_se_penalty,0.24143800350168634,285,False,-1,3.0528522258205157,0.06239257160404919,0.06398693672663318,2026107062,fixed_bank,0.06213759626388894,2.872907804989298
0.17893700702388732,asymmetric_crash,support_mix50,0.24143800350168634,285,False,-1,3.051844812013186,0.061424103277235284,0.06398693672663318,2026107062,fixed_bank,0.061424103277235284,2.872907804989298
0.10744825077922388,asymmetric_crash,support_band50,0.24143800350168634,285,False,-1,2.98032669650546,0.03671314450868371,0.06398693672663318,2026107062,fixed_bank,0.0367025486735082,2.872907804989298
0.3859896998168124,asymmetric_crash,historical,0.125,1,False,0,2.5213340943233136,0.13276460660996767,0.08407441814567829,2026107063,equal_weight,-0.13276460660996767,2.907323794140126
0.3859896998168124,asymmetric_crash,historical_se_penalty,0.125,1,False,0,2.5213340943233136,0.13276460660996767,0.08407441814567829,2026107063,equal_weight,-0.13276460660996767,2.907323794140126
0.3033832853116545,asymmetric_crash,support_mix50,0.125,1,False,0,2.6039405088284715,0.10435139213703698,0.08407441814567829,2026107063,equal_weight,-0.10435139213703698,2.907323794140126
0.499946429381537,asymmetric_crash,support_band50,0.125,1,False,0,2.407377364758589,0.17196104210656105,0.08407441814567829,2026107063,equal_weight,-0.17196104210656105,2.907323794140126
0.42500724141911883,asymmetric_crash,historical,0.5,1,True,6,2.2568416662537847,0.1584754607924227,0.0,2026107063,historical,-0.1584754607924227,2.6818489076729035
0.42500724141911883,asymmetric_crash,historical_se_penalty,0.5,1,False,6,2.2568416662537847,0.1584754607924227,0.0,2026107063,historical,-0.1584754607924227,2.6818489076729035
0.4028397843707201,asymmetric_crash,support_mix50,0.5,1,False,6,2.2790091233021834,0.15020972405200583,0.0,2026107063,historical,-0.15020972405200583,2.6818489076729035
0.5579849977990667,asymmetric_crash,support_band50,0.5,1,False,6,2.1238639098738368,0.20805981880733243,0.0,2026107063,historical,-0.20805981880733243,2.6818489076729035
0.42500724141911883,asymmetric_crash,historical,0.5,1,False,6,2.2568416662537847,0.1584754607924227,0.0,2026107063,historical_se_penalty,-0.1584754607924227,2.6818489076729035
0.42500724141911883,asymmetric_crash,historical_se_penalty,0.5,1,True,6,2.2568416662537847,0.1584754607924227,0.0,2026107063,historical_se_penalty,-0.1584754607924227,2.6818489076729035
0.4028397843707201,asymmetric_crash,support_mix50,0.5,1,False,6,2.2790091233021834,0.15020972405200583,0.0,2026107063,historical_se_penalty,-0.15020972405200583,2.6818489076729035
0.5579849977990667,asymmetric_crash,support_band50,0.5,1,False,6,2.1238639098738368,0.20805981880733243,0.0,2026107063,historical_se_penalty,-0.20805981880733243,2.6818489076729035
0.42500724141911883,asymmetric_crash,historical,0.5,1,False,6,2.2568416662537847,0.1584754607924227,0.0,2026107063,support_mix50,-0.1584754607924227,2.6818489076729035
0.42500724141911883,asymmetric_crash,historical_se_penalty,0.5,1,False,6,2.2568416662537847,0.1584754607924227,0.0,2026107063,support_mix50,-0.1584754607924227,2.6818489076729035
0.4028397843707201,asymmetric_crash,support_mix50,0.5,1,True,6,2.2790091233021834,0.15020972405200583,0.0,2026107063,support_mix50,-0.15020972405200583,2.6818489076729035
0.5579849977990667,asymmetric_crash,support_band50,0.5,1,False,6,2.1238639098738368,0.20805981880733243,0.0,2026107063,support_mix50,-0.20805981880733243,2.6818489076729035
0.42500724141911883,asymmetric_crash,historical,0.5,1,False,6,2.2568416662537847,0.1584754607924227,0.0,2026107063,support_band50,-0.1584754607924227,2.6818489076729035
0.42500724141911883,asymmetric_crash,historical_se_penalty,0.5,1,False,6,2.2568416662537847,0.1584754607924227,0.0,2026107063,support_band50,-0.1584754607924227,2.6818489076729035
0.4028397843707201,asymmetric_crash,support_mix50,0.5,1,False,6,2.2790091233021834,0.15020972405200583,0.0,2026107063,support_band50,-0.15020972405200583,2.6818489076729035
0.5579849977990667,asymmetric_crash,support_band50,0.5,1,True,6,2.1238639098738368,0.20805981880733243,0.0,2026107063,support_band50,-0.20805981880733243,2.6818489076729035
0.3493122443839144,asymmetric_crash,historical,0.2397554553779292,285,False,-1,2.6959631379074134,0.11547179112837558,0.13380179820714555,2026107063,fixed_bank,-0.11414265808288881,3.040685114039407
0.3493122443839144,asymmetric_crash,historical_se_penalty,0.2397554553779292,285,False,-1,2.6959631379074134,0.11547179112837558,0.13380179820714555,2026107063,fixed_bank,-0.11414265808288881,3.040685114039407
0.2855075444800311,asymmetric_crash,support_mix50,0.2397554553779292,285,False,-1,2.759309013961033,0.09420104111602197,0.13380179820714555,2026107063,fixed_bank,-0.0929902931570568,3.040685114039407
0.4812625089664227,asymmetric_crash,support_band50,0.2397554553779292,285,False,-1,2.559858378377678,0.15878022770155895,0.13380179820714555,2026107063,fixed_bank,-0.15865701849341332,3.040685114039407
0.5138006716859542,asymmetric_crash,historical,0.125,1,False,0,3.444010057936275,0.17534606028391908,0.03900746938731081,2026107007,equal_weight,0.17534606028391908,2.9302093862503207
0.5138006716859542,asymmetric_crash,historical_se_penalty,0.125,1,False,0,3.444010057936275,0.17534606028391908,0.03900746938731081,2026107007,equal_weight,0.17534606028391908,2.9302093862503207
0.6416556861289711,asymmetric_crash,support_mix50,0.125,1,False,0,3.5718650723792917,0.21897946581560637,0.03900746938731081,2026107007,equal_weight,0.21897946581560637,2.9302093862503207
0.5000162445807677,asymmetric_crash,support_band50,0.125,1,False,0,3.4302256308310883,0.1706418138331813,0.03900746938731081,2026107007,equal_weight,0.1706418138331813,2.9302093862503207
0.3557791917368589,asymmetric_crash,historical,0.5,1,True,24,3.186279650931078,0.12569480092511323,0.0036522075886120664,2026107007,historical,0.12569480092511323,2.830500459194219
0.3557791917368589,asymmetric_crash,historical_se_penalty,0.5,1,False,24,3.186279650931078,0.12569480092511323,0.0036522075886120664,2026107007,historical,0.12569480092511323,2.830500459194219
0.4458593990312978,asymmetric_crash,support_mix50,0.5,1,False,24,3.2763598582255167,0.15751963494053772,0.0036522075886120664,2026107007,historical,0.15751963494053772,2.830500459194219
0.3296800447271786,asymmetric_crash,support_band50,0.5,1,False,24,3.1601805039213975,0.11647411808618156,0.0036522075886120664,2026107007,historical,0.11647411808618156,2.830500459194219
0.37512957717557294,asymmetric_crash,historical,0.5,1,False,28,3.217175853279839,0.13199277588462835,0.007746177823643174,2026107007,historical_se_penalty,0.13199277588462835,2.842046276104266
0.37512957717557294,asymmetric_crash,historical_se_penalty,0.5,1,True,28,3.217175853279839,0.13199277588462835,0.007746177823643174,2026107007,historical_se_penalty,0.13199277588462835,2.842046276104266
0.35319473749305486,asymmetric_crash,support_mix50,0.5,1,False,28,3.195241013597321,0.12427480173799155,0.007746177823643174,2026107007,historical_se_penalty,0.12427480173799155,2.842046276104266
0.25266040633785813,asymmetric_crash,support_band50,0.5,1,False,28,3.094706682442124,0.08890087697100847,0.007746177823643174,2026107007,historical_se_penalty,0.08890087697100847,2.842046276104266
0.37512957717557294,asymmetric_crash,historical,0.5,1,False,28,3.217175853279839,0.13199277588462835,0.007746177823643174,2026107007,support_mix50,0.13199277588462835,2.842046276104266
0.37512957717557294,asymmetric_crash,historical_se_penalty,0.5,1,False,28,3.217175853279839,0.13199277588462835,0.007746177823643174,2026107007,support_mix50,0.13199277588462835,2.842046276104266
0.35319473749305486,asymmetric_crash,support_mix50,0.5,1,True,28,3.195241013597321,0.12427480173799155,0.007746177823643174,2026107007,support_mix50,0.12427480173799155,2.842046276104266
0.25266040633785813,asymmetric_crash,support_band50,0.5,1,False,28,3.094706682442124,0.08890087697100847,0.007746177823643174,2026107007,support_mix50,0.08890087697100847,2.842046276104266
0.37512957717557294,asymmetric_crash,historical,0.5,1,False,28,3.217175853279839,0.13199277588462835,0.007746177823643174,2026107007,support_band50,0.13199277588462835,2.842046276104266
0.37512957717557294,asymmetric_crash,historical_se_penalty,0.5,1,False,28,3.217175853279839,0.13199277588462835,0.007746177823643174,2026107007,support_band50,0.13199277588462835,2.842046276104266
0.35319473749305486,asymmetric_crash,support_mix50,0.5,1,False,28,3.195241013597321,0.12427480173799155,0.007746177823643174,2026107007,support_band50,0.12427480173799155,2.842046276104266
0.25266040633785813,asymmetric_crash,support_band50,0.5,1,True,28,3.094706682442124,0.08890087697100847,0.007746177823643174,2026107007,support_band50,0.08890087697100847,2.842046276104266
0.5226990682477511,asymmetric_crash,historical,0.2412768958679889,285,False,-1,3.5653404348235873,0.17181493277778945,0.07887413144373996,2026107007,fixed_bank,0.17181493277778945,3.0426413665758365
0.5226990682477511,asymmetric_crash,historical_se_penalty,0.2412768958679889,285,False,-1,3.5653404348235873,0.17181493277778945,0.07887413144373996,2026107007,fixed_bank,0.17181493277778945,3.0426413665758365
0.6519427749127291,asymmetric_crash,support_mix50,0.2412768958679889,285,False,-1,3.694584141488565,0.21417433886410372,0.07887413144373996,2026107007,fixed_bank,0.21417433886410372,3.0426413665758365
0.5098736721977477,asymmetric_crash,support_band50,0.2412768958679889,285,False,-1,3.5510396298626055,0.16742806839897775,0.07887413144373996,2026107007,fixed_bank,0.16702032527278524,3.0426413665758365
0.43286040840039064,asymmetric_crash,historical,0.125,1,False,0,2.4373047265857286,0.15081376438031466,0.03748523069144438,2026107053,equal_weight,-0.15081376438031466,2.8701651349861192
0.43286040840039064,asymmetric_crash,historical_se_penalty,0.125,1,False,0,2.4373047265857286,0.15081376438031466,0.03748523069144438,2026107053,equal_weight,-0.15081376438031466,2.8701651349861192
0.3393347258146089,asymmetric_crash,support_mix50,0.125,1,False,0,2.5308304091715104,0.11822829344495189,0.03748523069144438,2026107053,equal_weight,-0.11822829344495189,2.8701651349861192
0.5492269325299808,asymmetric_crash,support_band50,0.125,1,False,0,2.3209382024561385,0.19135725879850357,0.03748523069144438,2026107053,equal_weight,-0.19135725879850357,2.8701651349861192
0.5733443180726927,asymmetric_crash,historical,0.5,1,True,18,2.232344238464487,0.20435066348929415,0.014178732730442567,2026107053,historical,-0.20435066348929415,2.80568855653718
0.5733443180726927,asymmetric_crash,historical_se_penalty,0.5,1,False,18,2.232344238464487,0.20435066348929415,0.014178732730442567,2026107053,historical,-0.20435066348929415,2.80568855653718
0.4718149962769198,asymmetric_crash,support_mix50,0.5,1,False,18,2.33387356026026,0.16816370982360226,0.014178732730442567,2026107053,historical,-0.16816370982360226,2.80568855653718
0.6271399489491731,asymmetric_crash,support_band50,0.5,1,False,18,2.1785486075880067,0.22352443484432857,0.014178732730442567,2026107053,historical,-0.22352443484432857,2.80568855653718
0.5733443180726927,asymmetric_crash,historical,0.5,1,False,18,2.232344238464487,0.20435066348929415,0.014178732730442567,2026107053,historical_se_penalty,-0.20435066348929415,2.80568855653718
0.5733443180726927,asymmetric_crash,historical_se_penalty,0.5,1,True,18,2.232344238464487,0.20435066348929415,0.014178732730442567,2026107053,historical_se_penalty,-0.20435066348929415,2.80568855653718
0.4718149962769198,asymmetric_crash,support_mix50,0.5,1,False,18,2.33387356026026,0.16816370982360226,0.014178732730442567,2026107053,historical_se_penalty,-0.16816370982360226,2.80568855653718
0.6271399489491731,asymmetric_crash,support_band50,0.5,1,False,18,2.1785486075880067,0.22352443484432857,0.014178732730442567,2026107053,historical_se_penalty,-0.22352443484432857,2.80568855653718
0.5685301275474002,asymmetric_crash,historical,0.22729447763610747,1,False,106,2.2642502296357545,0.20069686169129336,0.023971668579470418,2026107053,support_mix50,-0.20069686169129336,2.8327803571831547
0.5685301275474002,asymmetric_crash,historical_se_penalty,0.22729447763610747,1,False,106,2.2642502296357545,0.20069686169129336,0.023971668579470418,2026107053,support_mix50,-0.20069686169129336,2.8327803571831547
0.5093662941002619,asymmetric_crash,support_mix50,0.22729447763610747,1,True,106,2.3234140630828928,0.17981143254140708,0.023971668579470418,2026107053,support_mix50,-0.17981143254140708,2.8327803571831547
0.6644099952020226,asymmetric_crash,support_band50,0.22729447763610747,1,False,106,2.168370361981132,0.23454342074819212,0.023971668579470418,2026107053,support_mix50,-0.23454342074819212,2.8327803571831547
0.5685301275474002,asymmetric_crash,historical,0.22729447763610747,1,False,106,2.2642502296357545,0.20069686169129336,0.023971668579470418,2026107053,support_band50,-0.20069686169129336,2.8327803571831547
0.5685301275474002,asymmetric_crash,historical_se_penalty,0.22729447763610747,1,False,106,2.2642502296357545,0.20069686169129336,0.023971668579470418,2026107053,support_band50,-0.20069686169129336,2.8327803571831547
0.5093662941002619,asymmetric_crash,support_mix50,0.22729447763610747,1,False,106,2.3234140630828928,0.17981143254140708,0.023971668579470418,2026107053,support_band50,-0.17981143254140708,2.8327803571831547
0.6644099952020226,asymmetric_crash,support_band50,0.22729447763610747,1,True,106,2.168370361981132,0.23454342074819212,0.023971668579470418,2026107053,support_band50,-0.23454342074819212,2.8327803571831547
0.4565512372712822,asymmetric_crash,historical,0.237208115391579,285,False,-1,2.520642774986357,0.15324876003762342,0.07617320654103826,2026107053,fixed_bank,-0.15324876003762342,2.977194012257639
0.4565512372712822,asymmetric_crash,historical_se_penalty,0.237208115391579,285,False,-1,2.520642774986357,0.15324876003762342,0.07617320654103826,2026107053,fixed_bank,-0.15324876003762342,2.977194012257639
0.35471363105859555,asymmetric_crash,support_mix50,0.237208115391579,285,False,-1,2.6224803811990434,0.11908379114374916,0.07617320654103826,2026107053,fixed_bank,-0.11908379114374916,2.977194012257639
0.5594761800391395,asymmetric_crash,support_band50,0.237208115391579,285,False,-1,2.4177178322184996,0.18790184300178042,0.07617320654103826,2026107053,fixed_bank,-0.18790184300178042,2.977194012257639
0.006212549346881646,gaussian,historical,0.125,1,False,0,1.1880391953548088,0.005202043350109122,0.05188059143493451,2026107025,equal_weight,-0.005202043350109122,1.1942517447016905
0.006212549346881646,gaussian,historical_se_penalty,0.125,1,False,0,1.1880391953548088,0.005202043350109122,0.05188059143493451,2026107025,equal_weight,-0.005202043350109122,1.1942517447016905
0.03472910446680655,gaussian,support_mix50,0.125,1,False,0,1.159522640234884,0.029080220833574293,0.05188059143493451,2026107025,equal_weight,-0.029080220833574293,1.1942517447016905
0.03472910446680655,gaussian,support_band50,0.125,1,False,0,1.159522640234884,0.029080220833574293,0.05188059143493451,2026107025,equal_weight,-0.029080220833574293,1.1942517447016905
0.034631319760218826,gaussian,historical,0.16277730432567536,1,True,122,1.1007178390949122,0.030502792458260618,0.0,2026107025,historical,-0.030502792458260618,1.135349158855131
0.034631319760218826,gaussian,historical_se_penalty,0.16277730432567536,1,False,122,1.1007178390949122,0.030502792458260618,0.0,2026107025,historical,-0.030502792458260618,1.135349158855131
0.04675101678049587,gaussian,support_mix50,0.16277730432567536,1,False,122,1.0885981420746351,0.04117765571574377,0.0,2026107025,historical,-0.04117765571574377,1.135349158855131
0.04675101678049609,gaussian,support_band50,0.16277730432567536,1,False,122,1.088598142074635,0.041177655715743965,0.0,2026107025,historical,-0.041177655715743965,1.135349158855131
0.08289022111492628,gaussian,historical,0.20431474820768547,1,False,184,1.1071619910718145,0.06965259193343637,0.04818170067327254,2026107025,historical_se_penalty,-0.06965259193343637,1.1900522121867407
0.08289022111492628,gaussian,historical_se_penalty,0.20431474820768547,1,True,184,1.1071619910718145,0.06965259193343637,0.04818170067327254,2026107025,historical_se_penalty,-0.06965259193343637,1.1900522121867407
0.07351871189896131,gaussian,support_mix50,0.20431474820768547,1,False,184,1.1165335002877794,0.061777719621115994,0.04818170067327254,2026107025,historical_se_penalty,-0.061777719621115994,1.1900522121867407
0.07351871189896131,gaussian,support_band50,0.20431474820768547,1,False,184,1.1165335002877794,0.061777719621115994,0.04818170067327254,2026107025,historical_se_penalty,-0.061777719621115994,1.1900522121867407
0.0461533000667933,gaussian,historical,0.1802487002927675,1,False,127,1.1072213269910365,0.04001587947580122,0.015876585684773348,2026107025,support_mix50,-0.04001587947580122,1.1533746270578298
0.0461533000667933,gaussian,historical_se_penalty,0.1802487002927675,1,False,127,1.1072213269910365,0.04001587947580122,0.015876585684773348,2026107025,support_mix50,-0.04001587947580122,1.1533746270578298
0.06845102019316385,gaussian,support_mix50,0.1802487002927675,1,True,127,1.084923606864666,0.05934847064199526,0.015876585684773348,2026107025,support_mix50,-0.05934847064199526,1.1533746270578298
0.06845102019316385,gaussian,support_band50,0.1802487002927675,1,False,127,1.084923606864666,0.05934847064199526,0.015876585684773348,2026107025,support_mix50,-0.05934847064199526,1.1533746270578298
0.0461533000667933,gaussian,historical,0.1802487002927675,1,False,127,1.1072213269910365,0.04001587947580122,0.015876585684773348,2026107025,support_band50,-0.04001587947580122,1.1533746270578298
0.0461533000667933,gaussian,historical_se_penalty,0.1802487002927675,1,False,127,1.1072213269910365,0.04001587947580122,0.015876585684773348,2026107025,support_band50,-0.04001587947580122,1.1533746270578298
0.06845102019316385,gaussian,support_mix50,0.1802487002927675,1,False,127,1.084923606864666,0.05934847064199526,0.015876585684773348,2026107025,support_band50,-0.05934847064199526,1.1533746270578298
0.06845102019316385,gaussian,support_band50,0.1802487002927675,1,True,127,1.084923606864666,0.05934847064199526,0.015876585684773348,2026107025,support_band50,-0.05934847064199526,1.1533746270578298
0.02445464879612341,gaussian,historical,0.23845639162936624,285,False,-1,1.3385099322413496,0.018285276823665087,0.17567314048389912,2026107025,fixed_bank,0.0020082681834543946,1.334799511136965
0.02445464879612341,gaussian,historical_se_penalty,0.23845639162936624,285,False,-1,1.3385099322413496,0.018285276823665087,0.17567314048389912,2026107025,fixed_bank,0.0020082681834543946,1.334799511136965
0.028194042067106115,gaussian,support_mix50,0.23845639162936624,285,False,-1,1.3171908165582218,0.021439747677627918,0.17567314048389912,2026107025,fixed_bank,-0.014044794987307117,1.334799511136965
0.028194042067106132,gaussian,support_band50,0.23845639162936624,285,False,-1,1.3171908165582218,0.021439747677627928,0.17567314048389912,2026107025,fixed_bank,-0.014044794987307149,1.334799511136965
0.032156271885119825,asymmetric_crash,historical,0.125,1,False,0,2.881378536606924,0.011285982242687388,0.09092708607449262,2026107040,equal_weight,0.011285982242687388,2.849222264721804
0.032156271885119825,asymmetric_crash,historical_se_penalty,0.125,1,False,0,2.881378536606924,0.011285982242687388,0.09092708607449262,2026107040,equal_weight,0.011285982242687388,2.849222264721804
0.050818047101599984,asymmetric_crash,support_mix50,0.125,1,False,0,2.900040311823404,0.017835760913008945,0.09092708607449262,2026107040,equal_weight,0.017835760913008945,2.849222264721804
0.050818047101599984,asymmetric_crash,support_band50,0.125,1,False,0,2.900040311823404,0.017835760913008945,0.09092708607449262,2026107040,equal_weight,0.017835760913008945,2.849222264721804
0.17026895798834651,asymmetric_crash,historical,0.5,1,True,18,2.489002188779708,0.06402843057026468,0.018197477657611483,2026107040,historical,-0.06402843057026468,2.6592711467680545
0.17026895798834651,asymmetric_crash,historical_se_penalty,0.5,1,False,18,2.489002188779708,0.06402843057026468,0.018197477657611483,2026107040,historical,-0.06402843057026468,2.6592711467680545
0.15502193103529338,asymmetric_crash,support_mix50,0.5,1,False,18,2.504249215732761,0.05829489453292467,0.018197477657611483,2026107040,historical,-0.05829489453292467,2.6592711467680545
0.15502193103529383,asymmetric_crash,support_band50,0.5,1,False,18,2.5042492157327607,0.058294894532924836,0.018197477657611483,2026107040,historical,-0.058294894532924836,2.6592711467680545
0.17026895798834651,asymmetric_crash,historical,0.5,1,False,18,2.489002188779708,0.06402843057026468,0.018197477657611483,2026107040,historical_se_penalty,-0.06402843057026468,2.6592711467680545
0.17026895798834651,asymmetric_crash,historical_se_penalty,0.5,1,True,18,2.489002188779708,0.06402843057026468,0.018197477657611483,2026107040,historical_se_penalty,-0.06402843057026468,2.6592711467680545
0.15502193103529338,asymmetric_crash,support_mix50,0.5,1,False,18,2.504249215732761,0.05829489453292467,0.018197477657611483,2026107040,historical_se_penalty,-0.05829489453292467,2.6592711467680545
0.15502193103529383,asymmetric_crash,support_band50,0.5,1,False,18,2.5042492157327607,0.058294894532924836,0.018197477657611483,2026107040,historical_se_penalty,-0.058294894532924836,2.6592711467680545
0.17026895798834651,asymmetric_crash,historical,0.5,1,False,18,2.489002188779708,0.06402843057026468,0.018197477657611483,2026107040,support_mix50,-0.06402843057026468,2.6592711467680545
0.17026895798834651,asymmetric_crash,historical_se_penalty,0.5,1,False,18,2.489002188779708,0.06402843057026468,0.018197477657611483,2026107040,support_mix50,-0.06402843057026468,2.6592711467680545
0.15502193103529338,asymmetric_crash,support_mix50,0.5,1,True,18,2.504249215732761,0.05829489453292467,0.018197477657611483,2026107040,support_mix50,-0.05829489453292467,2.6592711467680545
0.15502193103529383,asymmetric_crash,support_band50,0.5,1,False,18,2.5042492157327607,0.058294894532924836,0.018197477657611483,2026107040,support_mix50,-0.058294894532924836,2.6592711467680545
0.17026895798834651,asymmetric_crash,historical,0.5,1,False,18,2.489002188779708,0.06402843057026468,0.018197477657611483,2026107040,support_band50,-0.06402843057026468,2.6592711467680545
0.17026895798834651,asymmetric_crash,historical_se_penalty,0.5,1,False,18,2.489002188779708,0.06402843057026468,0.018197477657611483,2026107040,support_band50,-0.06402843057026468,2.6592711467680545
0.15502193103529338,asymmetric_crash,support_mix50,0.5,1,False,18,2.504249215732761,0.05829489453292467,0.018197477657611483,2026107040,support_band50,-0.05829489453292467,2.6592711467680545
0.15502193103529383,asymmetric_crash,support_band50,0.5,1,True,18,2.5042492157327607,0.058294894532924836,0.018197477657611483,2026107040,support_band50,-0.058294894532924836,2.6592711467680545
0.10625269856298108,asymmetric_crash,historical,0.23924063279067292,285,False,-1,2.957331493292565,0.03510988353005725,0.1377538579626779,2026107040,fixed_bank,-0.00417836740923662,2.9715218049495147
0.10625269856298108,asymmetric_crash,historical_se_penalty,0.23924063279067292,285,False,-1,2.957331493292565,0.03510988353005725,0.1377538579626779,2026107040,fixed_bank,-0.00417836740923662,2.9715218049495147
0.10042167968506804,asymmetric_crash,support_mix50,0.23924063279067292,285,False,-1,2.985571034249303,0.03316535331774528,0.1377538579626779,2026107040,fixed_bank,0.00522107067856875,2.9715218049495147
0.10042167968506802,asymmetric_crash,support_band50,0.23924063279067292,285,False,-1,2.985571034249303,0.03316535331774527,0.1377538579626779,2026107040,fixed_bank,0.005221070678568706,2.9715218049495147
0.3772262141308875,asymmetric_crash,historical,0.125,1,False,0,3.32703094234242,0.1278817579086328,0.04582177480239724,2026107059,equal_weight,0.1278817579086328,2.9498047282115323
0.3772262141308875,asymmetric_crash,historical_se_penalty,0.125,1,False,0,3.32703094234242,0.1278817579086328,0.04582177480239724,2026107059,equal_weight,0.1278817579086328,2.9498047282115323
0.4153015664228028,asymmetric_crash,support_mix50,0.125,1,False,0,3.365106294634335,0.14078951140423465,0.04582177480239724,2026107059,equal_weight,0.14078951140423465,2.9498047282115323
0.40265342771725976,asymmetric_crash,support_band50,0.125,1,False,0,3.352458155928792,0.1365017229331613,0.04582177480239724,2026107059,equal_weight,0.1365017229331613,2.9498047282115323
0.09734198931756444,asymmetric_crash,historical,0.5,1,True,15,2.9179035795262624,0.03451156310696337,0.0,2026107059,historical,0.03451156310696337,2.820561590208698
0.09734198931756444,asymmetric_crash,historical_se_penalty,0.5,1,False,15,2.9179035795262624,0.03451156310696337,0.0,2026107059,historical,0.03451156310696337,2.820561590208698
0.15990022325145015,asymmetric_crash,support_mix50,0.5,1,False,15,2.980461813460148,0.05669091708776296,0.0,2026107059,historical,0.05669091708776296,2.820561590208698
0.1514883452541711,asymmetric_crash,support_band50,0.5,1,False,15,2.972049935462869,0.053708575547525,0.0,2026107059,historical,0.053708575547525,2.820561590208698
0.09734198931756444,asymmetric_crash,historical,0.5,1,False,15,2.9179035795262624,0.03451156310696337,0.0,2026107059,historical_se_penalty,0.03451156310696337,2.820561590208698
0.09734198931756444,asymmetric_crash,historical_se_penalty,0.5,1,True,15,2.9179035795262624,0.03451156310696337,0.0,2026107059,historical_se_penalty,0.03451156310696337,2.820561590208698
0.15990022325145015,asymmetric_crash,support_mix50,0.5,1,False,15,2.980461813460148,0.05669091708776296,0.0,2026107059,historical_se_penalty,0.05669091708776296,2.820561590208698
0.1514883452541711,asymmetric_crash,support_band50,0.5,1,False,15,2.972049935462869,0.053708575547525,0.0,2026107059,historical_se_penalty,0.053708575547525,2.820561590208698
0.09734198931756444,asymmetric_crash,historical,0.5,1,False,15,2.9179035795262624,0.03451156310696337,0.0,2026107059,support_mix50,0.03451156310696337,2.820561590208698
0.09734198931756444,asymmetric_crash,historical_se_penalty,0.5,1,False,15,2.9179035795262624,0.03451156310696337,0.0,2026107059,support_mix50,0.03451156310696337,2.820561590208698
0.15990022325145015,asymmetric_crash,support_mix50,0.5,1,True,15,2.980461813460148,0.05669091708776296,0.0,2026107059,support_mix50,0.05669091708776296,2.820561590208698
0.1514883452541711,asymmetric_crash,support_band50,0.5,1,False,15,2.972049935462869,0.053708575547525,0.0,2026107059,support_mix50,0.053708575547525,2.820561590208698
0.09734198931756444,asymmetric_crash,historical,0.5,1,False,15,2.9179035795262624,0.03451156310696337,0.0,2026107059,support_band50,0.03451156310696337,2.820561590208698
0.09734198931756444,asymmetric_crash,historical_se_penalty,0.5,1,False,15,2.9179035795262624,0.03451156310696337,0.0,2026107059,support_band50,0.03451156310696337,2.820561590208698
0.15990022325145015,asymmetric_crash,support_mix50,0.5,1,False,15,2.980461813460148,0.05669091708776296,0.0,2026107059,support_band50,0.05669091708776296,2.820561590208698
0.1514883452541711,asymmetric_crash,support_band50,0.5,1,True,15,2.972049935462869,0.053708575547525,0.0,2026107059,support_band50,0.053708575547525,2.820561590208698
0.3443258378997514,asymmetric_crash,historical,0.2382847013141982,285,False,-1,3.3929698469903014,0.11264323575396937,0.08491253660979536,2026107059,fixed_bank,0.10938779016270797,3.060062629497477
0.3443258378997514,asymmetric_crash,historical_se_penalty,0.2382847013141982,285,False,-1,3.3929698469903014,0.11264323575396937,0.08491253660979536,2026107059,fixed_bank,0.10938779016270797,3.060062629497477
0.3808223070678366,asymmetric_crash,support_mix50,0.2382847013141982,285,False,-1,3.43672988337757,0.12488699172600393,0.08491253660979536,2026107059,fixed_bank,0.1237208792528913,3.060062629497477
0.36896366508615114,asymmetric_crash,support_band50,0.2382847013141982,285,False,-1,3.4242755643148994,0.12099000932016807,0.08491253660979536,2026107059,fixed_bank,0.11965578462766951,3.060062629497477
0.2100601403118847,asymmetric_crash,historical,0.125,1,False,0,3.077989896546457,0.07324452067043707,0.09474427331687507,2026107014,equal_weight,0.07324452067043707,2.8679297562345725
0.2100601403118847,asymmetric_crash,historical_se_penalty,0.125,1,False,0,3.077989896546457,0.07324452067043707,0.09474427331687507,2026107014,equal_weight,0.07324452067043707,2.8679297562345725
0.2274305118483242,asymmetric_crash,support_mix50,0.125,1,False,0,3.0953602680828967,0.07930128391531019,0.09474427331687507,2026107014,equal_weight,0.07930128391531019,2.8679297562345725
0.2274305118483242,asymmetric_crash,support_band50,0.125,1,False,0,3.0953602680828967,0.07930128391531019,0.09474427331687507,2026107014,equal_weight,0.07930128391531019,2.8679297562345725
0.11634293180251731,asymmetric_crash,historical,0.2313319665460887,1,True,184,2.728608020772562,0.04089452990295339,0.08597281939293677,2026107014,historical,-0.04089452990295339,2.844950952575079
0.11634293180251731,asymmetric_crash,historical_se_penalty,0.2313319665460887,1,False,184,2.728608020772562,0.04089452990295339,0.08597281939293677,2026107014,historical,-0.04089452990295339,2.844950952575079
0.035509111538330806,asymmetric_crash,support_mix50,0.2313319665460887,1,False,184,2.8094418410367483,0.012481449462666513,0.08597281939293677,2026107014,historical,-0.012481449462666513,2.844950952575079
0.035509111538330806,asymmetric_crash,support_band50,0.2313319665460887,1,False,184,2.8094418410367483,0.012481449462666513,0.08597281939293677,2026107014,historical,-0.012481449462666513,2.844950952575079
0.11295042549487855,asymmetric_crash,historical,0.5,1,False,12,2.7326761697961204,0.043115362644575515,0.0,2026107014,historical_se_penalty,0.043115362644575515,2.619725744301242
0.11295042549487855,asymmetric_crash,historical_se_penalty,0.5,1,True,12,2.7326761697961204,0.043115362644575515,0.0,2026107014,historical_se_penalty,0.043115362644575515,2.619725744301242
0.14975319535650033,asymmetric_crash,support_mix50,0.5,1,False,12,2.769478939657742,0.05716369191785147,0.0,2026107014,historical_se_penalty,0.05716369191785147,2.619725744301242
0.14975319535650033,asymmetric_crash,support_band50,0.5,1,False,12,2.769478939657742,0.05716369191785147,0.0,2026107014,historical_se_penalty,0.05716369191785147,2.619725744301242
0.11295042549487855,asymmetric_crash,historical,0.5,1,False,12,2.7326761697961204,0.043115362644575515,0.0,2026107014,support_mix50,0.043115362644575515,2.619725744301242
0.11295042549487855,asymmetric_crash,historical_se_penalty,0.5,1,False,12,2.7326761697961204,0.043115362644575515,0.0,2026107014,support_mix50,0.043115362644575515,2.619725744301242
0.14975319535650033,asymmetric_crash,support_mix50,0.5,1,True,12,2.769478939657742,0.05716369191785147,0.0,2026107014,support_mix50,0.05716369191785147,2.619725744301242
0.14975319535650033,asymmetric_crash,support_band50,0.5,1,False,12,2.769478939657742,0.05716369191785147,0.0,2026107014,support_mix50,0.05716369191785147,2.619725744301242
0.11295042549487855,asymmetric_crash,historical,0.5,1,False,12,2.7326761697961204,0.043115362644575515,0.0,2026107014,support_band50,0.043115362644575515,2.619725744301242
0.11295042549487855,asymmetric_crash,historical_se_penalty,0.5,1,False,12,2.7326761697961204,0.043115362644575515,0.0,2026107014,support_band50,0.043115362644575515,2.619725744301242
0.14975319535650033,asymmetric_crash,support_mix50,0.5,1,False,12,2.769478939657742,0.05716369191785147,0.0,2026107014,support_band50,0.05716369191785147,2.619725744301242
0.14975319535650033,asymmetric_crash,support_band50,0.5,1,True,12,2.769478939657742,0.05716369191785147,0.0,2026107014,support_band50,0.05716369191785147,2.619725744301242
0.26029124832693573,asymmetric_crash,historical,0.24040280553412566,285,False,-1,3.19209492219602,0.08680234731860811,0.13742648572885607,2026107014,fixed_bank,0.07183061694668073,2.9797454469139733
0.26029124832693573,asymmetric_crash,historical_se_penalty,0.24040280553412566,285,False,-1,3.19209492219602,0.08680234731860811,0.13742648572885607,2026107014,fixed_bank,0.07183061694668073,2.9797454469139733
0.2645245474217309,asymmetric_crash,support_mix50,0.24040280553412566,285,False,-1,3.2299471080471176,0.08864751613596553,0.13742648572885607,2026107014,fixed_bank,0.08428631262074997,2.9797454469139733
0.2645245474217308,asymmetric_crash,support_band50,0.24040280553412566,285,False,-1,3.2299471080471176,0.0886475161359655,0.13742648572885607,2026107014,fixed_bank,0.08428631262074994,2.9797454469139733
0.08616387406548132,asymmetric_crash,historical,0.125,1,False,0,2.8575165699020983,0.031090908852895078,0.015435546009963552,2026107042,equal_weight,0.031090908852895078,2.771352695836617
0.08616387406548132,asymmetric_crash,historical_se_penalty,0.125,1,False,0,2.8575165699020983,0.031090908852895078,0.015435546009963552,2026107042,equal_weight,0.031090908852895078,2.771352695836617
0.0245081854862077,asymmetric_crash,support_mix50,0.125,1,False,0,2.7468445103504093,0.008843401824324333,0.015435546009963552,2026107042,equal_weight,-0.008843401824324333,2.771352695836617
0.0245081854862077,asymmetric_crash,support_band50,0.125,1,False,0,2.7468445103504093,0.008843401824324333,0.015435546009963552,2026107042,equal_weight,-0.008843401824324333,2.771352695836617
0.19077539974370827,asymmetric_crash,historical,0.23563306236481524,1,True,145,2.590719899589368,0.06858735292108918,0.019151839549526928,2026107042,historical,-0.06858735292108918,2.781495299333076
0.19077539974370827,asymmetric_crash,historical_se_penalty,0.23563306236481524,1,False,145,2.590719899589368,0.06858735292108918,0.019151839549526928,2026107042,historical,-0.06858735292108918,2.781495299333076
0.2628798506150649,asymmetric_crash,support_mix50,0.23563306236481524,1,False,145,2.5186154487180112,0.0945102624038574,0.019151839549526928,2026107042,historical,-0.0945102624038574,2.781495299333076
0.26287985061506536,asymmetric_crash,support_band50,0.23563306236481524,1,False,145,2.518615448718011,0.09451026240385756,0.019151839549526928,2026107042,historical,-0.09451026240385756,2.781495299333076
0.16246302905013632,asymmetric_crash,historical,0.5,1,False,5,2.602939549144663,0.058748418885249246,0.013255397317406548,2026107042,historical_se_penalty,-0.058748418885249246,2.7654025781947995
0.16246302905013632,asymmetric_crash,historical_se_penalty,0.5,1,True,5,2.602939549144663,0.058748418885249246,0.013255397317406548,2026107042,historical_se_penalty,-0.058748418885249246,2.7654025781947995
0.26949953909857527,asymmetric_crash,support_mix50,0.5,1,False,5,2.4959030390962242,0.09745399864149229,0.013255397317406548,2026107042,historical_se_penalty,-0.09745399864149229,2.7654025781947995
0.26949953909857527,asymmetric_crash,support_band50,0.5,1,False,5,2.4959030390962242,0.09745399864149229,0.013255397317406548,2026107042,historical_se_penalty,-0.09745399864149229,2.7654025781947995
0.16246302905013632,asymmetric_crash,historical,0.5,1,False,5,2.602939549144663,0.058748418885249246,0.013255397317406548,2026107042,support_mix50,-0.058748418885249246,2.7654025781947995
0.16246302905013632,asymmetric_crash,historical_se_penalty,0.5,1,False,5,2.602939549144663,0.058748418885249246,0.013255397317406548,2026107042,support_mix50,-0.058748418885249246,2.7654025781947995
0.26949953909857527,asymmetric_crash,support_mix50,0.5,1,True,5,2.4959030390962242,0.09745399864149229,0.013255397317406548,2026107042,support_mix50,-0.09745399864149229,2.7654025781947995
0.26949953909857527,asymmetric_crash,support_band50,0.5,1,False,5,2.4959030390962242,0.09745399864149229,0.013255397317406548,2026107042,support_mix50,-0.09745399864149229,2.7654025781947995
0.16246302905013632,asymmetric_crash,historical,0.5,1,False,5,2.602939549144663,0.058748418885249246,0.013255397317406548,2026107042,support_band50,-0.058748418885249246,2.7654025781947995
0.16246302905013632,asymmetric_crash,historical_se_penalty,0.5,1,False,5,2.602939549144663,0.058748418885249246,0.013255397317406548,2026107042,support_band50,-0.058748418885249246,2.7654025781947995
0.26949953909857527,asymmetric_crash,support_mix50,0.5,1,False,5,2.4959030390962242,0.09745399864149229,0.013255397317406548,2026107042,support_band50,-0.09745399864149229,2.7654025781947995
0.26949953909857527,asymmetric_crash,support_band50,0.5,1,True,5,2.4959030390962242,0.09745399864149229,0.013255397317406548,2026107042,support_band50,-0.09745399864149229,2.7654025781947995
0.13790944695106416,asymmetric_crash,historical,0.23907723837574751,285,False,-1,2.9563007844030027,0.04707321137982293,0.055117026205676205,2026107042,fixed_bank,0.02625434604001951,2.879652407765449
0.13790944695106416,asymmetric_crash,historical_se_penalty,0.23907723837574751,285,False,-1,2.9563007844030027,0.04707321137982293,0.055117026205676205,2026107042,fixed_bank,0.02625434604001951,2.879652407765449
0.0830171440157037,asymmetric_crash,support_mix50,0.23907723837574751,285,False,-1,2.8393078679523276,0.028612545609848272,0.055117026205676205,2026107042,fixed_bank,-0.014258598487223073,2.879652407765449
0.08301714401570376,asymmetric_crash,support_band50,0.23907723837574751,285,False,-1,2.8393078679523276,0.02861254560984829,0.055117026205676205,2026107042,fixed_bank,-0.014258598487223103,2.879652407765449
0.19197812636095568,asymmetric_crash,historical,0.125,1,False,0,2.7253607162578235,0.0658059062445501,0.014798542169027762,2026107017,equal_weight,-0.0658059062445501,2.917338842618779
0.19197812636095568,asymmetric_crash,historical_se_penalty,0.125,1,False,0,2.7253607162578235,0.0658059062445501,0.014798542169027762,2026107017,equal_weight,-0.0658059062445501,2.917338842618779
0.20451224573004012,asymmetric_crash,support_mix50,0.125,1,False,0,2.712826596888739,0.07010232844480198,0.014798542169027762,2026107017,equal_weight,-0.07010232844480198,2.917338842618779
0.204512245730041,asymmetric_crash,support_band50,0.125,1,False,0,2.712826596888738,0.07010232844480228,0.014798542169027762,2026107017,equal_weight,-0.07010232844480228,2.917338842618779
0.48461378801104127,asymmetric_crash,historical,0.5,1,True,3,2.584921276584839,0.15787856395601824,0.06774011410084824,2026107017,historical,-0.15787856395601824,3.0695350645958803
0.48461378801104127,asymmetric_crash,historical_se_penalty,0.5,1,False,3,2.584921276584839,0.15787856395601824,0.06774011410084824,2026107017,historical,-0.15787856395601824,3.0695350645958803
0.452738854441169,asymmetric_crash,support_mix50,0.5,1,False,3,2.6167962101547113,0.14749427679229798,0.06774011410084824,2026107017,historical,-0.14749427679229798,3.0695350645958803
0.452738854441169,asymmetric_crash,support_band50,0.5,1,False,3,2.6167962101547113,0.14749427679229798,0.06774011410084824,2026107017,historical,-0.14749427679229798,3.0695350645958803
0.48461378801104127,asymmetric_crash,historical,0.5,1,False,3,2.584921276584839,0.15787856395601824,0.06774011410084824,2026107017,historical_se_penalty,-0.15787856395601824,3.0695350645958803
0.48461378801104127,asymmetric_crash,historical_se_penalty,0.5,1,True,3,2.584921276584839,0.15787856395601824,0.06774011410084824,2026107017,historical_se_penalty,-0.15787856395601824,3.0695350645958803
0.452738854441169,asymmetric_crash,support_mix50,0.5,1,False,3,2.6167962101547113,0.14749427679229798,0.06774011410084824,2026107017,historical_se_penalty,-0.14749427679229798,3.0695350645958803
0.452738854441169,asymmetric_crash,support_band50,0.5,1,False,3,2.6167962101547113,0.14749427679229798,0.06774011410084824,2026107017,historical_se_penalty,-0.14749427679229798,3.0695350645958803
0.3865272935965378,asymmetric_crash,historical,0.239442796341623,1,False,270,2.6780392424861192,0.12612788433388822,0.06601180766681813,2026107017,support_mix50,-0.12612788433388822,3.064566536082657
0.3865272935965378,asymmetric_crash,historical_se_penalty,0.239442796341623,1,False,270,2.6780392424861192,0.12612788433388822,0.06601180766681813,2026107017,support_mix50,-0.12612788433388822,3.064566536082657
0.4862432074861611,asymmetric_crash,support_mix50,0.239442796341623,1,True,270,2.578323328596496,0.15866622628716398,0.06601180766681813,2026107017,support_mix50,-0.15866622628716398,3.064566536082657
0.4862432074861611,asymmetric_crash,support_band50,0.239442796341623,1,False,270,2.578323328596496,0.15866622628716398,0.06601180766681813,2026107017,support_mix50,-0.15866622628716398,3.064566536082657
0.3865272935965378,asymmetric_crash,historical,0.239442796341623,1,False,270,2.6780392424861192,0.12612788433388822,0.06601180766681813,2026107017,support_band50,-0.12612788433388822,3.064566536082657
0.3865272935965378,asymmetric_crash,historical_se_penalty,0.239442796341623,1,False,270,2.6780392424861192,0.12612788433388822,0.06601180766681813,2026107017,support_band50,-0.12612788433388822,3.064566536082657
0.4862432074861611,asymmetric_crash,support_mix50,0.239442796341623,1,False,270,2.578323328596496,0.15866622628716398,0.06601180766681813,2026107017,support_band50,-0.15866622628716398,3.064566536082657
0.4862432074861611,asymmetric_crash,support_band50,0.239442796341623,1,True,270,2.578323328596496,0.15866622628716398,0.06601180766681813,2026107017,support_band50,-0.15866622628716398,3.064566536082657
0.17679266090744133,asymmetric_crash,historical,0.24145938987622284,285,False,-1,2.868782721652768,0.05801677506280775,0.057276415443369776,2026107017,fixed_bank,-0.05612121885672068,3.0394540650058794
0.17679266090744133,asymmetric_crash,historical_se_penalty,0.24145938987622284,285,False,-1,2.868782721652768,0.05801677506280775,0.057276415443369776,2026107017,fixed_bank,-0.05612121885672068,3.0394540650058794
0.1910731523773883,asymmetric_crash,support_mix50,0.24145938987622284,285,False,-1,2.857006983870752,0.06240756094381206,0.057276415443369776,2026107017,fixed_bank,-0.05973560467060953,3.0394540650058794
0.1910731523773884,asymmetric_crash,support_band50,0.24145938987622284,285,False,-1,2.857006983870752,0.062407560943812085,0.057276415443369776,2026107017,fixed_bank,-0.05973560467060956,3.0394540650058794
0.369248862308325,asymmetric_crash,historical,0.125,1,False,0,3.166727139507045,0.13199346901741651,0.06495538456761163,2026107026,equal_weight,0.13199346901741651,2.79747827719872
0.369248862308325,asymmetric_crash,historical_se_penalty,0.125,1,False,0,3.166727139507045,0.13199346901741651,0.06495538456761163,2026107026,equal_weight,0.13199346901741651,2.79747827719872
0.405875218367318,asymmetric_crash,support_mix50,0.125,1,False,0,3.203353495566038,0.1450861018923603,0.06495538456761163,2026107026,equal_weight,0.1450861018923603,2.79747827719872
0.40587521836731755,asymmetric_crash,support_band50,0.125,1,False,0,3.2033534955660374,0.14508610189236013,0.06495538456761163,2026107026,equal_weight,0.14508610189236013,2.79747827719872
0.17616973422636217,asymmetric_crash,historical,0.5,1,True,25,2.8397996377821957,0.06613896847725842,0.014001442444655954,2026107026,historical,0.06613896847725842,2.6636299035558335
0.17616973422636217,asymmetric_crash,historical_se_penalty,0.5,1,False,25,2.8397996377821957,0.06613896847725842,0.014001442444655954,2026107026,historical,0.06613896847725842,2.6636299035558335
0.20610444408172102,asymmetric_crash,support_mix50,0.5,1,False,25,2.8697343476375545,0.07737728270980149,0.014001442444655954,2026107026,historical,0.07737728270980149,2.6636299035558335
0.20610444408172013,asymmetric_crash,support_band50,0.5,1,False,25,2.8697343476375536,0.07737728270980115,0.014001442444655954,2026107026,historical,0.07737728270980115,2.6636299035558335
0.17616973422636217,asymmetric_crash,historical,0.5,1,False,25,2.8397996377821957,0.06613896847725842,0.014001442444655954,2026107026,historical_se_penalty,0.06613896847725842,2.6636299035558335
0.17616973422636217,asymmetric_crash,historical_se_penalty,0.5,1,True,25,2.8397996377821957,0.06613896847725842,0.014001442444655954,2026107026,historical_se_penalty,0.06613896847725842,2.6636299035558335
0.20610444408172102,asymmetric_crash,support_mix50,0.5,1,False,25,2.8697343476375545,0.07737728270980149,0.014001442444655954,2026107026,historical_se_penalty,0.07737728270980149,2.6636299035558335
0.20610444408172013,asymmetric_crash,support_band50,0.5,1,False,25,2.8697343476375536,0.07737728270980115,0.014001442444655954,2026107026,historical_se_penalty,0.07737728270980115,2.6636299035558335
0.17616973422636217,asymmetric_crash,historical,0.5,1,False,25,2.8397996377821957,0.06613896847725842,0.014001442444655954,2026107026,support_mix50,0.06613896847725842,2.6636299035558335
0.17616973422636217,asymmetric_crash,historical_se_penalty,0.5,1,False,25,2.8397996377821957,0.06613896847725842,0.014001442444655954,2026107026,support_mix50,0.06613896847725842,2.6636299035558335
0.20610444408172102,asymmetric_crash,support_mix50,0.5,1,True,25,2.8697343476375545,0.07737728270980149,0.014001442444655954,2026107026,support_mix50,0.07737728270980149,2.6636299035558335
0.20610444408172013,asymmetric_crash,support_band50,0.5,1,False,25,2.8697343476375536,0.07737728270980115,0.014001442444655954,2026107026,support_mix50,0.07737728270980115,2.6636299035558335
0.17616973422636217,asymmetric_crash,historical,0.5,1,False,25,2.8397996377821957,0.06613896847725842,0.014001442444655954,2026107026,support_band50,0.06613896847725842,2.6636299035558335
0.17616973422636217,asymmetric_crash,historical_se_penalty,0.5,1,False,25,2.8397996377821957,0.06613896847725842,0.014001442444655954,2026107026,support_band50,0.06613896847725842,2.6636299035558335
0.20610444408172102,asymmetric_crash,support_mix50,0.5,1,False,25,2.8697343476375545,0.07737728270980149,0.014001442444655954,2026107026,support_band50,0.07737728270980149,2.6636299035558335
0.20610444408172013,asymmetric_crash,support_band50,0.5,1,True,25,2.8697343476375536,0.07737728270980115,0.014001442444655954,2026107026,support_band50,0.07737728270980115,2.6636299035558335
0.3728322561686053,asymmetric_crash,historical,0.23978701497639543,285,False,-1,3.2914630753997804,0.12770898988829807,0.11107622598508794,2026107026,fixed_bank,0.12770898988829807,2.9186308192311747
0.3728322561686053,asymmetric_crash,historical_se_penalty,0.23978701497639543,285,False,-1,3.2914630753997804,0.12770898988829807,0.11107622598508794,2026107026,fixed_bank,0.12770898988829807,2.9186308192311747
0.3974428490889957,asymmetric_crash,support_mix50,0.23978701497639543,285,False,-1,3.3160736683201706,0.1363750970393321,0.11107622598508794,2026107026,fixed_bank,0.1363750970393321,2.9186308192311747
0.3974428490889955,asymmetric_crash,support_band50,0.23978701497639543,285,False,-1,3.3160736683201706,0.13637509703933204,0.11107622598508794,2026107026,fixed_bank,0.13637509703933204,2.9186308192311747
0.08183534320725205,gaussian,historical,0.125,1,False,0,1.1955381331143429,0.06406532210368909,0.09716318360703347,2026107010,equal_weight,-0.06406532210368909,1.277373476321595
0.08183534320725205,gaussian,historical_se_penalty,0.125,1,False,0,1.1955381331143429,0.06406532210368909,0.09716318360703347,2026107010,equal_weight,-0.06406532210368909,1.277373476321595
0.053574586373599464,gaussian,support_mix50,0.125,1,False,0,1.2237988899479955,0.0419412077725899,0.09716318360703347,2026107010,equal_weight,-0.0419412077725899,1.277373476321595
0.053574586373599686,gaussian,support_band50,0.125,1,False,0,1.2237988899479952,0.041941207772590076,0.09716318360703347,2026107010,equal_weight,-0.041941207772590076,1.277373476321595
0.063376485453849,gaussian,historical,0.22101473693948304,1,True,281,1.1122725595562175,0.0539076569855984,0.009789911046399258,2026107010,historical,-0.0539076569855984,1.1756490450100665
0.063376485453849,gaussian,historical_se_penalty,0.22101473693948304,1,False,281,1.1122725595562175,0.0539076569855984,0.009789911046399258,2026107010,historical,-0.0539076569855984,1.1756490450100665
0.027030049914000376,gaussian,support_mix50,0.22101473693948304,1,False,281,1.1486189950960661,0.02299159772954941,0.009789911046399258,2026107010,historical,-0.02299159772954941,1.1756490450100665
0.027030049914000376,gaussian,support_band50,0.22101473693948304,1,False,281,1.1486189950960661,0.02299159772954941,0.009789911046399258,2026107010,historical,-0.02299159772954941,1.1756490450100665
0.08604254167450498,gaussian,historical,0.17754329991200726,1,False,259,1.1152153392655342,0.07162703615910745,0.03178588362468471,2026107010,historical_se_penalty,-0.07162703615910745,1.2012578809400392
0.08604254167450498,gaussian,historical_se_penalty,0.17754329991200726,1,True,259,1.1152153392655342,0.07162703615910745,0.03178588362468471,2026107010,historical_se_penalty,-0.07162703615910745,1.2012578809400392
0.05717609774924326,gaussian,support_mix50,0.17754329991200726,1,False,259,1.144081783190796,0.047596855476611195,0.03178588362468471,2026107010,historical_se_penalty,-0.047596855476611195,1.2012578809400392
0.05717609774924326,gaussian,support_band50,0.17754329991200726,1,False,259,1.144081783190796,0.047596855476611195,0.03178588362468471,2026107010,historical_se_penalty,-0.047596855476611195,1.2012578809400392
0.08604254167450498,gaussian,historical,0.17754329991200726,1,False,259,1.1152153392655342,0.07162703615910745,0.03178588362468471,2026107010,support_mix50,-0.07162703615910745,1.2012578809400392
0.08604254167450498,gaussian,historical_se_penalty,0.17754329991200726,1,False,259,1.1152153392655342,0.07162703615910745,0.03178588362468471,2026107010,support_mix50,-0.07162703615910745,1.2012578809400392
0.05717609774924326,gaussian,support_mix50,0.17754329991200726,1,True,259,1.144081783190796,0.047596855476611195,0.03178588362468471,2026107010,support_mix50,-0.047596855476611195,1.2012578809400392
0.05717609774924326,gaussian,support_band50,0.17754329991200726,1,False,259,1.144081783190796,0.047596855476611195,0.03178588362468471,2026107010,support_mix50,-0.047596855476611195,1.2012578809400392
0.08604254167450498,gaussian,historical,0.17754329991200726,1,False,259,1.1152153392655342,0.07162703615910745,0.03178588362468471,2026107010,support_band50,-0.07162703615910745,1.2012578809400392
0.08604254167450498,gaussian,historical_se_penalty,0.17754329991200726,1,False,259,1.1152153392655342,0.07162703615910745,0.03178588362468471,2026107010,support_band50,-0.07162703615910745,1.2012578809400392
0.05717609774924326,gaussian,support_mix50,0.17754329991200726,1,False,259,1.144081783190796,0.047596855476611195,0.03178588362468471,2026107010,support_band50,-0.047596855476611195,1.2012578809400392
0.05717609774924326,gaussian,support_band50,0.17754329991200726,1,True,259,1.144081783190796,0.047596855476611195,0.03178588362468471,2026107010,support_band50,-0.047596855476611195,1.2012578809400392
0.06573222614013505,gaussian,historical,0.24059976669363436,285,False,-1,1.360969196483884,0.0470990472255455,0.2239085153884268,2026107010,fixed_bank,-0.04605367067528307,1.424936872071775
0.06573222614013505,gaussian,historical_se_penalty,0.24059976669363436,285,False,-1,1.360969196483884,0.0470990472255455,0.2239085153884268,2026107010,fixed_bank,-0.04605367067528307,1.424936872071775
0.04612424157411406,gaussian,support_mix50,0.24059976669363436,285,False,-1,1.3867623351427194,0.032814740699464176,0.2239085153884268,2026107010,fixed_bank,-0.027629801396443297,1.424936872071775
0.04612424157411409,gaussian,support_band50,0.24059976669363436,285,False,-1,1.3867623351427192,0.0328147406994642,0.2239085153884268,2026107010,fixed_bank,-0.02762980139644333,1.424936872071775
0.3468156696423583,asymmetric_crash,historical,0.125,1,False,0,2.643376339717501,0.1159844145649378,0.015097829738267787,2026107027,equal_weight,-0.1159844145649378,2.9901920093598595
0.3468156696423583,asymmetric_crash,historical_se_penalty,0.125,1,False,0,2.643376339717501,0.1159844145649378,0.015097829738267787,2026107027,equal_weight,-0.1159844145649378,2.9901920093598595
0.37437790969376605,asymmetric_crash,support_mix50,0.125,1,False,0,2.6158140996660935,0.1252019631254091,0.015097829738267787,2026107027,equal_weight,-0.1252019631254091,2.9901920093598595
0.24733283518881022,asymmetric_crash,support_band50,0.125,1,False,0,2.7428591741710493,0.0827147000642809,0.015097829738267787,2026107027,equal_weight,-0.0827147000642809,2.9901920093598595
0.5057779850817528,asymmetric_crash,historical,0.2796672589967174,1,True,261,2.5449854133107532,0.16578735189633353,0.03566035059271777,2026107027,historical,-0.16578735189633353,3.050763398392506
0.5057779850817528,asymmetric_crash,historical_se_penalty,0.2796672589967174,1,False,261,2.5449854133107532,0.16578735189633353,0.03566035059271777,2026107027,historical,-0.16578735189633353,3.050763398392506
0.4907897593457835,asymmetric_crash,support_mix50,0.2796672589967174,1,False,261,2.5599736390467225,0.16087440920668844,0.03566035059271777,2026107027,historical,-0.16087440920668844,3.050763398392506
0.3774390351670842,asymmetric_crash,support_band50,0.2796672589967174,1,False,261,2.6733243632254218,0.12371953700702015,0.03566035059271777,2026107027,historical,-0.12371953700702015,3.050763398392506
0.4208623684394226,asymmetric_crash,historical,0.5,1,False,19,2.581897410129129,0.14015852065264184,0.01936428326648998,2026107027,historical_se_penalty,-0.14015852065264184,3.0027597785685516
0.4208623684394226,asymmetric_crash,historical_se_penalty,0.5,1,True,19,2.581897410129129,0.14015852065264184,0.01936428326648998,2026107027,historical_se_penalty,-0.14015852065264184,3.0027597785685516
0.42748160132933366,asymmetric_crash,support_mix50,0.5,1,False,19,2.575278177239218,0.14236290374620603,0.01936428326648998,2026107027,historical_se_penalty,-0.14236290374620603,3.0027597785685516
0.3269602469596631,asymmetric_crash,support_band50,0.5,1,False,19,2.6757995316088885,0.10888658136866633,0.01936428326648998,2026107027,historical_se_penalty,-0.10888658136866633,3.0027597785685516
0.43297022986368106,asymmetric_crash,historical,0.21331803875775174,1,False,245,2.5602705615279167,0.14464931491942798,0.01613281746282702,2026107027,support_mix50,-0.14464931491942798,2.9932407913915977
0.43297022986368106,asymmetric_crash,historical_se_penalty,0.21331803875775174,1,False,245,2.5602705615279167,0.14464931491942798,0.01613281746282702,2026107027,support_mix50,-0.14464931491942798,2.9932407913915977
0.47658691913384565,asymmetric_crash,support_mix50,0.21331803875775174,1,True,245,2.516653872257752,0.1592210424582227,0.01613281746282702,2026107027,support_mix50,-0.1592210424582227,2.9932407913915977
0.35397108894516904,asymmetric_crash,support_band50,0.21331803875775174,1,False,245,2.6392697024464287,0.11825680378376881,0.01613281746282702,2026107027,support_mix50,-0.11825680378376881,2.9932407913915977
0.43297022986368106,asymmetric_crash,historical,0.21331803875775174,1,False,245,2.5602705615279167,0.14464931491942798,0.01613281746282702,2026107027,support_band50,-0.14464931491942798,2.9932407913915977
0.43297022986368106,asymmetric_crash,historical_se_penalty,0.21331803875775174,1,False,245,2.5602705615279167,0.14464931491942798,0.01613281746282702,2026107027,support_band50,-0.14464931491942798,2.9932407913915977
0.47658691913384565,asymmetric_crash,support_mix50,0.21331803875775174,1,False,245,2.516653872257752,0.1592210424582227,0.01613281746282702,2026107027,support_band50,-0.1592210424582227,2.9932407913915977
0.35397108894516904,asymmetric_crash,support_band50,0.21331803875775174,1,True,245,2.6392697024464287,0.11825680378376881,0.01613281746282702,2026107027,support_band50,-0.11825680378376881,2.9932407913915977
0.348105748781071,asymmetric_crash,historical,0.2419870328457714,285,False,-1,2.7664619929430287,0.11168608812390585,0.05718943899227835,2026107027,fixed_bank,-0.11157380695422253,3.1141820228986448
0.348105748781071,asymmetric_crash,historical_se_penalty,0.2419870328457714,285,False,-1,2.7664619929430287,0.11168608812390585,0.05718943899227835,2026107027,fixed_bank,-0.11157380695422253,3.1141820228986448
0.37750907066166645,asymmetric_crash,support_mix50,0.2419870328457714,285,False,-1,2.736672952236978,0.12114800212303804,0.05718943899227835,2026107027,fixed_bank,-0.12114800212303804,3.1141820228986448
0.2560264210216037,asymmetric_crash,support_band50,0.2419870328457714,285,False,-1,2.859195706075026,0.08200941156032306,0.05718943899227835,2026107027,fixed_bank,-0.08169053867122221,3.1141820228986448
0.022247948174230814,gaussian,historical,0.125,1,False,0,1.177704135392917,0.019254687819694957,0.07598181504763835,2026107028,equal_weight,0.019254687819694957,1.1554561872186861
0.022247948174230814,gaussian,historical_se_penalty,0.125,1,False,0,1.177704135392917,0.019254687819694957,0.07598181504763835,2026107028,equal_weight,0.019254687819694957,1.1554561872186861
0.021709659315555463,gaussian,support_mix50,0.125,1,False,0,1.1771658465342416,0.018788820862012147,0.07598181504763835,2026107028,equal_weight,0.018788820862012147,1.1554561872186861
0.021709659315555463,gaussian,support_band50,0.125,1,False,0,1.1771658465342416,0.018788820862012147,0.07598181504763835,2026107028,equal_weight,0.018788820862012147,1.1554561872186861
0.01815792869061683,gaussian,historical,0.24464046492856006,1,True,232,1.0920201176789401,0.01690899342281831,0.0,2026107028,historical,0.01690899342281831,1.0738621889883233
0.01815792869061683,gaussian,historical_se_penalty,0.24464046492856006,1,False,232,1.0920201176789401,0.01690899342281831,0.0,2026107028,historical,0.01690899342281831,1.0738621889883233
0.023385439540265063,gaussian,support_mix50,0.24464046492856006,1,False,232,1.0972476285285884,0.02177694659525753,0.0,2026107028,historical,0.02177694659525753,1.0738621889883233
0.023385439540265063,gaussian,support_band50,0.24464046492856006,1,False,232,1.0972476285285884,0.02177694659525753,0.0,2026107028,historical,0.02177694659525753,1.0738621889883233
0.01815792869061683,gaussian,historical,0.24464046492856006,1,False,232,1.0920201176789401,0.01690899342281831,0.0,2026107028,historical_se_penalty,0.01690899342281831,1.0738621889883233
0.01815792869061683,gaussian,historical_se_penalty,0.24464046492856006,1,True,232,1.0920201176789401,0.01690899342281831,0.0,2026107028,historical_se_penalty,0.01690899342281831,1.0738621889883233
0.023385439540265063,gaussian,support_mix50,0.24464046492856006,1,False,232,1.0972476285285884,0.02177694659525753,0.0,2026107028,historical_se_penalty,0.02177694659525753,1.0738621889883233
0.023385439540265063,gaussian,support_band50,0.24464046492856006,1,False,232,1.0972476285285884,0.02177694659525753,0.0,2026107028,historical_se_penalty,0.02177694659525753,1.0738621889883233
0.01815792869061683,gaussian,historical,0.24464046492856006,1,False,232,1.0920201176789401,0.01690899342281831,0.0,2026107028,support_mix50,0.01690899342281831,1.0738621889883233
0.01815792869061683,gaussian,historical_se_penalty,0.24464046492856006,1,False,232,1.0920201176789401,0.01690899342281831,0.0,2026107028,support_mix50,0.01690899342281831,1.0738621889883233
0.023385439540265063,gaussian,support_mix50,0.24464046492856006,1,True,232,1.0972476285285884,0.02177694659525753,0.0,2026107028,support_mix50,0.02177694659525753,1.0738621889883233
0.023385439540265063,gaussian,support_band50,0.24464046492856006,1,False,232,1.0972476285285884,0.02177694659525753,0.0,2026107028,support_mix50,0.02177694659525753,1.0738621889883233
0.01815792869061683,gaussian,historical,0.24464046492856006,1,False,232,1.0920201176789401,0.01690899342281831,0.0,2026107028,support_band50,0.01690899342281831,1.0738621889883233
0.01815792869061683,gaussian,historical_se_penalty,0.24464046492856006,1,False,232,1.0920201176789401,0.01690899342281831,0.0,2026107028,support_band50,0.01690899342281831,1.0738621889883233
0.023385439540265063,gaussian,support_mix50,0.24464046492856006,1,False,232,1.0972476285285884,0.02177694659525753,0.0,2026107028,support_band50,0.02177694659525753,1.0738621889883233
0.023385439540265063,gaussian,support_band50,0.24464046492856006,1,True,232,1.0972476285285884,0.02177694659525753,0.0,2026107028,support_band50,0.02177694659525753,1.0738621889883233
0.03962633536661591,gaussian,historical,0.24012857453894104,285,False,-1,1.3139651802012613,0.030607470176109194,0.20359194167951392,2026107028,fixed_bank,0.017165920247990595,1.2924918771406693
0.03962633536661591,gaussian,historical_se_penalty,0.24012857453894104,285,False,-1,1.3139651802012613,0.030607470176109194,0.20359194167951392,2026107028,fixed_bank,0.017165920247990595,1.2924918771406693
0.04059294151661844,gaussian,support_mix50,0.24012857453894104,285,False,-1,1.3194660946451113,0.0312682594686329,0.20359194167951392,2026107028,fixed_bank,0.02116764397766588,1.2924918771406693
0.04059294151661843,gaussian,support_band50,0.24012857453894104,285,False,-1,1.3194660946451113,0.03126825946863288,0.20359194167951392,2026107028,fixed_bank,0.021167643977665844,1.2924918771406693
0.14521663949717079,asymmetric_crash,historical,0.125,1,False,0,3.0843101138793365,0.0494086495590948,0.05303695501595662,2026107045,equal_weight,0.0494086495590948,2.9390934743821657
0.14521663949717079,asymmetric_crash,historical_se_penalty,0.125,1,False,0,3.0843101138793365,0.0494086495590948,0.05303695501595662,2026107045,equal_weight,0.0494086495590948,2.9390934743821657
0.23484889694900257,asymmetric_crash,support_mix50,0.125,1,False,0,3.1739423713311683,0.07990521533119009,0.05303695501595662,2026107045,equal_weight,0.07990521533119009,2.9390934743821657
0.019153961113474782,asymmetric_crash,support_band50,0.125,1,False,0,2.919939513268691,0.006516962213153559,0.05303695501595662,2026107045,equal_weight,-0.006516962213153559,2.9390934743821657
0.005971265317671559,asymmetric_crash,historical,0.5,1,True,5,2.797035206979272,0.002139422615347427,0.0,2026107045,historical,0.002139422615347427,2.7910639416616005
0.005971265317671559,asymmetric_crash,historical_se_penalty,0.5,1,False,5,2.797035206979272,0.002139422615347427,0.0,2026107045,historical,0.002139422615347427,2.7910639416616005
0.029352766885344828,asymmetric_crash,support_mix50,0.5,1,False,5,2.8204167085469454,0.010516694528993944,0.0,2026107045,historical,0.010516694528993944,2.7910639416616005
0.14036634412590887,asymmetric_crash,support_band50,0.5,1,False,5,2.6506975975356917,0.05029133945327843,0.0,2026107045,historical,-0.05029133945327843,2.7910639416616005
0.005971265317671559,asymmetric_crash,historical,0.5,1,False,5,2.797035206979272,0.002139422615347427,0.0,2026107045,historical_se_penalty,0.002139422615347427,2.7910639416616005
0.005971265317671559,asymmetric_crash,historical_se_penalty,0.5,1,True,5,2.797035206979272,0.002139422615347427,0.0,2026107045,historical_se_penalty,0.002139422615347427,2.7910639416616005
0.029352766885344828,asymmetric_crash,support_mix50,0.5,1,False,5,2.8204167085469454,0.010516694528993944,0.0,2026107045,historical_se_penalty,0.010516694528993944,2.7910639416616005
0.14036634412590887,asymmetric_crash,support_band50,0.5,1,False,5,2.6506975975356917,0.05029133945327843,0.0,2026107045,historical_se_penalty,-0.05029133945327843,2.7910639416616005
0.005971265317671559,asymmetric_crash,historical,0.5,1,False,5,2.797035206979272,0.002139422615347427,0.0,2026107045,support_mix50,0.002139422615347427,2.7910639416616005
0.005971265317671559,asymmetric_crash,historical_se_penalty,0.5,1,False,5,2.797035206979272,0.002139422615347427,0.0,2026107045,support_mix50,0.002139422615347427,2.7910639416616005
0.029352766885344828,asymmetric_crash,support_mix50,0.5,1,True,5,2.8204167085469454,0.010516694528993944,0.0,2026107045,support_mix50,0.010516694528993944,2.7910639416616005
0.14036634412590887,asymmetric_crash,support_band50,0.5,1,False,5,2.6506975975356917,0.05029133945327843,0.0,2026107045,support_mix50,-0.05029133945327843,2.7910639416616005
0.005971265317671559,asymmetric_crash,historical,0.5,1,False,5,2.797035206979272,0.002139422615347427,0.0,2026107045,support_band50,0.002139422615347427,2.7910639416616005
0.005971265317671559,asymmetric_crash,historical_se_penalty,0.5,1,False,5,2.797035206979272,0.002139422615347427,0.0,2026107045,support_band50,0.002139422615347427,2.7910639416616005
0.029352766885344828,asymmetric_crash,support_mix50,0.5,1,False,5,2.8204167085469454,0.010516694528993944,0.0,2026107045,support_band50,0.010516694528993944,2.7910639416616005
0.14036634412590887,asymmetric_crash,support_band50,0.5,1,True,5,2.6506975975356917,0.05029133945327843,0.0,2026107045,support_band50,-0.05029133945327843,2.7910639416616005
0.17932953188939024,asymmetric_crash,historical,0.2366215937694161,285,False,-1,3.187440957772671,0.05830097657884852,0.09447674943466189,2026107045,fixed_bank,0.044441566321244894,3.0547545903340834
0.17932953188939024,asymmetric_crash,historical_se_penalty,0.2366215937694161,285,False,-1,3.187440957772671,0.05830097657884852,0.09447674943466189,2026107045,fixed_bank,0.044441566321244894,3.0547545903340834
0.24547324923334288,asymmetric_crash,support_mix50,0.2366215937694161,285,False,-1,3.263465090001773,0.08023751372640006,0.09447674943466189,2026107045,fixed_bank,0.06947081103885945,3.0547545903340834
0.101467386289636,asymmetric_crash,support_band50,0.2366215937694161,285,False,-1,3.0214836968615617,0.03247839455881007,0.09447674943466189,2026107045,fixed_bank,-0.010167841075750824,3.0547545903340834
0.06945715984281131,asymmetric_crash,historical,0.125,1,False,0,2.830346370609229,0.023952367501250637,0.08293064515590798,2026107004,equal_weight,-0.023952367501250637,2.8998035304520404
0.06945715984281131,asymmetric_crash,historical_se_penalty,0.125,1,False,0,2.830346370609229,0.023952367501250637,0.08293064515590798,2026107004,equal_weight,-0.023952367501250637,2.8998035304520404
0.2356884136055446,asymmetric_crash,support_mix50,0.125,1,False,0,2.664115116846496,0.08127737314976093,0.08293064515590798,2026107004,equal_weight,-0.08127737314976093,2.8998035304520404
0.2356884136055446,asymmetric_crash,support_band50,0.125,1,False,0,2.664115116846496,0.08127737314976093,0.08293064515590798,2026107004,equal_weight,-0.08127737314976093,2.8998035304520404
0.215425381125518,asymmetric_crash,historical,0.5,1,True,25,2.4623116867312698,0.08045053553295305,0.0,2026107004,historical,-0.08045053553295305,2.677737067856788
0.215425381125518,asymmetric_crash,historical_se_penalty,0.5,1,False,25,2.4623116867312698,0.08045053553295305,0.0,2026107004,historical,-0.08045053553295305,2.677737067856788
0.3191477620786878,asymmetric_crash,support_mix50,0.5,1,False,25,2.3585893057781,0.11918562352879847,0.0,2026107004,historical,-0.11918562352879847,2.677737067856788
0.3191477620786878,asymmetric_crash,support_band50,0.5,1,False,25,2.3585893057781,0.11918562352879847,0.0,2026107004,historical,-0.11918562352879847,2.677737067856788
0.215425381125518,asymmetric_crash,historical,0.5,1,False,25,2.4623116867312698,0.08045053553295305,0.0,2026107004,historical_se_penalty,-0.08045053553295305,2.677737067856788
0.215425381125518,asymmetric_crash,historical_se_penalty,0.5,1,True,25,2.4623116867312698,0.08045053553295305,0.0,2026107004,historical_se_penalty,-0.08045053553295305,2.677737067856788
0.3191477620786878,asymmetric_crash,support_mix50,0.5,1,False,25,2.3585893057781,0.11918562352879847,0.0,2026107004,historical_se_penalty,-0.11918562352879847,2.677737067856788
0.3191477620786878,asymmetric_crash,support_band50,0.5,1,False,25,2.3585893057781,0.11918562352879847,0.0,2026107004,historical_se_penalty,-0.11918562352879847,2.677737067856788
0.215425381125518,asymmetric_crash,historical,0.5,1,False,25,2.4623116867312698,0.08045053553295305,0.0,2026107004,support_mix50,-0.08045053553295305,2.677737067856788
0.215425381125518,asymmetric_crash,historical_se_penalty,0.5,1,False,25,2.4623116867312698,0.08045053553295305,0.0,2026107004,support_mix50,-0.08045053553295305,2.677737067856788
0.3191477620786878,asymmetric_crash,support_mix50,0.5,1,True,25,2.3585893057781,0.11918562352879847,0.0,2026107004,support_mix50,-0.11918562352879847,2.677737067856788
0.3191477620786878,asymmetric_crash,support_band50,0.5,1,False,25,2.3585893057781,0.11918562352879847,0.0,2026107004,support_mix50,-0.11918562352879847,2.677737067856788
0.215425381125518,asymmetric_crash,historical,0.5,1,False,25,2.4623116867312698,0.08045053553295305,0.0,2026107004,support_band50,-0.08045053553295305,2.677737067856788
0.215425381125518,asymmetric_crash,historical_se_penalty,0.5,1,False,25,2.4623116867312698,0.08045053553295305,0.0,2026107004,support_band50,-0.08045053553295305,2.677737067856788
0.3191477620786878,asymmetric_crash,support_mix50,0.5,1,False,25,2.3585893057781,0.11918562352879847,0.0,2026107004,support_band50,-0.11918562352879847,2.677737067856788
0.3191477620786878,asymmetric_crash,support_band50,0.5,1,True,25,2.3585893057781,0.11918562352879847,0.0,2026107004,support_band50,-0.11918562352879847,2.677737067856788
0.12040544019751864,asymmetric_crash,historical,0.24486894542328183,285,False,-1,2.924995808967137,0.03932096400983685,0.12687974527340712,2026107004,fixed_bank,-0.03049330590236269,3.017487664935617
0.12040544019751864,asymmetric_crash,historical_se_penalty,0.24486894542328183,285,False,-1,2.924995808967137,0.03932096400983685,0.12687974527340712,2026107004,fixed_bank,-0.03049330590236269,3.017487664935617
0.24737891314991686,asymmetric_crash,support_mix50,0.24486894542328183,285,False,-1,2.7701087517857004,0.08186831281761657,0.12687974527340712,2026107004,fixed_bank,-0.08186831281761657,3.017487664935617
0.247378913149917,asymmetric_crash,support_band50,0.24486894542328183,285,False,-1,2.7701087517857004,0.0818683128176166,0.12687974527340712,2026107004,fixed_bank,-0.0818683128176166,3.017487664935617
0.05318463452641331,gaussian,historical,0.125,1,False,0,1.126938772017811,0.045067010985024684,0.09307239751658858,2026107032,equal_weight,-0.045067010985024684,1.1801234065442243
0.05318463452641331,gaussian,historical_se_penalty,0.125,1,False,0,1.126938772017811,0.045067010985024684,0.09307239751658858,2026107032,equal_weight,-0.045067010985024684,1.1801234065442243
0.07424618808699757,gaussian,support_mix50,0.125,1,False,0,1.1058772184572268,0.06291391872686769,0.09307239751658858,2026107032,equal_weight,-0.06291391872686769,1.1801234065442243
0.07424618808699757,gaussian,support_band50,0.125,1,False,0,1.1058772184572268,0.06291391872686769,0.09307239751658858,2026107032,equal_weight,-0.06291391872686769,1.1801234065442243
0.03926075558418396,gaussian,historical,0.14491460881992507,1,True,112,1.0611169437605903,0.03567934501722635,0.019209078751126762,2026107032,historical,-0.03567934501722635,1.1003776993447743
0.03926075558418396,gaussian,historical_se_penalty,0.14491460881992507,1,False,112,1.0611169437605903,0.03567934501722635,0.019209078751126762,2026107032,historical,-0.03567934501722635,1.1003776993447743
0.05870142362888431,gaussian,support_mix50,0.14491460881992507,1,False,112,1.04167627571589,0.05334661331635345,0.019209078751126762,2026107032,historical,-0.05334661331635345,1.1003776993447743
0.05870142362888431,gaussian,support_band50,0.14491460881992507,1,False,112,1.04167627571589,0.05334661331635345,0.019209078751126762,2026107032,historical,-0.05334661331635345,1.1003776993447743
0.03926075558418396,gaussian,historical,0.14491460881992507,1,False,112,1.0611169437605903,0.03567934501722635,0.019209078751126762,2026107032,historical_se_penalty,-0.03567934501722635,1.1003776993447743
0.03926075558418396,gaussian,historical_se_penalty,0.14491460881992507,1,True,112,1.0611169437605903,0.03567934501722635,0.019209078751126762,2026107032,historical_se_penalty,-0.03567934501722635,1.1003776993447743
0.05870142362888431,gaussian,support_mix50,0.14491460881992507,1,False,112,1.04167627571589,0.05334661331635345,0.019209078751126762,2026107032,historical_se_penalty,-0.05334661331635345,1.1003776993447743
0.05870142362888431,gaussian,support_band50,0.14491460881992507,1,False,112,1.04167627571589,0.05334661331635345,0.019209078751126762,2026107032,historical_se_penalty,-0.05334661331635345,1.1003776993447743
0.03926075558418396,gaussian,historical,0.14491460881992507,1,False,112,1.0611169437605903,0.03567934501722635,0.019209078751126762,2026107032,support_mix50,-0.03567934501722635,1.1003776993447743
0.03926075558418396,gaussian,historical_se_penalty,0.14491460881992507,1,False,112,1.0611169437605903,0.03567934501722635,0.019209078751126762,2026107032,support_mix50,-0.03567934501722635,1.1003776993447743
0.05870142362888431,gaussian,support_mix50,0.14491460881992507,1,True,112,1.04167627571589,0.05334661331635345,0.019209078751126762,2026107032,support_mix50,-0.05334661331635345,1.1003776993447743
0.05870142362888431,gaussian,support_band50,0.14491460881992507,1,False,112,1.04167627571589,0.05334661331635345,0.019209078751126762,2026107032,support_mix50,-0.05334661331635345,1.1003776993447743
0.03926075558418396,gaussian,historical,0.14491460881992507,1,False,112,1.0611169437605903,0.03567934501722635,0.019209078751126762,2026107032,support_band50,-0.03567934501722635,1.1003776993447743
0.03926075558418396,gaussian,historical_se_penalty,0.14491460881992507,1,False,112,1.0611169437605903,0.03567934501722635,0.019209078751126762,2026107032,support_band50,-0.03567934501722635,1.1003776993447743
0.05870142362888431,gaussian,support_mix50,0.14491460881992507,1,False,112,1.04167627571589,0.05334661331635345,0.019209078751126762,2026107032,support_band50,-0.05334661331635345,1.1003776993447743
0.05870142362888431,gaussian,support_band50,0.14491460881992507,1,True,112,1.04167627571589,0.05334661331635345,0.019209078751126762,2026107032,support_band50,-0.05334661331635345,1.1003776993447743
0.04796510221276911,gaussian,historical,0.24019749892237305,285,False,-1,1.2811068520077609,0.03541418459393631,0.2243187733463115,2026107032,fixed_bank,-0.030044849541092714,1.321822090449016
0.04796510221276911,gaussian,historical_se_penalty,0.24019749892237305,285,False,-1,1.2811068520077609,0.03541418459393631,0.2243187733463115,2026107032,fixed_bank,-0.030044849541092714,1.321822090449016
0.0595270148753265,gaussian,support_mix50,0.24019749892237305,285,False,-1,1.2657527076263755,0.04505186395932016,0.2243187733463115,2026107032,fixed_bank,-0.0425708233644906,1.321822090449016
0.05952701487532652,gaussian,support_band50,0.24019749892237305,285,False,-1,1.2657527076263755,0.04505186395932018,0.2243187733463115,2026107032,fixed_bank,-0.042570823364490626,1.321822090449016
0.16405490533045208,asymmetric_crash,historical,0.125,1,False,0,2.9775299582685983,0.05831041763072594,0.033002051518917774,2026107023,equal_weight,0.05831041763072594,2.8134750529381463
0.16405490533045208,asymmetric_crash,historical_se_penalty,0.125,1,False,0,2.9775299582685983,0.05831041763072594,0.033002051518917774,2026107023,equal_weight,0.05831041763072594,2.8134750529381463
0.23732621390628195,asymmetric_crash,support_mix50,0.125,1,False,0,3.050801266844428,0.08435340973023354,0.033002051518917774,2026107023,equal_weight,0.08435340973023354,2.8134750529381463
0.23732621390628106,asymmetric_crash,support_band50,0.125,1,False,0,3.0508012668444273,0.08435340973023323,0.033002051518917774,2026107023,equal_weight,0.08435340973023323,2.8134750529381463
0.07402867145181036,asymmetric_crash,historical,0.25279470854531455,1,True,183,2.7421962357417113,0.026286491275152746,0.03401169441026486,2026107023,historical,-0.026286491275152746,2.8162249071935217
0.07402867145181036,asymmetric_crash,historical_se_penalty,0.25279470854531455,1,False,183,2.7421962357417113,0.026286491275152746,0.03401169441026486,2026107023,historical,-0.026286491275152746,2.8162249071935217
0.0486461603996764,asymmetric_crash,support_mix50,0.25279470854531455,1,False,183,2.7675787467938453,0.017273535318652587,0.03401169441026486,2026107023,historical,-0.017273535318652587,2.8162249071935217
0.0486461603996764,asymmetric_crash,support_band50,0.25279470854531455,1,False,183,2.7675787467938453,0.017273535318652587,0.03401169441026486,2026107023,historical,-0.017273535318652587,2.8162249071935217
0.04092898120079935,asymmetric_crash,historical,0.5,1,False,16,2.774153187707503,0.014974615365751544,0.0035369638817492888,2026107023,historical_se_penalty,0.014974615365751544,2.7332242065067036
0.04092898120079935,asymmetric_crash,historical_se_penalty,0.5,1,True,16,2.774153187707503,0.014974615365751544,0.0035369638817492888,2026107023,historical_se_penalty,0.014974615365751544,2.7332242065067036
0.03219496890024143,asymmetric_crash,support_mix50,0.5,1,False,16,2.765419175406945,0.011779117433395402,0.0035369638817492888,2026107023,historical_se_penalty,0.011779117433395402,2.7332242065067036
0.03219496890024098,asymmetric_crash,support_band50,0.5,1,False,16,2.7654191754069446,0.01177911743339524,0.0035369638817492888,2026107023,historical_se_penalty,0.01177911743339524,2.7332242065067036
0.04092898120079935,asymmetric_crash,historical,0.5,1,False,16,2.774153187707503,0.014974615365751544,0.0035369638817492888,2026107023,support_mix50,0.014974615365751544,2.7332242065067036
0.04092898120079935,asymmetric_crash,historical_se_penalty,0.5,1,False,16,2.774153187707503,0.014974615365751544,0.0035369638817492888,2026107023,support_mix50,0.014974615365751544,2.7332242065067036
0.03219496890024143,asymmetric_crash,support_mix50,0.5,1,True,16,2.765419175406945,0.011779117433395402,0.0035369638817492888,2026107023,support_mix50,0.011779117433395402,2.7332242065067036
0.03219496890024098,asymmetric_crash,support_band50,0.5,1,False,16,2.7654191754069446,0.01177911743339524,0.0035369638817492888,2026107023,support_mix50,0.01177911743339524,2.7332242065067036
0.04092898120079935,asymmetric_crash,historical,0.5,1,False,16,2.774153187707503,0.014974615365751544,0.0035369638817492888,2026107023,support_band50,0.014974615365751544,2.7332242065067036
0.04092898120079935,asymmetric_crash,historical_se_penalty,0.5,1,False,16,2.774153187707503,0.014974615365751544,0.0035369638817492888,2026107023,support_band50,0.014974615365751544,2.7332242065067036
0.03219496890024143,asymmetric_crash,support_mix50,0.5,1,False,16,2.765419175406945,0.011779117433395402,0.0035369638817492888,2026107023,support_band50,0.011779117433395402,2.7332242065067036
0.03219496890024098,asymmetric_crash,support_band50,0.5,1,True,16,2.7654191754069446,0.01177911743339524,0.0035369638817492888,2026107023,support_band50,0.01177911743339524,2.7332242065067036
0.17214005571254595,asymmetric_crash,historical,0.24340786350200364,285,False,-1,3.0578642683106616,0.058637663101226,0.07134158446468715,2026107023,fixed_bank,0.048402518168811456,2.9178962584194084
0.17214005571254595,asymmetric_crash,historical_se_penalty,0.24340786350200364,285,False,-1,3.0578642683106616,0.058637663101226,0.07134158446468715,2026107023,fixed_bank,0.048402518168811456,2.9178962584194084
0.232550419427057,asymmetric_crash,support_mix50,0.24340786350200364,285,False,-1,3.128218738859797,0.07942643096409537,0.07134158446468715,2026107023,fixed_bank,0.07247284566265431,2.9178962584194084
0.23255041942705695,asymmetric_crash,support_band50,0.24340786350200364,285,False,-1,3.128218738859797,0.07942643096409534,0.07134158446468715,2026107023,fixed_bank,0.07247284566265426,2.9178962584194084
0.007967992140457403,gaussian,historical,0.125,1,False,0,1.116966981708749,0.0070830690890453935,0.04474507542549788,2026107000,equal_weight,-0.0070830690890453935,1.1249349738492065
0.007967992140457403,gaussian,historical_se_penalty,0.125,1,False,0,1.116966981708749,0.0070830690890453935,0.04474507542549788,2026107000,equal_weight,-0.0070830690890453935,1.1249349738492065
0.02306221808108977,gaussian,support_mix50,0.125,1,False,0,1.1018727557681167,0.020500934380391286,0.04474507542549788,2026107000,equal_weight,-0.020500934380391286,1.1249349738492065
0.02306221808108999,gaussian,support_band50,0.125,1,False,0,1.1018727557681165,0.020500934380391484,0.04474507542549788,2026107000,equal_weight,-0.020500934380391484,1.1249349738492065
0.048610375820503204,gaussian,historical,0.19311838853902114,1,True,101,1.054577351284591,0.04406355747635359,0.024548060070706423,2026107000,historical,-0.04406355747635359,1.1031877271050943
0.048610375820503204,gaussian,historical_se_penalty,0.19311838853902114,1,False,101,1.054577351284591,0.04406355747635359,0.024548060070706423,2026107000,historical,-0.04406355747635359,1.1031877271050943
0.028300835312067063,gaussian,support_mix50,0.19311838853902114,1,False,101,1.0748868917930272,0.025653689409990153,0.024548060070706423,2026107000,historical,-0.025653689409990153,1.1031877271050943
0.028300835312067063,gaussian,support_band50,0.19311838853902114,1,False,101,1.0748868917930272,0.025653689409990153,0.024548060070706423,2026107000,historical,-0.025653689409990153,1.1031877271050943
0.048610375820503204,gaussian,historical,0.19311838853902114,1,False,101,1.054577351284591,0.04406355747635359,0.024548060070706423,2026107000,historical_se_penalty,-0.04406355747635359,1.1031877271050943
0.048610375820503204,gaussian,historical_se_penalty,0.19311838853902114,1,True,101,1.054577351284591,0.04406355747635359,0.024548060070706423,2026107000,historical_se_penalty,-0.04406355747635359,1.1031877271050943
0.028300835312067063,gaussian,support_mix50,0.19311838853902114,1,False,101,1.0748868917930272,0.025653689409990153,0.024548060070706423,2026107000,historical_se_penalty,-0.025653689409990153,1.1031877271050943
0.028300835312067063,gaussian,support_band50,0.19311838853902114,1,False,101,1.0748868917930272,0.025653689409990153,0.024548060070706423,2026107000,historical_se_penalty,-0.025653689409990153,1.1031877271050943
0.028703506788131827,gaussian,historical,0.15631188639631804,1,False,277,1.0734454373125333,0.026043219423082062,0.02358332570512811,2026107000,support_mix50,-0.026043219423082062,1.102148944100665
0.028703506788131827,gaussian,historical_se_penalty,0.15631188639631804,1,False,277,1.0734454373125333,0.026043219423082062,0.02358332570512811,2026107000,support_mix50,-0.026043219423082062,1.102148944100665
0.043919977789875775,gaussian,support_mix50,0.15631188639631804,1,True,277,1.0582289663107893,0.03984940331790975,0.02358332570512811,2026107000,support_mix50,-0.03984940331790975,1.102148944100665
0.043919977789875775,gaussian,support_band50,0.15631188639631804,1,False,277,1.0582289663107893,0.03984940331790975,0.02358332570512811,2026107000,support_mix50,-0.03984940331790975,1.102148944100665
0.028703506788131827,gaussian,historical,0.15631188639631804,1,False,277,1.0734454373125333,0.026043219423082062,0.02358332570512811,2026107000,support_band50,-0.026043219423082062,1.102148944100665
0.028703506788131827,gaussian,historical_se_penalty,0.15631188639631804,1,False,277,1.0734454373125333,0.026043219423082062,0.02358332570512811,2026107000,support_band50,-0.026043219423082062,1.102148944100665
0.043919977789875775,gaussian,support_mix50,0.15631188639631804,1,False,277,1.0582289663107893,0.03984940331790975,0.02358332570512811,2026107000,support_band50,-0.03984940331790975,1.102148944100665
0.043919977789875775,gaussian,support_band50,0.15631188639631804,1,True,277,1.0582289663107893,0.03984940331790975,0.02358332570512811,2026107000,support_band50,-0.03984940331790975,1.102148944100665
0.028720735687736303,gaussian,historical,0.24395334502703522,285,False,-1,1.2385125944262703,0.022520947744978613,0.1677272194902198,2026107000,fixed_bank,-0.014766488452972862,1.2573566700807224
0.028720735687736303,gaussian,historical_se_penalty,0.24395334502703522,285,False,-1,1.2385125944262703,0.022520947744978613,0.1677272194902198,2026107000,fixed_bank,-0.014766488452972862,1.2573566700807224
0.03200840011563192,gaussian,support_mix50,0.24395334502703522,285,False,-1,1.2306196724454481,0.025156069349518497,0.1677272194902198,2026107000,fixed_bank,-0.02106086230427691,1.2573566700807224
0.032008400115631934,gaussian,support_band50,0.24395334502703522,285,False,-1,1.2306196724454481,0.02515606934951851,0.1677272194902198,2026107000,fixed_bank,-0.02106086230427693,1.2573566700807224
0.018635954084714967,gaussian,historical,0.125,1,False,0,1.1829285711970368,0.016006246033695427,0.11685729433882841,2026107060,equal_weight,0.016006246033695427,1.1642926171123218
0.018635954084714967,gaussian,historical_se_penalty,0.125,1,False,0,1.1829285711970368,0.016006246033695427,0.11685729433882841,2026107060,equal_weight,0.016006246033695427,1.1642926171123218
0.028378747816116157,gaussian,support_mix50,0.125,1,False,0,1.192671364928438,0.024374240117146083,0.11685729433882841,2026107060,equal_weight,0.024374240117146083,1.1642926171123218
0.028378747816116157,gaussian,support_band50,0.125,1,False,0,1.192671364928438,0.024374240117146083,0.11685729433882841,2026107060,equal_weight,0.024374240117146083,1.1642926171123218
0.007859630216646929,gaussian,historical,0.1661121185111806,1,True,276,1.0427350814402607,0.0074811248614143466,0.0077916409175498025,2026107060,historical,-0.0074811248614143466,1.0505947116569077
0.007859630216646929,gaussian,historical_se_penalty,0.1661121185111806,1,False,276,1.0427350814402607,0.0074811248614143466,0.0077916409175498025,2026107060,historical,-0.0074811248614143466,1.0505947116569077
0.010353047927299741,gaussian,support_mix50,0.1661121185111806,1,False,276,1.0609477595842074,0.009854464154851687,0.0077916409175498025,2026107060,historical,0.009854464154851687,1.0505947116569077
0.010353047927299741,gaussian,support_band50,0.1661121185111806,1,False,276,1.0609477595842074,0.009854464154851687,0.0077916409175498025,2026107060,historical,0.009854464154851687,1.0505947116569077
0.007859630216646929,gaussian,historical,0.1661121185111806,1,False,276,1.0427350814402607,0.0074811248614143466,0.0077916409175498025,2026107060,historical_se_penalty,-0.0074811248614143466,1.0505947116569077
0.007859630216646929,gaussian,historical_se_penalty,0.1661121185111806,1,True,276,1.0427350814402607,0.0074811248614143466,0.0077916409175498025,2026107060,historical_se_penalty,-0.0074811248614143466,1.0505947116569077
0.010353047927299741,gaussian,support_mix50,0.1661121185111806,1,False,276,1.0609477595842074,0.009854464154851687,0.0077916409175498025,2026107060,historical_se_penalty,0.009854464154851687,1.0505947116569077
0.010353047927299741,gaussian,support_band50,0.1661121185111806,1,False,276,1.0609477595842074,0.009854464154851687,0.0077916409175498025,2026107060,historical_se_penalty,0.009854464154851687,1.0505947116569077
0.007859630216646929,gaussian,historical,0.1661121185111806,1,False,276,1.0427350814402607,0.0074811248614143466,0.0077916409175498025,2026107060,support_mix50,-0.0074811248614143466,1.0505947116569077
0.007859630216646929,gaussian,historical_se_penalty,0.1661121185111806,1,False,276,1.0427350814402607,0.0074811248614143466,0.0077916409175498025,2026107060,support_mix50,-0.0074811248614143466,1.0505947116569077
0.010353047927299741,gaussian,support_mix50,0.1661121185111806,1,True,276,1.0609477595842074,0.009854464154851687,0.0077916409175498025,2026107060,support_mix50,0.009854464154851687,1.0505947116569077
0.010353047927299741,gaussian,support_band50,0.1661121185111806,1,False,276,1.0609477595842074,0.009854464154851687,0.0077916409175498025,2026107060,support_mix50,0.009854464154851687,1.0505947116569077
0.007859630216646929,gaussian,historical,0.1661121185111806,1,False,276,1.0427350814402607,0.0074811248614143466,0.0077916409175498025,2026107060,support_band50,-0.0074811248614143466,1.0505947116569077
0.007859630216646929,gaussian,historical_se_penalty,0.1661121185111806,1,False,276,1.0427350814402607,0.0074811248614143466,0.0077916409175498025,2026107060,support_band50,-0.0074811248614143466,1.0505947116569077
0.010353047927299741,gaussian,support_mix50,0.1661121185111806,1,False,276,1.0609477595842074,0.009854464154851687,0.0077916409175498025,2026107060,support_band50,0.009854464154851687,1.0505947116569077
0.010353047927299741,gaussian,support_band50,0.1661121185111806,1,True,276,1.0609477595842074,0.009854464154851687,0.0077916409175498025,2026107060,support_band50,0.009854464154851687,1.0505947116569077
0.039300819152023526,gaussian,historical,0.23853568486178306,285,False,-1,1.291066126819338,0.030619814878056983,0.22919395597198308,2026107060,fixed_bank,0.007519608075645442,1.2814004575083102
0.039300819152023526,gaussian,historical_se_penalty,0.23853568486178306,285,False,-1,1.291066126819338,0.030619814878056983,0.22919395597198308,2026107060,fixed_bank,0.007519608075645442,1.2814004575083102
0.0397952942539394,gaussian,support_mix50,0.23853568486178306,285,False,-1,1.3009699161524495,0.03085356831847796,0.22919395597198308,2026107060,fixed_bank,0.015211130384128779,1.2814004575083102
0.03979529425393939,gaussian,support_band50,0.23853568486178306,285,False,-1,1.3009699161524495,0.03085356831847796,0.22919395597198308,2026107060,fixed_bank,0.01521113038412876,1.2814004575083102
0.06997849791953104,gaussian,historical,0.125,1,False,0,1.2461343724746379,0.0594976392444591,0.05319803002001211,2026107038,equal_weight,0.0594976392444591,1.1761558745551068
0.06997849791953104,gaussian,historical_se_penalty,0.125,1,False,0,1.2461343724746379,0.0594976392444591,0.05319803002001211,2026107038,equal_weight,0.0594976392444591,1.1761558745551068
0.058415627597445674,gaussian,support_mix50,0.125,1,False,0,1.2345715021525525,0.04966656959439325,0.05319803002001211,2026107038,equal_weight,0.04966656959439325,1.1761558745551068
0.058415627597445674,gaussian,support_band50,0.125,1,False,0,1.2345715021525525,0.04966656959439325,0.05319803002001211,2026107038,equal_weight,0.04966656959439325,1.1761558745551068
0.03579778558363511,gaussian,historical,0.22282980934083407,1,True,111,1.1525449129332357,0.03205540870169485,0.0,2026107038,historical,0.03205540870169485,1.1167471273496006
0.03579778558363511,gaussian,historical_se_penalty,0.22282980934083407,1,False,111,1.1525449129332357,0.03205540870169485,0.0,2026107038,historical,0.03205540870169485,1.1167471273496006
0.030680434306473714,gaussian,support_mix50,0.22282980934083407,1,False,111,1.1474275616560743,0.0274730362452673,0.0,2026107038,historical,0.0274730362452673,1.1167471273496006
0.030680434306473714,gaussian,support_band50,0.22282980934083407,1,False,111,1.1474275616560743,0.0274730362452673,0.0,2026107038,historical,0.0274730362452673,1.1167471273496006
0.03579778558363511,gaussian,historical,0.22282980934083407,1,False,111,1.1525449129332357,0.03205540870169485,0.0,2026107038,historical_se_penalty,0.03205540870169485,1.1167471273496006
0.03579778558363511,gaussian,historical_se_penalty,0.22282980934083407,1,True,111,1.1525449129332357,0.03205540870169485,0.0,2026107038,historical_se_penalty,0.03205540870169485,1.1167471273496006
0.030680434306473714,gaussian,support_mix50,0.22282980934083407,1,False,111,1.1474275616560743,0.0274730362452673,0.0,2026107038,historical_se_penalty,0.0274730362452673,1.1167471273496006
0.030680434306473714,gaussian,support_band50,0.22282980934083407,1,False,111,1.1474275616560743,0.0274730362452673,0.0,2026107038,historical_se_penalty,0.0274730362452673,1.1167471273496006
0.03579778558363511,gaussian,historical,0.22282980934083407,1,False,111,1.1525449129332357,0.03205540870169485,0.0,2026107038,support_mix50,0.03205540870169485,1.1167471273496006
0.03579778558363511,gaussian,historical_se_penalty,0.22282980934083407,1,False,111,1.1525449129332357,0.03205540870169485,0.0,2026107038,support_mix50,0.03205540870169485,1.1167471273496006
0.030680434306473714,gaussian,support_mix50,0.22282980934083407,1,True,111,1.1474275616560743,0.0274730362452673,0.0,2026107038,support_mix50,0.0274730362452673,1.1167471273496006
0.030680434306473714,gaussian,support_band50,0.22282980934083407,1,False,111,1.1474275616560743,0.0274730362452673,0.0,2026107038,support_mix50,0.0274730362452673,1.1167471273496006
0.03579778558363511,gaussian,historical,0.22282980934083407,1,False,111,1.1525449129332357,0.03205540870169485,0.0,2026107038,support_band50,0.03205540870169485,1.1167471273496006
0.03579778558363511,gaussian,historical_se_penalty,0.22282980934083407,1,False,111,1.1525449129332357,0.03205540870169485,0.0,2026107038,support_band50,0.03205540870169485,1.1167471273496006
0.030680434306473714,gaussian,support_mix50,0.22282980934083407,1,False,111,1.1474275616560743,0.0274730362452673,0.0,2026107038,support_band50,0.0274730362452673,1.1167471273496006
0.030680434306473714,gaussian,support_band50,0.22282980934083407,1,True,111,1.1474275616560743,0.0274730362452673,0.0,2026107038,support_band50,0.0274730362452673,1.1167471273496006
0.05485454961957115,gaussian,historical,0.23751259475082262,285,False,-1,1.3587447267769912,0.04206236646472625,0.1711764444857974,2026107038,fixed_bank,0.03946416245118406,1.3079079299990335
0.05485454961957115,gaussian,historical_se_penalty,0.23751259475082262,285,False,-1,1.3587447267769912,0.04206236646472625,0.1711764444857974,2026107038,fixed_bank,0.03946416245118406,1.3079079299990335
0.05700557626153404,gaussian,support_mix50,0.23751259475082262,285,False,-1,1.3637049798399454,0.04365963702345915,0.1711764444857974,2026107038,fixed_bank,0.04288882920570679,1.3079079299990335
0.057005576261534,gaussian,support_band50,0.23751259475082262,285,False,-1,1.3637049798399454,0.04365963702345913,0.1711764444857974,2026107038,fixed_bank,0.042888829205706754,1.3079079299990335
0.18223141271797072,asymmetric_crash,historical,0.125,1,False,0,3.0057400766487063,0.06454076626217184,0.030666038026033293,2026107016,equal_weight,0.06454076626217184,2.8235086639307356
0.18223141271797072,asymmetric_crash,historical_se_penalty,0.125,1,False,0,3.0057400766487063,0.06454076626217184,0.030666038026033293,2026107016,equal_weight,0.06454076626217184,2.8235086639307356
0.27716164617323313,asymmetric_crash,support_mix50,0.125,1,False,0,3.1006703101039688,0.09816213766717603,0.030666038026033293,2026107016,equal_weight,0.09816213766717603,2.8235086639307356
0.27716164617323313,asymmetric_crash,support_band50,0.125,1,False,0,3.1006703101039688,0.09816213766717603,0.030666038026033293,2026107016,equal_weight,0.09816213766717603,2.8235086639307356
0.017842300934163724,asymmetric_crash,historical,0.5,1,True,2,2.7624087168418927,0.006500954333168367,0.0018497304856583963,2026107016,historical,0.006500954333168367,2.744566415907729
0.017842300934163724,asymmetric_crash,historical_se_penalty,0.5,1,False,2,2.7624087168418927,0.006500954333168367,0.0018497304856583963,2026107016,historical,0.006500954333168367,2.744566415907729
0.07655220027680043,asymmetric_crash,support_mix50,0.5,1,False,2,2.8211186161845294,0.027892274653328733,0.0018497304856583963,2026107016,historical,0.027892274653328733,2.744566415907729
0.07655220027680043,asymmetric_crash,support_band50,0.5,1,False,2,2.8211186161845294,0.027892274653328733,0.0018497304856583963,2026107016,historical,0.027892274653328733,2.744566415907729
0.017842300934163724,asymmetric_crash,historical,0.5,1,False,2,2.7624087168418927,0.006500954333168367,0.0018497304856583963,2026107016,historical_se_penalty,0.006500954333168367,2.744566415907729
0.017842300934163724,asymmetric_crash,historical_se_penalty,0.5,1,True,2,2.7624087168418927,0.006500954333168367,0.0018497304856583963,2026107016,historical_se_penalty,0.006500954333168367,2.744566415907729
0.07655220027680043,asymmetric_crash,support_mix50,0.5,1,False,2,2.8211186161845294,0.027892274653328733,0.0018497304856583963,2026107016,historical_se_penalty,0.027892274653328733,2.744566415907729
0.07655220027680043,asymmetric_crash,support_band50,0.5,1,False,2,2.8211186161845294,0.027892274653328733,0.0018497304856583963,2026107016,historical_se_penalty,0.027892274653328733,2.744566415907729
0.017842300934163724,asymmetric_crash,historical,0.5,1,False,2,2.7624087168418927,0.006500954333168367,0.0018497304856583963,2026107016,support_mix50,0.006500954333168367,2.744566415907729
0.017842300934163724,asymmetric_crash,historical_se_penalty,0.5,1,False,2,2.7624087168418927,0.006500954333168367,0.0018497304856583963,2026107016,support_mix50,0.006500954333168367,2.744566415907729
0.07655220027680043,asymmetric_crash,support_mix50,0.5,1,True,2,2.8211186161845294,0.027892274653328733,0.0018497304856583963,2026107016,support_mix50,0.027892274653328733,2.744566415907729
0.07655220027680043,asymmetric_crash,support_band50,0.5,1,False,2,2.8211186161845294,0.027892274653328733,0.0018497304856583963,2026107016,support_mix50,0.027892274653328733,2.744566415907729
0.017842300934163724,asymmetric_crash,historical,0.5,1,False,2,2.7624087168418927,0.006500954333168367,0.0018497304856583963,2026107016,support_band50,0.006500954333168367,2.744566415907729
0.017842300934163724,asymmetric_crash,historical_se_penalty,0.5,1,False,2,2.7624087168418927,0.006500954333168367,0.0018497304856583963,2026107016,support_band50,0.006500954333168367,2.744566415907729
0.07655220027680043,asymmetric_crash,support_mix50,0.5,1,False,2,2.8211186161845294,0.027892274653328733,0.0018497304856583963,2026107016,support_band50,0.027892274653328733,2.744566415907729
0.07655220027680043,asymmetric_crash,support_band50,0.5,1,True,2,2.8211186161845294,0.027892274653328733,0.0018497304856583963,2026107016,support_band50,0.027892274653328733,2.744566415907729
0.1702369262059984,asymmetric_crash,historical,0.23987430222459177,285,False,-1,3.0911028735786794,0.05756433127363941,0.07331867311573444,2026107016,fixed_bank,0.05137268835516223,2.9403555185587384
0.1702369262059984,asymmetric_crash,historical_se_penalty,0.23987430222459177,285,False,-1,3.0911028735786794,0.05756433127363941,0.07331867311573444,2026107016,fixed_bank,0.05137268835516223,2.9403555185587384
0.24141191577285523,asymmetric_crash,support_mix50,0.23987430222459177,285,False,-1,3.1816385347048253,0.08233490850527146,0.07331867311573444,2026107016,fixed_bank,0.08229640714278165,2.9403555185587384
0.24141191577285512,asymmetric_crash,support_band50,0.23987430222459177,285,False,-1,3.1816385347048253,0.08233490850527143,0.07331867311573444,2026107016,fixed_bank,0.08229640714278161,2.9403555185587384
0.029701608835434046,gaussian,historical,0.125,1,False,0,1.2400480656572377,0.023391704232805823,0.07420209655772747,2026107031,equal_weight,-0.023391704232805823,1.2697496744926717
0.029701608835434046,gaussian,historical_se_penalty,0.125,1,False,0,1.2400480656572377,0.023391704232805823,0.07420209655772747,2026107031,equal_weight,-0.023391704232805823,1.2697496744926717
0.0464931566529565,gaussian,support_mix50,0.125,1,False,0,1.2232565178397152,0.0366160020253857,0.07420209655772747,2026107031,equal_weight,-0.0366160020253857,1.2697496744926717
0.0464931566529565,gaussian,support_band50,0.125,1,False,0,1.2232565178397152,0.0366160020253857,0.07420209655772747,2026107031,equal_weight,-0.0366160020253857,1.2697496744926717
0.10650971401490317,gaussian,historical,0.17904247343694787,1,True,162,1.1323050437632993,0.0859771110621308,0.04803130631531305,2026107031,historical,-0.0859771110621308,1.2388147577782025
0.10650971401490317,gaussian,historical_se_penalty,0.17904247343694787,1,False,162,1.1323050437632993,0.0859771110621308,0.04803130631531305,2026107031,historical,-0.0859771110621308,1.2388147577782025
0.10027571965074022,gaussian,support_mix50,0.17904247343694787,1,False,162,1.1385390381274623,0.08094488624803226,0.04803130631531305,2026107031,historical,-0.08094488624803226,1.2388147577782025
0.10027571965074022,gaussian,support_band50,0.17904247343694787,1,False,162,1.1385390381274623,0.08094488624803226,0.04803130631531305,2026107031,historical,-0.08094488624803226,1.2388147577782025
0.10650971401490317,gaussian,historical,0.17904247343694787,1,False,162,1.1323050437632993,0.0859771110621308,0.04803130631531305,2026107031,historical_se_penalty,-0.0859771110621308,1.2388147577782025
0.10650971401490317,gaussian,historical_se_penalty,0.17904247343694787,1,True,162,1.1323050437632993,0.0859771110621308,0.04803130631531305,2026107031,historical_se_penalty,-0.0859771110621308,1.2388147577782025
0.10027571965074022,gaussian,support_mix50,0.17904247343694787,1,False,162,1.1385390381274623,0.08094488624803226,0.04803130631531305,2026107031,historical_se_penalty,-0.08094488624803226,1.2388147577782025
0.10027571965074022,gaussian,support_band50,0.17904247343694787,1,False,162,1.1385390381274623,0.08094488624803226,0.04803130631531305,2026107031,historical_se_penalty,-0.08094488624803226,1.2388147577782025
0.10650971401490317,gaussian,historical,0.17904247343694787,1,False,162,1.1323050437632993,0.0859771110621308,0.04803130631531305,2026107031,support_mix50,-0.0859771110621308,1.2388147577782025
0.10650971401490317,gaussian,historical_se_penalty,0.17904247343694787,1,False,162,1.1323050437632993,0.0859771110621308,0.04803130631531305,2026107031,support_mix50,-0.0859771110621308,1.2388147577782025
0.10027571965074022,gaussian,support_mix50,0.17904247343694787,1,True,162,1.1385390381274623,0.08094488624803226,0.04803130631531305,2026107031,support_mix50,-0.08094488624803226,1.2388147577782025
0.10027571965074022,gaussian,support_band50,0.17904247343694787,1,False,162,1.1385390381274623,0.08094488624803226,0.04803130631531305,2026107031,support_mix50,-0.08094488624803226,1.2388147577782025
0.10650971401490317,gaussian,historical,0.17904247343694787,1,False,162,1.1323050437632993,0.0859771110621308,0.04803130631531305,2026107031,support_band50,-0.0859771110621308,1.2388147577782025
0.10650971401490317,gaussian,historical_se_penalty,0.17904247343694787,1,False,162,1.1323050437632993,0.0859771110621308,0.04803130631531305,2026107031,support_band50,-0.0859771110621308,1.2388147577782025
0.10027571965074022,gaussian,support_mix50,0.17904247343694787,1,False,162,1.1385390381274623,0.08094488624803226,0.04803130631531305,2026107031,support_band50,-0.08094488624803226,1.2388147577782025
0.10027571965074022,gaussian,support_band50,0.17904247343694787,1,True,162,1.1385390381274623,0.08094488624803226,0.04803130631531305,2026107031,support_band50,-0.08094488624803226,1.2388147577782025
0.05781766298451361,gaussian,historical,0.24153000667545652,285,False,-1,1.3686721246264684,0.040137157880602126,0.2007607900818013,2026107031,fixed_bank,-0.034997733983079544,1.4193470923541391
0.05781766298451361,gaussian,historical_se_penalty,0.24153000667545652,285,False,-1,1.3686721246264684,0.040137157880602126,0.2007607900818013,2026107031,fixed_bank,-0.034997733983079544,1.4193470923541391
0.059454852907001955,gaussian,support_mix50,0.24153000667545652,285,False,-1,1.3695918199573351,0.04135264042149993,0.2007607900818013,2026107031,fixed_bank,-0.03456175345056386,1.4193470923541391
0.05945485290700199,gaussian,support_band50,0.24153000667545652,285,False,-1,1.3695918199573351,0.041352640421499956,0.2007607900818013,2026107031,fixed_bank,-0.034561753450563885,1.4193470923541391
0.0033610929138656598,gaussian,historical,0.125,1,False,0,1.3435647044244718,0.002495380904061324,0.13171499565194655,2026107005,equal_weight,-0.002495380904061324,1.3469257973383375
0.0033610929138656598,gaussian,historical_se_penalty,0.125,1,False,0,1.3435647044244718,0.002495380904061324,0.13171499565194655,2026107005,equal_weight,-0.002495380904061324,1.3469257973383375
0.009567678323730844,gaussian,support_mix50,0.125,1,False,0,1.3373581190146067,0.007103344774179505,0.13171499565194655,2026107005,equal_weight,-0.007103344774179505,1.3469257973383375
0.009567678323730844,gaussian,support_band50,0.125,1,False,0,1.3373581190146067,0.007103344774179505,0.13171499565194655,2026107005,equal_weight,-0.007103344774179505,1.3469257973383375
0.021673494439935492,gaussian,historical,0.2202779026456881,1,True,90,1.1684899323178892,0.018210519625004095,0.0,2026107005,historical,-0.018210519625004095,1.1901634267578247
0.021673494439935492,gaussian,historical_se_penalty,0.2202779026456881,1,False,90,1.1684899323178892,0.018210519625004095,0.0,2026107005,historical,-0.018210519625004095,1.1901634267578247
0.025371320404814268,gaussian,support_mix50,0.2202779026456881,1,False,90,1.1647921063530104,0.021317509708670322,0.0,2026107005,historical,-0.021317509708670322,1.1901634267578247
0.025371320404814268,gaussian,support_band50,0.2202779026456881,1,False,90,1.1647921063530104,0.021317509708670322,0.0,2026107005,historical,-0.021317509708670322,1.1901634267578247
0.021673494439935492,gaussian,historical,0.2202779026456881,1,False,90,1.1684899323178892,0.018210519625004095,0.0,2026107005,historical_se_penalty,-0.018210519625004095,1.1901634267578247
0.021673494439935492,gaussian,historical_se_penalty,0.2202779026456881,1,True,90,1.1684899323178892,0.018210519625004095,0.0,2026107005,historical_se_penalty,-0.018210519625004095,1.1901634267578247
0.025371320404814268,gaussian,support_mix50,0.2202779026456881,1,False,90,1.1647921063530104,0.021317509708670322,0.0,2026107005,historical_se_penalty,-0.021317509708670322,1.1901634267578247
0.025371320404814268,gaussian,support_band50,0.2202779026456881,1,False,90,1.1647921063530104,0.021317509708670322,0.0,2026107005,historical_se_penalty,-0.021317509708670322,1.1901634267578247
0.006927921368304224,gaussian,historical,0.2580830699038207,1,False,89,1.1924073351704303,0.005776467697862992,0.0077063616430350645,2026107005,support_mix50,-0.005776467697862992,1.1993352565387345
0.006927921368304224,gaussian,historical_se_penalty,0.2580830699038207,1,False,89,1.1924073351704303,0.005776467697862992,0.0077063616430350645,2026107005,support_mix50,-0.005776467697862992,1.1993352565387345
0.03964886580697424,gaussian,support_mix50,0.2580830699038207,1,True,89,1.1596863907317603,0.033059034653413207,0.0077063616430350645,2026107005,support_mix50,-0.033059034653413207,1.1993352565387345
0.039648865806974465,gaussian,support_band50,0.2580830699038207,1,False,89,1.15968639073176,0.033059034653413394,0.0077063616430350645,2026107005,support_mix50,-0.033059034653413394,1.1993352565387345
0.006927921368304224,gaussian,historical,0.2580830699038207,1,False,89,1.1924073351704303,0.005776467697862992,0.0077063616430350645,2026107005,support_band50,-0.005776467697862992,1.1993352565387345
0.006927921368304224,gaussian,historical_se_penalty,0.2580830699038207,1,False,89,1.1924073351704303,0.005776467697862992,0.0077063616430350645,2026107005,support_band50,-0.005776467697862992,1.1993352565387345
0.03964886580697424,gaussian,support_mix50,0.2580830699038207,1,False,89,1.1596863907317603,0.033059034653413207,0.0077063616430350645,2026107005,support_band50,-0.033059034653413207,1.1993352565387345
0.039648865806974465,gaussian,support_band50,0.2580830699038207,1,True,89,1.15968639073176,0.033059034653413394,0.0077063616430350645,2026107005,support_band50,-0.033059034653413394,1.1993352565387345
0.029822604822753188,gaussian,historical,0.23999345229506586,285,False,-1,1.5028584472677933,0.019882667235446162,0.26644781010563334,2026107005,fixed_bank,-0.003311977381050732,1.5072798654852635
0.029822604822753188,gaussian,historical_se_penalty,0.23999345229506586,285,False,-1,1.5028584472677933,0.019882667235446162,0.26644781010563334,2026107005,fixed_bank,-0.003311977381050732,1.5072798654852635
0.030090545971900664,gaussian,support_mix50,0.23999345229506586,285,False,-1,1.4934851979210495,0.02014838196258599,0.26644781010563334,2026107005,fixed_bank,-0.009529659677270735,1.5072798654852635
0.030090545971900678,gaussian,support_band50,0.23999345229506586,285,False,-1,1.4934851979210495,0.020148381962585997,0.26644781010563334,2026107005,fixed_bank,-0.009529659677270761,1.5072798654852635
0.07245487987581156,gaussian,historical,0.125,1,False,0,1.2599816408276547,0.05437773488643095,0.08829054285098437,2026107034,equal_weight,-0.05437773488643095,1.3324365207034663
0.07245487987581156,gaussian,historical_se_penalty,0.125,1,False,0,1.2599816408276547,0.05437773488643095,0.08829054285098437,2026107034,equal_weight,-0.05437773488643095,1.3324365207034663
0.08620169468238825,gaussian,support_mix50,0.125,1,False,0,1.246234826021078,0.0646947853372239,0.08829054285098437,2026107034,equal_weight,-0.0646947853372239,1.3324365207034663
0.08620169468238825,gaussian,support_band50,0.125,1,False,0,1.246234826021078,0.0646947853372239,0.08829054285098437,2026107034,equal_weight,-0.0646947853372239,1.3324365207034663
0.11132823496880473,gaussian,historical,0.202221735611338,1,True,38,1.146230237702552,0.08852728313484842,0.027132603786492293,2026107034,historical,-0.08852728313484842,1.2575584726713567
0.11132823496880473,gaussian,historical_se_penalty,0.202221735611338,1,False,38,1.146230237702552,0.08852728313484842,0.027132603786492293,2026107034,historical,-0.08852728313484842,1.2575584726713567
0.08612493347317263,gaussian,support_mix50,0.202221735611338,1,False,38,1.171433539198184,0.0684858281700592,0.027132603786492293,2026107034,historical,-0.0684858281700592,1.2575584726713567
0.08612493347317263,gaussian,support_band50,0.202221735611338,1,False,38,1.171433539198184,0.0684858281700592,0.027132603786492293,2026107034,historical,-0.0684858281700592,1.2575584726713567
0.1568983898937546,gaussian,historical,0.1809906595538005,1,False,130,1.154472028866354,0.11964460052568589,0.07108444022360594,2026107034,historical_se_penalty,-0.11964460052568589,1.3113704187601085
0.1568983898937546,gaussian,historical_se_penalty,0.1809906595538005,1,True,130,1.154472028866354,0.11964460052568589,0.07108444022360594,2026107034,historical_se_penalty,-0.11964460052568589,1.3113704187601085
0.14459817345033255,gaussian,support_mix50,0.1809906595538005,1,False,130,1.166772245309776,0.11026493459189746,0.07108444022360594,2026107034,historical_se_penalty,-0.11026493459189746,1.3113704187601085
0.14459817345033255,gaussian,support_band50,0.1809906595538005,1,False,130,1.166772245309776,0.11026493459189746,0.07108444022360594,2026107034,historical_se_penalty,-0.11026493459189746,1.3113704187601085
0.1568983898937546,gaussian,historical,0.1809906595538005,1,False,130,1.154472028866354,0.11964460052568589,0.07108444022360594,2026107034,support_mix50,-0.11964460052568589,1.3113704187601085
0.1568983898937546,gaussian,historical_se_penalty,0.1809906595538005,1,False,130,1.154472028866354,0.11964460052568589,0.07108444022360594,2026107034,support_mix50,-0.11964460052568589,1.3113704187601085
0.14459817345033255,gaussian,support_mix50,0.1809906595538005,1,True,130,1.166772245309776,0.11026493459189746,0.07108444022360594,2026107034,support_mix50,-0.11026493459189746,1.3113704187601085
0.14459817345033255,gaussian,support_band50,0.1809906595538005,1,False,130,1.166772245309776,0.11026493459189746,0.07108444022360594,2026107034,support_mix50,-0.11026493459189746,1.3113704187601085
0.1568983898937546,gaussian,historical,0.1809906595538005,1,False,130,1.154472028866354,0.11964460052568589,0.07108444022360594,2026107034,support_band50,-0.11964460052568589,1.3113704187601085
0.1568983898937546,gaussian,historical_se_penalty,0.1809906595538005,1,False,130,1.154472028866354,0.11964460052568589,0.07108444022360594,2026107034,support_band50,-0.11964460052568589,1.3113704187601085
0.14459817345033255,gaussian,support_mix50,0.1809906595538005,1,False,130,1.166772245309776,0.11026493459189746,0.07108444022360594,2026107034,support_band50,-0.11026493459189746,1.3113704187601085
0.14459817345033255,gaussian,support_band50,0.1809906595538005,1,True,130,1.166772245309776,0.11026493459189746,0.07108444022360594,2026107034,support_band50,-0.11026493459189746,1.3113704187601085
0.06322476246087243,gaussian,historical,0.24150383187838642,285,False,-1,1.435555848676465,0.042750400016315325,0.21670964527285522,2026107034,fixed_bank,-0.03699877518939763,1.4896650321031921
0.06322476246087243,gaussian,historical_se_penalty,0.24150383187838642,285,False,-1,1.435555848676465,0.042750400016315325,0.21670964527285522,2026107034,fixed_bank,-0.03699877518939763,1.4896650321031921
0.07611452899980099,gaussian,support_mix50,0.24150383187838642,285,False,-1,1.434092834370319,0.05102752737100627,0.21670964527285522,2026107034,fixed_bank,-0.037971664803812734,1.4896650321031921
0.07611452899980102,gaussian,support_band50,0.24150383187838642,285,False,-1,1.4340928343703188,0.05102752737100628,0.21670964527285522,2026107034,fixed_bank,-0.03797166480381277,1.4896650321031921
0.3508787553945183,asymmetric_crash,historical,0.125,1,False,0,3.2030398847190984,0.12302206624546834,0.030922357467218387,2026107025,equal_weight,0.12302206624546834,2.85216112932458
0.3508787553945183,asymmetric_crash,historical_se_penalty,0.125,1,False,0,3.2030398847190984,0.12302206624546834,0.030922357467218387,2026107025,equal_weight,0.12302206624546834,2.85216112932458
0.36722099574498746,asymmetric_crash,support_mix50,0.125,1,False,0,3.2193821250695676,0.12875184083023705,0.030922357467218387,2026107025,equal_weight,0.12875184083023705,2.85216112932458
0.20393138833599345,asymmetric_crash,support_band50,0.125,1,False,0,3.0560925176605735,0.07150065479795892,0.030922357467218387,2026107025,equal_weight,0.07150065479795892,2.85216112932458
0.035758934518022034,asymmetric_crash,historical,0.5,1,True,9,2.8465601979311184,0.012406306475729233,0.04182305987074564,2026107025,historical,-0.012406306475729233,2.8823191324491404
0.035758934518022034,asymmetric_crash,historical_se_penalty,0.5,1,False,9,2.8465601979311184,0.012406306475729233,0.04182305987074564,2026107025,historical,-0.012406306475729233,2.8823191324491404
0.05370616567055775,asymmetric_crash,support_mix50,0.5,1,False,9,2.936025298119698,0.018632969911601353,0.04182305987074564,2026107025,historical,0.018632969911601353,2.8823191324491404
0.07314017359874647,asymmetric_crash,support_band50,0.5,1,False,9,2.809178958850394,0.02537545991189338,0.04182305987074564,2026107025,historical,-0.02537545991189338,2.8823191324491404
0.07863938287506356,asymmetric_crash,historical,0.2745980079959219,1,False,224,2.9478021206830327,0.02598410799700229,0.09391653140003298,2026107025,historical_se_penalty,-0.02598410799700229,3.0264415035580963
0.07863938287506356,asymmetric_crash,historical_se_penalty,0.2745980079959219,1,True,224,2.9478021206830327,0.02598410799700229,0.09391653140003298,2026107025,historical_se_penalty,-0.02598410799700229,3.0264415035580963
0.03452828397383989,asymmetric_crash,support_mix50,0.2745980079959219,1,False,224,3.060969787531936,0.011408872080707995,0.09391653140003298,2026107025,historical_se_penalty,0.011408872080707995,3.0264415035580963
0.03908483591359291,asymmetric_crash,support_band50,0.2745980079959219,1,False,224,2.9873566676445034,0.01291445278808199,0.09391653140003298,2026107025,historical_se_penalty,-0.01291445278808199,3.0264415035580963
0.126622110868559,asymmetric_crash,historical,0.5,1,False,8,2.8932331060280796,0.04576794897804492,0.0,2026107025,support_mix50,0.04576794897804492,2.7666109951595206
0.126622110868559,asymmetric_crash,historical_se_penalty,0.5,1,False,8,2.8932331060280796,0.04576794897804492,0.0,2026107025,support_mix50,0.04576794897804492,2.7666109951595206
0.15907777888926722,asymmetric_crash,support_mix50,0.5,1,True,8,2.925688774048788,0.05749914938080947,0.0,2026107025,support_mix50,0.05749914938080947,2.7666109951595206
0.028535023675197113,asymmetric_crash,support_band50,0.5,1,False,8,2.7951460188347177,0.01031407152112175,0.0,2026107025,support_mix50,0.01031407152112175,2.7666109951595206
0.126622110868559,asymmetric_crash,historical,0.5,1,False,8,2.8932331060280796,0.04576794897804492,0.0,2026107025,support_band50,0.04576794897804492,2.7666109951595206
0.126622110868559,asymmetric_crash,historical_se_penalty,0.5,1,False,8,2.8932331060280796,0.04576794897804492,0.0,2026107025,support_band50,0.04576794897804492,2.7666109951595206
0.15907777888926722,asymmetric_crash,support_mix50,0.5,1,False,8,2.925688774048788,0.05749914938080947,0.0,2026107025,support_band50,0.05749914938080947,2.7666109951595206
0.028535023675197113,asymmetric_crash,support_band50,0.5,1,True,8,2.7951460188347177,0.01031407152112175,0.0,2026107025,support_band50,0.01031407152112175,2.7666109951595206
0.3719852036283808,asymmetric_crash,historical,0.23845639162936624,285,False,-1,3.330304700562018,0.1250725843333344,0.0707467640750388,2026107025,fixed_bank,0.12385516135793977,2.9623397705214796
0.3719852036283808,asymmetric_crash,historical_se_penalty,0.23845639162936624,285,False,-1,3.330304700562018,0.1250725843333344,0.0707467640750388,2026107025,fixed_bank,0.12385516135793977,2.9623397705214796
0.40512659216543995,asymmetric_crash,support_mix50,0.23845639162936624,285,False,-1,3.3671864134430747,0.1360946013272018,0.0707467640750388,2026107025,fixed_bank,0.13601393814202214,2.9623397705214796
0.24036860681896688,asymmetric_crash,support_band50,0.23845639162936624,285,False,-1,3.2010154585007924,0.08046993831567666,0.0707467640750388,2026107025,fixed_bank,0.0799306987116544,2.9623397705214796
0.35497105657712424,asymmetric_crash,historical,0.125,1,False,0,2.48336252829189,0.1250631914689146,0.019279288415275042,2026107038,equal_weight,-0.1250631914689146,2.838333584869014
0.35497105657712424,asymmetric_crash,historical_se_penalty,0.125,1,False,0,2.48336252829189,0.1250631914689146,0.019279288415275042,2026107038,equal_weight,-0.1250631914689146,2.838333584869014
0.2715316785839095,asymmetric_crash,support_mix50,0.125,1,False,0,2.5668019062851046,0.09566587945526507,0.019279288415275042,2026107038,equal_weight,-0.09566587945526507,2.838333584869014
0.5175096773047532,asymmetric_crash,support_band50,0.125,1,False,0,2.320823907564261,0.18232870162392686,0.019279288415275042,2026107038,equal_weight,-0.18232870162392686,2.838333584869014
0.4774449076021634,asymmetric_crash,historical,0.5,1,True,20,2.349931082085238,0.1688650216114166,0.015344285891611964,2026107038,historical,-0.1688650216114166,2.8273759896874013
0.4774449076021634,asymmetric_crash,historical_se_penalty,0.5,1,False,20,2.349931082085238,0.1688650216114166,0.015344285891611964,2026107038,historical,-0.1688650216114166,2.8273759896874013
0.32292921571920274,asymmetric_crash,support_mix50,0.5,1,False,20,2.5044467739681986,0.11421516519099614,0.015344285891611964,2026107038,historical,-0.11421516519099614,2.8273759896874013
0.5208307269012158,asymmetric_crash,support_band50,0.5,1,False,20,2.3065452627861855,0.184209927792023,0.015344285891611964,2026107038,historical,-0.184209927792023,2.8273759896874013
0.4774449076021634,asymmetric_crash,historical,0.5,1,False,20,2.349931082085238,0.1688650216114166,0.015344285891611964,2026107038,historical_se_penalty,-0.1688650216114166,2.8273759896874013
0.4774449076021634,asymmetric_crash,historical_se_penalty,0.5,1,True,20,2.349931082085238,0.1688650216114166,0.015344285891611964,2026107038,historical_se_penalty,-0.1688650216114166,2.8273759896874013
0.32292921571920274,asymmetric_crash,support_mix50,0.5,1,False,20,2.5044467739681986,0.11421516519099614,0.015344285891611964,2026107038,historical_se_penalty,-0.11421516519099614,2.8273759896874013
0.5208307269012158,asymmetric_crash,support_band50,0.5,1,False,20,2.3065452627861855,0.184209927792023,0.015344285891611964,2026107038,historical_se_penalty,-0.184209927792023,2.8273759896874013
0.41935239701499594,asymmetric_crash,historical,0.20064556325183638,1,False,280,2.441662867845728,0.146574680032478,0.027424548988330466,2026107038,support_mix50,-0.146574680032478,2.861015264860724
0.41935239701499594,asymmetric_crash,historical_se_penalty,0.20064556325183638,1,False,280,2.441662867845728,0.146574680032478,0.027424548988330466,2026107038,support_mix50,-0.146574680032478,2.861015264860724
0.40610034642214154,asymmetric_crash,support_mix50,0.20064556325183638,1,True,280,2.4549149184385826,0.14194274019083597,0.027424548988330466,2026107038,support_mix50,-0.14194274019083597,2.861015264860724
0.5962576744349657,asymmetric_crash,support_band50,0.20064556325183638,1,False,280,2.2647575904257584,0.20840772216711395,0.027424548988330466,2026107038,support_mix50,-0.20840772216711395,2.861015264860724
0.40439472421679135,asymmetric_crash,historical,0.22815181603543044,1,False,257,2.38025283718114,0.14522294663881258,0.0,2026107038,support_band50,-0.14522294663881258,2.7846475613979313
0.40439472421679135,asymmetric_crash,historical_se_penalty,0.22815181603543044,1,False,257,2.38025283718114,0.14522294663881258,0.0,2026107038,support_band50,-0.14522294663881258,2.7846475613979313
0.32934232127614127,asymmetric_crash,support_mix50,0.22815181603543044,1,False,257,2.45530524012179,0.11827073768387655,0.0,2026107038,support_band50,-0.11827073768387655,2.7846475613979313
0.5463719593326015,asymmetric_crash,support_band50,0.22815181603543044,1,True,257,2.23827560206533,0.19620865739228963,0.0,2026107038,support_band50,-0.19620865739228963,2.7846475613979313
0.3208736275029023,asymmetric_crash,historical,0.23751259475082262,285,False,-1,2.6266827693159054,0.10903662829501455,0.05847541276387513,2026107038,fixed_bank,-0.10901258139295077,2.947480976952594
0.3208736275029023,asymmetric_crash,historical_se_penalty,0.23751259475082262,285,False,-1,2.6266827693159054,0.10903662829501455,0.05847541276387513,2026107038,fixed_bank,-0.10901258139295077,2.947480976952594
0.2554241742034748,asymmetric_crash,support_mix50,0.23751259475082262,285,False,-1,2.693354502079671,0.08618141790090413,0.05847541276387513,2026107038,fixed_bank,-0.08578359646525949,2.947480976952594
0.4968350790938173,asymmetric_crash,support_band50,0.23751259475082262,285,False,-1,2.450645897858776,0.16854375775987093,0.05847541276387513,2026107038,fixed_bank,-0.16854375775987093,2.947480976952594
0.04545527439626218,gaussian,historical,0.125,1,False,0,1.1305438640798513,0.0386524725308593,0.12437213760977972,2026107047,equal_weight,-0.0386524725308593,1.1759991384761135
0.04545527439626218,gaussian,historical_se_penalty,0.125,1,False,0,1.1305438640798513,0.0386524725308593,0.12437213760977972,2026107047,equal_weight,-0.0386524725308593,1.1759991384761135
0.05783560076795946,gaussian,support_mix50,0.125,1,False,0,1.118163537708154,0.04917996865448741,0.12437213760977972,2026107047,equal_weight,-0.04917996865448741,1.1759991384761135
0.05783560076795946,gaussian,support_band50,0.125,1,False,0,1.118163537708154,0.04917996865448741,0.12437213760977972,2026107047,equal_weight,-0.04917996865448741,1.1759991384761135
0.08452624043062607,gaussian,historical,0.23472613684467805,1,True,182,0.9613900528849338,0.08081549256936944,0.0,2026107047,historical,-0.08081549256936944,1.04591629331556
0.08452624043062607,gaussian,historical_se_penalty,0.23472613684467805,1,False,182,0.9613900528849338,0.08081549256936944,0.0,2026107047,historical,-0.08081549256936944,1.04591629331556
0.06832958697285063,gaussian,support_mix50,0.23472613684467805,1,False,182,0.9775867063427093,0.06532988099482177,0.0,2026107047,historical,-0.06532988099482177,1.04591629331556
0.06832958697285063,gaussian,support_band50,0.23472613684467805,1,False,182,0.9775867063427093,0.06532988099482177,0.0,2026107047,historical,-0.06532988099482177,1.04591629331556
0.08452624043062607,gaussian,historical,0.23472613684467805,1,False,182,0.9613900528849338,0.08081549256936944,0.0,2026107047,historical_se_penalty,-0.08081549256936944,1.04591629331556
0.08452624043062607,gaussian,historical_se_penalty,0.23472613684467805,1,True,182,0.9613900528849338,0.08081549256936944,0.0,2026107047,historical_se_penalty,-0.08081549256936944,1.04591629331556
0.06832958697285063,gaussian,support_mix50,0.23472613684467805,1,False,182,0.9775867063427093,0.06532988099482177,0.0,2026107047,historical_se_penalty,-0.06532988099482177,1.04591629331556
0.06832958697285063,gaussian,support_band50,0.23472613684467805,1,False,182,0.9775867063427093,0.06532988099482177,0.0,2026107047,historical_se_penalty,-0.06532988099482177,1.04591629331556
0.08452624043062607,gaussian,historical,0.23472613684467805,1,False,182,0.9613900528849338,0.08081549256936944,0.0,2026107047,support_mix50,-0.08081549256936944,1.04591629331556
0.08452624043062607,gaussian,historical_se_penalty,0.23472613684467805,1,False,182,0.9613900528849338,0.08081549256936944,0.0,2026107047,support_mix50,-0.08081549256936944,1.04591629331556
0.06832958697285063,gaussian,support_mix50,0.23472613684467805,1,True,182,0.9775867063427093,0.06532988099482177,0.0,2026107047,support_mix50,-0.06532988099482177,1.04591629331556
0.06832958697285063,gaussian,support_band50,0.23472613684467805,1,False,182,0.9775867063427093,0.06532988099482177,0.0,2026107047,support_mix50,-0.06532988099482177,1.04591629331556
0.08452624043062607,gaussian,historical,0.23472613684467805,1,False,182,0.9613900528849338,0.08081549256936944,0.0,2026107047,support_band50,-0.08081549256936944,1.04591629331556
0.08452624043062607,gaussian,historical_se_penalty,0.23472613684467805,1,False,182,0.9613900528849338,0.08081549256936944,0.0,2026107047,support_band50,-0.08081549256936944,1.04591629331556
0.06832958697285063,gaussian,support_mix50,0.23472613684467805,1,False,182,0.9775867063427093,0.06532988099482177,0.0,2026107047,support_band50,-0.06532988099482177,1.04591629331556
0.06832958697285063,gaussian,support_band50,0.23472613684467805,1,True,182,0.9775867063427093,0.06532988099482177,0.0,2026107047,support_band50,-0.06532988099482177,1.04591629331556
0.04467419885553323,gaussian,historical,0.24326544519176255,285,False,-1,1.2886039119272403,0.034475734245041696,0.2643570667045746,2026107047,fixed_bank,-0.02706258672826531,1.3224116566349826
0.04467419885553323,gaussian,historical_se_penalty,0.24326544519176255,285,False,-1,1.2886039119272403,0.034475734245041696,0.2643570667045746,2026107047,fixed_bank,-0.02706258672826531,1.3224116566349826
0.04676514212131551,gaussian,support_mix50,0.24326544519176255,285,False,-1,1.2863578666248456,0.035923074447487414,0.2643570667045746,2026107047,fixed_bank,-0.028629589252113712,1.3224116566349826
0.046765142121315544,gaussian,support_band50,0.24326544519176255,285,False,-1,1.2863578666248454,0.03592307444748745,0.2643570667045746,2026107047,fixed_bank,-0.02862958925211376,1.3224116566349826
0.07028403241565173,gaussian,historical,0.125,1,False,0,1.0868004076052673,0.06074235378567623,0.061576895302409174,2026107016,equal_weight,-0.06074235378567623,1.157084440020919
0.07028403241565173,gaussian,historical_se_penalty,0.125,1,False,0,1.0868004076052673,0.06074235378567623,0.061576895302409174,2026107016,equal_weight,-0.06074235378567623,1.157084440020919
0.06836485484369859,gaussian,support_mix50,0.125,1,False,0,1.0887195851772205,0.059083721532425595,0.061576895302409174,2026107016,equal_weight,-0.059083721532425595,1.157084440020919
0.06836485484369859,gaussian,support_band50,0.125,1,False,0,1.0887195851772205,0.059083721532425595,0.061576895302409174,2026107016,equal_weight,-0.059083721532425595,1.157084440020919
0.05740299486634659,gaussian,historical,0.16439098780754047,1,True,43,1.0516477461121976,0.05175867320164129,0.01750797229591483,2026107016,historical,-0.05175867320164129,1.1090507409785442
0.05740299486634659,gaussian,historical_se_penalty,0.16439098780754047,1,False,43,1.0516477461121976,0.05175867320164129,0.01750797229591483,2026107016,historical,-0.05175867320164129,1.1090507409785442
0.05211902969183724,gaussian,support_mix50,0.16439098780754047,1,False,43,1.056931711286707,0.04699426975347518,0.01750797229591483,2026107016,historical,-0.04699426975347518,1.1090507409785442
0.05211902969183724,gaussian,support_band50,0.16439098780754047,1,False,43,1.056931711286707,0.04699426975347518,0.01750797229591483,2026107016,historical,-0.04699426975347518,1.1090507409785442
0.05740299486634659,gaussian,historical,0.16439098780754047,1,False,43,1.0516477461121976,0.05175867320164129,0.01750797229591483,2026107016,historical_se_penalty,-0.05175867320164129,1.1090507409785442
0.05740299486634659,gaussian,historical_se_penalty,0.16439098780754047,1,True,43,1.0516477461121976,0.05175867320164129,0.01750797229591483,2026107016,historical_se_penalty,-0.05175867320164129,1.1090507409785442
0.05211902969183724,gaussian,support_mix50,0.16439098780754047,1,False,43,1.056931711286707,0.04699426975347518,0.01750797229591483,2026107016,historical_se_penalty,-0.04699426975347518,1.1090507409785442
0.05211902969183724,gaussian,support_band50,0.16439098780754047,1,False,43,1.056931711286707,0.04699426975347518,0.01750797229591483,2026107016,historical_se_penalty,-0.04699426975347518,1.1090507409785442
0.04512658189684027,gaussian,historical,0.19105183716678167,1,False,222,1.0673752398998066,0.04056315325754937,0.020674195549468255,2026107016,support_mix50,-0.04056315325754937,1.112501821796647
0.04512658189684027,gaussian,historical_se_penalty,0.19105183716678167,1,False,222,1.0673752398998066,0.04056315325754937,0.020674195549468255,2026107016,support_mix50,-0.04056315325754937,1.112501821796647
0.07265959827876123,gaussian,support_mix50,0.19105183716678167,1,True,222,1.0398422235178857,0.06531189150002363,0.020674195549468255,2026107016,support_mix50,-0.06531189150002363,1.112501821796647
0.07265959827876123,gaussian,support_band50,0.19105183716678167,1,False,222,1.0398422235178857,0.06531189150002363,0.020674195549468255,2026107016,support_mix50,-0.06531189150002363,1.112501821796647
0.04512658189684027,gaussian,historical,0.19105183716678167,1,False,222,1.0673752398998066,0.04056315325754937,0.020674195549468255,2026107016,support_band50,-0.04056315325754937,1.112501821796647
0.04512658189684027,gaussian,historical_se_penalty,0.19105183716678167,1,False,222,1.0673752398998066,0.04056315325754937,0.020674195549468255,2026107016,support_band50,-0.04056315325754937,1.112501821796647
0.07265959827876123,gaussian,support_mix50,0.19105183716678167,1,False,222,1.0398422235178857,0.06531189150002363,0.020674195549468255,2026107016,support_band50,-0.06531189150002363,1.112501821796647
0.07265959827876123,gaussian,support_band50,0.19105183716678167,1,True,222,1.0398422235178857,0.06531189150002363,0.020674195549468255,2026107016,support_band50,-0.06531189150002363,1.112501821796647
0.06650289756385902,gaussian,historical,0.23987430222459177,285,False,-1,1.238292306367353,0.050572493072838974,0.18682829772274862,2026107016,fixed_bank,-0.04181256059686007,1.2936044127828434
0.06650289756385902,gaussian,historical_se_penalty,0.23987430222459177,285,False,-1,1.238292306367353,0.050572493072838974,0.18682829772274862,2026107016,fixed_bank,-0.04181256059686007,1.2936044127828434
0.05557649421273973,gaussian,support_mix50,0.23987430222459177,285,False,-1,1.249673595383191,0.042669527999858306,0.18682829772274862,2026107016,fixed_bank,-0.03371489422443076,1.2936044127828434
0.05557649421273975,gaussian,support_band50,0.23987430222459177,285,False,-1,1.249673595383191,0.04266952799985833,0.18682829772274862,2026107016,fixed_bank,-0.03371489422443078,1.2936044127828434
0.8803782996684713,asymmetric_crash,historical,0.125,1,False,0,3.8534058985391577,0.29612180526103615,0.08393808413452031,2026107005,equal_weight,0.29612180526103615,2.9730275988706865
0.8803782996684713,asymmetric_crash,historical_se_penalty,0.125,1,False,0,3.8534058985391577,0.29612180526103615,0.08393808413452031,2026107005,equal_weight,0.29612180526103615,2.9730275988706865
0.962487890694681,asymmetric_crash,support_mix50,0.125,1,False,0,3.9355154895653675,0.323739978418056,0.08393808413452031,2026107005,equal_weight,0.323739978418056,2.9730275988706865
0.8847736389608181,asymmetric_crash,support_band50,0.125,1,False,0,3.8578012378315045,0.297600210404001,0.08393808413452031,2026107005,equal_weight,0.297600210404001,2.9730275988706865
0.5071753805477734,asymmetric_crash,historical,0.5,1,True,10,3.24997743020961,0.18491140496642974,0.0,2026107005,historical,0.18491140496642974,2.7428020496618366
0.5071753805477734,asymmetric_crash,historical_se_penalty,0.5,1,False,10,3.24997743020961,0.18491140496642974,0.0,2026107005,historical,0.18491140496642974,2.7428020496618366
0.5547104346880909,asymmetric_crash,support_mix50,0.5,1,False,10,3.2975124843499275,0.20224224156332457,0.0,2026107005,historical,0.20224224156332457,2.7428020496618366
0.48857674203046475,asymmetric_crash,support_band50,0.5,1,False,10,3.2313787916923014,0.17813051513896236,0.0,2026107005,historical,0.17813051513896236,2.7428020496618366
0.5071753805477734,asymmetric_crash,historical,0.5,1,False,10,3.24997743020961,0.18491140496642974,0.0,2026107005,historical_se_penalty,0.18491140496642974,2.7428020496618366
0.5071753805477734,asymmetric_crash,historical_se_penalty,0.5,1,True,10,3.24997743020961,0.18491140496642974,0.0,2026107005,historical_se_penalty,0.18491140496642974,2.7428020496618366
0.5547104346880909,asymmetric_crash,support_mix50,0.5,1,False,10,3.2975124843499275,0.20224224156332457,0.0,2026107005,historical_se_penalty,0.20224224156332457,2.7428020496618366
0.48857674203046475,asymmetric_crash,support_band50,0.5,1,False,10,3.2313787916923014,0.17813051513896236,0.0,2026107005,historical_se_penalty,0.17813051513896236,2.7428020496618366
0.5071753805477734,asymmetric_crash,historical,0.5,1,False,10,3.24997743020961,0.18491140496642974,0.0,2026107005,support_mix50,0.18491140496642974,2.7428020496618366
0.5071753805477734,asymmetric_crash,historical_se_penalty,0.5,1,False,10,3.24997743020961,0.18491140496642974,0.0,2026107005,support_mix50,0.18491140496642974,2.7428020496618366
0.5547104346880909,asymmetric_crash,support_mix50,0.5,1,True,10,3.2975124843499275,0.20224224156332457,0.0,2026107005,support_mix50,0.20224224156332457,2.7428020496618366
0.48857674203046475,asymmetric_crash,support_band50,0.5,1,False,10,3.2313787916923014,0.17813051513896236,0.0,2026107005,support_mix50,0.17813051513896236,2.7428020496618366
0.5071753805477734,asymmetric_crash,historical,0.5,1,False,10,3.24997743020961,0.18491140496642974,0.0,2026107005,support_band50,0.18491140496642974,2.7428020496618366
0.5071753805477734,asymmetric_crash,historical_se_penalty,0.5,1,False,10,3.24997743020961,0.18491140496642974,0.0,2026107005,support_band50,0.18491140496642974,2.7428020496618366
0.5547104346880909,asymmetric_crash,support_mix50,0.5,1,False,10,3.2975124843499275,0.20224224156332457,0.0,2026107005,support_band50,0.20224224156332457,2.7428020496618366
0.48857674203046475,asymmetric_crash,support_band50,0.5,1,True,10,3.2313787916923014,0.17813051513896236,0.0,2026107005,support_band50,0.17813051513896236,2.7428020496618366
0.8753949461179761,asymmetric_crash,historical,0.23999345229506586,285,False,-1,3.9666655131104362,0.2828706533572759,0.12704836551131599,2026107005,fixed_bank,0.2828706533572759,3.0912705669924603
0.8753949461179761,asymmetric_crash,historical_se_penalty,0.23999345229506586,285,False,-1,3.9666655131104362,0.2828706533572759,0.12704836551131599,2026107005,fixed_bank,0.2828706533572759,3.0912705669924603
0.9661023114436323,asymmetric_crash,support_mix50,0.23999345229506586,285,False,-1,4.057372878436093,0.3122710444966492,0.12704836551131599,2026107005,fixed_bank,0.3122710444966492,3.0912705669924603
0.8783764102148389,asymmetric_crash,support_band50,0.23999345229506586,285,False,-1,3.969646977207299,0.283923829749527,0.12704836551131599,2026107005,fixed_bank,0.283923829749527,3.0912705669924603
0.2722383431237394,asymmetric_crash,historical,0.125,1,False,0,2.5153371454994566,0.09766133481759086,0.02268698115064205,2026107030,equal_weight,-0.09766133481759086,2.787575488623196
0.2722383431237394,asymmetric_crash,historical_se_penalty,0.125,1,False,0,2.5153371454994566,0.09766133481759086,0.02268698115064205,2026107030,equal_weight,-0.09766133481759086,2.787575488623196
0.16285803273949773,asymmetric_crash,support_mix50,0.125,1,False,0,2.6247174558836983,0.05842282420840718,0.02268698115064205,2026107030,equal_weight,-0.05842282420840718,2.787575488623196
0.16285803273949773,asymmetric_crash,support_band50,0.125,1,False,0,2.6247174558836983,0.05842282420840718,0.02268698115064205,2026107030,equal_weight,-0.05842282420840718,2.787575488623196
1.1496115342066315,asymmetric_crash,historical,0.5,1,True,25,2.225966283696602,0.3405673328309527,0.23840932822076732,2026107030,historical,-0.3405673328309527,3.3755778179032334
1.1496115342066315,asymmetric_crash,historical_se_penalty,0.5,1,False,25,2.225966283696602,0.3405673328309527,0.23840932822076732,2026107030,historical,-0.3405673328309527,3.3755778179032334
0.9987922585367386,asymmetric_crash,support_mix50,0.5,1,False,25,2.376785559366495,0.29588778941471605,0.23840932822076732,2026107030,historical,-0.29588778941471605,3.3755778179032334
0.998792258536739,asymmetric_crash,support_band50,0.5,1,False,25,2.3767855593664944,0.29588778941471616,0.23840932822076732,2026107030,historical,-0.29588778941471616,3.3755778179032334
0.7530589676008561,asymmetric_crash,historical,0.275051334261086,1,False,121,2.2311015702011034,0.2523520293434133,0.09480878423884387,2026107030,historical_se_penalty,-0.2523520293434133,2.9841605378019596
0.7530589676008561,asymmetric_crash,historical_se_penalty,0.275051334261086,1,True,121,2.2311015702011034,0.2523520293434133,0.09480878423884387,2026107030,historical_se_penalty,-0.2523520293434133,2.9841605378019596
0.6391467739036578,asymmetric_crash,support_mix50,0.275051334261086,1,False,121,2.3450137638983017,0.21417975534735595,0.09480878423884387,2026107030,historical_se_penalty,-0.21417975534735595,2.9841605378019596
0.6391467739036578,asymmetric_crash,support_band50,0.275051334261086,1,False,121,2.3450137638983017,0.21417975534735595,0.09480878423884387,2026107030,historical_se_penalty,-0.21417975534735595,2.9841605378019596
0.7530589676008561,asymmetric_crash,historical,0.275051334261086,1,False,121,2.2311015702011034,0.2523520293434133,0.09480878423884387,2026107030,support_mix50,-0.2523520293434133,2.9841605378019596
0.7530589676008561,asymmetric_crash,historical_se_penalty,0.275051334261086,1,False,121,2.2311015702011034,0.2523520293434133,0.09480878423884387,2026107030,support_mix50,-0.2523520293434133,2.9841605378019596
0.6391467739036578,asymmetric_crash,support_mix50,0.275051334261086,1,True,121,2.3450137638983017,0.21417975534735595,0.09480878423884387,2026107030,support_mix50,-0.21417975534735595,2.9841605378019596
0.6391467739036578,asymmetric_crash,support_band50,0.275051334261086,1,False,121,2.3450137638983017,0.21417975534735595,0.09480878423884387,2026107030,support_mix50,-0.21417975534735595,2.9841605378019596
0.7530589676008561,asymmetric_crash,historical,0.275051334261086,1,False,121,2.2311015702011034,0.2523520293434133,0.09480878423884387,2026107030,support_band50,-0.2523520293434133,2.9841605378019596
0.7530589676008561,asymmetric_crash,historical_se_penalty,0.275051334261086,1,False,121,2.2311015702011034,0.2523520293434133,0.09480878423884387,2026107030,support_band50,-0.2523520293434133,2.9841605378019596
0.6391467739036578,asymmetric_crash,support_mix50,0.275051334261086,1,False,121,2.3450137638983017,0.21417975534735595,0.09480878423884387,2026107030,support_band50,-0.21417975534735595,2.9841605378019596
0.6391467739036578,asymmetric_crash,support_band50,0.275051334261086,1,True,121,2.3450137638983017,0.21417975534735595,0.09480878423884387,2026107030,support_band50,-0.21417975534735595,2.9841605378019596
0.28762632501334634,asymmetric_crash,historical,0.23905649627519007,285,False,-1,2.6100988096867823,0.09925605323673851,0.06059599129227064,2026107030,fixed_bank,-0.09729628155135042,2.8909054707354906
0.28762632501334634,asymmetric_crash,historical_se_penalty,0.23905649627519007,285,False,-1,2.6100988096867823,0.09925605323673851,0.06059599129227064,2026107030,fixed_bank,-0.09729628155135042,2.8909054707354906
0.19763583131269136,asymmetric_crash,support_mix50,0.23905649627519007,285,False,-1,2.7037563700163636,0.06785409486829869,0.06059599129227064,2026107030,fixed_bank,-0.06466611347817844,2.8909054707354906
0.19763583131269152,asymmetric_crash,support_band50,0.23905649627519007,285,False,-1,2.7037563700163636,0.06785409486829874,0.06059599129227064,2026107030,fixed_bank,-0.06466611347817848,2.8909054707354906
0.03906289108134553,gaussian,historical,0.125,1,False,0,1.2240207779842425,0.030926606081641227,0.05449993547902099,2026107008,equal_weight,-0.030926606081641227,1.263083669065588
0.03906289108134553,gaussian,historical_se_penalty,0.125,1,False,0,1.2240207779842425,0.030926606081641227,0.05449993547902099,2026107008,equal_weight,-0.030926606081641227,1.263083669065588
0.018924273550720017,gaussian,support_mix50,0.125,1,False,0,1.244159395514868,0.014982596968196047,0.05449993547902099,2026107008,equal_weight,-0.014982596968196047,1.263083669065588
0.018924273550720017,gaussian,support_band50,0.125,1,False,0,1.244159395514868,0.014982596968196047,0.05449993547902099,2026107008,equal_weight,-0.014982596968196047,1.263083669065588
0.13807206543798722,gaussian,historical,0.23604548939570813,1,True,258,1.080554671851283,0.11330135899128274,0.01738455441768294,2026107008,historical,-0.11330135899128274,1.2186267372892703
0.13807206543798722,gaussian,historical_se_penalty,0.23604548939570813,1,False,258,1.080554671851283,0.11330135899128274,0.01738455441768294,2026107008,historical,-0.11330135899128274,1.2186267372892703
0.10266164602658434,gaussian,support_mix50,0.23604548939570813,1,False,258,1.115965091262686,0.08424371703426292,0.01738455441768294,2026107008,historical,-0.08424371703426292,1.2186267372892703
0.10266164602658434,gaussian,support_band50,0.23604548939570813,1,False,258,1.115965091262686,0.08424371703426292,0.01738455441768294,2026107008,historical,-0.08424371703426292,1.2186267372892703
0.13807206543798722,gaussian,historical,0.23604548939570813,1,False,258,1.080554671851283,0.11330135899128274,0.01738455441768294,2026107008,historical_se_penalty,-0.11330135899128274,1.2186267372892703
0.13807206543798722,gaussian,historical_se_penalty,0.23604548939570813,1,True,258,1.080554671851283,0.11330135899128274,0.01738455441768294,2026107008,historical_se_penalty,-0.11330135899128274,1.2186267372892703
0.10266164602658434,gaussian,support_mix50,0.23604548939570813,1,False,258,1.115965091262686,0.08424371703426292,0.01738455441768294,2026107008,historical_se_penalty,-0.08424371703426292,1.2186267372892703
0.10266164602658434,gaussian,support_band50,0.23604548939570813,1,False,258,1.115965091262686,0.08424371703426292,0.01738455441768294,2026107008,historical_se_penalty,-0.08424371703426292,1.2186267372892703
0.11013364206776677,gaussian,historical,0.17306327260536974,1,False,144,1.0901461633036256,0.09175664005584852,0.00206740718708609,2026107008,support_mix50,-0.09175664005584852,1.2002798053713923
0.11013364206776677,gaussian,historical_se_penalty,0.17306327260536974,1,False,144,1.0901461633036256,0.09175664005584852,0.00206740718708609,2026107008,support_mix50,-0.09175664005584852,1.2002798053713923
0.08822684157435545,gaussian,support_mix50,0.17306327260536974,1,True,144,1.1120529637970369,0.07350522868045437,0.00206740718708609,2026107008,support_mix50,-0.07350522868045437,1.2002798053713923
0.08822684157435545,gaussian,support_band50,0.17306327260536974,1,False,144,1.1120529637970369,0.07350522868045437,0.00206740718708609,2026107008,support_mix50,-0.07350522868045437,1.2002798053713923
0.11013364206776677,gaussian,historical,0.17306327260536974,1,False,144,1.0901461633036256,0.09175664005584852,0.00206740718708609,2026107008,support_band50,-0.09175664005584852,1.2002798053713923
0.11013364206776677,gaussian,historical_se_penalty,0.17306327260536974,1,False,144,1.0901461633036256,0.09175664005584852,0.00206740718708609,2026107008,support_band50,-0.09175664005584852,1.2002798053713923
0.08822684157435545,gaussian,support_mix50,0.17306327260536974,1,False,144,1.1120529637970369,0.07350522868045437,0.00206740718708609,2026107008,support_band50,-0.07350522868045437,1.2002798053713923
0.08822684157435545,gaussian,support_band50,0.17306327260536974,1,True,144,1.1120529637970369,0.07350522868045437,0.00206740718708609,2026107008,support_band50,-0.07350522868045437,1.2002798053713923
0.04388860900555929,gaussian,historical,0.24216157923801493,285,False,-1,1.3809506122232356,0.03182053216817457,0.17721141191314368,2026107008,fixed_bank,-0.022542785186423955,1.4100678998616367
0.04388860900555929,gaussian,historical_se_penalty,0.24216157923801493,285,False,-1,1.3809506122232356,0.03182053216817457,0.17721141191314368,2026107008,fixed_bank,-0.022542785186423955,1.4100678998616367
0.04220534257722821,gaussian,support_mix50,0.24216157923801493,285,False,-1,1.3931153556083025,0.029747100250399852,0.17721141191314368,2026107008,fixed_bank,-0.013675577509921152,1.4100678998616367
0.04220534257722824,gaussian,support_band50,0.24216157923801493,285,False,-1,1.3931153556083025,0.02974710025039987,0.17721141191314368,2026107008,fixed_bank,-0.013675577509921188,1.4100678998616367
0.7290096179688947,asymmetric_crash,historical,0.125,1,False,0,2.116712353615168,0.25617738670482054,0.035848845601083035,2026107020,equal_weight,-0.25617738670482054,2.8457219715840627
0.7290096179688947,asymmetric_crash,historical_se_penalty,0.125,1,False,0,2.116712353615168,0.25617738670482054,0.035848845601083035,2026107020,equal_weight,-0.25617738670482054,2.8457219715840627
0.624528617088612,asymmetric_crash,support_mix50,0.125,1,False,0,2.2211933544954507,0.21946227471440927,0.035848845601083035,2026107020,equal_weight,-0.21946227471440927,2.8457219715840627
0.6761606179851078,asymmetric_crash,support_band50,0.125,1,False,0,2.169561353598955,0.2376060011262186,0.035848845601083035,2026107020,equal_weight,-0.2376060011262186,2.8457219715840627
1.0614044302242926,asymmetric_crash,historical,0.2003370177211667,1,True,231,1.8523383268021472,0.3642752702395345,0.060608556065048,2026107020,historical,-0.3642752702395345,2.91374275702644
1.0614044302242926,asymmetric_crash,historical_se_penalty,0.2003370177211667,1,False,231,1.8523383268021472,0.3642752702395345,0.060608556065048,2026107020,historical,-0.3642752702395345,2.91374275702644
1.0439127679394278,asymmetric_crash,support_mix50,0.2003370177211667,1,False,231,1.869829989087012,0.3582721108176246,0.060608556065048,2026107020,historical,-0.3582721108176246,2.91374275702644
1.0764647029768963,asymmetric_crash,support_band50,0.2003370177211667,1,False,231,1.8372780540495435,0.36944397386523586,0.060608556065048,2026107020,historical,-0.36944397386523586,2.91374275702644
1.0614044302242926,asymmetric_crash,historical,0.2003370177211667,1,False,231,1.8523383268021472,0.3642752702395345,0.060608556065048,2026107020,historical_se_penalty,-0.3642752702395345,2.91374275702644
1.0614044302242926,asymmetric_crash,historical_se_penalty,0.2003370177211667,1,True,231,1.8523383268021472,0.3642752702395345,0.060608556065048,2026107020,historical_se_penalty,-0.3642752702395345,2.91374275702644
1.0439127679394278,asymmetric_crash,support_mix50,0.2003370177211667,1,False,231,1.869829989087012,0.3582721108176246,0.060608556065048,2026107020,historical_se_penalty,-0.3582721108176246,2.91374275702644
1.0764647029768963,asymmetric_crash,support_band50,0.2003370177211667,1,False,231,1.8372780540495435,0.36944397386523586,0.060608556065048,2026107020,historical_se_penalty,-0.36944397386523586,2.91374275702644
1.0614044302242926,asymmetric_crash,historical,0.2003370177211667,1,False,231,1.8523383268021472,0.3642752702395345,0.060608556065048,2026107020,support_mix50,-0.3642752702395345,2.91374275702644
1.0614044302242926,asymmetric_crash,historical_se_penalty,0.2003370177211667,1,False,231,1.8523383268021472,0.3642752702395345,0.060608556065048,2026107020,support_mix50,-0.3642752702395345,2.91374275702644
1.0439127679394278,asymmetric_crash,support_mix50,0.2003370177211667,1,True,231,1.869829989087012,0.3582721108176246,0.060608556065048,2026107020,support_mix50,-0.3582721108176246,2.91374275702644
1.0764647029768963,asymmetric_crash,support_band50,0.2003370177211667,1,False,231,1.8372780540495435,0.36944397386523586,0.060608556065048,2026107020,support_mix50,-0.36944397386523586,2.91374275702644
1.0614044302242926,asymmetric_crash,historical,0.2003370177211667,1,False,231,1.8523383268021472,0.3642752702395345,0.060608556065048,2026107020,support_band50,-0.3642752702395345,2.91374275702644
1.0614044302242926,asymmetric_crash,historical_se_penalty,0.2003370177211667,1,False,231,1.8523383268021472,0.3642752702395345,0.060608556065048,2026107020,support_band50,-0.3642752702395345,2.91374275702644
1.0439127679394278,asymmetric_crash,support_mix50,0.2003370177211667,1,False,231,1.869829989087012,0.3582721108176246,0.060608556065048,2026107020,support_band50,-0.3582721108176246,2.91374275702644
1.0764647029768963,asymmetric_crash,support_band50,0.2003370177211667,1,True,231,1.8372780540495435,0.36944397386523586,0.060608556065048,2026107020,support_band50,-0.36944397386523586,2.91374275702644
0.7207199471324397,asymmetric_crash,historical,0.2407162583264737,285,False,-1,2.234657886017005,0.245197117832742,0.07576381225984812,2026107020,fixed_bank,-0.245197117832742,2.955377833149445
0.7207199471324397,asymmetric_crash,historical_se_penalty,0.2407162583264737,285,False,-1,2.234657886017005,0.245197117832742,0.07576381225984812,2026107020,fixed_bank,-0.245197117832742,2.955377833149445
0.6316320010261851,asymmetric_crash,support_mix50,0.2407162583264737,285,False,-1,2.32374583212326,0.21491161734964578,0.07576381225984812,2026107020,fixed_bank,-0.21491161734964578,2.955377833149445
0.6806297730227385,asymmetric_crash,support_band50,0.2407162583264737,285,False,-1,2.2747480601267065,0.23148773388950541,0.07576381225984812,2026107020,fixed_bank,-0.23148773388950541,2.955377833149445
0.23975820004314796,asymmetric_crash,historical,0.125,1,False,0,2.5825316640137412,0.08495165684310983,0.04424902683096743,2026107028,equal_weight,-0.08495165684310983,2.822289864056889
0.23975820004314796,asymmetric_crash,historical_se_penalty,0.125,1,False,0,2.5825316640137412,0.08495165684310983,0.04424902683096743,2026107028,equal_weight,-0.08495165684310983,2.822289864056889
0.31959946350231627,asymmetric_crash,support_mix50,0.125,1,False,0,2.502690400554573,0.11324119027338649,0.04424902683096743,2026107028,equal_weight,-0.11324119027338649,2.822289864056889
0.40220152335340353,asymmetric_crash,support_band50,0.125,1,False,0,2.4200883407034857,0.14250893520032012,0.04424902683096743,2026107028,equal_weight,-0.14250893520032012,2.822289864056889
0.4194947552554873,asymmetric_crash,historical,0.20102436045111008,1,True,48,2.4452787738363027,0.14643208302349764,0.05996800964485094,2026107028,historical,-0.14643208302349764,2.86477352909179
0.4194947552554873,asymmetric_crash,historical_se_penalty,0.20102436045111008,1,False,48,2.4452787738363027,0.14643208302349764,0.05996800964485094,2026107028,historical,-0.14643208302349764,2.86477352909179
0.5215082768731594,asymmetric_crash,support_mix50,0.20102436045111008,1,False,48,2.3432652522186306,0.18204171170154992,0.05996800964485094,2026107028,historical,-0.18204171170154992,2.86477352909179
0.5780117554632342,asymmetric_crash,support_band50,0.20102436045111008,1,False,48,2.2867617736285557,0.20176525285280736,0.05996800964485094,2026107028,historical,-0.20176525285280736,2.86477352909179
0.39416151779089414,asymmetric_crash,historical,0.24249206086452751,1,False,198,2.463099723118981,0.13795081532879933,0.057188458287230404,2026107028,historical_se_penalty,-0.13795081532879933,2.857261240909875
0.39416151779089414,asymmetric_crash,historical_se_penalty,0.24249206086452751,1,True,198,2.463099723118981,0.13795081532879933,0.057188458287230404,2026107028,historical_se_penalty,-0.13795081532879933,2.857261240909875
0.4958038499947528,asymmetric_crash,support_mix50,0.24249206086452751,1,False,198,2.361457390915122,0.17352415764295584,0.057188458287230404,2026107028,historical_se_penalty,-0.17352415764295584,2.857261240909875
0.5559798801703728,asymmetric_crash,support_band50,0.24249206086452751,1,False,198,2.301281360739502,0.1945848955671008,0.057188458287230404,2026107028,historical_se_penalty,-0.1945848955671008,2.857261240909875
0.4194947552554873,asymmetric_crash,historical,0.20102436045111008,1,False,48,2.4452787738363027,0.14643208302349764,0.05996800964485094,2026107028,support_mix50,-0.14643208302349764,2.86477352909179
0.4194947552554873,asymmetric_crash,historical_se_penalty,0.20102436045111008,1,False,48,2.4452787738363027,0.14643208302349764,0.05996800964485094,2026107028,support_mix50,-0.14643208302349764,2.86477352909179
0.5215082768731594,asymmetric_crash,support_mix50,0.20102436045111008,1,True,48,2.3432652522186306,0.18204171170154992,0.05996800964485094,2026107028,support_mix50,-0.18204171170154992,2.86477352909179
0.5780117554632342,asymmetric_crash,support_band50,0.20102436045111008,1,False,48,2.2867617736285557,0.20176525285280736,0.05996800964485094,2026107028,support_mix50,-0.20176525285280736,2.86477352909179
0.4194947552554873,asymmetric_crash,historical,0.20102436045111008,1,False,48,2.4452787738363027,0.14643208302349764,0.05996800964485094,2026107028,support_band50,-0.14643208302349764,2.86477352909179
0.4194947552554873,asymmetric_crash,historical_se_penalty,0.20102436045111008,1,False,48,2.4452787738363027,0.14643208302349764,0.05996800964485094,2026107028,support_band50,-0.14643208302349764,2.86477352909179
0.5215082768731594,asymmetric_crash,support_mix50,0.20102436045111008,1,False,48,2.3432652522186306,0.18204171170154992,0.05996800964485094,2026107028,support_band50,-0.18204171170154992,2.86477352909179
0.5780117554632342,asymmetric_crash,support_band50,0.20102436045111008,1,True,48,2.2867617736285557,0.20176525285280736,0.05996800964485094,2026107028,support_band50,-0.20176525285280736,2.86477352909179
0.24523964932335257,asymmetric_crash,historical,0.24012857453894104,285,False,-1,2.6886607900785053,0.08320559595348087,0.08547269239646056,2026107028,fixed_bank,-0.08313680541709949,2.9337049867866085
0.24523964932335257,asymmetric_crash,historical_se_penalty,0.24012857453894104,285,False,-1,2.6886607900785053,0.08320559595348087,0.08547269239646056,2026107028,fixed_bank,-0.08313680541709949,2.9337049867866085
0.3236275053390915,asymmetric_crash,support_mix50,0.24012857453894104,285,False,-1,2.610077481447517,0.11008113859186547,0.08547269239646056,2026107028,fixed_bank,-0.11008113859186547,2.9337049867866085
0.404744975167358,asymmetric_crash,support_band50,0.24012857453894104,285,False,-1,2.528960011619251,0.13774416313668414,0.08547269239646056,2026107028,fixed_bank,-0.13774416313668414,2.9337049867866085
0.043447062425100214,gaussian,historical,0.125,1,False,0,1.1536143656663094,0.039135599020304015,0.07516387640536837,2026107030,equal_weight,0.039135599020304015,1.1101673032412092
0.043447062425100214,gaussian,historical_se_penalty,0.125,1,False,0,1.1536143656663094,0.039135599020304015,0.07516387640536837,2026107030,equal_weight,0.039135599020304015,1.1101673032412092
0.0029305392801388663,gaussian,support_mix50,0.125,1,False,0,1.113097842521348,0.0026397276082469347,0.07516387640536837,2026107030,equal_weight,0.0026397276082469347,1.1101673032412092
0.0029305392801388663,gaussian,support_band50,0.125,1,False,0,1.113097842521348,0.0026397276082469347,0.07516387640536837,2026107030,equal_weight,0.0026397276082469347,1.1101673032412092
0.04709129181252414,gaussian,historical,0.1617008735249081,1,True,122,0.9854650724813256,0.045606509669551244,0.0,2026107030,historical,-0.045606509669551244,1.0325563642938498
0.04709129181252414,gaussian,historical_se_penalty,0.1617008735249081,1,False,122,0.9854650724813256,0.045606509669551244,0.0,2026107030,historical,-0.045606509669551244,1.0325563642938498
0.048233647900360666,gaussian,support_mix50,0.1617008735249081,1,False,122,0.9843227163934891,0.04671284742247166,0.0,2026107030,historical,-0.04671284742247166,1.0325563642938498
0.048233647900360666,gaussian,support_band50,0.1617008735249081,1,False,122,0.9843227163934891,0.04671284742247166,0.0,2026107030,historical,-0.04671284742247166,1.0325563642938498
0.04709129181252414,gaussian,historical,0.1617008735249081,1,False,122,0.9854650724813256,0.045606509669551244,0.0,2026107030,historical_se_penalty,-0.045606509669551244,1.0325563642938498
0.04709129181252414,gaussian,historical_se_penalty,0.1617008735249081,1,True,122,0.9854650724813256,0.045606509669551244,0.0,2026107030,historical_se_penalty,-0.045606509669551244,1.0325563642938498
0.048233647900360666,gaussian,support_mix50,0.1617008735249081,1,False,122,0.9843227163934891,0.04671284742247166,0.0,2026107030,historical_se_penalty,-0.04671284742247166,1.0325563642938498
0.048233647900360666,gaussian,support_band50,0.1617008735249081,1,False,122,0.9843227163934891,0.04671284742247166,0.0,2026107030,historical_se_penalty,-0.04671284742247166,1.0325563642938498
0.04709129181252414,gaussian,historical,0.1617008735249081,1,False,122,0.9854650724813256,0.045606509669551244,0.0,2026107030,support_mix50,-0.045606509669551244,1.0325563642938498
0.04709129181252414,gaussian,historical_se_penalty,0.1617008735249081,1,False,122,0.9854650724813256,0.045606509669551244,0.0,2026107030,support_mix50,-0.045606509669551244,1.0325563642938498
0.048233647900360666,gaussian,support_mix50,0.1617008735249081,1,True,122,0.9843227163934891,0.04671284742247166,0.0,2026107030,support_mix50,-0.04671284742247166,1.0325563642938498
0.048233647900360666,gaussian,support_band50,0.1617008735249081,1,False,122,0.9843227163934891,0.04671284742247166,0.0,2026107030,support_mix50,-0.04671284742247166,1.0325563642938498
0.04709129181252414,gaussian,historical,0.1617008735249081,1,False,122,0.9854650724813256,0.045606509669551244,0.0,2026107030,support_band50,-0.045606509669551244,1.0325563642938498
0.04709129181252414,gaussian,historical_se_penalty,0.1617008735249081,1,False,122,0.9854650724813256,0.045606509669551244,0.0,2026107030,support_band50,-0.045606509669551244,1.0325563642938498
0.048233647900360666,gaussian,support_mix50,0.1617008735249081,1,False,122,0.9843227163934891,0.04671284742247166,0.0,2026107030,support_band50,-0.04671284742247166,1.0325563642938498
0.048233647900360666,gaussian,support_band50,0.1617008735249081,1,True,122,0.9843227163934891,0.04671284742247166,0.0,2026107030,support_band50,-0.04671284742247166,1.0325563642938498
0.058422434754764836,gaussian,historical,0.23905649627519007,285,False,-1,1.271635158469244,0.04540242273190777,0.19378780141137536,2026107030,fixed_bank,0.029040687863179017,1.232653191963678
0.058422434754764836,gaussian,historical_se_penalty,0.23905649627519007,285,False,-1,1.271635158469244,0.04540242273190777,0.19378780141137536,2026107030,fixed_bank,0.029040687863179017,1.232653191963678
0.03805890779950423,gaussian,support_mix50,0.23905649627519007,285,False,-1,1.2422216221426428,0.029730030559590143,0.19378780141137536,2026107030,fixed_bank,0.005031352375130111,1.232653191963678
0.03805890779950423,gaussian,support_band50,0.23905649627519007,285,False,-1,1.2422216221426428,0.02973003055959015,0.19378780141137536,2026107030,fixed_bank,0.005031352375130074,1.232653191963678
0.16578663288064854,gaussian,historical,0.125,1,False,0,1.0755661000909276,0.1335532024679118,0.11201209416033153,2026107051,equal_weight,-0.1335532024679118,1.2413527329715761
0.16578663288064854,gaussian,historical_se_penalty,0.125,1,False,0,1.0755661000909276,0.1335532024679118,0.11201209416033153,2026107051,equal_weight,-0.1335532024679118,1.2413527329715761
0.12068135328398033,gaussian,support_mix50,0.125,1,False,0,1.1206713796875958,0.09721761597534875,0.11201209416033153,2026107051,equal_weight,-0.09721761597534875,1.2413527329715761
0.12068135328398033,gaussian,support_band50,0.125,1,False,0,1.1206713796875958,0.09721761597534875,0.11201209416033153,2026107051,equal_weight,-0.09721761597534875,1.2413527329715761
0.1578273324989531,gaussian,historical,0.25960066030794565,1,True,255,0.9584849265946932,0.14138278175597202,0.0,2026107051,historical,-0.14138278175597202,1.1163122590936463
0.1578273324989531,gaussian,historical_se_penalty,0.25960066030794565,1,False,255,0.9584849265946932,0.14138278175597202,0.0,2026107051,historical,-0.14138278175597202,1.1163122590936463
0.14335453934705145,gaussian,support_mix50,0.25960066030794565,1,False,255,0.9729577197465948,0.12841795669559658,0.0,2026107051,historical,-0.12841795669559658,1.1163122590936463
0.14335453934705156,gaussian,support_band50,0.25960066030794565,1,False,255,0.9729577197465947,0.12841795669559666,0.0,2026107051,historical,-0.12841795669559666,1.1163122590936463
0.1578273324989531,gaussian,historical,0.25960066030794565,1,False,255,0.9584849265946932,0.14138278175597202,0.0,2026107051,historical_se_penalty,-0.14138278175597202,1.1163122590936463
0.1578273324989531,gaussian,historical_se_penalty,0.25960066030794565,1,True,255,0.9584849265946932,0.14138278175597202,0.0,2026107051,historical_se_penalty,-0.14138278175597202,1.1163122590936463
0.14335453934705145,gaussian,support_mix50,0.25960066030794565,1,False,255,0.9729577197465948,0.12841795669559658,0.0,2026107051,historical_se_penalty,-0.12841795669559658,1.1163122590936463
0.14335453934705156,gaussian,support_band50,0.25960066030794565,1,False,255,0.9729577197465947,0.12841795669559666,0.0,2026107051,historical_se_penalty,-0.12841795669559666,1.1163122590936463
0.1578273324989531,gaussian,historical,0.25960066030794565,1,False,255,0.9584849265946932,0.14138278175597202,0.0,2026107051,support_mix50,-0.14138278175597202,1.1163122590936463
0.1578273324989531,gaussian,historical_se_penalty,0.25960066030794565,1,False,255,0.9584849265946932,0.14138278175597202,0.0,2026107051,support_mix50,-0.14138278175597202,1.1163122590936463
0.14335453934705145,gaussian,support_mix50,0.25960066030794565,1,True,255,0.9729577197465948,0.12841795669559658,0.0,2026107051,support_mix50,-0.12841795669559658,1.1163122590936463
0.14335453934705156,gaussian,support_band50,0.25960066030794565,1,False,255,0.9729577197465947,0.12841795669559666,0.0,2026107051,support_mix50,-0.12841795669559666,1.1163122590936463
0.1578273324989531,gaussian,historical,0.25960066030794565,1,False,255,0.9584849265946932,0.14138278175597202,0.0,2026107051,support_band50,-0.14138278175597202,1.1163122590936463
0.1578273324989531,gaussian,historical_se_penalty,0.25960066030794565,1,False,255,0.9584849265946932,0.14138278175597202,0.0,2026107051,support_band50,-0.14138278175597202,1.1163122590936463
0.14335453934705145,gaussian,support_mix50,0.25960066030794565,1,False,255,0.9729577197465948,0.12841795669559658,0.0,2026107051,support_band50,-0.12841795669559658,1.1163122590936463
0.14335453934705156,gaussian,support_band50,0.25960066030794565,1,True,255,0.9729577197465947,0.12841795669559666,0.0,2026107051,support_band50,-0.12841795669559666,1.1163122590936463
0.1472449948460125,gaussian,historical,0.23935691136131204,285,False,-1,1.2344072864381594,0.1080855733785927,0.23747692099373544,2026107051,fixed_bank,-0.1079440917336952,1.3814106572507663
0.1472449948460125,gaussian,historical_se_penalty,0.23935691136131204,285,False,-1,1.2344072864381594,0.1080855733785927,0.23747692099373544,2026107051,fixed_bank,-0.1079440917336952,1.3814106572507663
0.11940467578280622,gaussian,support_mix50,0.23935691136131204,285,False,-1,1.2623355966436314,0.0873260206978439,0.23747692099373544,2026107051,fixed_bank,-0.08713301631587159,1.3814106572507663
0.11940467578280622,gaussian,support_band50,0.23935691136131204,285,False,-1,1.2623355966436314,0.08732602069784391,0.23747692099373544,2026107051,fixed_bank,-0.08713301631587161,1.3814106572507663
0.20937847831541267,asymmetric_crash,historical,0.125,1,False,0,3.1256457811888567,0.0717967375998451,0.06649472288420011,2026107010,equal_weight,0.0717967375998451,2.916267302873444
0.20937847831541267,asymmetric_crash,historical_se_penalty,0.125,1,False,0,3.1256457811888567,0.0717967375998451,0.06649472288420011,2026107010,equal_weight,0.0717967375998451,2.916267302873444
0.1943120795870521,asymmetric_crash,support_mix50,0.125,1,False,0,3.110579382460496,0.06663040778038191,0.06649472288420011,2026107010,equal_weight,0.06663040778038191,2.916267302873444
0.1943120795870521,asymmetric_crash,support_band50,0.125,1,False,0,3.110579382460496,0.06663040778038191,0.06649472288420011,2026107010,equal_weight,0.06663040778038191,2.916267302873444
0.01642677052637387,asymmetric_crash,historical,0.23355748489030537,1,True,225,2.903683836848459,0.005689403523496788,0.055885522499461215,2026107010,historical,0.005689403523496788,2.887257066322085
0.01642677052637387,asymmetric_crash,historical_se_penalty,0.23355748489030537,1,False,225,2.903683836848459,0.005689403523496788,0.055885522499461215,2026107010,historical,0.005689403523496788,2.887257066322085
0.04167105741092092,asymmetric_crash,support_mix50,0.23355748489030537,1,False,225,2.845586008911164,0.014432749302784924,0.055885522499461215,2026107010,historical,-0.014432749302784924,2.887257066322085
0.04167105741092092,asymmetric_crash,support_band50,0.23355748489030537,1,False,225,2.845586008911164,0.014432749302784924,0.055885522499461215,2026107010,historical,-0.014432749302784924,2.887257066322085
0.019335534984218583,asymmetric_crash,historical,0.5,1,False,1,2.930110817876375,0.006555648983228847,0.0786284808859925,2026107010,historical_se_penalty,-0.006555648983228847,2.9494463528605936
0.019335534984218583,asymmetric_crash,historical_se_penalty,0.5,1,True,1,2.930110817876375,0.006555648983228847,0.0786284808859925,2026107010,historical_se_penalty,-0.006555648983228847,2.9494463528605936
0.03340466098442496,asymmetric_crash,support_mix50,0.5,1,False,1,2.9160416918761687,0.011325739473791962,0.0786284808859925,2026107010,historical_se_penalty,-0.011325739473791962,2.9494463528605936
0.03340466098442496,asymmetric_crash,support_band50,0.5,1,False,1,2.9160416918761687,0.011325739473791962,0.0786284808859925,2026107010,historical_se_penalty,-0.011325739473791962,2.9494463528605936
0.01642677052637387,asymmetric_crash,historical,0.23355748489030537,1,False,225,2.903683836848459,0.005689403523496788,0.055885522499461215,2026107010,support_mix50,0.005689403523496788,2.887257066322085
0.01642677052637387,asymmetric_crash,historical_se_penalty,0.23355748489030537,1,False,225,2.903683836848459,0.005689403523496788,0.055885522499461215,2026107010,support_mix50,0.005689403523496788,2.887257066322085
0.04167105741092092,asymmetric_crash,support_mix50,0.23355748489030537,1,True,225,2.845586008911164,0.014432749302784924,0.055885522499461215,2026107010,support_mix50,-0.014432749302784924,2.887257066322085
0.04167105741092092,asymmetric_crash,support_band50,0.23355748489030537,1,False,225,2.845586008911164,0.014432749302784924,0.055885522499461215,2026107010,support_mix50,-0.014432749302784924,2.887257066322085
0.01642677052637387,asymmetric_crash,historical,0.23355748489030537,1,False,225,2.903683836848459,0.005689403523496788,0.055885522499461215,2026107010,support_band50,0.005689403523496788,2.887257066322085
0.01642677052637387,asymmetric_crash,historical_se_penalty,0.23355748489030537,1,False,225,2.903683836848459,0.005689403523496788,0.055885522499461215,2026107010,support_band50,0.005689403523496788,2.887257066322085
0.04167105741092092,asymmetric_crash,support_mix50,0.23355748489030537,1,False,225,2.845586008911164,0.014432749302784924,0.055885522499461215,2026107010,support_band50,-0.014432749302784924,2.887257066322085
0.04167105741092092,asymmetric_crash,support_band50,0.23355748489030537,1,True,225,2.845586008911164,0.014432749302784924,0.055885522499461215,2026107010,support_band50,-0.014432749302784924,2.887257066322085
0.20054760312956024,asymmetric_crash,historical,0.24059976669363436,285,False,-1,3.19491051023703,0.06572948335717796,0.10715138536244309,2026107010,fixed_bank,0.05569292165003199,3.0274405631673305
0.20054760312956024,asymmetric_crash,historical_se_penalty,0.24059976669363436,285,False,-1,3.19491051023703,0.06572948335717796,0.10715138536244309,2026107010,fixed_bank,0.05569292165003199,3.0274405631673305
0.20410455504562747,asymmetric_crash,support_mix50,0.24059976669363436,285,False,-1,3.194181883908274,0.06675787892483886,0.10715138536244309,2026107010,fixed_bank,0.0552900346516015,3.0274405631673305
0.20410455504562738,asymmetric_crash,support_band50,0.24059976669363436,285,False,-1,3.194181883908274,0.06675787892483885,0.10715138536244309,2026107010,fixed_bank,0.05529003465160145,3.0274405631673305
0.07212166052462976,gaussian,historical,0.125,1,False,0,1.3024136788808285,0.05246984814215492,0.1410763136438984,2026107058,equal_weight,-0.05246984814215492,1.3745353394054582
0.07212166052462976,gaussian,historical_se_penalty,0.125,1,False,0,1.3024136788808285,0.05246984814215492,0.1410763136438984,2026107058,equal_weight,-0.05246984814215492,1.3745353394054582
0.056186364776600994,gaussian,support_mix50,0.125,1,False,0,1.3183489746288573,0.04087662438777591,0.1410763136438984,2026107058,equal_weight,-0.04087662438777591,1.3745353394054582
0.056186364776601216,gaussian,support_band50,0.125,1,False,0,1.318348974628857,0.040876624387776075,0.1410763136438984,2026107058,equal_weight,-0.040876624387776075,1.3745353394054582
0.07398872167892567,gaussian,historical,0.26089195694619727,1,True,139,1.1489884680341964,0.06049885664366435,0.015259675980421106,2026107058,historical,-0.06049885664366435,1.222977189713122
0.07398872167892567,gaussian,historical_se_penalty,0.26089195694619727,1,False,139,1.1489884680341964,0.06049885664366435,0.015259675980421106,2026107058,historical,-0.06049885664366435,1.222977189713122
0.06508072801413523,gaussian,support_mix50,0.26089195694619727,1,False,139,1.1578964616989869,0.05321499743539897,0.015259675980421106,2026107058,historical,-0.05321499743539897,1.222977189713122
0.06508072801413523,gaussian,support_band50,0.26089195694619727,1,False,139,1.1578964616989869,0.05321499743539897,0.015259675980421106,2026107058,historical,-0.05321499743539897,1.222977189713122
0.07398872167892567,gaussian,historical,0.26089195694619727,1,False,139,1.1489884680341964,0.06049885664366435,0.015259675980421106,2026107058,historical_se_penalty,-0.06049885664366435,1.222977189713122
0.07398872167892567,gaussian,historical_se_penalty,0.26089195694619727,1,True,139,1.1489884680341964,0.06049885664366435,0.015259675980421106,2026107058,historical_se_penalty,-0.06049885664366435,1.222977189713122
0.06508072801413523,gaussian,support_mix50,0.26089195694619727,1,False,139,1.1578964616989869,0.05321499743539897,0.015259675980421106,2026107058,historical_se_penalty,-0.05321499743539897,1.222977189713122
0.06508072801413523,gaussian,support_band50,0.26089195694619727,1,False,139,1.1578964616989869,0.05321499743539897,0.015259675980421106,2026107058,historical_se_penalty,-0.05321499743539897,1.222977189713122
0.08299861999104863,gaussian,historical,0.23485187052639642,1,False,268,1.1601077964583086,0.06676710770113695,0.03197003851691327,2026107058,support_mix50,-0.06676710770113695,1.2431064164493573
0.08299861999104863,gaussian,historical_se_penalty,0.23485187052639642,1,False,268,1.1601077964583086,0.06676710770113695,0.03197003851691327,2026107058,support_mix50,-0.06676710770113695,1.2431064164493573
0.09108642902712583,gaussian,support_mix50,0.23485187052639642,1,True,268,1.1520199874222314,0.07327323535767187,0.03197003851691327,2026107058,support_mix50,-0.07327323535767187,1.2431064164493573
0.09108642902712583,gaussian,support_band50,0.23485187052639642,1,False,268,1.1520199874222314,0.07327323535767187,0.03197003851691327,2026107058,support_mix50,-0.07327323535767187,1.2431064164493573
0.08299861999104863,gaussian,historical,0.23485187052639642,1,False,268,1.1601077964583086,0.06676710770113695,0.03197003851691327,2026107058,support_band50,-0.06676710770113695,1.2431064164493573
0.08299861999104863,gaussian,historical_se_penalty,0.23485187052639642,1,False,268,1.1601077964583086,0.06676710770113695,0.03197003851691327,2026107058,support_band50,-0.06676710770113695,1.2431064164493573
0.09108642902712583,gaussian,support_mix50,0.23485187052639642,1,False,268,1.1520199874222314,0.07327323535767187,0.03197003851691327,2026107058,support_band50,-0.07327323535767187,1.2431064164493573
0.09108642902712583,gaussian,support_band50,0.23485187052639642,1,True,268,1.1520199874222314,0.07327323535767187,0.03197003851691327,2026107058,support_band50,-0.07327323535767187,1.2431064164493573
0.05689560580244745,gaussian,historical,0.24237697167040367,285,False,-1,1.4818028230045683,0.037731661118874514,0.26733867153566254,2026107058,fixed_bank,-0.030666722577740065,1.5266304016582806
0.05689560580244745,gaussian,historical_se_penalty,0.24237697167040367,285,False,-1,1.4818028230045683,0.037731661118874514,0.26733867153566254,2026107058,fixed_bank,-0.030666722577740065,1.5266304016582806
0.05064232513710647,gaussian,support_mix50,0.24237697167040367,285,False,-1,1.4930535457185072,0.03337460087835585,0.26733867153566254,2026107058,fixed_bank,-0.023198686978812052,1.5266304016582806
0.05064232513710649,gaussian,support_band50,0.24237697167040367,285,False,-1,1.4930535457185072,0.033374600878355865,0.26733867153566254,2026107058,fixed_bank,-0.023198686978812093,1.5266304016582806
0.08432068139194482,gaussian,historical,0.125,1,False,0,1.387039008173303,0.06472671770902075,0.06463179863000934,2026107001,equal_weight,0.06472671770902075,1.3027183267813582
0.08432068139194482,gaussian,historical_se_penalty,0.125,1,False,0,1.387039008173303,0.06472671770902075,0.06463179863000934,2026107001,equal_weight,0.06472671770902075,1.3027183267813582
0.08511747672886383,gaussian,support_mix50,0.125,1,False,0,1.387835803510222,0.0653383582459952,0.06463179863000934,2026107001,equal_weight,0.0653383582459952,1.3027183267813582
0.08511747672886383,gaussian,support_band50,0.125,1,False,0,1.387835803510222,0.0653383582459952,0.06463179863000934,2026107001,equal_weight,0.0653383582459952,1.3027183267813582
0.038581299954362436,gaussian,historical,0.2778562931299788,1,True,38,1.2787502085624567,0.029287464624452083,0.07657425590177369,2026107001,historical,-0.029287464624452083,1.3173315085168191
0.038581299954362436,gaussian,historical_se_penalty,0.2778562931299788,1,False,38,1.2787502085624567,0.029287464624452083,0.07657425590177369,2026107001,historical,-0.029287464624452083,1.3173315085168191
0.05802842421471266,gaussian,support_mix50,0.2778562931299788,1,False,38,1.2593030843021065,0.04404997818661967,0.07657425590177369,2026107001,historical,-0.04404997818661967,1.3173315085168191
0.05802842421471266,gaussian,support_band50,0.2778562931299788,1,False,38,1.2593030843021065,0.04404997818661967,0.07657425590177369,2026107001,historical,-0.04404997818661967,1.3173315085168191
0.06237783036709277,gaussian,historical,0.2093937586013399,1,False,199,1.2860105721823605,0.05097757540759724,0.0,2026107001,historical_se_penalty,0.05097757540759724,1.2236327418152677
0.06237783036709277,gaussian,historical_se_penalty,0.2093937586013399,1,True,199,1.2860105721823605,0.05097757540759724,0.0,2026107001,historical_se_penalty,0.05097757540759724,1.2236327418152677
0.051319418521951654,gaussian,support_mix50,0.2093937586013399,1,False,199,1.2749521603372194,0.04194021356916205,0.0,2026107001,historical_se_penalty,0.04194021356916205,1.2236327418152677
0.051319418521951654,gaussian,support_band50,0.2093937586013399,1,False,199,1.2749521603372194,0.04194021356916205,0.0,2026107001,historical_se_penalty,0.04194021356916205,1.2236327418152677
0.017655431677155997,gaussian,historical,0.23229713789407472,1,False,31,1.2834942839787582,0.013947613983449899,0.03449246578979359,2026107001,support_mix50,0.013947613983449899,1.2658388523016022
0.017655431677155997,gaussian,historical_se_penalty,0.23229713789407472,1,False,31,1.2834942839787582,0.013947613983449899,0.03449246578979359,2026107001,support_mix50,0.013947613983449899,1.2658388523016022
0.014179449686280154,gaussian,support_mix50,0.23229713789407472,1,True,31,1.251659402615322,0.011201623066394648,0.03449246578979359,2026107001,support_mix50,-0.011201623066394648,1.2658388523016022
0.014179449686280154,gaussian,support_band50,0.23229713789407472,1,False,31,1.251659402615322,0.011201623066394648,0.03449246578979359,2026107001,support_mix50,-0.011201623066394648,1.2658388523016022
0.017655431677155997,gaussian,historical,0.23229713789407472,1,False,31,1.2834942839787582,0.013947613983449899,0.03449246578979359,2026107001,support_band50,0.013947613983449899,1.2658388523016022
0.017655431677155997,gaussian,historical_se_penalty,0.23229713789407472,1,False,31,1.2834942839787582,0.013947613983449899,0.03449246578979359,2026107001,support_band50,0.013947613983449899,1.2658388523016022
0.014179449686280154,gaussian,support_mix50,0.23229713789407472,1,False,31,1.251659402615322,0.011201623066394648,0.03449246578979359,2026107001,support_band50,-0.011201623066394648,1.2658388523016022
0.014179449686280154,gaussian,support_band50,0.23229713789407472,1,True,31,1.251659402615322,0.011201623066394648,0.03449246578979359,2026107001,support_band50,-0.011201623066394648,1.2658388523016022
0.07042485931304829,gaussian,historical,0.23981962888250188,285,False,-1,1.5245313333425077,0.04853965290048951,0.19070971428621672,2026107001,fixed_bank,0.04673367429816042,1.4569913923981175
0.07042485931304829,gaussian,historical_se_penalty,0.23981962888250188,285,False,-1,1.5245313333425077,0.04853965290048951,0.19070971428621672,2026107001,fixed_bank,0.04673367429816042,1.4569913923981175
0.07343101588843368,gaussian,support_mix50,0.23981962888250188,285,False,-1,1.5271734782245647,0.05026843250525588,0.19070971428621672,2026107001,fixed_bank,0.048103469736179745,1.4569913923981175
0.07343101588843362,gaussian,support_band50,0.23981962888250188,285,False,-1,1.5271734782245647,0.05026843250525584,0.19070971428621672,2026107001,fixed_bank,0.0481034697361797,1.4569913923981175
0.024077039114325238,asymmetric_crash,historical,0.125,1,False,0,2.8634760368325316,0.008479625136753937,0.08009650600610363,2026107021,equal_weight,0.008479625136753937,2.8393989977182064
0.024077039114325238,asymmetric_crash,historical_se_penalty,0.125,1,False,0,2.8634760368325316,0.008479625136753937,0.08009650600610363,2026107021,equal_weight,0.008479625136753937,2.8393989977182064
0.1252895297863419,asymmetric_crash,support_mix50,0.125,1,False,0,2.9646885275045483,0.04412536944861461,0.08009650600610363,2026107021,equal_weight,0.04412536944861461,2.8393989977182064
0.3698673529468408,asymmetric_crash,support_band50,0.125,1,False,0,3.209266350665047,0.13026254966071096,0.08009650600610363,2026107021,equal_weight,0.13026254966071096,2.8393989977182064
0.1451089775461325,asymmetric_crash,historical,0.5,1,True,13,2.6155929057654315,0.052562349605118866,0.05016042503555851,2026107021,historical,-0.052562349605118866,2.760701883311564
0.1451089775461325,asymmetric_crash,historical_se_penalty,0.5,1,False,13,2.6155929057654315,0.052562349605118866,0.05016042503555851,2026107021,historical,-0.052562349605118866,2.760701883311564
0.11916614669686787,asymmetric_crash,support_mix50,0.5,1,False,13,2.641535736614696,0.043165162967152275,0.05016042503555851,2026107021,historical,-0.043165162967152275,2.760701883311564
0.07412027604692106,asymmetric_crash,support_band50,0.5,1,False,13,2.834822159358485,0.02684834479774073,0.05016042503555851,2026107021,historical,0.02684834479774073,2.760701883311564
0.1451089775461325,asymmetric_crash,historical,0.5,1,False,13,2.6155929057654315,0.052562349605118866,0.05016042503555851,2026107021,historical_se_penalty,-0.052562349605118866,2.760701883311564
0.1451089775461325,asymmetric_crash,historical_se_penalty,0.5,1,True,13,2.6155929057654315,0.052562349605118866,0.05016042503555851,2026107021,historical_se_penalty,-0.052562349605118866,2.760701883311564
0.11916614669686787,asymmetric_crash,support_mix50,0.5,1,False,13,2.641535736614696,0.043165162967152275,0.05016042503555851,2026107021,historical_se_penalty,-0.043165162967152275,2.760701883311564
0.07412027604692106,asymmetric_crash,support_band50,0.5,1,False,13,2.834822159358485,0.02684834479774073,0.05016042503555851,2026107021,historical_se_penalty,0.02684834479774073,2.760701883311564
0.1451089775461325,asymmetric_crash,historical,0.5,1,False,13,2.6155929057654315,0.052562349605118866,0.05016042503555851,2026107021,support_mix50,-0.052562349605118866,2.760701883311564
0.1451089775461325,asymmetric_crash,historical_se_penalty,0.5,1,False,13,2.6155929057654315,0.052562349605118866,0.05016042503555851,2026107021,support_mix50,-0.052562349605118866,2.760701883311564
0.11916614669686787,asymmetric_crash,support_mix50,0.5,1,True,13,2.641535736614696,0.043165162967152275,0.05016042503555851,2026107021,support_mix50,-0.043165162967152275,2.760701883311564
0.07412027604692106,asymmetric_crash,support_band50,0.5,1,False,13,2.834822159358485,0.02684834479774073,0.05016042503555851,2026107021,support_mix50,0.02684834479774073,2.760701883311564
0.1451089775461325,asymmetric_crash,historical,0.5,1,False,13,2.6155929057654315,0.052562349605118866,0.05016042503555851,2026107021,support_band50,-0.052562349605118866,2.760701883311564
0.1451089775461325,asymmetric_crash,historical_se_penalty,0.5,1,False,13,2.6155929057654315,0.052562349605118866,0.05016042503555851,2026107021,support_band50,-0.052562349605118866,2.760701883311564
0.11916614669686787,asymmetric_crash,support_mix50,0.5,1,False,13,2.641535736614696,0.043165162967152275,0.05016042503555851,2026107021,support_band50,-0.043165162967152275,2.760701883311564
0.07412027604692106,asymmetric_crash,support_band50,0.5,1,True,13,2.834822159358485,0.02684834479774073,0.05016042503555851,2026107021,support_band50,0.02684834479774073,2.760701883311564
0.06936979960030613,asymmetric_crash,historical,0.24343949285354924,285,False,-1,2.9777788115671093,0.023117172474782337,0.12590605106687522,2026107021,fixed_bank,0.006337128122910256,2.959824881524136
0.06936979960030613,asymmetric_crash,historical_se_penalty,0.24343949285354924,285,False,-1,2.9777788115671093,0.023117172474782337,0.12590605106687522,2026107021,fixed_bank,0.006337128122910256,2.959824881524136
0.10820886721183248,asymmetric_crash,support_mix50,0.24343949285354924,285,False,-1,3.051445884106822,0.03662698267666047,0.12590605106687522,2026107021,fixed_bank,0.03148326994875108,2.959824881524136
0.3364984123128357,asymmetric_crash,support_band50,0.24343949285354924,285,False,-1,3.295392932698076,0.1143058287333202,0.12590605106687522,2026107021,fixed_bank,0.114024835612247,2.959824881524136
0.031182313035803544,gaussian,historical,0.125,1,False,0,1.2848839607644233,0.024872195942549614,0.12828623422182672,2026107043,equal_weight,0.024872195942549614,1.2537016477286198
0.031182313035803544,gaussian,historical_se_penalty,0.125,1,False,0,1.2848839607644233,0.024872195942549614,0.12828623422182672,2026107043,equal_weight,0.024872195942549614,1.2537016477286198
0.013248959095886637,gaussian,support_mix50,0.125,1,False,0,1.2669506068245064,0.010567872443886704,0.12828623422182672,2026107043,equal_weight,0.010567872443886704,1.2537016477286198
0.013248959095886637,gaussian,support_band50,0.125,1,False,0,1.2669506068245064,0.010567872443886704,0.12828623422182672,2026107043,equal_weight,0.010567872443886704,1.2537016477286198
0.004901096426523033,gaussian,historical,0.5,1,True,18,1.116056767481299,0.004410809892974417,0.0,2026107043,historical,0.004410809892974417,1.1111556710547759
0.004901096426523033,gaussian,historical_se_penalty,0.5,1,False,18,1.116056767481299,0.004410809892974417,0.0,2026107043,historical,0.004410809892974417,1.1111556710547759
0.003886055385365239,gaussian,support_mix50,0.5,1,False,18,1.1072696156694106,0.0034973095909022014,0.0,2026107043,historical,-0.0034973095909022014,1.1111556710547759
0.003886055385365239,gaussian,support_band50,0.5,1,False,18,1.1072696156694106,0.0034973095909022014,0.0,2026107043,historical,-0.0034973095909022014,1.1111556710547759
0.004901096426523033,gaussian,historical,0.5,1,False,18,1.116056767481299,0.004410809892974417,0.0,2026107043,historical_se_penalty,0.004410809892974417,1.1111556710547759
0.004901096426523033,gaussian,historical_se_penalty,0.5,1,True,18,1.116056767481299,0.004410809892974417,0.0,2026107043,historical_se_penalty,0.004410809892974417,1.1111556710547759
0.003886055385365239,gaussian,support_mix50,0.5,1,False,18,1.1072696156694106,0.0034973095909022014,0.0,2026107043,historical_se_penalty,-0.0034973095909022014,1.1111556710547759
0.003886055385365239,gaussian,support_band50,0.5,1,False,18,1.1072696156694106,0.0034973095909022014,0.0,2026107043,historical_se_penalty,-0.0034973095909022014,1.1111556710547759
0.004901096426523033,gaussian,historical,0.5,1,False,18,1.116056767481299,0.004410809892974417,0.0,2026107043,support_mix50,0.004410809892974417,1.1111556710547759
0.004901096426523033,gaussian,historical_se_penalty,0.5,1,False,18,1.116056767481299,0.004410809892974417,0.0,2026107043,support_mix50,0.004410809892974417,1.1111556710547759
0.003886055385365239,gaussian,support_mix50,0.5,1,True,18,1.1072696156694106,0.0034973095909022014,0.0,2026107043,support_mix50,-0.0034973095909022014,1.1111556710547759
0.003886055385365239,gaussian,support_band50,0.5,1,False,18,1.1072696156694106,0.0034973095909022014,0.0,2026107043,support_mix50,-0.0034973095909022014,1.1111556710547759
0.004901096426523033,gaussian,historical,0.5,1,False,18,1.116056767481299,0.004410809892974417,0.0,2026107043,support_band50,0.004410809892974417,1.1111556710547759
0.004901096426523033,gaussian,historical_se_penalty,0.5,1,False,18,1.116056767481299,0.004410809892974417,0.0,2026107043,support_band50,0.004410809892974417,1.1111556710547759
0.003886055385365239,gaussian,support_mix50,0.5,1,False,18,1.1072696156694106,0.0034973095909022014,0.0,2026107043,support_band50,-0.0034973095909022014,1.1111556710547759
0.003886055385365239,gaussian,support_band50,0.5,1,True,18,1.1072696156694106,0.0034973095909022014,0.0,2026107043,support_band50,-0.0034973095909022014,1.1111556710547759
0.04480800240869225,gaussian,historical,0.24056514471696425,285,False,-1,1.4318577804588335,0.031460118923747074,0.2609646842128031,2026107043,fixed_bank,0.0215841663197892,1.4011280598628508
0.04480800240869225,gaussian,historical_se_penalty,0.24056514471696425,285,False,-1,1.4318577804588335,0.031460118923747074,0.2609646842128031,2026107043,fixed_bank,0.0215841663197892,1.4011280598628508
0.038771914623428924,gaussian,support_mix50,0.24056514471696425,285,False,-1,1.4253838089741082,0.026858444041019225,0.2609646842128031,2026107043,fixed_bank,0.016765377952698376,1.4011280598628508
0.03877191462342889,gaussian,support_band50,0.24056514471696425,285,False,-1,1.4253838089741082,0.026858444041019208,0.2609646842128031,2026107043,fixed_bank,0.01676537795269834,1.4011280598628508
0.030671958270631405,gaussian,historical,0.125,1,False,0,1.1451047960585243,0.026086549302576933,0.08165593873479926,2026107019,equal_weight,-0.026086549302576933,1.1757767543291557
0.030671958270631405,gaussian,historical_se_penalty,0.125,1,False,0,1.1451047960585243,0.026086549302576933,0.08165593873479926,2026107019,equal_weight,-0.026086549302576933,1.1757767543291557
0.05079077091743933,gaussian,support_mix50,0.125,1,False,0,1.1249859834117164,0.04319763146399183,0.08165593873479926,2026107019,equal_weight,-0.04319763146399183,1.1757767543291557
0.050790770917439554,gaussian,support_band50,0.125,1,False,0,1.1249859834117162,0.04319763146399202,0.08165593873479926,2026107019,equal_weight,-0.04319763146399202,1.1757767543291557
0.06002080656913522,gaussian,historical,0.2598752675209909,1,True,171,1.0269946779521706,0.05521614680177888,0.0,2026107019,historical,-0.05521614680177888,1.0870154845213058
0.06002080656913522,gaussian,historical_se_penalty,0.2598752675209909,1,False,171,1.0269946779521706,0.05521614680177888,0.0,2026107019,historical,-0.05521614680177888,1.0870154845213058
0.04139771695736494,gaussian,support_mix50,0.2598752675209909,1,False,171,1.0456177675639409,0.038083833714287384,0.0,2026107019,historical,-0.038083833714287384,1.0870154845213058
0.04139771695736494,gaussian,support_band50,0.2598752675209909,1,False,171,1.0456177675639409,0.038083833714287384,0.0,2026107019,historical,-0.038083833714287384,1.0870154845213058
0.06002080656913522,gaussian,historical,0.2598752675209909,1,False,171,1.0269946779521706,0.05521614680177888,0.0,2026107019,historical_se_penalty,-0.05521614680177888,1.0870154845213058
0.06002080656913522,gaussian,historical_se_penalty,0.2598752675209909,1,True,171,1.0269946779521706,0.05521614680177888,0.0,2026107019,historical_se_penalty,-0.05521614680177888,1.0870154845213058
0.04139771695736494,gaussian,support_mix50,0.2598752675209909,1,False,171,1.0456177675639409,0.038083833714287384,0.0,2026107019,historical_se_penalty,-0.038083833714287384,1.0870154845213058
0.04139771695736494,gaussian,support_band50,0.2598752675209909,1,False,171,1.0456177675639409,0.038083833714287384,0.0,2026107019,historical_se_penalty,-0.038083833714287384,1.0870154845213058
0.11077199016355133,gaussian,historical,0.18297339356781875,1,False,263,1.0571536004674373,0.09484507493641368,0.07443325993218353,2026107019,support_mix50,-0.09484507493641368,1.1679255906309887
0.11077199016355133,gaussian,historical_se_penalty,0.18297339356781875,1,False,263,1.0571536004674373,0.09484507493641368,0.07443325993218353,2026107019,support_mix50,-0.09484507493641368,1.1679255906309887
0.12301047470061577,gaussian,support_mix50,0.18297339356781875,1,True,263,1.044915115930373,0.10532389707648891,0.07443325993218353,2026107019,support_mix50,-0.10532389707648891,1.1679255906309887
0.12301047470061577,gaussian,support_band50,0.18297339356781875,1,False,263,1.044915115930373,0.10532389707648891,0.07443325993218353,2026107019,support_mix50,-0.10532389707648891,1.1679255906309887
0.11077199016355133,gaussian,historical,0.18297339356781875,1,False,263,1.0571536004674373,0.09484507493641368,0.07443325993218353,2026107019,support_band50,-0.09484507493641368,1.1679255906309887
0.11077199016355133,gaussian,historical_se_penalty,0.18297339356781875,1,False,263,1.0571536004674373,0.09484507493641368,0.07443325993218353,2026107019,support_band50,-0.09484507493641368,1.1679255906309887
0.12301047470061577,gaussian,support_mix50,0.18297339356781875,1,False,263,1.044915115930373,0.10532389707648891,0.07443325993218353,2026107019,support_band50,-0.10532389707648891,1.1679255906309887
0.12301047470061577,gaussian,support_band50,0.18297339356781875,1,True,263,1.044915115930373,0.10532389707648891,0.07443325993218353,2026107019,support_band50,-0.10532389707648891,1.1679255906309887
0.05019159479719929,gaussian,historical,0.24087471092821666,285,False,-1,1.2725223578379057,0.03860158960035449,0.20155077357299414,2026107019,fixed_bank,-0.02615861932177322,1.306104296312398
0.05019159479719929,gaussian,historical_se_penalty,0.24087471092821666,285,False,-1,1.2725223578379057,0.03860158960035449,0.20155077357299414,2026107019,fixed_bank,-0.02615861932177322,1.306104296312398
0.05129483613585458,gaussian,support_mix50,0.24087471092821666,285,False,-1,1.2631914481110893,0.039673372284579955,0.20155077357299414,2026107019,fixed_bank,-0.03335844104731296,1.306104296312398
0.051294836135854595,gaussian,support_band50,0.24087471092821666,285,False,-1,1.2631914481110893,0.03967337228457997,0.20155077357299414,2026107019,fixed_bank,-0.03335844104731299,1.306104296312398
0.02178078778110004,gaussian,historical,0.125,1,False,0,1.2345920524061722,0.017958926022865845,0.07166706050130767,2026107033,equal_weight,0.017958926022865845,1.2128112646250722
0.02178078778110004,gaussian,historical_se_penalty,0.125,1,False,0,1.2345920524061722,0.017958926022865845,0.07166706050130767,2026107033,equal_weight,0.017958926022865845,1.2128112646250722
0.01407841871509552,gaussian,support_mix50,0.125,1,False,0,1.2268896833401677,0.011608087033597692,0.07166706050130767,2026107033,equal_weight,0.011608087033597692,1.2128112646250722
0.01407841871509552,gaussian,support_band50,0.125,1,False,0,1.2268896833401677,0.011608087033597692,0.07166706050130767,2026107033,equal_weight,0.011608087033597692,1.2128112646250722
0.050987920766114136,gaussian,historical,0.17933439038807658,1,True,120,1.1130160481268905,0.04380390628272931,0.028539846338787145,2026107033,historical,-0.04380390628272931,1.1640039688930046
0.050987920766114136,gaussian,historical_se_penalty,0.17933439038807658,1,False,120,1.1130160481268905,0.04380390628272931,0.028539846338787145,2026107033,historical,-0.04380390628272931,1.1640039688930046
0.041456234712771156,gaussian,support_mix50,0.17933439038807658,1,False,120,1.1225477341802335,0.03561520048097174,0.028539846338787145,2026107033,historical,-0.03561520048097174,1.1640039688930046
0.041456234712771156,gaussian,support_band50,0.17933439038807658,1,False,120,1.1225477341802335,0.03561520048097174,0.028539846338787145,2026107033,historical,-0.03561520048097174,1.1640039688930046
0.050987920766114136,gaussian,historical,0.17933439038807658,1,False,120,1.1130160481268905,0.04380390628272931,0.028539846338787145,2026107033,historical_se_penalty,-0.04380390628272931,1.1640039688930046
0.050987920766114136,gaussian,historical_se_penalty,0.17933439038807658,1,True,120,1.1130160481268905,0.04380390628272931,0.028539846338787145,2026107033,historical_se_penalty,-0.04380390628272931,1.1640039688930046
0.041456234712771156,gaussian,support_mix50,0.17933439038807658,1,False,120,1.1225477341802335,0.03561520048097174,0.028539846338787145,2026107033,historical_se_penalty,-0.03561520048097174,1.1640039688930046
0.041456234712771156,gaussian,support_band50,0.17933439038807658,1,False,120,1.1225477341802335,0.03561520048097174,0.028539846338787145,2026107033,historical_se_penalty,-0.03561520048097174,1.1640039688930046
0.019228169582353294,gaussian,historical,0.17005123477574413,1,False,112,1.1265952669887358,0.016781092940369738,0.012475122832282137,2026107033,support_mix50,-0.016781092940369738,1.145823436571089
0.019228169582353294,gaussian,historical_se_penalty,0.17005123477574413,1,False,112,1.1265952669887358,0.016781092940369738,0.012475122832282137,2026107033,support_mix50,-0.016781092940369738,1.145823436571089
0.024558360132252766,gaussian,support_mix50,0.17005123477574413,1,True,112,1.1212650764388363,0.021432935780877717,0.012475122832282137,2026107033,support_mix50,-0.021432935780877717,1.145823436571089
0.024558360132252766,gaussian,support_band50,0.17005123477574413,1,False,112,1.1212650764388363,0.021432935780877717,0.012475122832282137,2026107033,support_mix50,-0.021432935780877717,1.145823436571089
0.019228169582353294,gaussian,historical,0.17005123477574413,1,False,112,1.1265952669887358,0.016781092940369738,0.012475122832282137,2026107033,support_band50,-0.016781092940369738,1.145823436571089
0.019228169582353294,gaussian,historical_se_penalty,0.17005123477574413,1,False,112,1.1265952669887358,0.016781092940369738,0.012475122832282137,2026107033,support_band50,-0.016781092940369738,1.145823436571089
0.024558360132252766,gaussian,support_mix50,0.17005123477574413,1,False,112,1.1212650764388363,0.021432935780877717,0.012475122832282137,2026107033,support_band50,-0.021432935780877717,1.145823436571089
0.024558360132252766,gaussian,support_band50,0.17005123477574413,1,True,112,1.1212650764388363,0.021432935780877717,0.012475122832282137,2026107033,support_band50,-0.021432935780877717,1.145823436571089
0.047794675980639585,gaussian,historical,0.2403232009839855,285,False,-1,1.3728917625335024,0.03489412726970213,0.19434706623254874,2026107033,fixed_bank,0.01588882174705112,1.3516488741579407
0.047794675980639585,gaussian,historical_se_penalty,0.2403232009839855,285,False,-1,1.3728917625335024,0.03489412726970213,0.19434706623254874,2026107033,fixed_bank,0.01588882174705112,1.3516488741579407
0.039944611041761016,gaussian,support_mix50,0.2403232009839855,285,False,-1,1.357833997533858,0.029185659729543633,0.19434706623254874,2026107033,fixed_bank,0.004972576757455576,1.3516488741579407
0.03994461104176101,gaussian,support_band50,0.2403232009839855,285,False,-1,1.357833997533858,0.029185659729543633,0.19434706623254874,2026107033,fixed_bank,0.004972576757455561,1.3516488741579407
0.019603931845868727,gaussian,historical,0.125,1,False,0,1.2703643166167036,0.01519722045037415,0.05083418688819763,2026107046,equal_weight,-0.01519722045037415,1.2899682484625723
0.019603931845868727,gaussian,historical_se_penalty,0.125,1,False,0,1.2703643166167036,0.01519722045037415,0.05083418688819763,2026107046,equal_weight,-0.01519722045037415,1.2899682484625723
0.06335506172032157,gaussian,support_mix50,0.125,1,False,0,1.2266131867422507,0.04911365980971258,0.05083418688819763,2026107046,equal_weight,-0.04911365980971258,1.2899682484625723
0.06335506172032157,gaussian,support_band50,0.125,1,False,0,1.2266131867422507,0.04911365980971258,0.05083418688819763,2026107046,equal_weight,-0.04911365980971258,1.2899682484625723
0.004706945903252047,gaussian,historical,0.16195011119516212,1,True,47,1.2228589865323065,0.003834373192414363,0.0,2026107046,historical,-0.003834373192414363,1.2275659324355586
0.004706945903252047,gaussian,historical_se_penalty,0.16195011119516212,1,False,47,1.2228589865323065,0.003834373192414363,0.0,2026107046,historical,-0.003834373192414363,1.2275659324355586
0.02715535908642086,gaussian,support_mix50,0.16195011119516212,1,False,47,1.2004105733491377,0.022121303930733176,0.0,2026107046,historical,-0.022121303930733176,1.2275659324355586
0.02715535908642086,gaussian,support_band50,0.16195011119516212,1,False,47,1.2004105733491377,0.022121303930733176,0.0,2026107046,historical,-0.022121303930733176,1.2275659324355586
0.004706945903252047,gaussian,historical,0.16195011119516212,1,False,47,1.2228589865323065,0.003834373192414363,0.0,2026107046,historical_se_penalty,-0.003834373192414363,1.2275659324355586
0.004706945903252047,gaussian,historical_se_penalty,0.16195011119516212,1,True,47,1.2228589865323065,0.003834373192414363,0.0,2026107046,historical_se_penalty,-0.003834373192414363,1.2275659324355586
0.02715535908642086,gaussian,support_mix50,0.16195011119516212,1,False,47,1.2004105733491377,0.022121303930733176,0.0,2026107046,historical_se_penalty,-0.022121303930733176,1.2275659324355586
0.02715535908642086,gaussian,support_band50,0.16195011119516212,1,False,47,1.2004105733491377,0.022121303930733176,0.0,2026107046,historical_se_penalty,-0.022121303930733176,1.2275659324355586
0.03669909369288882,gaussian,historical,0.16009631089885207,1,False,164,1.230284090783264,0.028965730676261844,0.03211008956756256,2026107046,support_mix50,-0.028965730676261844,1.2669831844761528
0.03669909369288882,gaussian,historical_se_penalty,0.16009631089885207,1,False,164,1.230284090783264,0.028965730676261844,0.03211008956756256,2026107046,support_mix50,-0.028965730676261844,1.2669831844761528
0.08841831136723566,gaussian,support_mix50,0.16009631089885207,1,True,164,1.178564873108917,0.06978649160509033,0.03211008956756256,2026107046,support_mix50,-0.06978649160509033,1.2669831844761528
0.08841831136723566,gaussian,support_band50,0.16009631089885207,1,False,164,1.178564873108917,0.06978649160509033,0.03211008956756256,2026107046,support_mix50,-0.06978649160509033,1.2669831844761528
0.03669909369288882,gaussian,historical,0.16009631089885207,1,False,164,1.230284090783264,0.028965730676261844,0.03211008956756256,2026107046,support_band50,-0.028965730676261844,1.2669831844761528
0.03669909369288882,gaussian,historical_se_penalty,0.16009631089885207,1,False,164,1.230284090783264,0.028965730676261844,0.03211008956756256,2026107046,support_band50,-0.028965730676261844,1.2669831844761528
0.08841831136723566,gaussian,support_mix50,0.16009631089885207,1,False,164,1.178564873108917,0.06978649160509033,0.03211008956756256,2026107046,support_band50,-0.06978649160509033,1.2669831844761528
0.08841831136723566,gaussian,support_band50,0.16009631089885207,1,True,164,1.178564873108917,0.06978649160509033,0.03211008956756256,2026107046,support_band50,-0.06978649160509033,1.2669831844761528
0.03163982094733344,gaussian,historical,0.2437331962810209,285,False,-1,1.4343164999726623,0.021712124358459255,0.1761011167479829,2026107046,fixed_bank,-0.006909838162523011,1.443741664019239
0.03163982094733344,gaussian,historical_se_penalty,0.2437331962810209,285,False,-1,1.4343164999726623,0.021712124358459255,0.1761011167479829,2026107046,fixed_bank,-0.006909838162523011,1.443741664019239
0.059037534507991506,gaussian,support_mix50,0.2437331962810209,285,False,-1,1.388411869660185,0.04108543545060783,0.1761011167479829,2026107046,fixed_bank,-0.038766646122465644,1.443741664019239
0.05903753450799155,gaussian,support_band50,0.2437331962810209,285,False,-1,1.388411869660185,0.04108543545060785,0.1761011167479829,2026107046,fixed_bank,-0.03876664612246568,1.443741664019239
0.07002916357429201,gaussian,historical,0.125,1,False,0,1.1552909428300329,0.05715172974659745,0.05788894501834041,2026107037,equal_weight,-0.05715172974659745,1.2253201064043249
0.07002916357429201,gaussian,historical_se_penalty,0.125,1,False,0,1.1552909428300329,0.05715172974659745,0.05788894501834041,2026107037,equal_weight,-0.05715172974659745,1.2253201064043249
0.05773097270247107,gaussian,support_mix50,0.125,1,False,0,1.1675891337018538,0.04711501296741254,0.05788894501834041,2026107037,equal_weight,-0.04711501296741254,1.2253201064043249
0.05773097270247107,gaussian,support_band50,0.125,1,False,0,1.1675891337018538,0.04711501296741254,0.05788894501834041,2026107037,equal_weight,-0.04711501296741254,1.2253201064043249
0.1261284390730888,gaussian,historical,0.16391948770394815,1,True,164,1.0512150211946538,0.10712968927895146,0.01646796179797727,2026107037,historical,-0.10712968927895146,1.1773434602677426
0.1261284390730888,gaussian,historical_se_penalty,0.16391948770394815,1,False,164,1.0512150211946538,0.10712968927895146,0.01646796179797727,2026107037,historical,-0.10712968927895146,1.1773434602677426
0.12247230045896895,gaussian,support_mix50,0.16391948770394815,1,False,164,1.0548711598087737,0.10402427549146723,0.01646796179797727,2026107037,historical,-0.10402427549146723,1.1773434602677426
0.12247230045896895,gaussian,support_band50,0.16391948770394815,1,False,164,1.0548711598087737,0.10402427549146723,0.01646796179797727,2026107037,historical,-0.10402427549146723,1.1773434602677426
0.1261284390730888,gaussian,historical,0.16391948770394815,1,False,164,1.0512150211946538,0.10712968927895146,0.01646796179797727,2026107037,historical_se_penalty,-0.10712968927895146,1.1773434602677426
0.1261284390730888,gaussian,historical_se_penalty,0.16391948770394815,1,True,164,1.0512150211946538,0.10712968927895146,0.01646796179797727,2026107037,historical_se_penalty,-0.10712968927895146,1.1773434602677426
0.12247230045896895,gaussian,support_mix50,0.16391948770394815,1,False,164,1.0548711598087737,0.10402427549146723,0.01646796179797727,2026107037,historical_se_penalty,-0.10402427549146723,1.1773434602677426
0.12247230045896895,gaussian,support_band50,0.16391948770394815,1,False,164,1.0548711598087737,0.10402427549146723,0.01646796179797727,2026107037,historical_se_penalty,-0.10402427549146723,1.1773434602677426
0.1261284390730888,gaussian,historical,0.16391948770394815,1,False,164,1.0512150211946538,0.10712968927895146,0.01646796179797727,2026107037,support_mix50,-0.10712968927895146,1.1773434602677426
0.1261284390730888,gaussian,historical_se_penalty,0.16391948770394815,1,False,164,1.0512150211946538,0.10712968927895146,0.01646796179797727,2026107037,support_mix50,-0.10712968927895146,1.1773434602677426
0.12247230045896895,gaussian,support_mix50,0.16391948770394815,1,True,164,1.0548711598087737,0.10402427549146723,0.01646796179797727,2026107037,support_mix50,-0.10402427549146723,1.1773434602677426
0.12247230045896895,gaussian,support_band50,0.16391948770394815,1,False,164,1.0548711598087737,0.10402427549146723,0.01646796179797727,2026107037,support_mix50,-0.10402427549146723,1.1773434602677426
0.1261284390730888,gaussian,historical,0.16391948770394815,1,False,164,1.0512150211946538,0.10712968927895146,0.01646796179797727,2026107037,support_band50,-0.10712968927895146,1.1773434602677426
0.1261284390730888,gaussian,historical_se_penalty,0.16391948770394815,1,False,164,1.0512150211946538,0.10712968927895146,0.01646796179797727,2026107037,support_band50,-0.10712968927895146,1.1773434602677426
0.12247230045896895,gaussian,support_mix50,0.16391948770394815,1,False,164,1.0548711598087737,0.10402427549146723,0.01646796179797727,2026107037,support_band50,-0.10402427549146723,1.1773434602677426
0.12247230045896895,gaussian,support_band50,0.16391948770394815,1,True,164,1.0548711598087737,0.10402427549146723,0.01646796179797727,2026107037,support_band50,-0.10402427549146723,1.1773434602677426
0.05722611604361279,gaussian,historical,0.2415447226009145,285,False,-1,1.3244305981991167,0.04238444915588213,0.18373805626479886,2026107037,fixed_bank,-0.035490479125608786,1.371087246811229
0.05722611604361279,gaussian,historical_se_penalty,0.2415447226009145,285,False,-1,1.3244305981991167,0.04238444915588213,0.18373805626479886,2026107037,fixed_bank,-0.035490479125608786,1.371087246811229
0.0577937941658867,gaussian,support_mix50,0.2415447226009145,285,False,-1,1.3281351057117525,0.04263381546916455,0.18373805626479886,2026107037,fixed_bank,-0.03297221074345786,1.371087246811229
0.05779379416588672,gaussian,support_band50,0.2415447226009145,285,False,-1,1.3281351057117525,0.04263381546916457,0.18373805626479886,2026107037,fixed_bank,-0.03297221074345789,1.371087246811229
0.06452646342755197,gaussian,historical,0.125,1,False,0,1.2016824787024194,0.05096035992212143,0.1011361402911255,2026107061,equal_weight,-0.05096035992212143,1.2662089421299714
0.06452646342755197,gaussian,historical_se_penalty,0.125,1,False,0,1.2016824787024194,0.05096035992212143,0.1011361402911255,2026107061,equal_weight,-0.05096035992212143,1.2662089421299714
0.04671625679649405,gaussian,support_mix50,0.125,1,False,0,1.2194926853334773,0.036894587648314686,0.1011361402911255,2026107061,equal_weight,-0.036894587648314686,1.2662089421299714
0.04671625679649405,gaussian,support_band50,0.125,1,False,0,1.2194926853334773,0.036894587648314686,0.1011361402911255,2026107061,equal_weight,-0.036894587648314686,1.2662089421299714
0.08419659404479618,gaussian,historical,0.20434185622717102,1,True,118,1.0686573079253654,0.0730331865129736,0.0025589408645032563,2026107061,historical,-0.0730331865129736,1.1528539019701616
0.08419659404479618,gaussian,historical_se_penalty,0.20434185622717102,1,False,118,1.0686573079253654,0.0730331865129736,0.0025589408645032563,2026107061,historical,-0.0730331865129736,1.1528539019701616
0.05266446059873653,gaussian,support_mix50,0.20434185622717102,1,False,118,1.100189441371425,0.04568181667142382,0.0025589408645032563,2026107061,historical,-0.04568181667142382,1.1528539019701616
0.05266446059873653,gaussian,support_band50,0.20434185622717102,1,False,118,1.100189441371425,0.04568181667142382,0.0025589408645032563,2026107061,historical,-0.04568181667142382,1.1528539019701616
0.08419659404479618,gaussian,historical,0.20434185622717102,1,False,118,1.0686573079253654,0.0730331865129736,0.0025589408645032563,2026107061,historical_se_penalty,-0.0730331865129736,1.1528539019701616
0.08419659404479618,gaussian,historical_se_penalty,0.20434185622717102,1,True,118,1.0686573079253654,0.0730331865129736,0.0025589408645032563,2026107061,historical_se_penalty,-0.0730331865129736,1.1528539019701616
0.05266446059873653,gaussian,support_mix50,0.20434185622717102,1,False,118,1.100189441371425,0.04568181667142382,0.0025589408645032563,2026107061,historical_se_penalty,-0.04568181667142382,1.1528539019701616
0.05266446059873653,gaussian,support_band50,0.20434185622717102,1,False,118,1.100189441371425,0.04568181667142382,0.0025589408645032563,2026107061,historical_se_penalty,-0.04568181667142382,1.1528539019701616
0.08419659404479618,gaussian,historical,0.20434185622717102,1,False,118,1.0686573079253654,0.0730331865129736,0.0025589408645032563,2026107061,support_mix50,-0.0730331865129736,1.1528539019701616
0.08419659404479618,gaussian,historical_se_penalty,0.20434185622717102,1,False,118,1.0686573079253654,0.0730331865129736,0.0025589408645032563,2026107061,support_mix50,-0.0730331865129736,1.1528539019701616
0.05266446059873653,gaussian,support_mix50,0.20434185622717102,1,True,118,1.100189441371425,0.04568181667142382,0.0025589408645032563,2026107061,support_mix50,-0.04568181667142382,1.1528539019701616
0.05266446059873653,gaussian,support_band50,0.20434185622717102,1,False,118,1.100189441371425,0.04568181667142382,0.0025589408645032563,2026107061,support_mix50,-0.04568181667142382,1.1528539019701616
0.08419659404479618,gaussian,historical,0.20434185622717102,1,False,118,1.0686573079253654,0.0730331865129736,0.0025589408645032563,2026107061,support_band50,-0.0730331865129736,1.1528539019701616
0.08419659404479618,gaussian,historical_se_penalty,0.20434185622717102,1,False,118,1.0686573079253654,0.0730331865129736,0.0025589408645032563,2026107061,support_band50,-0.0730331865129736,1.1528539019701616
0.05266446059873653,gaussian,support_mix50,0.20434185622717102,1,False,118,1.100189441371425,0.04568181667142382,0.0025589408645032563,2026107061,support_band50,-0.04568181667142382,1.1528539019701616
0.05266446059873653,gaussian,support_band50,0.20434185622717102,1,True,118,1.100189441371425,0.04568181667142382,0.0025589408645032563,2026107061,support_band50,-0.04568181667142382,1.1528539019701616
0.06117166615039754,gaussian,historical,0.2386630174228896,285,False,-1,1.357706422052554,0.04310249692683141,0.23198964601244845,2026107061,fixed_bank,-0.0417164055260948,1.4166788731319535
0.06117166615039754,gaussian,historical_se_penalty,0.2386630174228896,285,False,-1,1.357706422052554,0.04310249692683141,0.23198964601244845,2026107061,fixed_bank,-0.0417164055260948,1.4166788731319535
0.051620204050831134,gaussian,support_mix50,0.2386630174228896,285,False,-1,1.3709074405634174,0.035931296030074236,0.23198964601244845,2026107061,fixed_bank,-0.031913553217701514,1.4166788731319535
0.05162020405083117,gaussian,support_band50,0.2386630174228896,285,False,-1,1.3709074405634174,0.03593129603007425,0.23198964601244845,2026107061,fixed_bank,-0.03191355321770155,1.4166788731319535
0.016075742042557684,gaussian,historical,0.125,1,False,0,1.2848307352221457,0.012670485735209411,0.16291414705708873,2026107063,equal_weight,0.012670485735209411,1.268754993179588
0.016075742042557684,gaussian,historical_se_penalty,0.125,1,False,0,1.2848307352221457,0.012670485735209411,0.16291414705708873,2026107063,equal_weight,0.012670485735209411,1.268754993179588
0.019677701920175483,gaussian,support_mix50,0.125,1,False,0,1.2884326950997635,0.015509457717176581,0.16291414705708873,2026107063,equal_weight,0.015509457717176581,1.268754993179588
0.019677701920175483,gaussian,support_band50,0.125,1,False,0,1.2884326950997635,0.015509457717176581,0.16291414705708873,2026107063,equal_weight,0.015509457717176581,1.268754993179588
0.01886522679366731,gaussian,historical,0.26429647217926444,1,True,39,1.1098786918807881,0.01729147017645732,0.0,2026107063,historical,0.01729147017645732,1.0910134650871208
0.01886522679366731,gaussian,historical_se_penalty,0.26429647217926444,1,False,39,1.1098786918807881,0.01729147017645732,0.0,2026107063,historical,0.01729147017645732,1.0910134650871208
0.006997396151912083,gaussian,support_mix50,0.26429647217926444,1,False,39,1.098010861239033,0.0064136661698793234,0.0,2026107063,historical,0.0064136661698793234,1.0910134650871208
0.006997396151912083,gaussian,support_band50,0.26429647217926444,1,False,39,1.098010861239033,0.0064136661698793234,0.0,2026107063,historical,0.0064136661698793234,1.0910134650871208
0.01886522679366731,gaussian,historical,0.26429647217926444,1,False,39,1.1098786918807881,0.01729147017645732,0.0,2026107063,historical_se_penalty,0.01729147017645732,1.0910134650871208
0.01886522679366731,gaussian,historical_se_penalty,0.26429647217926444,1,True,39,1.1098786918807881,0.01729147017645732,0.0,2026107063,historical_se_penalty,0.01729147017645732,1.0910134650871208
0.006997396151912083,gaussian,support_mix50,0.26429647217926444,1,False,39,1.098010861239033,0.0064136661698793234,0.0,2026107063,historical_se_penalty,0.0064136661698793234,1.0910134650871208
0.006997396151912083,gaussian,support_band50,0.26429647217926444,1,False,39,1.098010861239033,0.0064136661698793234,0.0,2026107063,historical_se_penalty,0.0064136661698793234,1.0910134650871208
0.01886522679366731,gaussian,historical,0.26429647217926444,1,False,39,1.1098786918807881,0.01729147017645732,0.0,2026107063,support_mix50,0.01729147017645732,1.0910134650871208
0.01886522679366731,gaussian,historical_se_penalty,0.26429647217926444,1,False,39,1.1098786918807881,0.01729147017645732,0.0,2026107063,support_mix50,0.01729147017645732,1.0910134650871208
0.006997396151912083,gaussian,support_mix50,0.26429647217926444,1,True,39,1.098010861239033,0.0064136661698793234,0.0,2026107063,support_mix50,0.0064136661698793234,1.0910134650871208
0.006997396151912083,gaussian,support_band50,0.26429647217926444,1,False,39,1.098010861239033,0.0064136661698793234,0.0,2026107063,support_mix50,0.0064136661698793234,1.0910134650871208
0.01886522679366731,gaussian,historical,0.26429647217926444,1,False,39,1.1098786918807881,0.01729147017645732,0.0,2026107063,support_band50,0.01729147017645732,1.0910134650871208
0.01886522679366731,gaussian,historical_se_penalty,0.26429647217926444,1,False,39,1.1098786918807881,0.01729147017645732,0.0,2026107063,support_band50,0.01729147017645732,1.0910134650871208
0.006997396151912083,gaussian,support_mix50,0.26429647217926444,1,False,39,1.098010861239033,0.0064136661698793234,0.0,2026107063,support_band50,0.0064136661698793234,1.0910134650871208
0.006997396151912083,gaussian,support_band50,0.26429647217926444,1,True,39,1.098010861239033,0.0064136661698793234,0.0,2026107063,support_band50,0.0064136661698793234,1.0910134650871208
0.032510289410103387,gaussian,historical,0.2397554553779292,285,False,-1,1.4615602110505441,0.02232732096030011,0.31653031623182754,2026107063,fixed_bank,0.017514497537585393,1.436352302204329
0.032510289410103387,gaussian,historical_se_penalty,0.2397554553779292,285,False,-1,1.4615602110505441,0.02232732096030011,0.31653031623182754,2026107063,fixed_bank,0.017514497537585393,1.436352302204329
0.028811653906805644,gaussian,support_mix50,0.2397554553779292,285,False,-1,1.455066572837976,0.019635820573059005,0.31653031623182754,2026107063,fixed_bank,0.012837210932801343,1.436352302204329
0.02881165390680562,gaussian,support_band50,0.2397554553779292,285,False,-1,1.455066572837976,0.01963582057305899,0.31653031623182754,2026107063,fixed_bank,0.012837210932801312,1.436352302204329
0.04568673016913416,gaussian,historical,0.125,1,False,0,1.1491115955035967,0.03823802660872517,0.14636859713729145,2026107040,equal_weight,-0.03823802660872517,1.1947983256727308
0.04568673016913416,gaussian,historical_se_penalty,0.125,1,False,0,1.1491115955035967,0.03823802660872517,0.14636859713729145,2026107040,equal_weight,-0.03823802660872517,1.1947983256727308
0.07500546471832537,gaussian,support_mix50,0.125,1,False,0,1.1197928609544054,0.06277667377554581,0.14636859713729145,2026107040,equal_weight,-0.06277667377554581,1.1947983256727308
0.07500546471832537,gaussian,support_band50,0.125,1,False,0,1.1197928609544054,0.06277667377554581,0.14636859713729145,2026107040,equal_weight,-0.06277667377554581,1.1947983256727308
0.1171016353820975,gaussian,historical,0.5,1,True,14,0.9491470888341733,0.10982581523665709,0.023029600824900243,2026107040,historical,-0.10982581523665709,1.0662487242162708
0.1171016353820975,gaussian,historical_se_penalty,0.5,1,False,14,0.9491470888341733,0.10982581523665709,0.023029600824900243,2026107040,historical,-0.10982581523665709,1.0662487242162708
0.13107637521561633,gaussian,support_mix50,0.5,1,False,14,0.9351723490006545,0.12293226921510451,0.023029600824900243,2026107040,historical,-0.12293226921510451,1.0662487242162708
0.13107637521561633,gaussian,support_band50,0.5,1,False,14,0.9351723490006545,0.12293226921510451,0.023029600824900243,2026107040,historical,-0.12293226921510451,1.0662487242162708
0.1171016353820975,gaussian,historical,0.5,1,False,14,0.9491470888341733,0.10982581523665709,0.023029600824900243,2026107040,historical_se_penalty,-0.10982581523665709,1.0662487242162708
0.1171016353820975,gaussian,historical_se_penalty,0.5,1,True,14,0.9491470888341733,0.10982581523665709,0.023029600824900243,2026107040,historical_se_penalty,-0.10982581523665709,1.0662487242162708
0.13107637521561633,gaussian,support_mix50,0.5,1,False,14,0.9351723490006545,0.12293226921510451,0.023029600824900243,2026107040,historical_se_penalty,-0.12293226921510451,1.0662487242162708
0.13107637521561633,gaussian,support_band50,0.5,1,False,14,0.9351723490006545,0.12293226921510451,0.023029600824900243,2026107040,historical_se_penalty,-0.12293226921510451,1.0662487242162708
0.1171016353820975,gaussian,historical,0.5,1,False,14,0.9491470888341733,0.10982581523665709,0.023029600824900243,2026107040,support_mix50,-0.10982581523665709,1.0662487242162708
0.1171016353820975,gaussian,historical_se_penalty,0.5,1,False,14,0.9491470888341733,0.10982581523665709,0.023029600824900243,2026107040,support_mix50,-0.10982581523665709,1.0662487242162708
0.13107637521561633,gaussian,support_mix50,0.5,1,True,14,0.9351723490006545,0.12293226921510451,0.023029600824900243,2026107040,support_mix50,-0.12293226921510451,1.0662487242162708
0.13107637521561633,gaussian,support_band50,0.5,1,False,14,0.9351723490006545,0.12293226921510451,0.023029600824900243,2026107040,support_mix50,-0.12293226921510451,1.0662487242162708
0.1171016353820975,gaussian,historical,0.5,1,False,14,0.9491470888341733,0.10982581523665709,0.023029600824900243,2026107040,support_band50,-0.10982581523665709,1.0662487242162708
0.1171016353820975,gaussian,historical_se_penalty,0.5,1,False,14,0.9491470888341733,0.10982581523665709,0.023029600824900243,2026107040,support_band50,-0.10982581523665709,1.0662487242162708
0.13107637521561633,gaussian,support_mix50,0.5,1,False,14,0.9351723490006545,0.12293226921510451,0.023029600824900243,2026107040,support_band50,-0.12293226921510451,1.0662487242162708
0.13107637521561633,gaussian,support_band50,0.5,1,True,14,0.9351723490006545,0.12293226921510451,0.023029600824900243,2026107040,support_band50,-0.12293226921510451,1.0662487242162708
0.04126591509146319,gaussian,historical,0.23924063279067292,285,False,-1,1.3156482657391055,0.031141414465034083,0.2892184156502682,2026107040,fixed_bank,-0.022271506537201016,1.343683007622473
0.04126591509146319,gaussian,historical_se_penalty,0.23924063279067292,285,False,-1,1.3156482657391055,0.031141414465034083,0.2892184156502682,2026107040,fixed_bank,-0.022271506537201016,1.343683007622473
0.051161933059142094,gaussian,support_mix50,0.23924063279067292,285,False,-1,1.3054909087941224,0.0388764850793847,0.2892184156502682,2026107040,fixed_bank,-0.03018612163989125,1.343683007622473
0.0511619330591421,gaussian,support_band50,0.23924063279067292,285,False,-1,1.3054909087941224,0.0388764850793847,0.2892184156502682,2026107040,fixed_bank,-0.03018612163989127,1.343683007622473
0.14916958340340747,asymmetric_crash,historical,0.125,1,False,0,2.9957884304170577,0.052402373278705464,0.07710207222055243,2026107015,equal_weight,0.052402373278705464,2.84661884701365
0.14916958340340747,asymmetric_crash,historical_se_penalty,0.125,1,False,0,2.9957884304170577,0.052402373278705464,0.07710207222055243,2026107015,equal_weight,0.052402373278705464,2.84661884701365
0.015928239531644905,asymmetric_crash,support_mix50,0.125,1,False,0,2.862547086545295,0.005595494299616195,0.07710207222055243,2026107015,equal_weight,0.005595494299616195,2.84661884701365
0.01592823953164446,asymmetric_crash,support_band50,0.125,1,False,0,2.8625470865452947,0.005595494299616039,0.07710207222055243,2026107015,equal_weight,0.005595494299616039,2.84661884701365
0.13475327829264794,asymmetric_crash,historical,0.5,1,True,2,2.7776029398340687,0.05098787125638247,0.0,2026107015,historical,0.05098787125638247,2.6428496615414208
0.13475327829264794,asymmetric_crash,historical_se_penalty,0.5,1,False,2,2.7776029398340687,0.05098787125638247,0.0,2026107015,historical,0.05098787125638247,2.6428496615414208
0.05325063155059695,asymmetric_crash,support_mix50,0.5,1,False,2,2.6961002930920177,0.020148944650729375,0.0,2026107015,historical,0.020148944650729375,2.6428496615414208
0.05325063155059695,asymmetric_crash,support_band50,0.5,1,False,2,2.6961002930920177,0.020148944650729375,0.0,2026107015,historical,0.020148944650729375,2.6428496615414208
0.13475327829264794,asymmetric_crash,historical,0.5,1,False,2,2.7776029398340687,0.05098787125638247,0.0,2026107015,historical_se_penalty,0.05098787125638247,2.6428496615414208
0.13475327829264794,asymmetric_crash,historical_se_penalty,0.5,1,True,2,2.7776029398340687,0.05098787125638247,0.0,2026107015,historical_se_penalty,0.05098787125638247,2.6428496615414208
0.05325063155059695,asymmetric_crash,support_mix50,0.5,1,False,2,2.6961002930920177,0.020148944650729375,0.0,2026107015,historical_se_penalty,0.020148944650729375,2.6428496615414208
0.05325063155059695,asymmetric_crash,support_band50,0.5,1,False,2,2.6961002930920177,0.020148944650729375,0.0,2026107015,historical_se_penalty,0.020148944650729375,2.6428496615414208
0.13475327829264794,asymmetric_crash,historical,0.5,1,False,2,2.7776029398340687,0.05098787125638247,0.0,2026107015,support_mix50,0.05098787125638247,2.6428496615414208
0.13475327829264794,asymmetric_crash,historical_se_penalty,0.5,1,False,2,2.7776029398340687,0.05098787125638247,0.0,2026107015,support_mix50,0.05098787125638247,2.6428496615414208
0.05325063155059695,asymmetric_crash,support_mix50,0.5,1,True,2,2.6961002930920177,0.020148944650729375,0.0,2026107015,support_mix50,0.020148944650729375,2.6428496615414208
0.05325063155059695,asymmetric_crash,support_band50,0.5,1,False,2,2.6961002930920177,0.020148944650729375,0.0,2026107015,support_mix50,0.020148944650729375,2.6428496615414208
0.13475327829264794,asymmetric_crash,historical,0.5,1,False,2,2.7776029398340687,0.05098787125638247,0.0,2026107015,support_band50,0.05098787125638247,2.6428496615414208
0.13475327829264794,asymmetric_crash,historical_se_penalty,0.5,1,False,2,2.7776029398340687,0.05098787125638247,0.0,2026107015,support_band50,0.05098787125638247,2.6428496615414208
0.05325063155059695,asymmetric_crash,support_mix50,0.5,1,False,2,2.6961002930920177,0.020148944650729375,0.0,2026107015,support_band50,0.020148944650729375,2.6428496615414208
0.05325063155059695,asymmetric_crash,support_band50,0.5,1,True,2,2.6961002930920177,0.020148944650729375,0.0,2026107015,support_band50,0.020148944650729375,2.6428496615414208
0.14658847717440646,asymmetric_crash,historical,0.23802676584102472,285,False,-1,3.1001955111939345,0.04937661309694651,0.12060529670861941,2026107015,fixed_bank,0.046910166487014036,2.961591329127898
0.14658847717440646,asymmetric_crash,historical_se_penalty,0.23802676584102472,285,False,-1,3.1001955111939345,0.04937661309694651,0.12060529670861941,2026107015,fixed_bank,0.046910166487014036,2.961591329127898
0.06339445712982548,asymmetric_crash,support_mix50,0.23802676584102472,285,False,-1,2.9721316502779285,0.021073130009929435,0.12060529670861941,2026107015,fixed_bank,0.0036235686028275958,2.961591329127898
0.06339445712982548,asymmetric_crash,support_band50,0.23802676584102472,285,False,-1,2.9721316502779285,0.021073130009929438,0.12060529670861941,2026107015,fixed_bank,0.0036235686028275632,2.961591329127898
0.002831860584773249,gaussian,historical,0.125,1,False,0,1.223092003540301,0.002320702352790405,0.08480870617162095,2026107052,equal_weight,0.002320702352790405,1.2202601429555278
0.002831860584773249,gaussian,historical_se_penalty,0.125,1,False,0,1.223092003540301,0.002320702352790405,0.08480870617162095,2026107052,equal_weight,0.002320702352790405,1.2202601429555278
0.015060129800822608,gaussian,support_mix50,0.125,1,False,0,1.2353202727563504,0.012341737036781568,0.08480870617162095,2026107052,equal_weight,0.012341737036781568,1.2202601429555278
0.015060129800822608,gaussian,support_band50,0.125,1,False,0,1.2353202727563504,0.012341737036781568,0.08480870617162095,2026107052,equal_weight,0.012341737036781568,1.2202601429555278
0.014906046049394828,gaussian,historical,0.21815398093644242,1,True,193,1.1397680940891142,0.01325144365513209,0.0,2026107052,historical,0.01325144365513209,1.1248620480397193
0.014906046049394828,gaussian,historical_se_penalty,0.21815398093644242,1,False,193,1.1397680940891142,0.01325144365513209,0.0,2026107052,historical,0.01325144365513209,1.1248620480397193
0.04067347430215329,gaussian,support_mix50,0.21815398093644242,1,False,193,1.1655355223418726,0.036158633294664316,0.0,2026107052,historical,0.036158633294664316,1.1248620480397193
0.04067347430215329,gaussian,support_band50,0.21815398093644242,1,False,193,1.1655355223418726,0.036158633294664316,0.0,2026107052,historical,0.036158633294664316,1.1248620480397193
0.014906046049394828,gaussian,historical,0.21815398093644242,1,False,193,1.1397680940891142,0.01325144365513209,0.0,2026107052,historical_se_penalty,0.01325144365513209,1.1248620480397193
0.014906046049394828,gaussian,historical_se_penalty,0.21815398093644242,1,True,193,1.1397680940891142,0.01325144365513209,0.0,2026107052,historical_se_penalty,0.01325144365513209,1.1248620480397193
0.04067347430215329,gaussian,support_mix50,0.21815398093644242,1,False,193,1.1655355223418726,0.036158633294664316,0.0,2026107052,historical_se_penalty,0.036158633294664316,1.1248620480397193
0.04067347430215329,gaussian,support_band50,0.21815398093644242,1,False,193,1.1655355223418726,0.036158633294664316,0.0,2026107052,historical_se_penalty,0.036158633294664316,1.1248620480397193
0.01755133598439529,gaussian,historical,0.18203691729172533,1,False,106,1.1505289554259899,0.015025795840800575,0.03842092765595706,2026107052,support_mix50,-0.015025795840800575,1.1680802914103852
0.01755133598439529,gaussian,historical_se_penalty,0.18203691729172533,1,False,106,1.1505289554259899,0.015025795840800575,0.03842092765595706,2026107052,support_mix50,-0.015025795840800575,1.1680802914103852
0.022503936404738134,gaussian,support_mix50,0.18203691729172533,1,True,106,1.145576355005647,0.019265744461423977,0.03842092765595706,2026107052,support_mix50,-0.019265744461423977,1.1680802914103852
0.022503936404738356,gaussian,support_band50,0.18203691729172533,1,False,106,1.1455763550056468,0.019265744461424168,0.03842092765595706,2026107052,support_mix50,-0.019265744461424168,1.1680802914103852
0.01755133598439529,gaussian,historical,0.18203691729172533,1,False,106,1.1505289554259899,0.015025795840800575,0.03842092765595706,2026107052,support_band50,-0.015025795840800575,1.1680802914103852
0.01755133598439529,gaussian,historical_se_penalty,0.18203691729172533,1,False,106,1.1505289554259899,0.015025795840800575,0.03842092765595706,2026107052,support_band50,-0.015025795840800575,1.1680802914103852
0.022503936404738134,gaussian,support_mix50,0.18203691729172533,1,False,106,1.145576355005647,0.019265744461423977,0.03842092765595706,2026107052,support_band50,-0.019265744461423977,1.1680802914103852
0.022503936404738356,gaussian,support_band50,0.18203691729172533,1,True,106,1.1455763550056468,0.019265744461424168,0.03842092765595706,2026107052,support_band50,-0.019265744461424168,1.1680802914103852
0.023543254464023906,gaussian,historical,0.2435254931341384,285,False,-1,1.3630913010124734,0.0170305004309207,0.2178662238199113,2026107052,fixed_bank,-0.004656795312540158,1.3699314947644647
0.023543254464023906,gaussian,historical_se_penalty,0.2435254931341384,285,False,-1,1.3630913010124734,0.0170305004309207,0.2178662238199113,2026107052,fixed_bank,-0.004656795312540158,1.3699314947644647
0.02804828034139802,gaussian,support_mix50,0.2435254931341384,285,False,-1,1.381746556720614,0.02051266883792296,0.2178662238199113,2026107052,fixed_bank,0.008841108159934906,1.3699314947644647
0.028048280341397988,gaussian,support_band50,0.2435254931341384,285,False,-1,1.3817465567206138,0.020512668837922944,0.2178662238199113,2026107052,fixed_bank,0.008841108159934866,1.3699314947644647
0.060863172966774126,gaussian,historical,0.125,1,False,0,1.025586812127944,0.05602022532263002,0.04807515635696347,2026107042,equal_weight,-0.05602022532263002,1.086449985094718
0.060863172966774126,gaussian,historical_se_penalty,0.125,1,False,0,1.025586812127944,0.05602022532263002,0.04807515635696347,2026107042,equal_weight,-0.05602022532263002,1.086449985094718
0.06948152505266214,gaussian,support_mix50,0.125,1,False,0,1.0169684600420559,0.06395280593298978,0.04807515635696347,2026107042,equal_weight,-0.06395280593298978,1.086449985094718
0.06948152505266214,gaussian,support_band50,0.125,1,False,0,1.0169684600420559,0.06395280593298978,0.04807515635696347,2026107042,equal_weight,-0.06395280593298978,1.086449985094718
0.10776180242898414,gaussian,historical,0.21090559535883308,1,True,161,0.9590260524568439,0.10101521303925723,0.02910751819992785,2026107042,historical,-0.10101521303925723,1.066787854885828
0.10776180242898414,gaussian,historical_se_penalty,0.21090559535883308,1,False,161,0.9590260524568439,0.10101521303925723,0.02910751819992785,2026107042,historical,-0.10101521303925723,1.066787854885828
0.09947791853940968,gaussian,support_mix50,0.21090559535883308,1,False,161,0.9673099363464184,0.09324995413456053,0.02910751819992785,2026107042,historical,-0.09324995413456053,1.066787854885828
0.09947791853940968,gaussian,support_band50,0.21090559535883308,1,False,161,0.9673099363464184,0.09324995413456053,0.02910751819992785,2026107042,historical,-0.09324995413456053,1.066787854885828
0.10776180242898414,gaussian,historical,0.21090559535883308,1,False,161,0.9590260524568439,0.10101521303925723,0.02910751819992785,2026107042,historical_se_penalty,-0.10101521303925723,1.066787854885828
0.10776180242898414,gaussian,historical_se_penalty,0.21090559535883308,1,True,161,0.9590260524568439,0.10101521303925723,0.02910751819992785,2026107042,historical_se_penalty,-0.10101521303925723,1.066787854885828
0.09947791853940968,gaussian,support_mix50,0.21090559535883308,1,False,161,0.9673099363464184,0.09324995413456053,0.02910751819992785,2026107042,historical_se_penalty,-0.09324995413456053,1.066787854885828
0.09947791853940968,gaussian,support_band50,0.21090559535883308,1,False,161,0.9673099363464184,0.09324995413456053,0.02910751819992785,2026107042,historical_se_penalty,-0.09324995413456053,1.066787854885828
0.08012785840564118,gaussian,historical,0.1815879878958928,1,False,272,0.961707269322673,0.07691030593329794,0.0050361538702905495,2026107042,support_mix50,-0.07691030593329794,1.0418351277283142
0.08012785840564118,gaussian,historical_se_penalty,0.1815879878958928,1,False,272,0.961707269322673,0.07691030593329794,0.0050361538702905495,2026107042,support_mix50,-0.07691030593329794,1.0418351277283142
0.07927579807034069,gaussian,support_mix50,0.1815879878958928,1,True,272,0.9625593296579735,0.07609246027555132,0.0050361538702905495,2026107042,support_mix50,-0.07609246027555132,1.0418351277283142
0.0792757980703408,gaussian,support_band50,0.1815879878958928,1,False,272,0.9625593296579734,0.07609246027555143,0.0050361538702905495,2026107042,support_mix50,-0.07609246027555143,1.0418351277283142
0.08012785840564118,gaussian,historical,0.1815879878958928,1,False,272,0.961707269322673,0.07691030593329794,0.0050361538702905495,2026107042,support_band50,-0.07691030593329794,1.0418351277283142
0.08012785840564118,gaussian,historical_se_penalty,0.1815879878958928,1,False,272,0.961707269322673,0.07691030593329794,0.0050361538702905495,2026107042,support_band50,-0.07691030593329794,1.0418351277283142
0.07927579807034069,gaussian,support_mix50,0.1815879878958928,1,False,272,0.9625593296579735,0.07609246027555132,0.0050361538702905495,2026107042,support_band50,-0.07609246027555132,1.0418351277283142
0.0792757980703408,gaussian,support_band50,0.1815879878958928,1,True,272,0.9625593296579734,0.07609246027555143,0.0050361538702905495,2026107042,support_band50,-0.07609246027555143,1.0418351277283142
0.04499728300680169,gaussian,historical,0.23907723837574751,285,False,-1,1.170391886286894,0.037973884747095905,0.1686462208803986,2026107042,fixed_bank,-0.03508369941606641,1.2114357081698341
0.04499728300680169,gaussian,historical_se_penalty,0.23907723837574751,285,False,-1,1.170391886286894,0.037973884747095905,0.1686462208803986,2026107042,fixed_bank,-0.03508369941606641,1.2114357081698341
0.057260754656472145,gaussian,support_mix50,0.23907723837574751,285,False,-1,1.1559046853172459,0.047831304785468,0.1686462208803986,2026107042,fixed_bank,-0.046672271546382295,1.2114357081698341
0.05726075465647217,gaussian,support_band50,0.23907723837574751,285,False,-1,1.1559046853172459,0.047831304785468036,0.1686462208803986,2026107042,fixed_bank,-0.046672271546382316,1.2114357081698341
0.058905716826217036,gaussian,historical,0.125,1,False,0,1.1467312997582146,0.04885858348402147,0.061995173895847744,2026107009,equal_weight,-0.04885858348402147,1.2056370165844317
0.058905716826217036,gaussian,historical_se_penalty,0.125,1,False,0,1.1467312997582146,0.04885858348402147,0.061995173895847744,2026107009,equal_weight,-0.04885858348402147,1.2056370165844317
0.031391917814699744,gaussian,support_mix50,0.125,1,False,0,1.174245098769732,0.026037619435104117,0.061995173895847744,2026107009,equal_weight,-0.026037619435104117,1.2056370165844317
0.031391917814699744,gaussian,support_band50,0.125,1,False,0,1.174245098769732,0.026037619435104117,0.061995173895847744,2026107009,equal_weight,-0.026037619435104117,1.2056370165844317
0.11578940658614179,gaussian,historical,0.19850004843404132,1,True,178,1.0349951327567184,0.10061779823029404,0.013677923093602384,2026107009,historical,-0.10061779823029404,1.1507845393428602
0.11578940658614179,gaussian,historical_se_penalty,0.19850004843404132,1,False,178,1.0349951327567184,0.10061779823029404,0.013677923093602384,2026107009,historical,-0.10061779823029404,1.1507845393428602
0.10236296070514217,gaussian,support_mix50,0.19850004843404132,1,False,178,1.048421578637718,0.08895058736502938,0.013677923093602384,2026107009,historical,-0.08895058736502938,1.1507845393428602
0.10236296070514217,gaussian,support_band50,0.19850004843404132,1,False,178,1.048421578637718,0.08895058736502938,0.013677923093602384,2026107009,historical,-0.08895058736502938,1.1507845393428602
0.11578940658614179,gaussian,historical,0.19850004843404132,1,False,178,1.0349951327567184,0.10061779823029404,0.013677923093602384,2026107009,historical_se_penalty,-0.10061779823029404,1.1507845393428602
0.11578940658614179,gaussian,historical_se_penalty,0.19850004843404132,1,True,178,1.0349951327567184,0.10061779823029404,0.013677923093602384,2026107009,historical_se_penalty,-0.10061779823029404,1.1507845393428602
0.10236296070514217,gaussian,support_mix50,0.19850004843404132,1,False,178,1.048421578637718,0.08895058736502938,0.013677923093602384,2026107009,historical_se_penalty,-0.08895058736502938,1.1507845393428602
0.10236296070514217,gaussian,support_band50,0.19850004843404132,1,False,178,1.048421578637718,0.08895058736502938,0.013677923093602384,2026107009,historical_se_penalty,-0.08895058736502938,1.1507845393428602
0.11578940658614179,gaussian,historical,0.19850004843404132,1,False,178,1.0349951327567184,0.10061779823029404,0.013677923093602384,2026107009,support_mix50,-0.10061779823029404,1.1507845393428602
0.11578940658614179,gaussian,historical_se_penalty,0.19850004843404132,1,False,178,1.0349951327567184,0.10061779823029404,0.013677923093602384,2026107009,support_mix50,-0.10061779823029404,1.1507845393428602
0.10236296070514217,gaussian,support_mix50,0.19850004843404132,1,True,178,1.048421578637718,0.08895058736502938,0.013677923093602384,2026107009,support_mix50,-0.08895058736502938,1.1507845393428602
0.10236296070514217,gaussian,support_band50,0.19850004843404132,1,False,178,1.048421578637718,0.08895058736502938,0.013677923093602384,2026107009,support_mix50,-0.08895058736502938,1.1507845393428602
0.11578940658614179,gaussian,historical,0.19850004843404132,1,False,178,1.0349951327567184,0.10061779823029404,0.013677923093602384,2026107009,support_band50,-0.10061779823029404,1.1507845393428602
0.11578940658614179,gaussian,historical_se_penalty,0.19850004843404132,1,False,178,1.0349951327567184,0.10061779823029404,0.013677923093602384,2026107009,support_band50,-0.10061779823029404,1.1507845393428602
0.10236296070514217,gaussian,support_mix50,0.19850004843404132,1,False,178,1.048421578637718,0.08895058736502938,0.013677923093602384,2026107009,support_band50,-0.08895058736502938,1.1507845393428602
0.10236296070514217,gaussian,support_band50,0.19850004843404132,1,True,178,1.048421578637718,0.08895058736502938,0.013677923093602384,2026107009,support_band50,-0.08895058736502938,1.1507845393428602
0.059223418114129706,gaussian,historical,0.2417961514612921,285,False,-1,1.3161928807820364,0.043783384234288555,0.19232389512815762,2026107009,fixed_bank,-0.029018583931289983,1.3535935558456884
0.059223418114129706,gaussian,historical_se_penalty,0.2417961514612921,285,False,-1,1.3161928807820364,0.043783384234288555,0.19232389512815762,2026107009,fixed_bank,-0.029018583931289983,1.3535935558456884
0.05480581573874917,gaussian,support_mix50,0.2417961514612921,285,False,-1,1.3369769768312256,0.03986387897416352,0.19232389512815762,2026107009,fixed_bank,-0.013636119050597053,1.3535935558456884
0.054805815738749174,gaussian,support_band50,0.2417961514612921,285,False,-1,1.3369769768312256,0.039863878974163526,0.19232389512815762,2026107009,fixed_bank,-0.013636119050597091,1.3535935558456884
0.25862076839428916,asymmetric_crash,historical,0.125,1,False,0,3.220787213071611,0.0873079798939055,0.05790919669558292,2026107034,equal_weight,0.0873079798939055,2.962166444677322
0.25862076839428916,asymmetric_crash,historical_se_penalty,0.125,1,False,0,3.220787213071611,0.0873079798939055,0.05790919669558292,2026107034,equal_weight,0.0873079798939055,2.962166444677322
0.2192692112650314,asymmetric_crash,support_mix50,0.125,1,False,0,3.1814356559423533,0.07402325809848848,0.05790919669558292,2026107034,equal_weight,0.07402325809848848,2.962166444677322
0.2192692112650314,asymmetric_crash,support_band50,0.125,1,False,0,3.1814356559423533,0.07402325809848848,0.05790919669558292,2026107034,equal_weight,0.07402325809848848,2.962166444677322
0.20065356032832016,asymmetric_crash,historical,0.2851560923948285,1,True,29,2.816149877711286,0.06651197681566878,0.07742227228983856,2026107034,historical,-0.06651197681566878,3.0168034380396063
0.20065356032832016,asymmetric_crash,historical_se_penalty,0.2851560923948285,1,False,29,2.816149877711286,0.06651197681566878,0.07742227228983856,2026107034,historical,-0.06651197681566878,3.0168034380396063
0.22177073573154749,asymmetric_crash,support_mix50,0.2851560923948285,1,False,29,2.795032702308059,0.07351182809432875,0.07742227228983856,2026107034,historical,-0.07351182809432875,3.0168034380396063
0.22177073573154793,asymmetric_crash,support_band50,0.2851560923948285,1,False,29,2.7950327023080583,0.0735118280943289,0.07742227228983856,2026107034,historical,-0.0735118280943289,3.0168034380396063
0.15495133037518327,asymmetric_crash,historical,0.19367515369196348,1,False,98,2.827888805217648,0.05194758127538308,0.06529260615539179,2026107034,historical_se_penalty,-0.05194758127538308,2.982840135592831
0.15495133037518327,asymmetric_crash,historical_se_penalty,0.19367515369196348,1,True,98,2.827888805217648,0.05194758127538308,0.06529260615539179,2026107034,historical_se_penalty,-0.05194758127538308,2.982840135592831
0.1570842763856004,asymmetric_crash,support_mix50,0.19367515369196348,1,False,98,2.8257558592072307,0.052662653459428645,0.06529260615539179,2026107034,historical_se_penalty,-0.052662653459428645,2.982840135592831
0.1570842763856004,asymmetric_crash,support_band50,0.19367515369196348,1,False,98,2.8257558592072307,0.052662653459428645,0.06529260615539179,2026107034,historical_se_penalty,-0.052662653459428645,2.982840135592831
0.20065356032832016,asymmetric_crash,historical,0.2851560923948285,1,False,29,2.816149877711286,0.06651197681566878,0.07742227228983856,2026107034,support_mix50,-0.06651197681566878,3.0168034380396063
0.20065356032832016,asymmetric_crash,historical_se_penalty,0.2851560923948285,1,False,29,2.816149877711286,0.06651197681566878,0.07742227228983856,2026107034,support_mix50,-0.06651197681566878,3.0168034380396063
0.22177073573154749,asymmetric_crash,support_mix50,0.2851560923948285,1,True,29,2.795032702308059,0.07351182809432875,0.07742227228983856,2026107034,support_mix50,-0.07351182809432875,3.0168034380396063
0.22177073573154793,asymmetric_crash,support_band50,0.2851560923948285,1,False,29,2.7950327023080583,0.0735118280943289,0.07742227228983856,2026107034,support_mix50,-0.0735118280943289,3.0168034380396063
0.20065356032832016,asymmetric_crash,historical,0.2851560923948285,1,False,29,2.816149877711286,0.06651197681566878,0.07742227228983856,2026107034,support_band50,-0.06651197681566878,3.0168034380396063
0.20065356032832016,asymmetric_crash,historical_se_penalty,0.2851560923948285,1,False,29,2.816149877711286,0.06651197681566878,0.07742227228983856,2026107034,support_band50,-0.06651197681566878,3.0168034380396063
0.22177073573154749,asymmetric_crash,support_mix50,0.2851560923948285,1,False,29,2.795032702308059,0.07351182809432875,0.07742227228983856,2026107034,support_band50,-0.07351182809432875,3.0168034380396063
0.22177073573154793,asymmetric_crash,support_band50,0.2851560923948285,1,True,29,2.7950327023080583,0.0735118280943289,0.07742227228983856,2026107034,support_band50,-0.0735118280943289,3.0168034380396063
0.34321073478369685,asymmetric_crash,historical,0.24150383187838642,285,False,-1,3.354437284379589,0.11016277695222482,0.10112427620900756,2026107034,fixed_bank,0.08779227957768027,3.08316951265194
0.34321073478369685,asymmetric_crash,historical_se_penalty,0.24150383187838642,285,False,-1,3.354437284379589,0.11016277695222482,0.10112427620900756,2026107034,fixed_bank,0.08779227957768027,3.08316951265194
0.3280958022626019,asymmetric_crash,support_mix50,0.24150383187838642,285,False,-1,3.346167655416517,0.10515760409234683,0.10112427620900756,2026107034,fixed_bank,0.08481087333734917,3.08316951265194
0.3280958022626019,asymmetric_crash,support_band50,0.24150383187838642,285,False,-1,3.346167655416517,0.10515760409234683,0.10112427620900756,2026107034,fixed_bank,0.08481087333734913,3.08316951265194
0.12485347151894222,gaussian,historical,0.125,1,False,0,1.3423864033379709,0.10254627883650555,0.04721018178227032,2026107053,equal_weight,0.10254627883650555,1.2175329318190287
0.12485347151894222,gaussian,historical_se_penalty,0.125,1,False,0,1.3423864033379709,0.10254627883650555,0.04721018178227032,2026107053,equal_weight,0.10254627883650555,1.2175329318190287
0.15129394264945906,gaussian,support_mix50,0.125,1,False,0,1.3688268744684877,0.1242627108438222,0.04721018178227032,2026107053,equal_weight,0.1242627108438222,1.2175329318190287
0.15129394264945883,gaussian,support_band50,0.125,1,False,0,1.3688268744684875,0.12426271084382202,0.04721018178227032,2026107053,equal_weight,0.12426271084382202,1.2175329318190287
0.01506627046217468,gaussian,historical,0.21164867028696108,1,True,208,1.20061060647368,0.012708314657266828,0.019696524980800323,2026107053,historical,0.012708314657266828,1.1855443360115052
0.01506627046217468,gaussian,historical_se_penalty,0.21164867028696108,1,False,208,1.20061060647368,0.012708314657266828,0.019696524980800323,2026107053,historical,0.012708314657266828,1.1855443360115052
0.035438607021039514,gaussian,support_mix50,0.21164867028696108,1,False,208,1.2209829430325447,0.029892266315627355,0.019696524980800323,2026107053,historical,0.029892266315627355,1.1855443360115052
0.035438607021039514,gaussian,support_band50,0.21164867028696108,1,False,208,1.2209829430325447,0.029892266315627355,0.019696524980800323,2026107053,historical,0.029892266315627355,1.1855443360115052
0.004137820100448941,gaussian,historical,0.19637484792063956,1,False,212,1.2045711826152028,0.003446938605388923,0.032502700274747554,2026107053,historical_se_penalty,0.003446938605388923,1.2004333625147539
0.004137820100448941,gaussian,historical_se_penalty,0.19637484792063956,1,True,212,1.2045711826152028,0.003446938605388923,0.032502700274747554,2026107053,historical_se_penalty,0.003446938605388923,1.2004333625147539
0.00438572274304283,gaussian,support_mix50,0.19637484792063956,1,False,212,1.2048190852577967,0.0036534495624607633,0.032502700274747554,2026107053,historical_se_penalty,0.0036534495624607633,1.2004333625147539
0.00438572274304283,gaussian,support_band50,0.19637484792063956,1,False,212,1.2048190852577967,0.0036534495624607633,0.032502700274747554,2026107053,historical_se_penalty,0.0036534495624607633,1.2004333625147539
0.004137820100448941,gaussian,historical,0.19637484792063956,1,False,212,1.2045711826152028,0.003446938605388923,0.032502700274747554,2026107053,support_mix50,0.003446938605388923,1.2004333625147539
0.004137820100448941,gaussian,historical_se_penalty,0.19637484792063956,1,False,212,1.2045711826152028,0.003446938605388923,0.032502700274747554,2026107053,support_mix50,0.003446938605388923,1.2004333625147539
0.00438572274304283,gaussian,support_mix50,0.19637484792063956,1,True,212,1.2048190852577967,0.0036534495624607633,0.032502700274747554,2026107053,support_mix50,0.0036534495624607633,1.2004333625147539
0.00438572274304283,gaussian,support_band50,0.19637484792063956,1,False,212,1.2048190852577967,0.0036534495624607633,0.032502700274747554,2026107053,support_mix50,0.0036534495624607633,1.2004333625147539
0.004137820100448941,gaussian,historical,0.19637484792063956,1,False,212,1.2045711826152028,0.003446938605388923,0.032502700274747554,2026107053,support_band50,0.003446938605388923,1.2004333625147539
0.004137820100448941,gaussian,historical_se_penalty,0.19637484792063956,1,False,212,1.2045711826152028,0.003446938605388923,0.032502700274747554,2026107053,support_band50,0.003446938605388923,1.2004333625147539
0.00438572274304283,gaussian,support_mix50,0.19637484792063956,1,False,212,1.2048190852577967,0.0036534495624607633,0.032502700274747554,2026107053,support_band50,0.0036534495624607633,1.2004333625147539
0.00438572274304283,gaussian,support_band50,0.19637484792063956,1,True,212,1.2048190852577967,0.0036534495624607633,0.032502700274747554,2026107053,support_band50,0.0036534495624607633,1.2004333625147539
0.10478818938399534,gaussian,historical,0.237208115391579,285,False,-1,1.4577323624442025,0.07763010455245867,0.16467558290646175,2026107053,fixed_bank,0.07684386608784655,1.3541034089840134
0.10478818938399534,gaussian,historical_se_penalty,0.237208115391579,285,False,-1,1.4577323624442025,0.07763010455245867,0.16467558290646175,2026107053,fixed_bank,0.07684386608784655,1.3541034089840134
0.11870089644381948,gaussian,support_mix50,0.237208115391579,285,False,-1,1.4714887695420429,0.08780522248069063,0.16467558290646175,2026107053,fixed_bank,0.0869774466862153,1.3541034089840134
0.1187008964438194,gaussian,support_band50,0.237208115391579,285,False,-1,1.4714887695420429,0.08780522248069057,0.16467558290646175,2026107053,fixed_bank,0.08697744668621528,1.3541034089840134
0.45394589540476016,asymmetric_crash,historical,0.125,1,False,0,3.393706548027171,0.15441593688922195,0.033475093810897416,2026107049,equal_weight,0.15441593688922195,2.939760652622411
0.45394589540476016,asymmetric_crash,historical_se_penalty,0.125,1,False,0,3.393706548027171,0.15441593688922195,0.033475093810897416,2026107049,equal_weight,0.15441593688922195,2.939760652622411
0.27898059105728734,asymmetric_crash,support_mix50,0.125,1,False,0,3.2187412436796983,0.094899083300684,0.033475093810897416,2026107049,equal_weight,0.094899083300684,2.939760652622411
0.3749790896853753,asymmetric_crash,support_band50,0.125,1,False,0,3.3147397423077862,0.12755429233698856,0.033475093810897416,2026107049,equal_weight,0.12755429233698856,2.939760652622411
0.3332369845047647,asymmetric_crash,historical,0.2605515881156492,1,True,130,3.2509540931755954,0.11421154693662923,0.025725669165403975,2026107049,historical,0.11421154693662923,2.9177171086708307
0.3332369845047647,asymmetric_crash,historical_se_penalty,0.2605515881156492,1,False,130,3.2509540931755954,0.11421154693662923,0.025725669165403975,2026107049,historical,0.11421154693662923,2.9177171086708307
0.26647609623768265,asymmetric_crash,support_mix50,0.2605515881156492,1,False,130,3.1841932049085133,0.09133034023270205,0.025725669165403975,2026107049,historical,0.09133034023270205,2.9177171086708307
0.3550159251625282,asymmetric_crash,support_band50,0.2605515881156492,1,False,130,3.272733033833359,0.12167592399807949,0.025725669165403975,2026107049,historical,0.12167592399807949,2.9177171086708307
0.31611155121118806,asymmetric_crash,historical,0.20579946420580275,1,False,208,3.2615054056515174,0.10732403435100335,0.035455450195365446,2026107049,historical_se_penalty,0.10732403435100335,2.9453938544403293
0.31611155121118806,asymmetric_crash,historical_se_penalty,0.20579946420580275,1,True,208,3.2615054056515174,0.10732403435100335,0.035455450195365446,2026107049,historical_se_penalty,0.10732403435100335,2.9453938544403293
0.21477347956129034,asymmetric_crash,support_mix50,0.20579946420580275,1,False,208,3.1601673340016196,0.07291842455551692,0.035455450195365446,2026107049,historical_se_penalty,0.07291842455551692,2.9453938544403293
0.29797698754886515,asymmetric_crash,support_band50,0.20579946420580275,1,False,208,3.2433708419891945,0.10116711118265215,0.035455450195365446,2026107049,historical_se_penalty,0.10116711118265215,2.9453938544403293
0.3224725664528836,asymmetric_crash,historical,0.22945878057811608,1,False,45,3.2603054074198505,0.10976545770614506,0.03279737015687045,2026107049,support_mix50,0.10976545770614506,2.937832840966967
0.3224725664528836,asymmetric_crash,historical_se_penalty,0.22945878057811608,1,False,45,3.2603054074198505,0.10976545770614506,0.03279737015687045,2026107049,support_mix50,0.10976545770614506,2.937832840966967
0.1618617724473328,asymmetric_crash,support_mix50,0.22945878057811608,1,True,45,3.0996946134142997,0.05509563722967204,0.03279737015687045,2026107049,support_mix50,0.05509563722967204,2.937832840966967
0.2533482653051782,asymmetric_crash,support_band50,0.22945878057811608,1,False,45,3.191181106272145,0.08623644673459038,0.03279737015687045,2026107049,support_mix50,0.08623644673459038,2.937832840966967
0.2302182454000885,asymmetric_crash,historical,0.5,1,False,26,3.258523692952151,0.07602213494883284,0.06460308382762148,2026107049,support_band50,0.07602213494883284,3.0283054475520625
0.2302182454000885,asymmetric_crash,historical_se_penalty,0.5,1,False,26,3.258523692952151,0.07602213494883284,0.06460308382762148,2026107049,support_band50,0.07602213494883284,3.0283054475520625
0.07317030225028098,asymmetric_crash,support_mix50,0.5,1,False,26,3.1014757498023435,0.02416212747278461,0.06460308382762148,2026107049,support_band50,0.02416212747278461,3.0283054475520625
0.15347454946227757,asymmetric_crash,support_band50,0.5,1,True,26,3.18177999701434,0.0506800097019074,0.06460308382762148,2026107049,support_band50,0.0506800097019074,3.0283054475520625
0.46965386161461276,asymmetric_crash,historical,0.24357087220459359,285,False,-1,3.533846284082746,0.15315164177260007,0.07721917715987649,2026107049,fixed_bank,0.15315164177260007,3.064192422468133
0.46965386161461276,asymmetric_crash,historical_se_penalty,0.24357087220459359,285,False,-1,3.533846284082746,0.15315164177260007,0.07721917715987649,2026107049,fixed_bank,0.15315164177260007,3.064192422468133
0.3120805818670763,asymmetric_crash,support_mix50,0.24357087220459359,285,False,-1,3.3761562391166304,0.1018256283935592,0.07721917715987649,2026107049,fixed_bank,0.10179021341408029,3.064192422468133
0.409207950735157,asymmetric_crash,support_band50,0.24357087220459359,285,False,-1,3.47340037320329,0.13357795206383385,0.07721917715987649,2026107049,fixed_bank,0.13357795206383385,3.064192422468133
0.1461944696385713,gaussian,historical,0.125,1,False,0,1.3257063308926769,0.12394489147665826,0.07974670993454769,2026107022,equal_weight,0.12394489147665826,1.1795118612541056
0.1461944696385713,gaussian,historical_se_penalty,0.125,1,False,0,1.3257063308926769,0.12394489147665826,0.07974670993454769,2026107022,equal_weight,0.12394489147665826,1.1795118612541056
0.18834852161216475,gaussian,support_mix50,0.125,1,False,0,1.3678603828662703,0.1596834485512548,0.07974670993454769,2026107022,equal_weight,0.1596834485512548,1.1795118612541056
0.18834852161216475,gaussian,support_band50,0.125,1,False,0,1.3678603828662703,0.1596834485512548,0.07974670993454769,2026107022,equal_weight,0.1596834485512548,1.1795118612541056
0.10679340970930062,gaussian,historical,0.31331929460256897,1,True,66,1.209958168341128,0.09680640074266739,0.009857177173265175,2026107022,historical,0.09680640074266739,1.1031647586318274
0.10679340970930062,gaussian,historical_se_penalty,0.31331929460256897,1,False,66,1.209958168341128,0.09680640074266739,0.009857177173265175,2026107022,historical,0.09680640074266739,1.1031647586318274
0.09347755529270318,gaussian,support_mix50,0.31331929460256897,1,False,66,1.1966423139245306,0.08473580628938546,0.009857177173265175,2026107022,historical,0.08473580628938546,1.1031647586318274
0.09347755529270318,gaussian,support_band50,0.31331929460256897,1,False,66,1.1966423139245306,0.08473580628938546,0.009857177173265175,2026107022,historical,0.08473580628938546,1.1031647586318274
0.10679340970930062,gaussian,historical,0.31331929460256897,1,False,66,1.209958168341128,0.09680640074266739,0.009857177173265175,2026107022,historical_se_penalty,0.09680640074266739,1.1031647586318274
0.10679340970930062,gaussian,historical_se_penalty,0.31331929460256897,1,True,66,1.209958168341128,0.09680640074266739,0.009857177173265175,2026107022,historical_se_penalty,0.09680640074266739,1.1031647586318274
0.09347755529270318,gaussian,support_mix50,0.31331929460256897,1,False,66,1.1966423139245306,0.08473580628938546,0.009857177173265175,2026107022,historical_se_penalty,0.08473580628938546,1.1031647586318274
0.09347755529270318,gaussian,support_band50,0.31331929460256897,1,False,66,1.1966423139245306,0.08473580628938546,0.009857177173265175,2026107022,historical_se_penalty,0.08473580628938546,1.1031647586318274
0.10679340970930062,gaussian,historical,0.31331929460256897,1,False,66,1.209958168341128,0.09680640074266739,0.009857177173265175,2026107022,support_mix50,0.09680640074266739,1.1031647586318274
0.10679340970930062,gaussian,historical_se_penalty,0.31331929460256897,1,False,66,1.209958168341128,0.09680640074266739,0.009857177173265175,2026107022,support_mix50,0.09680640074266739,1.1031647586318274
0.09347755529270318,gaussian,support_mix50,0.31331929460256897,1,True,66,1.1966423139245306,0.08473580628938546,0.009857177173265175,2026107022,support_mix50,0.08473580628938546,1.1031647586318274
0.09347755529270318,gaussian,support_band50,0.31331929460256897,1,False,66,1.1966423139245306,0.08473580628938546,0.009857177173265175,2026107022,support_mix50,0.08473580628938546,1.1031647586318274
0.10679340970930062,gaussian,historical,0.31331929460256897,1,False,66,1.209958168341128,0.09680640074266739,0.009857177173265175,2026107022,support_band50,0.09680640074266739,1.1031647586318274
0.10679340970930062,gaussian,historical_se_penalty,0.31331929460256897,1,False,66,1.209958168341128,0.09680640074266739,0.009857177173265175,2026107022,support_band50,0.09680640074266739,1.1031647586318274
0.09347755529270318,gaussian,support_mix50,0.31331929460256897,1,False,66,1.1966423139245306,0.08473580628938546,0.009857177173265175,2026107022,support_band50,0.08473580628938546,1.1031647586318274
0.09347755529270318,gaussian,support_band50,0.31331929460256897,1,True,66,1.1966423139245306,0.08473580628938546,0.009857177173265175,2026107022,support_band50,0.08473580628938546,1.1031647586318274
0.14039656046469987,gaussian,historical,0.23900821044792656,285,False,-1,1.4573398609744688,0.10769512117603051,0.20563273667410284,2026107022,fixed_bank,0.10764517325876084,1.3170293552545806
0.14039656046469987,gaussian,historical_se_penalty,0.23900821044792656,285,False,-1,1.4573398609744688,0.10769512117603051,0.20563273667410284,2026107022,fixed_bank,0.10764517325876084,1.3170293552545806
0.16797211035861087,gaussian,support_mix50,0.23900821044792656,285,False,-1,1.4850014656131916,0.1286148326682379,0.20563273667410284,2026107022,fixed_bank,0.1286148326682379,1.3170293552545806
0.1679721103586108,gaussian,support_band50,0.23900821044792656,285,False,-1,1.4850014656131914,0.12861483266823784,0.20563273667410284,2026107022,fixed_bank,0.12861483266823784,1.3170293552545806
0.11835146186163836,gaussian,historical,0.125,1,False,0,1.1490091063095211,0.09338420717351431,0.1187513570880756,2026107003,equal_weight,-0.09338420717351431,1.2673605681711595
0.11835146186163836,gaussian,historical_se_penalty,0.125,1,False,0,1.1490091063095211,0.09338420717351431,0.1187513570880756,2026107003,equal_weight,-0.09338420717351431,1.2673605681711595
0.12595550879869966,gaussian,support_mix50,0.125,1,False,0,1.1414050593724598,0.0993841152723075,0.1187513570880756,2026107003,equal_weight,-0.0993841152723075,1.2673605681711595
0.12595550879869966,gaussian,support_band50,0.125,1,False,0,1.1414050593724598,0.0993841152723075,0.1187513570880756,2026107003,equal_weight,-0.0993841152723075,1.2673605681711595
0.1101725482963507,gaussian,historical,0.22162292000749054,1,True,262,1.0328758411753065,0.096384850642478,0.009015878396851917,2026107003,historical,-0.096384850642478,1.1430483894716572
0.1101725482963507,gaussian,historical_se_penalty,0.22162292000749054,1,False,262,1.0328758411753065,0.096384850642478,0.009015878396851917,2026107003,historical,-0.096384850642478,1.1430483894716572
0.09153857181783631,gaussian,support_mix50,0.22162292000749054,1,False,262,1.051509817653821,0.08008284921353812,0.009015878396851917,2026107003,historical,-0.08008284921353812,1.1430483894716572
0.09153857181783631,gaussian,support_band50,0.22162292000749054,1,False,262,1.051509817653821,0.08008284921353812,0.009015878396851917,2026107003,historical,-0.08008284921353812,1.1430483894716572
0.1101725482963507,gaussian,historical,0.22162292000749054,1,False,262,1.0328758411753065,0.096384850642478,0.009015878396851917,2026107003,historical_se_penalty,-0.096384850642478,1.1430483894716572
0.1101725482963507,gaussian,historical_se_penalty,0.22162292000749054,1,True,262,1.0328758411753065,0.096384850642478,0.009015878396851917,2026107003,historical_se_penalty,-0.096384850642478,1.1430483894716572
0.09153857181783631,gaussian,support_mix50,0.22162292000749054,1,False,262,1.051509817653821,0.08008284921353812,0.009015878396851917,2026107003,historical_se_penalty,-0.08008284921353812,1.1430483894716572
0.09153857181783631,gaussian,support_band50,0.22162292000749054,1,False,262,1.051509817653821,0.08008284921353812,0.009015878396851917,2026107003,historical_se_penalty,-0.08008284921353812,1.1430483894716572
0.09990967629436653,gaussian,historical,0.15920553127764314,1,False,31,1.0524099308708879,0.08670309493400685,0.017199963997320156,2026107003,support_mix50,-0.08670309493400685,1.1523196071652544
0.09990967629436653,gaussian,historical_se_penalty,0.15920553127764314,1,False,31,1.0524099308708879,0.08670309493400685,0.017199963997320156,2026107003,support_mix50,-0.08670309493400685,1.1523196071652544
0.10726536236783035,gaussian,support_mix50,0.15920553127764314,1,True,31,1.045054244797424,0.09308646811252896,0.017199963997320156,2026107003,support_mix50,-0.09308646811252896,1.1523196071652544
0.10726536236783035,gaussian,support_band50,0.15920553127764314,1,False,31,1.045054244797424,0.09308646811252896,0.017199963997320156,2026107003,support_mix50,-0.09308646811252896,1.1523196071652544
0.09990967629436653,gaussian,historical,0.15920553127764314,1,False,31,1.0524099308708879,0.08670309493400685,0.017199963997320156,2026107003,support_band50,-0.08670309493400685,1.1523196071652544
0.09990967629436653,gaussian,historical_se_penalty,0.15920553127764314,1,False,31,1.0524099308708879,0.08670309493400685,0.017199963997320156,2026107003,support_band50,-0.08670309493400685,1.1523196071652544
0.10726536236783035,gaussian,support_mix50,0.15920553127764314,1,False,31,1.045054244797424,0.09308646811252896,0.017199963997320156,2026107003,support_band50,-0.09308646811252896,1.1523196071652544
0.10726536236783035,gaussian,support_band50,0.15920553127764314,1,True,31,1.045054244797424,0.09308646811252896,0.017199963997320156,2026107003,support_band50,-0.09308646811252896,1.1523196071652544
0.10424715990041662,gaussian,historical,0.24112904610439817,285,False,-1,1.3036706376122555,0.07476893624324,0.24232027879970428,2026107003,fixed_bank,-0.07442619592765098,1.4073437537436604
0.10424715990041662,gaussian,historical_se_penalty,0.24112904610439817,285,False,-1,1.3036706376122555,0.07476893624324,0.24232027879970428,2026107003,fixed_bank,-0.07442619592765098,1.4073437537436604
0.10612380932745794,gaussian,support_mix50,0.24112904610439817,285,False,-1,1.3012199444162023,0.07618093127841158,0.24232027879970428,2026107003,fixed_bank,-0.07618093127841158,1.4073437537436604
0.10612380932745798,gaussian,support_band50,0.24112904610439817,285,False,-1,1.3012199444162023,0.07618093127841162,0.24232027879970428,2026107003,fixed_bank,-0.07618093127841162,1.4073437537436604
0.3390437066618306,asymmetric_crash,historical,0.125,1,False,0,2.526901579058787,0.11830083021859955,0.05175822390231133,2026107033,equal_weight,-0.11830083021859955,2.865945285720618
0.3390437066618306,asymmetric_crash,historical_se_penalty,0.125,1,False,0,2.526901579058787,0.11830083021859955,0.05175822390231133,2026107033,equal_weight,-0.11830083021859955,2.865945285720618
0.562731714180341,asymmetric_crash,support_mix50,0.125,1,False,0,2.303213571540277,0.19635117145610365,0.05175822390231133,2026107033,equal_weight,-0.19635117145610365,2.865945285720618
0.562731714180341,asymmetric_crash,support_band50,0.125,1,False,0,2.303213571540277,0.19635117145610365,0.05175822390231133,2026107033,equal_weight,-0.19635117145610365,2.865945285720618
0.48623687725143494,asymmetric_crash,historical,0.5,1,True,28,2.3081389415222344,0.17400554141097,0.025493320724709,2026107033,historical,-0.17400554141097,2.7943758187736694
0.48623687725143494,asymmetric_crash,historical_se_penalty,0.5,1,False,28,2.3081389415222344,0.17400554141097,0.025493320724709,2026107033,historical,-0.17400554141097,2.7943758187736694
0.626935942741115,asymmetric_crash,support_mix50,0.5,1,False,28,2.1674398760325544,0.22435634409986058,0.025493320724709,2026107033,historical,-0.22435634409986058,2.7943758187736694
0.626935942741115,asymmetric_crash,support_band50,0.5,1,False,28,2.1674398760325544,0.22435634409986058,0.025493320724709,2026107033,historical,-0.22435634409986058,2.7943758187736694
0.48623687725143494,asymmetric_crash,historical,0.5,1,False,28,2.3081389415222344,0.17400554141097,0.025493320724709,2026107033,historical_se_penalty,-0.17400554141097,2.7943758187736694
0.48623687725143494,asymmetric_crash,historical_se_penalty,0.5,1,True,28,2.3081389415222344,0.17400554141097,0.025493320724709,2026107033,historical_se_penalty,-0.17400554141097,2.7943758187736694
0.626935942741115,asymmetric_crash,support_mix50,0.5,1,False,28,2.1674398760325544,0.22435634409986058,0.025493320724709,2026107033,historical_se_penalty,-0.22435634409986058,2.7943758187736694
0.626935942741115,asymmetric_crash,support_band50,0.5,1,False,28,2.1674398760325544,0.22435634409986058,0.025493320724709,2026107033,historical_se_penalty,-0.22435634409986058,2.7943758187736694
0.5177575318482468,asymmetric_crash,historical,0.2751794635202661,1,False,186,2.336188229780654,0.18141814003947104,0.04735458151274474,2026107033,support_mix50,-0.18141814003947104,2.853945761628901
0.5177575318482468,asymmetric_crash,historical_se_penalty,0.2751794635202661,1,False,186,2.336188229780654,0.18141814003947104,0.04735458151274474,2026107033,support_mix50,-0.18141814003947104,2.853945761628901
0.6980542650994819,asymmetric_crash,support_mix50,0.2751794635202661,1,True,186,2.155891496529419,0.24459268794970535,0.04735458151274474,2026107033,support_mix50,-0.24459268794970535,2.853945761628901
0.6980542650994819,asymmetric_crash,support_band50,0.2751794635202661,1,False,186,2.155891496529419,0.24459268794970535,0.04735458151274474,2026107033,support_mix50,-0.24459268794970535,2.853945761628901
0.5177575318482468,asymmetric_crash,historical,0.2751794635202661,1,False,186,2.336188229780654,0.18141814003947104,0.04735458151274474,2026107033,support_band50,-0.18141814003947104,2.853945761628901
0.5177575318482468,asymmetric_crash,historical_se_penalty,0.2751794635202661,1,False,186,2.336188229780654,0.18141814003947104,0.04735458151274474,2026107033,support_band50,-0.18141814003947104,2.853945761628901
0.6980542650994819,asymmetric_crash,support_mix50,0.2751794635202661,1,False,186,2.155891496529419,0.24459268794970535,0.04735458151274474,2026107033,support_band50,-0.24459268794970535,2.853945761628901
0.6980542650994819,asymmetric_crash,support_band50,0.2751794635202661,1,True,186,2.155891496529419,0.24459268794970535,0.04735458151274474,2026107033,support_band50,-0.24459268794970535,2.853945761628901
0.32799841291780285,asymmetric_crash,historical,0.2403232009839855,285,False,-1,2.652704607215763,0.1101005385200276,0.09313292853887967,2026107033,fixed_bank,-0.10952304287924026,2.978687584289295
0.32799841291780285,asymmetric_crash,historical_se_penalty,0.2403232009839855,285,False,-1,2.652704607215763,0.1101005385200276,0.09313292853887967,2026107033,fixed_bank,-0.10952304287924026,2.978687584289295
0.5270865034371123,asymmetric_crash,support_mix50,0.2403232009839855,285,False,-1,2.4516010808521833,0.17740589756485606,0.09313292853887967,2026107033,fixed_bank,-0.17740589756485606,2.978687584289295
0.5270865034371124,asymmetric_crash,support_band50,0.2403232009839855,285,False,-1,2.4516010808521833,0.17740589756485606,0.09313292853887967,2026107033,fixed_bank,-0.17740589756485606,2.978687584289295
0.005467469076528397,gaussian,historical,0.125,1,False,0,1.3002012418469158,0.0041874857157766215,0.07125063400157439,2026107049,equal_weight,-0.0041874857157766215,1.3056687109234442
0.005467469076528397,gaussian,historical_se_penalty,0.125,1,False,0,1.3002012418469158,0.0041874857157766215,0.07125063400157439,2026107049,equal_weight,-0.0041874857157766215,1.3056687109234442
0.039351085412765885,gaussian,support_mix50,0.125,1,False,0,1.2663176255106783,0.03013864472936211,0.07125063400157439,2026107049,equal_weight,-0.03013864472936211,1.3056687109234442
0.039351085412765885,gaussian,support_band50,0.125,1,False,0,1.2663176255106783,0.03013864472936211,0.07125063400157439,2026107049,equal_weight,-0.03013864472936211,1.3056687109234442
0.05538557103083086,gaussian,historical,0.20107879766468384,1,True,257,1.1950273520503862,0.044293824870549135,0.025915399065617573,2026107049,historical,-0.044293824870549135,1.250412923081217
0.05538557103083086,gaussian,historical_se_penalty,0.20107879766468384,1,False,257,1.1950273520503862,0.044293824870549135,0.025915399065617573,2026107049,historical,-0.044293824870549135,1.250412923081217
0.06968692778763907,gaussian,support_mix50,0.20107879766468384,1,False,257,1.180725995293578,0.05573113209348425,0.025915399065617573,2026107049,historical,-0.05573113209348425,1.250412923081217
0.0696869277876393,gaussian,support_band50,0.20107879766468384,1,False,257,1.1807259952935778,0.05573113209348443,0.025915399065617573,2026107049,historical,-0.05573113209348443,1.250412923081217
0.05538557103083086,gaussian,historical,0.20107879766468384,1,False,257,1.1950273520503862,0.044293824870549135,0.025915399065617573,2026107049,historical_se_penalty,-0.044293824870549135,1.250412923081217
0.05538557103083086,gaussian,historical_se_penalty,0.20107879766468384,1,True,257,1.1950273520503862,0.044293824870549135,0.025915399065617573,2026107049,historical_se_penalty,-0.044293824870549135,1.250412923081217
0.06968692778763907,gaussian,support_mix50,0.20107879766468384,1,False,257,1.180725995293578,0.05573113209348425,0.025915399065617573,2026107049,historical_se_penalty,-0.05573113209348425,1.250412923081217
0.0696869277876393,gaussian,support_band50,0.20107879766468384,1,False,257,1.1807259952935778,0.05573113209348443,0.025915399065617573,2026107049,historical_se_penalty,-0.05573113209348443,1.250412923081217
0.05538557103083086,gaussian,historical,0.20107879766468384,1,False,257,1.1950273520503862,0.044293824870549135,0.025915399065617573,2026107049,support_mix50,-0.044293824870549135,1.250412923081217
0.05538557103083086,gaussian,historical_se_penalty,0.20107879766468384,1,False,257,1.1950273520503862,0.044293824870549135,0.025915399065617573,2026107049,support_mix50,-0.044293824870549135,1.250412923081217
0.06968692778763907,gaussian,support_mix50,0.20107879766468384,1,True,257,1.180725995293578,0.05573113209348425,0.025915399065617573,2026107049,support_mix50,-0.05573113209348425,1.250412923081217
0.0696869277876393,gaussian,support_band50,0.20107879766468384,1,False,257,1.1807259952935778,0.05573113209348443,0.025915399065617573,2026107049,support_mix50,-0.05573113209348443,1.250412923081217
0.05538557103083086,gaussian,historical,0.20107879766468384,1,False,257,1.1950273520503862,0.044293824870549135,0.025915399065617573,2026107049,support_band50,-0.044293824870549135,1.250412923081217
0.05538557103083086,gaussian,historical_se_penalty,0.20107879766468384,1,False,257,1.1950273520503862,0.044293824870549135,0.025915399065617573,2026107049,support_band50,-0.044293824870549135,1.250412923081217
0.06968692778763907,gaussian,support_mix50,0.20107879766468384,1,False,257,1.180725995293578,0.05573113209348425,0.025915399065617573,2026107049,support_band50,-0.05573113209348425,1.250412923081217
0.0696869277876393,gaussian,support_band50,0.20107879766468384,1,True,257,1.1807259952935778,0.05573113209348443,0.025915399065617573,2026107049,support_band50,-0.05573113209348443,1.250412923081217
0.041806466481535236,gaussian,historical,0.24357087220459359,285,False,-1,1.4673921573764592,0.028544261279497857,0.19923265871683402,2026107049,fixed_bank,0.0037011571875619495,1.4616566001507747
0.041806466481535236,gaussian,historical_se_penalty,0.24357087220459359,285,False,-1,1.4673921573764592,0.028544261279497857,0.19923265871683402,2026107049,fixed_bank,0.0037011571875619495,1.4616566001507747
0.04322097388409929,gaussian,support_mix50,0.24357087220459359,285,False,-1,1.4453980161351876,0.029686217182702285,0.19923265871683402,2026107049,fixed_bank,-0.011886074824122496,1.4616566001507747
0.043220973884099324,gaussian,support_band50,0.24357087220459359,285,False,-1,1.4453980161351876,0.029686217182702306,0.19923265871683402,2026107049,fixed_bank,-0.01188607482412253,1.4616566001507747
0.05547123743731497,gaussian,historical,0.125,1,False,0,1.35015929443486,0.04284525306115507,0.07591742461900353,2026107044,equal_weight,0.04284525306115507,1.294688056997545
0.05547123743731497,gaussian,historical_se_penalty,0.125,1,False,0,1.35015929443486,0.04284525306115507,0.07591742461900353,2026107044,equal_weight,0.04284525306115507,1.294688056997545
0.050344274184151105,gaussian,support_mix50,0.125,1,False,0,1.345032331181696,0.03888525418308278,0.07591742461900353,2026107044,equal_weight,0.03888525418308278,1.294688056997545
0.05034427418415088,gaussian,support_band50,0.125,1,False,0,1.3450323311816959,0.03888525418308261,0.07591742461900353,2026107044,equal_weight,0.03888525418308261,1.294688056997545
0.07374554342762485,gaussian,historical,0.2713764157367479,1,True,279,1.2796369121962785,0.06115438366801404,0.0021252060242920034,2026107044,historical,0.06115438366801404,1.2058913687686537
0.07374554342762485,gaussian,historical_se_penalty,0.2713764157367479,1,False,279,1.2796369121962785,0.06115438366801404,0.0021252060242920034,2026107044,historical,0.06115438366801404,1.2058913687686537
0.0851935862019646,gaussian,support_mix50,0.2713764157367479,1,False,279,1.2910849549706183,0.07064781157605973,0.0021252060242920034,2026107044,historical,0.07064781157605973,1.2058913687686537
0.0851935862019646,gaussian,support_band50,0.2713764157367479,1,False,279,1.2910849549706183,0.07064781157605973,0.0021252060242920034,2026107044,historical,0.07064781157605973,1.2058913687686537
0.07374554342762485,gaussian,historical,0.2713764157367479,1,False,279,1.2796369121962785,0.06115438366801404,0.0021252060242920034,2026107044,historical_se_penalty,0.06115438366801404,1.2058913687686537
0.07374554342762485,gaussian,historical_se_penalty,0.2713764157367479,1,True,279,1.2796369121962785,0.06115438366801404,0.0021252060242920034,2026107044,historical_se_penalty,0.06115438366801404,1.2058913687686537
0.0851935862019646,gaussian,support_mix50,0.2713764157367479,1,False,279,1.2910849549706183,0.07064781157605973,0.0021252060242920034,2026107044,historical_se_penalty,0.07064781157605973,1.2058913687686537
0.0851935862019646,gaussian,support_band50,0.2713764157367479,1,False,279,1.2910849549706183,0.07064781157605973,0.0021252060242920034,2026107044,historical_se_penalty,0.07064781157605973,1.2058913687686537
0.07374554342762485,gaussian,historical,0.2713764157367479,1,False,279,1.2796369121962785,0.06115438366801404,0.0021252060242920034,2026107044,support_mix50,0.06115438366801404,1.2058913687686537
0.07374554342762485,gaussian,historical_se_penalty,0.2713764157367479,1,False,279,1.2796369121962785,0.06115438366801404,0.0021252060242920034,2026107044,support_mix50,0.06115438366801404,1.2058913687686537
0.0851935862019646,gaussian,support_mix50,0.2713764157367479,1,True,279,1.2910849549706183,0.07064781157605973,0.0021252060242920034,2026107044,support_mix50,0.07064781157605973,1.2058913687686537
0.0851935862019646,gaussian,support_band50,0.2713764157367479,1,False,279,1.2910849549706183,0.07064781157605973,0.0021252060242920034,2026107044,support_mix50,0.07064781157605973,1.2058913687686537
0.07374554342762485,gaussian,historical,0.2713764157367479,1,False,279,1.2796369121962785,0.06115438366801404,0.0021252060242920034,2026107044,support_band50,0.06115438366801404,1.2058913687686537
0.07374554342762485,gaussian,historical_se_penalty,0.2713764157367479,1,False,279,1.2796369121962785,0.06115438366801404,0.0021252060242920034,2026107044,support_band50,0.06115438366801404,1.2058913687686537
0.0851935862019646,gaussian,support_mix50,0.2713764157367479,1,False,279,1.2910849549706183,0.07064781157605973,0.0021252060242920034,2026107044,support_band50,0.07064781157605973,1.2058913687686537
0.0851935862019646,gaussian,support_band50,0.2713764157367479,1,True,279,1.2910849549706183,0.07064781157605973,0.0021252060242920034,2026107044,support_band50,0.07064781157605973,1.2058913687686537
0.06009029403001975,gaussian,historical,0.24334330861190556,285,False,-1,1.5075644093951965,0.041831793350406474,0.2091649435243968,2026107044,fixed_bank,0.03724692001837264,1.4550293317124299
0.06009029403001975,gaussian,historical_se_penalty,0.24334330861190556,285,False,-1,1.5075644093951965,0.041831793350406474,0.2091649435243968,2026107044,fixed_bank,0.03724692001837264,1.4550293317124299
0.056394463452874896,gaussian,support_mix50,0.24334330861190556,285,False,-1,1.5052597355416473,0.039754112132046306,0.2091649435243968,2026107044,fixed_bank,0.03611486276379219,1.4550293317124299
0.05639446345287487,gaussian,support_band50,0.24334330861190556,285,False,-1,1.5052597355416473,0.03975411213204629,0.2091649435243968,2026107044,fixed_bank,0.036114862763792166,1.4550293317124299
0.07972538619448377,gaussian,historical,0.125,1,False,0,1.224722491971808,0.06962933425090119,0.07368294534396269,2026107023,equal_weight,0.06962933425090119,1.1449971057773243
0.07972538619448377,gaussian,historical_se_penalty,0.125,1,False,0,1.224722491971808,0.06962933425090119,0.07368294534396269,2026107023,equal_weight,0.06962933425090119,1.1449971057773243
0.0952456647614377,gaussian,support_mix50,0.125,1,False,0,1.240242770538762,0.08318419695635527,0.07368294534396269,2026107023,equal_weight,0.08318419695635527,1.1449971057773243
0.0952456647614377,gaussian,support_band50,0.125,1,False,0,1.240242770538762,0.08318419695635527,0.07368294534396269,2026107023,equal_weight,0.08318419695635527,1.1449971057773243
0.05515542262070161,gaussian,historical,0.19782228684245567,1,True,63,1.1215755522712807,0.051720162708081774,0.0,2026107023,historical,0.051720162708081774,1.066420129650579
0.05515542262070161,gaussian,historical_se_penalty,0.19782228684245567,1,False,63,1.1215755522712807,0.051720162708081774,0.0,2026107023,historical,0.051720162708081774,1.066420129650579
0.07409918154515927,gaussian,support_mix50,0.19782228684245567,1,False,63,1.1405193111957384,0.0694840424377946,0.0,2026107023,historical,0.0694840424377946,1.066420129650579
0.07409918154515927,gaussian,support_band50,0.19782228684245567,1,False,63,1.1405193111957384,0.0694840424377946,0.0,2026107023,historical,0.0694840424377946,1.066420129650579
0.003100339637193139,gaussian,historical,0.2504129105164926,1,False,94,1.1468607235178194,0.0026960387934241033,0.07833773123900656,2026107023,historical_se_penalty,-0.0026960387934241033,1.1499610631550126
0.003100339637193139,gaussian,historical_se_penalty,0.2504129105164926,1,True,94,1.1468607235178194,0.0026960387934241033,0.07833773123900656,2026107023,historical_se_penalty,-0.0026960387934241033,1.1499610631550126
0.03537151824218343,gaussian,support_mix50,0.2504129105164926,1,False,94,1.185332581397196,0.030758883387876426,0.07833773123900656,2026107023,historical_se_penalty,0.030758883387876426,1.1499610631550126
0.03537151824218343,gaussian,support_band50,0.2504129105164926,1,False,94,1.185332581397196,0.030758883387876426,0.07833773123900656,2026107023,historical_se_penalty,0.030758883387876426,1.1499610631550126
0.05515542262070161,gaussian,historical,0.19782228684245567,1,False,63,1.1215755522712807,0.051720162708081774,0.0,2026107023,support_mix50,0.051720162708081774,1.066420129650579
0.05515542262070161,gaussian,historical_se_penalty,0.19782228684245567,1,False,63,1.1215755522712807,0.051720162708081774,0.0,2026107023,support_mix50,0.051720162708081774,1.066420129650579
0.07409918154515927,gaussian,support_mix50,0.19782228684245567,1,True,63,1.1405193111957384,0.0694840424377946,0.0,2026107023,support_mix50,0.0694840424377946,1.066420129650579
0.07409918154515927,gaussian,support_band50,0.19782228684245567,1,False,63,1.1405193111957384,0.0694840424377946,0.0,2026107023,support_mix50,0.0694840424377946,1.066420129650579
0.05515542262070161,gaussian,historical,0.19782228684245567,1,False,63,1.1215755522712807,0.051720162708081774,0.0,2026107023,support_band50,0.051720162708081774,1.066420129650579
0.05515542262070161,gaussian,historical_se_penalty,0.19782228684245567,1,False,63,1.1215755522712807,0.051720162708081774,0.0,2026107023,support_band50,0.051720162708081774,1.066420129650579
0.07409918154515927,gaussian,support_mix50,0.19782228684245567,1,False,63,1.1405193111957384,0.0694840424377946,0.0,2026107023,support_band50,0.0694840424377946,1.066420129650579
0.07409918154515927,gaussian,support_band50,0.19782228684245567,1,True,63,1.1405193111957384,0.0694840424377946,0.0,2026107023,support_band50,0.0694840424377946,1.066420129650579
0.07428642662594084,gaussian,historical,0.24340786350200364,285,False,-1,1.347044276126121,0.05947674417349242,0.19440113342309068,2026107023,fixed_bank,0.058853464816044296,1.273733411559851
0.07428642662594084,gaussian,historical_se_penalty,0.24340786350200364,285,False,-1,1.347044276126121,0.05947674417349242,0.19440113342309068,2026107023,fixed_bank,0.058853464816044296,1.273733411559851
0.08954612274904684,gaussian,support_mix50,0.24340786350200364,285,False,-1,1.3631969858335675,0.07181372101892441,0.19440113342309068,2026107023,fixed_bank,0.0717549324564975,1.273733411559851
0.08954612274904682,gaussian,support_band50,0.24340786350200364,285,False,-1,1.3631969858335675,0.0718137210189244,0.19440113342309068,2026107023,fixed_bank,0.07175493245649747,1.273733411559851
0.013953446734945363,asymmetric_crash,historical,0.125,1,False,0,2.901308142105326,0.0048326056917490905,0.08084205181911885,2026107051,equal_weight,0.0048326056917490905,2.8873546953703806
0.013953446734945363,asymmetric_crash,historical_se_penalty,0.125,1,False,0,2.901308142105326,0.0048326056917490905,0.08084205181911885,2026107051,equal_weight,0.0048326056917490905,2.8873546953703806
0.1279341376022094,asymmetric_crash,support_mix50,0.125,1,False,0,2.759420557768171,0.04430842452690019,0.08084205181911885,2026107051,equal_weight,-0.04430842452690019,2.8873546953703806
0.1279341376022094,asymmetric_crash,support_band50,0.125,1,False,0,2.759420557768171,0.04430842452690019,0.08084205181911885,2026107051,equal_weight,-0.04430842452690019,2.8873546953703806
0.04592001863183093,asymmetric_crash,historical,0.5,1,True,23,2.6254737252651594,0.01718953588805051,0.0,2026107051,historical,-0.01718953588805051,2.6713937438969904
0.04592001863183093,asymmetric_crash,historical_se_penalty,0.5,1,False,23,2.6254737252651594,0.01718953588805051,0.0,2026107051,historical,-0.01718953588805051,2.6713937438969904
0.18005883737214123,asymmetric_crash,support_mix50,0.5,1,False,23,2.491334906524849,0.06740258255957207,0.0,2026107051,historical,-0.06740258255957207,2.6713937438969904
0.18005883737214123,asymmetric_crash,support_band50,0.5,1,False,23,2.491334906524849,0.06740258255957207,0.0,2026107051,historical,-0.06740258255957207,2.6713937438969904
0.04592001863183093,asymmetric_crash,historical,0.5,1,False,23,2.6254737252651594,0.01718953588805051,0.0,2026107051,historical_se_penalty,-0.01718953588805051,2.6713937438969904
0.04592001863183093,asymmetric_crash,historical_se_penalty,0.5,1,True,23,2.6254737252651594,0.01718953588805051,0.0,2026107051,historical_se_penalty,-0.01718953588805051,2.6713937438969904
0.18005883737214123,asymmetric_crash,support_mix50,0.5,1,False,23,2.491334906524849,0.06740258255957207,0.0,2026107051,historical_se_penalty,-0.06740258255957207,2.6713937438969904
0.18005883737214123,asymmetric_crash,support_band50,0.5,1,False,23,2.491334906524849,0.06740258255957207,0.0,2026107051,historical_se_penalty,-0.06740258255957207,2.6713937438969904
0.04592001863183093,asymmetric_crash,historical,0.5,1,False,23,2.6254737252651594,0.01718953588805051,0.0,2026107051,support_mix50,-0.01718953588805051,2.6713937438969904
0.04592001863183093,asymmetric_crash,historical_se_penalty,0.5,1,False,23,2.6254737252651594,0.01718953588805051,0.0,2026107051,support_mix50,-0.01718953588805051,2.6713937438969904
0.18005883737214123,asymmetric_crash,support_mix50,0.5,1,True,23,2.491334906524849,0.06740258255957207,0.0,2026107051,support_mix50,-0.06740258255957207,2.6713937438969904
0.18005883737214123,asymmetric_crash,support_band50,0.5,1,False,23,2.491334906524849,0.06740258255957207,0.0,2026107051,support_mix50,-0.06740258255957207,2.6713937438969904
0.04592001863183093,asymmetric_crash,historical,0.5,1,False,23,2.6254737252651594,0.01718953588805051,0.0,2026107051,support_band50,-0.01718953588805051,2.6713937438969904
0.04592001863183093,asymmetric_crash,historical_se_penalty,0.5,1,False,23,2.6254737252651594,0.01718953588805051,0.0,2026107051,support_band50,-0.01718953588805051,2.6713937438969904
0.18005883737214123,asymmetric_crash,support_mix50,0.5,1,False,23,2.491334906524849,0.06740258255957207,0.0,2026107051,support_band50,-0.06740258255957207,2.6713937438969904
0.18005883737214123,asymmetric_crash,support_band50,0.5,1,True,23,2.491334906524849,0.06740258255957207,0.0,2026107051,support_band50,-0.06740258255957207,2.6713937438969904
0.04956319768472969,asymmetric_crash,historical,0.23935691136131204,285,False,-1,2.983669370371266,0.01626182937913468,0.12437011872861072,2026107051,fixed_bank,-0.006353542525821391,3.003635300996327
0.04956319768472969,asymmetric_crash,historical_se_penalty,0.23935691136131204,285,False,-1,2.983669370371266,0.01626182937913468,0.12437011872861072,2026107051,fixed_bank,-0.006353542525821391,3.003635300996327
0.1641615744855387,asymmetric_crash,support_mix50,0.23935691136131204,285,False,-1,2.8399674128656986,0.054463039170599144,0.12437011872861072,2026107051,fixed_bank,-0.054304510527417076,3.003635300996327
0.16416157448553884,asymmetric_crash,support_band50,0.23935691136131204,285,False,-1,2.839967412865698,0.054463039170599185,0.12437011872861072,2026107051,fixed_bank,-0.05430451052741712,3.003635300996327
0.25462101772249746,asymmetric_crash,historical,0.125,1,False,0,2.5819584324309846,0.08976340067214418,0.0758611152448756,2026107047,equal_weight,-0.08976340067214418,2.836579450153482
0.25462101772249746,asymmetric_crash,historical_se_penalty,0.125,1,False,0,2.5819584324309846,0.08976340067214418,0.0758611152448756,2026107047,equal_weight,-0.08976340067214418,2.836579450153482
0.36894234210326715,asymmetric_crash,support_mix50,0.125,1,False,0,2.467637108050215,0.13006592925973018,0.0758611152448756,2026107047,equal_weight,-0.13006592925973018,2.836579450153482
0.36894234210326715,asymmetric_crash,support_band50,0.125,1,False,0,2.467637108050215,0.13006592925973018,0.0758611152448756,2026107047,equal_weight,-0.13006592925973018,2.836579450153482
0.19998633539501265,asymmetric_crash,historical,0.5,1,True,15,2.4365802343595333,0.07585104722526714,0.0,2026107047,historical,-0.07585104722526714,2.636566569754546
0.19998633539501265,asymmetric_crash,historical_se_penalty,0.5,1,False,15,2.4365802343595333,0.07585104722526714,0.0,2026107047,historical,-0.07585104722526714,2.636566569754546
0.30864476572123234,asymmetric_crash,support_mix50,0.5,1,False,15,2.3279218040333136,0.11706314161070698,0.0,2026107047,historical,-0.11706314161070698,2.636566569754546
0.30864476572123234,asymmetric_crash,support_band50,0.5,1,False,15,2.3279218040333136,0.11706314161070698,0.0,2026107047,historical,-0.11706314161070698,2.636566569754546
0.19998633539501265,asymmetric_crash,historical,0.5,1,False,15,2.4365802343595333,0.07585104722526714,0.0,2026107047,historical_se_penalty,-0.07585104722526714,2.636566569754546
0.19998633539501265,asymmetric_crash,historical_se_penalty,0.5,1,True,15,2.4365802343595333,0.07585104722526714,0.0,2026107047,historical_se_penalty,-0.07585104722526714,2.636566569754546
0.30864476572123234,asymmetric_crash,support_mix50,0.5,1,False,15,2.3279218040333136,0.11706314161070698,0.0,2026107047,historical_se_penalty,-0.11706314161070698,2.636566569754546
0.30864476572123234,asymmetric_crash,support_band50,0.5,1,False,15,2.3279218040333136,0.11706314161070698,0.0,2026107047,historical_se_penalty,-0.11706314161070698,2.636566569754546
0.2567008658882628,asymmetric_crash,historical,0.31280807154228085,1,False,73,2.462880654866794,0.09438984046964444,0.03148600606289231,2026107047,support_mix50,-0.09438984046964444,2.7195815207550567
0.2567008658882628,asymmetric_crash,historical_se_penalty,0.31280807154228085,1,False,73,2.462880654866794,0.09438984046964444,0.03148600606289231,2026107047,support_mix50,-0.09438984046964444,2.7195815207550567
0.41357787365480636,asymmetric_crash,support_mix50,0.31280807154228085,1,True,73,2.3060036471002503,0.15207408584684817,0.03148600606289231,2026107047,support_mix50,-0.15207408584684817,2.7195815207550567
0.41357787365480636,asymmetric_crash,support_band50,0.31280807154228085,1,False,73,2.3060036471002503,0.15207408584684817,0.03148600606289231,2026107047,support_mix50,-0.15207408584684817,2.7195815207550567
0.2567008658882628,asymmetric_crash,historical,0.31280807154228085,1,False,73,2.462880654866794,0.09438984046964444,0.03148600606289231,2026107047,support_band50,-0.09438984046964444,2.7195815207550567
0.2567008658882628,asymmetric_crash,historical_se_penalty,0.31280807154228085,1,False,73,2.462880654866794,0.09438984046964444,0.03148600606289231,2026107047,support_band50,-0.09438984046964444,2.7195815207550567
0.41357787365480636,asymmetric_crash,support_mix50,0.31280807154228085,1,False,73,2.3060036471002503,0.15207408584684817,0.03148600606289231,2026107047,support_band50,-0.15207408584684817,2.7195815207550567
0.41357787365480636,asymmetric_crash,support_band50,0.31280807154228085,1,True,73,2.3060036471002503,0.15207408584684817,0.03148600606289231,2026107047,support_band50,-0.15207408584684817,2.7195815207550567
0.27855432785976947,asymmetric_crash,historical,0.24326544519176255,285,False,-1,2.674357394985537,0.09406376605007614,0.11998375338583282,2026107047,fixed_bank,-0.09406376605007614,2.9529117228453066
0.27855432785976947,asymmetric_crash,historical_se_penalty,0.24326544519176255,285,False,-1,2.674357394985537,0.09406376605007614,0.11998375338583282,2026107047,fixed_bank,-0.09406376605007614,2.9529117228453066
0.3875783447859504,asymmetric_crash,support_mix50,0.24326544519176255,285,False,-1,2.565333378059356,0.13106210555196313,0.11998375338583282,2026107047,fixed_bank,-0.13106210555196313,2.9529117228453066
0.38757834478595055,asymmetric_crash,support_band50,0.24326544519176255,285,False,-1,2.5653333780593557,0.1310621055519632,0.11998375338583282,2026107047,fixed_bank,-0.1310621055519632,2.9529117228453066
0.10393795648400506,asymmetric_crash,historical,0.125,1,False,0,3.0114114415407753,0.035748548359324284,0.0483039008328936,2026107003,equal_weight,0.035748548359324284,2.9074734850567703
0.10393795648400506,asymmetric_crash,historical_se_penalty,0.125,1,False,0,3.0114114415407753,0.035748548359324284,0.0483039008328936,2026107003,equal_weight,0.035748548359324284,2.9074734850567703
0.2835298090353846,asymmetric_crash,support_mix50,0.125,1,False,0,3.191003294092155,0.09751759061350425,0.0483039008328936,2026107003,equal_weight,0.09751759061350425,2.9074734850567703
0.28352980903538416,asymmetric_crash,support_band50,0.125,1,False,0,3.1910032940921544,0.0975175906135041,0.0483039008328936,2026107003,equal_weight,0.0975175906135041,2.9074734850567703
0.43986333893534146,asymmetric_crash,historical,0.2505624861681801,1,True,126,2.5875530652548475,0.14529330630782572,0.0915499117255405,2026107003,historical,-0.14529330630782572,3.027416404190189
0.43986333893534146,asymmetric_crash,historical_se_penalty,0.2505624861681801,1,False,126,2.5875530652548475,0.14529330630782572,0.0915499117255405,2026107003,historical,-0.14529330630782572,3.027416404190189
0.23309081526974573,asymmetric_crash,support_mix50,0.2505624861681801,1,False,126,2.7943255889204432,0.0769933118374893,0.0915499117255405,2026107003,historical,-0.0769933118374893,3.027416404190189
0.23309081526974618,asymmetric_crash,support_band50,0.2505624861681801,1,False,126,2.794325588920443,0.07699331183748943,0.0915499117255405,2026107003,historical,-0.07699331183748943,3.027416404190189
0.43986333893534146,asymmetric_crash,historical,0.2505624861681801,1,False,126,2.5875530652548475,0.14529330630782572,0.0915499117255405,2026107003,historical_se_penalty,-0.14529330630782572,3.027416404190189
0.43986333893534146,asymmetric_crash,historical_se_penalty,0.2505624861681801,1,True,126,2.5875530652548475,0.14529330630782572,0.0915499117255405,2026107003,historical_se_penalty,-0.14529330630782572,3.027416404190189
0.23309081526974573,asymmetric_crash,support_mix50,0.2505624861681801,1,False,126,2.7943255889204432,0.0769933118374893,0.0915499117255405,2026107003,historical_se_penalty,-0.0769933118374893,3.027416404190189
0.23309081526974618,asymmetric_crash,support_band50,0.2505624861681801,1,False,126,2.794325588920443,0.07699331183748943,0.0915499117255405,2026107003,historical_se_penalty,-0.07699331183748943,3.027416404190189
0.3885621858175585,asymmetric_crash,historical,0.19567450175097578,1,False,253,2.6225639717733036,0.12904214751614354,0.08567638299230396,2026107003,support_mix50,-0.12904214751614354,3.011126157590862
0.3885621858175585,asymmetric_crash,historical_se_penalty,0.19567450175097578,1,False,253,2.6225639717733036,0.12904214751614354,0.08567638299230396,2026107003,support_mix50,-0.12904214751614354,3.011126157590862
0.22131871595772878,asymmetric_crash,support_mix50,0.19567450175097578,1,True,253,2.7898074416331333,0.07350031329633866,0.08567638299230396,2026107003,support_mix50,-0.07350031329633866,3.011126157590862
0.22131871595772878,asymmetric_crash,support_band50,0.19567450175097578,1,False,253,2.7898074416331333,0.07350031329633866,0.08567638299230396,2026107003,support_mix50,-0.07350031329633866,3.011126157590862
0.3885621858175585,asymmetric_crash,historical,0.19567450175097578,1,False,253,2.6225639717733036,0.12904214751614354,0.08567638299230396,2026107003,support_band50,-0.12904214751614354,3.011126157590862
0.3885621858175585,asymmetric_crash,historical_se_penalty,0.19567450175097578,1,False,253,2.6225639717733036,0.12904214751614354,0.08567638299230396,2026107003,support_band50,-0.12904214751614354,3.011126157590862
0.22131871595772878,asymmetric_crash,support_mix50,0.19567450175097578,1,False,253,2.7898074416331333,0.07350031329633866,0.08567638299230396,2026107003,support_band50,-0.07350031329633866,3.011126157590862
0.22131871595772878,asymmetric_crash,support_band50,0.19567450175097578,1,True,253,2.7898074416331333,0.07350031329633866,0.08567638299230396,2026107003,support_band50,-0.07350031329633866,3.011126157590862
0.2660637022003559,asymmetric_crash,historical,0.24112904610439817,285,False,-1,3.0999945784029204,0.08608565303352401,0.08892279813168846,2026107003,fixed_bank,0.026301047348220974,3.0201300980815424
0.2660637022003559,asymmetric_crash,historical_se_penalty,0.24112904610439817,285,False,-1,3.0999945784029204,0.08608565303352401,0.08892279813168846,2026107003,fixed_bank,0.026301047348220974,3.0201300980815424
0.35393114498530975,asymmetric_crash,support_mix50,0.24112904610439817,285,False,-1,3.2989245165874634,0.11542492437082588,0.08892279813168846,2026107003,fixed_bank,0.09203998865586378,3.0201300980815424
0.3539311449853096,asymmetric_crash,support_band50,0.24112904610439817,285,False,-1,3.298924516587463,0.11542492437082583,0.08892279813168846,2026107003,fixed_bank,0.09203998865586376,3.0201300980815424
0.271120533628316,asymmetric_crash,historical,0.125,1,False,0,3.124353468904231,0.09502222208229835,0.07680608864052751,2026107035,equal_weight,0.09502222208229835,2.853232935275915
0.271120533628316,asymmetric_crash,historical_se_penalty,0.125,1,False,0,3.124353468904231,0.09502222208229835,0.07680608864052751,2026107035,equal_weight,0.09502222208229835,2.853232935275915
0.47773212261452125,asymmetric_crash,support_mix50,0.125,1,False,0,3.3309650578904364,0.16743537364513258,0.07680608864052751,2026107035,equal_weight,0.16743537364513258,2.853232935275915
0.16261734642197334,asymmetric_crash,support_band50,0.125,1,False,0,3.0158502816978885,0.0569940660685132,0.07680608864052751,2026107035,equal_weight,0.0569940660685132,2.853232935275915
0.22459943082746658,asymmetric_crash,historical,0.5,1,True,27,2.874317857733962,0.08476350866068547,0.0,2026107035,historical,0.08476350866068547,2.6497184269064955
0.22459943082746658,asymmetric_crash,historical_se_penalty,0.5,1,False,27,2.874317857733962,0.08476350866068547,0.0,2026107035,historical,0.08476350866068547,2.6497184269064955
0.3751887750436689,asymmetric_crash,support_mix50,0.5,1,False,27,3.0249072019501644,0.14159571493854758,0.0,2026107035,historical,0.14159571493854758,2.6497184269064955
0.14354133044442685,asymmetric_crash,support_band50,0.5,1,False,27,2.7932597573509224,0.054172295813336324,0.0,2026107035,historical,0.054172295813336324,2.6497184269064955
0.22459943082746658,asymmetric_crash,historical,0.5,1,False,27,2.874317857733962,0.08476350866068547,0.0,2026107035,historical_se_penalty,0.08476350866068547,2.6497184269064955
0.22459943082746658,asymmetric_crash,historical_se_penalty,0.5,1,True,27,2.874317857733962,0.08476350866068547,0.0,2026107035,historical_se_penalty,0.08476350866068547,2.6497184269064955
0.3751887750436689,asymmetric_crash,support_mix50,0.5,1,False,27,3.0249072019501644,0.14159571493854758,0.0,2026107035,historical_se_penalty,0.14159571493854758,2.6497184269064955
0.14354133044442685,asymmetric_crash,support_band50,0.5,1,False,27,2.7932597573509224,0.054172295813336324,0.0,2026107035,historical_se_penalty,0.054172295813336324,2.6497184269064955
0.22459943082746658,asymmetric_crash,historical,0.5,1,False,27,2.874317857733962,0.08476350866068547,0.0,2026107035,support_mix50,0.08476350866068547,2.6497184269064955
0.22459943082746658,asymmetric_crash,historical_se_penalty,0.5,1,False,27,2.874317857733962,0.08476350866068547,0.0,2026107035,support_mix50,0.08476350866068547,2.6497184269064955
0.3751887750436689,asymmetric_crash,support_mix50,0.5,1,True,27,3.0249072019501644,0.14159571493854758,0.0,2026107035,support_mix50,0.14159571493854758,2.6497184269064955
0.14354133044442685,asymmetric_crash,support_band50,0.5,1,False,27,2.7932597573509224,0.054172295813336324,0.0,2026107035,support_mix50,0.054172295813336324,2.6497184269064955
0.0006455919230718976,asymmetric_crash,historical,0.26132354304149463,1,False,192,2.9921073781795737,0.00021571841362160775,0.12946075315505778,2026107035,support_band50,-0.00021571841362160775,2.9927529701026456
0.0006455919230718976,asymmetric_crash,historical_se_penalty,0.26132354304149463,1,False,192,2.9921073781795737,0.00021571841362160775,0.12946075315505778,2026107035,support_band50,-0.00021571841362160775,2.9927529701026456
0.1035226363243309,asymmetric_crash,support_mix50,0.26132354304149463,1,False,192,3.0962756064269765,0.03459110636878936,0.12946075315505778,2026107035,support_band50,0.03459110636878936,2.9927529701026456
0.27163030620044193,asymmetric_crash,support_band50,0.26132354304149463,1,True,192,2.7211226639022037,0.09076268870635372,0.12946075315505778,2026107035,support_band50,-0.09076268870635372,2.9927529701026456
0.2623891599255912,asymmetric_crash,historical,0.2410014500401579,285,False,-1,3.2266970276277736,0.08885638848511943,0.12275907213230888,2026107035,fixed_bank,0.08584046754260068,2.974995402405418
0.2623891599255912,asymmetric_crash,historical_se_penalty,0.2410014500401579,285,False,-1,3.2266970276277736,0.08885638848511943,0.12275907213230888,2026107035,fixed_bank,0.08584046754260068,2.974995402405418
0.44806224963914965,asymmetric_crash,support_mix50,0.2410014500401579,285,False,-1,3.4188656033461036,0.15197568741250378,0.12275907213230888,2026107035,fixed_bank,0.15081642710282336,2.974995402405418
0.24463656345907966,asymmetric_crash,support_band50,0.2410014500401579,285,False,-1,3.103756925282367,0.08124460605112689,0.12275907213230888,2026107035,fixed_bank,0.04537673122317772,2.974995402405418
0.03111614205615787,gaussian,historical,0.125,1,False,0,1.1679158161283683,0.025951053133955935,0.13180709165929105,2026107035,equal_weight,-0.025951053133955935,1.1990319581845261
0.03111614205615787,gaussian,historical_se_penalty,0.125,1,False,0,1.1679158161283683,0.025951053133955935,0.13180709165929105,2026107035,equal_weight,-0.025951053133955935,1.1990319581845261
0.015454293543100128,gaussian,support_mix50,0.125,1,False,0,1.183577664641426,0.012888975508625914,0.13180709165929105,2026107035,equal_weight,-0.012888975508625914,1.1990319581845261
0.01545429354310035,gaussian,support_band50,0.125,1,False,0,1.1835776646414258,0.0128889755086261,0.13180709165929105,2026107035,equal_weight,-0.0128889755086261,1.1990319581845261
0.09489220645269425,gaussian,historical,0.21785668650648407,1,True,161,0.9645038399412895,0.08957198469419654,0.0,2026107035,historical,-0.08957198469419654,1.0593960463939838
0.09489220645269425,gaussian,historical_se_penalty,0.21785668650648407,1,False,161,0.9645038399412895,0.08957198469419654,0.0,2026107035,historical,-0.08957198469419654,1.0593960463939838
0.047450742222522546,gaussian,support_mix50,0.21785668650648407,1,False,161,1.0119453041714612,0.04479037125354333,0.0,2026107035,historical,-0.04479037125354333,1.0593960463939838
0.047450742222522546,gaussian,support_band50,0.21785668650648407,1,False,161,1.0119453041714612,0.04479037125354333,0.0,2026107035,historical,-0.04479037125354333,1.0593960463939838
0.09489220645269425,gaussian,historical,0.21785668650648407,1,False,161,0.9645038399412895,0.08957198469419654,0.0,2026107035,historical_se_penalty,-0.08957198469419654,1.0593960463939838
0.09489220645269425,gaussian,historical_se_penalty,0.21785668650648407,1,True,161,0.9645038399412895,0.08957198469419654,0.0,2026107035,historical_se_penalty,-0.08957198469419654,1.0593960463939838
0.047450742222522546,gaussian,support_mix50,0.21785668650648407,1,False,161,1.0119453041714612,0.04479037125354333,0.0,2026107035,historical_se_penalty,-0.04479037125354333,1.0593960463939838
0.047450742222522546,gaussian,support_band50,0.21785668650648407,1,False,161,1.0119453041714612,0.04479037125354333,0.0,2026107035,historical_se_penalty,-0.04479037125354333,1.0593960463939838
0.11773042031576686,gaussian,historical,0.18272832259510993,1,False,63,0.9808335728677963,0.10716755787215652,0.03697195862010316,2026107035,support_mix50,-0.10716755787215652,1.0985639931835631
0.11773042031576686,gaussian,historical_se_penalty,0.18272832259510993,1,False,63,0.9808335728677963,0.10716755787215652,0.03697195862010316,2026107035,support_mix50,-0.10716755787215652,1.0985639931835631
0.08913155365383041,gaussian,support_mix50,0.18272832259510993,1,True,63,1.0094324395297327,0.0811346031791314,0.03697195862010316,2026107035,support_mix50,-0.0811346031791314,1.0985639931835631
0.08913155365383041,gaussian,support_band50,0.18272832259510993,1,False,63,1.0094324395297327,0.0811346031791314,0.03697195862010316,2026107035,support_mix50,-0.0811346031791314,1.0985639931835631
0.11773042031576686,gaussian,historical,0.18272832259510993,1,False,63,0.9808335728677963,0.10716755787215652,0.03697195862010316,2026107035,support_band50,-0.10716755787215652,1.0985639931835631
0.11773042031576686,gaussian,historical_se_penalty,0.18272832259510993,1,False,63,0.9808335728677963,0.10716755787215652,0.03697195862010316,2026107035,support_band50,-0.10716755787215652,1.0985639931835631
0.08913155365383041,gaussian,support_mix50,0.18272832259510993,1,False,63,1.0094324395297327,0.0811346031791314,0.03697195862010316,2026107035,support_band50,-0.0811346031791314,1.0985639931835631
0.08913155365383041,gaussian,support_band50,0.18272832259510993,1,True,63,1.0094324395297327,0.0811346031791314,0.03697195862010316,2026107035,support_band50,-0.0811346031791314,1.0985639931835631
0.048948040502929814,gaussian,historical,0.2410014500401579,285,False,-1,1.3201367914368987,0.036636281667514065,0.2699686280011085,2026107035,fixed_bank,-0.020448856535480023,1.3453997435487661
0.048948040502929814,gaussian,historical_se_penalty,0.2410014500401579,285,False,-1,1.3201367914368987,0.036636281667514065,0.2699686280011085,2026107035,fixed_bank,-0.020448856535480023,1.3453997435487661
0.04680462953990314,gaussian,support_mix50,0.2410014500401579,285,False,-1,1.3417596894590218,0.03401899830507222,0.2699686280011085,2026107035,fixed_bank,-0.00372258817054464,1.3453997435487661
0.04680462953990314,gaussian,support_band50,0.2410014500401579,285,False,-1,1.3417596894590218,0.03401899830507222,0.2699686280011085,2026107035,fixed_bank,-0.00372258817054467,1.3453997435487661
0.05763045178577619,gaussian,historical,0.125,1,False,0,1.19844691405991,0.04588129151342124,0.0980423681014273,2026107013,equal_weight,-0.04588129151342124,1.2560773658456863
0.05763045178577619,gaussian,historical_se_penalty,0.125,1,False,0,1.19844691405991,0.04588129151342124,0.0980423681014273,2026107013,equal_weight,-0.04588129151342124,1.2560773658456863
0.03308060056011386,gaussian,support_mix50,0.125,1,False,0,1.2229967652855724,0.02633643552508527,0.0980423681014273,2026107013,equal_weight,-0.02633643552508527,1.2560773658456863
0.03308060056011386,gaussian,support_band50,0.125,1,False,0,1.2229967652855724,0.02633643552508527,0.0980423681014273,2026107013,equal_weight,-0.02633643552508527,1.2560773658456863
0.07692149599262632,gaussian,historical,0.21655879293976577,1,True,199,1.0670028208964477,0.06724351852386172,0.0,2026107013,historical,-0.06724351852386172,1.143924316889074
0.07692149599262632,gaussian,historical_se_penalty,0.21655879293976577,1,False,199,1.0670028208964477,0.06724351852386172,0.0,2026107013,historical,-0.06724351852386172,1.143924316889074
0.023382479608030637,gaussian,support_mix50,0.21655879293976577,1,False,199,1.1205418372810434,0.020440582705348705,0.0,2026107013,historical,-0.020440582705348705,1.143924316889074
0.023382479608030637,gaussian,support_band50,0.21655879293976577,1,False,199,1.1205418372810434,0.020440582705348705,0.0,2026107013,historical,-0.020440582705348705,1.143924316889074
0.07692149599262632,gaussian,historical,0.21655879293976577,1,False,199,1.0670028208964477,0.06724351852386172,0.0,2026107013,historical_se_penalty,-0.06724351852386172,1.143924316889074
0.07692149599262632,gaussian,historical_se_penalty,0.21655879293976577,1,True,199,1.0670028208964477,0.06724351852386172,0.0,2026107013,historical_se_penalty,-0.06724351852386172,1.143924316889074
0.023382479608030637,gaussian,support_mix50,0.21655879293976577,1,False,199,1.1205418372810434,0.020440582705348705,0.0,2026107013,historical_se_penalty,-0.020440582705348705,1.143924316889074
0.023382479608030637,gaussian,support_band50,0.21655879293976577,1,False,199,1.1205418372810434,0.020440582705348705,0.0,2026107013,historical_se_penalty,-0.020440582705348705,1.143924316889074
0.0502413601033298,gaussian,historical,0.2125985970361272,1,False,93,1.0952443970635508,0.0438603097323456,0.001364985650495587,2026107013,support_mix50,-0.0438603097323456,1.1454857571668806
0.0502413601033298,gaussian,historical_se_penalty,0.2125985970361272,1,False,93,1.0952443970635508,0.0438603097323456,0.001364985650495587,2026107013,support_mix50,-0.0438603097323456,1.1454857571668806
0.036686548339314395,gaussian,support_mix50,0.2125985970361272,1,True,93,1.1087992088275662,0.032027066342623846,0.001364985650495587,2026107013,support_mix50,-0.032027066342623846,1.1454857571668806
0.036686548339314395,gaussian,support_band50,0.2125985970361272,1,False,93,1.1087992088275662,0.032027066342623846,0.001364985650495587,2026107013,support_mix50,-0.032027066342623846,1.1454857571668806
0.0502413601033298,gaussian,historical,0.2125985970361272,1,False,93,1.0952443970635508,0.0438603097323456,0.001364985650495587,2026107013,support_band50,-0.0438603097323456,1.1454857571668806
0.0502413601033298,gaussian,historical_se_penalty,0.2125985970361272,1,False,93,1.0952443970635508,0.0438603097323456,0.001364985650495587,2026107013,support_band50,-0.0438603097323456,1.1454857571668806
0.036686548339314395,gaussian,support_mix50,0.2125985970361272,1,False,93,1.1087992088275662,0.032027066342623846,0.001364985650495587,2026107013,support_band50,-0.032027066342623846,1.1454857571668806
0.036686548339314395,gaussian,support_band50,0.2125985970361272,1,True,93,1.1087992088275662,0.032027066342623846,0.001364985650495587,2026107013,support_band50,-0.032027066342623846,1.1454857571668806
0.05006931490142156,gaussian,historical,0.23995373040544865,285,False,-1,1.3542596916890401,0.036598995313388956,0.22266275093729485,2026107013,fixed_bank,-0.033068904749791975,1.398633652151661
0.05006931490142156,gaussian,historical_se_penalty,0.23995373040544865,285,False,-1,1.3542596916890401,0.036598995313388956,0.22266275093729485,2026107013,fixed_bank,-0.033068904749791975,1.398633652151661
0.03315066357522005,gaussian,support_mix50,0.23995373040544865,285,False,-1,1.3755442173432755,0.023994237606248053,0.22266275093729485,2026107013,fixed_bank,-0.01759211389782737,1.398633652151661
0.03315066357522007,gaussian,support_band50,0.23995373040544865,285,False,-1,1.3755442173432755,0.023994237606248067,0.22266275093729485,2026107013,fixed_bank,-0.017592113897827406,1.398633652151661
0.11951632518604938,gaussian,historical,0.125,1,False,0,1.057953005264081,0.1015027076249705,0.07006543509098595,2026107029,equal_weight,-0.1015027076249705,1.1774693304501305
0.11951632518604938,gaussian,historical_se_penalty,0.125,1,False,0,1.057953005264081,0.1015027076249705,0.07006543509098595,2026107029,equal_weight,-0.1015027076249705,1.1774693304501305
0.11825817239144776,gaussian,support_mix50,0.125,1,False,0,1.0592111580586827,0.10043418485154026,0.07006543509098595,2026107029,equal_weight,-0.10043418485154026,1.1774693304501305
0.11825817239144798,gaussian,support_band50,0.125,1,False,0,1.0592111580586825,0.10043418485154046,0.07006543509098595,2026107029,equal_weight,-0.10043418485154046,1.1774693304501305
0.1288296794968382,gaussian,historical,0.2116719018869342,1,True,131,0.9889392567990016,0.11525609212559193,0.015810664632215143,2026107029,historical,-0.11525609212559193,1.1177689362958398
0.1288296794968382,gaussian,historical_se_penalty,0.2116719018869342,1,False,131,0.9889392567990016,0.11525609212559193,0.015810664632215143,2026107029,historical,-0.11525609212559193,1.1177689362958398
0.13291520099162835,gaussian,support_mix50,0.2116719018869342,1,False,131,0.9848537353042115,0.1189111601473685,0.015810664632215143,2026107029,historical,-0.1189111601473685,1.1177689362958398
0.13291520099162835,gaussian,support_band50,0.2116719018869342,1,False,131,0.9848537353042115,0.1189111601473685,0.015810664632215143,2026107029,historical,-0.1189111601473685,1.1177689362958398
0.1377385720853047,gaussian,historical,0.1564988511935953,1,False,258,0.9945176949434146,0.12164964425126121,0.028976520814693707,2026107029,historical_se_penalty,-0.12164964425126121,1.1322562670287193
0.1377385720853047,gaussian,historical_se_penalty,0.1564988511935953,1,True,258,0.9945176949434146,0.12164964425126121,0.028976520814693707,2026107029,historical_se_penalty,-0.12164964425126121,1.1322562670287193
0.13883308843533781,gaussian,support_mix50,0.1564988511935953,1,False,258,0.9934231785933815,0.12261631264772356,0.028976520814693707,2026107029,historical_se_penalty,-0.12261631264772356,1.1322562670287193
0.13883308843533781,gaussian,support_band50,0.1564988511935953,1,False,258,0.9934231785933815,0.12261631264772356,0.028976520814693707,2026107029,historical_se_penalty,-0.12261631264772356,1.1322562670287193
0.10566759957099836,gaussian,historical,0.2565360179950069,1,False,163,0.9950504459515415,0.09599878915479683,0.00031508578172823043,2026107029,support_mix50,-0.09599878915479683,1.1007180455225398
0.10566759957099836,gaussian,historical_se_penalty,0.2565360179950069,1,False,163,0.9950504459515415,0.09599878915479683,0.00031508578172823043,2026107029,support_mix50,-0.09599878915479683,1.1007180455225398
0.12447981006176789,gaussian,support_mix50,0.2565360179950069,1,True,163,0.9762382354607719,0.1130896423185958,0.00031508578172823043,2026107029,support_mix50,-0.1130896423185958,1.1007180455225398
0.12447981006176789,gaussian,support_band50,0.2565360179950069,1,False,163,0.9762382354607719,0.1130896423185958,0.00031508578172823043,2026107029,support_mix50,-0.1130896423185958,1.1007180455225398
0.10566759957099836,gaussian,historical,0.2565360179950069,1,False,163,0.9950504459515415,0.09599878915479683,0.00031508578172823043,2026107029,support_band50,-0.09599878915479683,1.1007180455225398
0.10566759957099836,gaussian,historical_se_penalty,0.2565360179950069,1,False,163,0.9950504459515415,0.09599878915479683,0.00031508578172823043,2026107029,support_band50,-0.09599878915479683,1.1007180455225398
0.12447981006176789,gaussian,support_mix50,0.2565360179950069,1,False,163,0.9762382354607719,0.1130896423185958,0.00031508578172823043,2026107029,support_band50,-0.1130896423185958,1.1007180455225398
0.12447981006176789,gaussian,support_band50,0.2565360179950069,1,True,163,0.9762382354607719,0.1130896423185958,0.00031508578172823043,2026107029,support_band50,-0.1130896423185958,1.1007180455225398
0.10416649729889041,gaussian,historical,0.2402791575313072,285,False,-1,1.21197380152852,0.07922911789029502,0.19401988096459694,2026107029,fixed_bank,-0.07771628185601805,1.3138652494312042
0.10416649729889041,gaussian,historical_se_penalty,0.2402791575313072,285,False,-1,1.21197380152852,0.07922911789029502,0.19401988096459694,2026107029,fixed_bank,-0.07771628185601805,1.3138652494312042
0.09833351828877807,gaussian,support_mix50,0.2402791575313072,285,False,-1,1.217599842796282,0.07544380340417861,0.19401988096459694,2026107029,fixed_bank,-0.07411773725405627,1.3138652494312042
0.09833351828877811,gaussian,support_band50,0.2402791575313072,285,False,-1,1.217599842796282,0.07544380340417864,0.19401988096459694,2026107029,fixed_bank,-0.07411773725405629,1.3138652494312042
0.760179813863537,asymmetric_crash,historical,0.125,1,False,0,3.6673111423057354,0.2614879508284489,0.02765624137350642,2026107061,equal_weight,0.2614879508284489,2.9071313284421985
0.760179813863537,asymmetric_crash,historical_se_penalty,0.125,1,False,0,3.6673111423057354,0.2614879508284489,0.02765624137350642,2026107061,equal_weight,0.2614879508284489,2.9071313284421985
0.7985950487198323,asymmetric_crash,support_mix50,0.125,1,False,0,3.705726377162031,0.2747020889310025,0.02765624137350642,2026107061,equal_weight,0.2747020889310025,2.9071313284421985
0.7389261337568982,asymmetric_crash,support_band50,0.125,1,False,0,3.6460574621990967,0.2541770736421652,0.02765624137350642,2026107061,equal_weight,0.2541770736421652,2.9071313284421985
0.387411297336516,asymmetric_crash,historical,0.2337544440521392,1,True,44,3.25492093090934,0.13510374744715822,0.01365017235696575,2026107061,historical,0.13510374744715822,2.867509633572824
0.387411297336516,asymmetric_crash,historical_se_penalty,0.2337544440521392,1,False,44,3.25492093090934,0.13510374744715822,0.01365017235696575,2026107061,historical,0.13510374744715822,2.867509633572824
0.4294083469759573,asymmetric_crash,support_mix50,0.2337544440521392,1,False,44,3.2969179805487814,0.14974957431648744,0.01365017235696575,2026107061,historical,0.14974957431648744,2.867509633572824
0.3855274694820259,asymmetric_crash,support_band50,0.2337544440521392,1,False,44,3.25303710305485,0.13444679137892596,0.01365017235696575,2026107061,historical,0.13444679137892596,2.867509633572824
0.387411297336516,asymmetric_crash,historical,0.2337544440521392,1,False,44,3.25492093090934,0.13510374744715822,0.01365017235696575,2026107061,historical_se_penalty,0.13510374744715822,2.867509633572824
0.387411297336516,asymmetric_crash,historical_se_penalty,0.2337544440521392,1,True,44,3.25492093090934,0.13510374744715822,0.01365017235696575,2026107061,historical_se_penalty,0.13510374744715822,2.867509633572824
0.4294083469759573,asymmetric_crash,support_mix50,0.2337544440521392,1,False,44,3.2969179805487814,0.14974957431648744,0.01365017235696575,2026107061,historical_se_penalty,0.14974957431648744,2.867509633572824
0.3855274694820259,asymmetric_crash,support_band50,0.2337544440521392,1,False,44,3.25303710305485,0.13444679137892596,0.01365017235696575,2026107061,historical_se_penalty,0.13444679137892596,2.867509633572824
0.33430428991250727,asymmetric_crash,historical,0.3280034316730306,1,False,237,3.31622272598217,0.11211047420637676,0.054093106187872886,2026107061,support_mix50,0.11211047420637676,2.981918436069663
0.33430428991250727,asymmetric_crash,historical_se_penalty,0.3280034316730306,1,False,237,3.31622272598217,0.11211047420637676,0.054093106187872886,2026107061,support_mix50,0.11211047420637676,2.981918436069663
0.3136752841649315,asymmetric_crash,support_mix50,0.3280034316730306,1,True,237,3.2955937202345944,0.1051924426807506,0.054093106187872886,2026107061,support_mix50,0.1051924426807506,2.981918436069663
0.2697104010889375,asymmetric_crash,support_band50,0.3280034316730306,1,False,237,3.2516288371586004,0.09044861785167775,0.054093106187872886,2026107061,support_mix50,0.09044861785167775,2.981918436069663
0.33430428991250727,asymmetric_crash,historical,0.3280034316730306,1,False,237,3.31622272598217,0.11211047420637676,0.054093106187872886,2026107061,support_band50,0.11211047420637676,2.981918436069663
0.33430428991250727,asymmetric_crash,historical_se_penalty,0.3280034316730306,1,False,237,3.31622272598217,0.11211047420637676,0.054093106187872886,2026107061,support_band50,0.11211047420637676,2.981918436069663
0.3136752841649315,asymmetric_crash,support_mix50,0.3280034316730306,1,False,237,3.2955937202345944,0.1051924426807506,0.054093106187872886,2026107061,support_band50,0.1051924426807506,2.981918436069663
0.2697104010889375,asymmetric_crash,support_band50,0.3280034316730306,1,True,237,3.2516288371586004,0.09044861785167775,0.054093106187872886,2026107061,support_band50,0.09044861785167775,2.981918436069663
0.7569626122191093,asymmetric_crash,historical,0.2386630174228896,285,False,-1,3.786410376993625,0.24916423663879367,0.07089448382567254,2026107061,fixed_bank,0.24916423663879367,3.029447764774516
0.7569626122191093,asymmetric_crash,historical_se_penalty,0.2386630174228896,285,False,-1,3.786410376993625,0.24916423663879367,0.07089448382567254,2026107061,fixed_bank,0.24916423663879367,3.029447764774516
0.8113180899028186,asymmetric_crash,support_mix50,0.2386630174228896,285,False,-1,3.840765854677335,0.2671479795963532,0.07089448382567254,2026107061,fixed_bank,0.2671479795963532,3.029447764774516
0.7517357523408394,asymmetric_crash,support_band50,0.2386630174228896,285,False,-1,3.7811835171153554,0.24746805081563722,0.07089448382567254,2026107061,fixed_bank,0.24746805081563722,3.029447764774516
0.0233195126106025,gaussian,historical,0.125,1,False,0,1.1025530254401377,0.0216074763555696,0.09002540393764602,2026107062,equal_weight,0.0216074763555696,1.0792335128295352
0.0233195126106025,gaussian,historical_se_penalty,0.125,1,False,0,1.1025530254401377,0.0216074763555696,0.09002540393764602,2026107062,equal_weight,0.0216074763555696,1.0792335128295352
0.03703064115239685,gaussian,support_mix50,0.125,1,False,0,1.116264153981932,0.0343119822653671,0.09002540393764602,2026107062,equal_weight,0.0343119822653671,1.0792335128295352
0.03703064115239685,gaussian,support_band50,0.125,1,False,0,1.116264153981932,0.0343119822653671,0.09002540393764602,2026107062,equal_weight,0.0343119822653671,1.0792335128295352
0.07955698821454582,gaussian,historical,0.2776112731994568,1,True,74,0.9801455968786706,0.07507482696906662,0.07029917495941329,2026107062,historical,-0.07507482696906662,1.0597025850932165
0.07955698821454582,gaussian,historical_se_penalty,0.2776112731994568,1,False,74,0.9801455968786706,0.07507482696906662,0.07029917495941329,2026107062,historical,-0.07507482696906662,1.0597025850932165
0.05506281994929463,gaussian,support_mix50,0.2776112731994568,1,False,74,1.0046397651439218,0.051960635676330864,0.07029917495941329,2026107062,historical,-0.051960635676330864,1.0597025850932165
0.05506281994929463,gaussian,support_band50,0.2776112731994568,1,False,74,1.0046397651439218,0.051960635676330864,0.07029917495941329,2026107062,historical,-0.051960635676330864,1.0597025850932165
0.008106448599972005,gaussian,historical,0.23503723790231926,1,False,77,0.9819929646163386,0.008187509750802124,0.0,2026107062,historical_se_penalty,-0.008187509750802124,0.9900994132163106
0.008106448599972005,gaussian,historical_se_penalty,0.23503723790231926,1,True,77,0.9819929646163386,0.008187509750802124,0.0,2026107062,historical_se_penalty,-0.008187509750802124,0.9900994132163106
0.003614968104689309,gaussian,support_mix50,0.23503723790231926,1,False,77,0.9937143813209999,0.0036511162984595507,0.0,2026107062,historical_se_penalty,0.0036511162984595507,0.9900994132163106
0.003614968104689309,gaussian,support_band50,0.23503723790231926,1,False,77,0.9937143813209999,0.0036511162984595507,0.0,2026107062,historical_se_penalty,0.0036511162984595507,0.9900994132163106
0.02497250715238397,gaussian,historical,0.28035308046587604,1,False,33,0.982763112618057,0.024780812211513004,0.01781256136375209,2026107062,support_mix50,-0.024780812211513004,1.007735619770441
0.02497250715238397,gaussian,historical_se_penalty,0.28035308046587604,1,False,33,0.982763112618057,0.024780812211513004,0.01781256136375209,2026107062,support_mix50,-0.024780812211513004,1.007735619770441
0.043290293136358016,gaussian,support_mix50,0.28035308046587604,1,True,33,0.964445326634083,0.04295798648679244,0.01781256136375209,2026107062,support_mix50,-0.04295798648679244,1.007735619770441
0.04329029313635813,gaussian,support_band50,0.28035308046587604,1,False,33,0.9644453266340829,0.042957986486792554,0.01781256136375209,2026107062,support_mix50,-0.042957986486792554,1.007735619770441
0.02497250715238397,gaussian,historical,0.28035308046587604,1,False,33,0.982763112618057,0.024780812211513004,0.01781256136375209,2026107062,support_band50,-0.024780812211513004,1.007735619770441
0.02497250715238397,gaussian,historical_se_penalty,0.28035308046587604,1,False,33,0.982763112618057,0.024780812211513004,0.01781256136375209,2026107062,support_band50,-0.024780812211513004,1.007735619770441
0.043290293136358016,gaussian,support_mix50,0.28035308046587604,1,False,33,0.964445326634083,0.04295798648679244,0.01781256136375209,2026107062,support_band50,-0.04295798648679244,1.007735619770441
0.04329029313635813,gaussian,support_band50,0.28035308046587604,1,True,33,0.9644453266340829,0.042957986486792554,0.01781256136375209,2026107062,support_band50,-0.042957986486792554,1.007735619770441
0.045897241826997136,gaussian,historical,0.24143800350168634,285,False,-1,1.2157619096417835,0.037560476471833096,0.2083894120860692,2026107062,fixed_bank,0.015328951801340111,1.1964256478432196
0.045897241826997136,gaussian,historical_se_penalty,0.24143800350168634,285,False,-1,1.2157619096417835,0.037560476471833096,0.2083894120860692,2026107062,fixed_bank,0.015328951801340111,1.1964256478432196
0.04832751149681835,gaussian,support_mix50,0.24143800350168634,285,False,-1,1.2255005108061436,0.03991688497646072,0.2083894120860692,2026107062,fixed_bank,0.023742850536731433,1.1964256478432196
0.04832751149681834,gaussian,support_band50,0.24143800350168634,285,False,-1,1.2255005108061436,0.0399168849764607,0.2083894120860692,2026107062,fixed_bank,0.023742850536731395,1.1964256478432196
0.10151299716233497,gaussian,historical,0.125,1,False,0,1.1969144434091983,0.07818149400605062,0.06952270566200403,2026107057,equal_weight,-0.07818149400605062,1.2984274405715333
0.10151299716233497,gaussian,historical_se_penalty,0.125,1,False,0,1.1969144434091983,0.07818149400605062,0.06952270566200403,2026107057,equal_weight,-0.07818149400605062,1.2984274405715333
0.06779219792549718,gaussian,support_mix50,0.125,1,False,0,1.230635242646036,0.0522110021763379,0.06952270566200403,2026107057,equal_weight,-0.0522110021763379,1.2984274405715333
0.06779219792549718,gaussian,support_band50,0.125,1,False,0,1.230635242646036,0.0522110021763379,0.06952270566200403,2026107057,equal_weight,-0.0522110021763379,1.2984274405715333
0.11954191822309146,gaussian,historical,0.16641908328901173,1,True,268,1.1107688946398735,0.09716399870120164,0.013414618532104905,2026107057,historical,-0.09716399870120164,1.230310812862965
0.11954191822309146,gaussian,historical_se_penalty,0.16641908328901173,1,False,268,1.1107688946398735,0.09716399870120164,0.013414618532104905,2026107057,historical,-0.09716399870120164,1.230310812862965
0.07904392965862428,gaussian,support_mix50,0.16641908328901173,1,False,268,1.1512668832043407,0.0642471226231744,0.013414618532104905,2026107057,historical,-0.0642471226231744,1.230310812862965
0.07904392965862428,gaussian,support_band50,0.16641908328901173,1,False,268,1.1512668832043407,0.0642471226231744,0.013414618532104905,2026107057,historical,-0.0642471226231744,1.230310812862965
0.11954191822309146,gaussian,historical,0.16641908328901173,1,False,268,1.1107688946398735,0.09716399870120164,0.013414618532104905,2026107057,historical_se_penalty,-0.09716399870120164,1.230310812862965
0.11954191822309146,gaussian,historical_se_penalty,0.16641908328901173,1,True,268,1.1107688946398735,0.09716399870120164,0.013414618532104905,2026107057,historical_se_penalty,-0.09716399870120164,1.230310812862965
0.07904392965862428,gaussian,support_mix50,0.16641908328901173,1,False,268,1.1512668832043407,0.0642471226231744,0.013414618532104905,2026107057,historical_se_penalty,-0.0642471226231744,1.230310812862965
0.07904392965862428,gaussian,support_band50,0.16641908328901173,1,False,268,1.1512668832043407,0.0642471226231744,0.013414618532104905,2026107057,historical_se_penalty,-0.0642471226231744,1.230310812862965
0.11954191822309146,gaussian,historical,0.16641908328901173,1,False,268,1.1107688946398735,0.09716399870120164,0.013414618532104905,2026107057,support_mix50,-0.09716399870120164,1.230310812862965
0.11954191822309146,gaussian,historical_se_penalty,0.16641908328901173,1,False,268,1.1107688946398735,0.09716399870120164,0.013414618532104905,2026107057,support_mix50,-0.09716399870120164,1.230310812862965
0.07904392965862428,gaussian,support_mix50,0.16641908328901173,1,True,268,1.1512668832043407,0.0642471226231744,0.013414618532104905,2026107057,support_mix50,-0.0642471226231744,1.230310812862965
0.07904392965862428,gaussian,support_band50,0.16641908328901173,1,False,268,1.1512668832043407,0.0642471226231744,0.013414618532104905,2026107057,support_mix50,-0.0642471226231744,1.230310812862965
0.11954191822309146,gaussian,historical,0.16641908328901173,1,False,268,1.1107688946398735,0.09716399870120164,0.013414618532104905,2026107057,support_band50,-0.09716399870120164,1.230310812862965
0.11954191822309146,gaussian,historical_se_penalty,0.16641908328901173,1,False,268,1.1107688946398735,0.09716399870120164,0.013414618532104905,2026107057,support_band50,-0.09716399870120164,1.230310812862965
0.07904392965862428,gaussian,support_mix50,0.16641908328901173,1,False,268,1.1512668832043407,0.0642471226231744,0.013414618532104905,2026107057,support_band50,-0.0642471226231744,1.230310812862965
0.07904392965862428,gaussian,support_band50,0.16641908328901173,1,True,268,1.1512668832043407,0.0642471226231744,0.013414618532104905,2026107057,support_band50,-0.0642471226231744,1.230310812862965
0.08035756817797737,gaussian,historical,0.240324374293919,285,False,-1,1.372880278923555,0.05526355430966828,0.1920652937711183,2026107057,fixed_bank,-0.05145818739277925,1.4471972218928588
0.08035756817797737,gaussian,historical_se_penalty,0.240324374293919,285,False,-1,1.372880278923555,0.05526355430966828,0.1920652937711183,2026107057,fixed_bank,-0.05145818739277925,1.4471972218928588
0.06846405165288774,gaussian,support_mix50,0.240324374293919,285,False,-1,1.3931023777265483,0.0463579456675557,0.1920652937711183,2026107057,fixed_bank,-0.03661436220461725,1.4471972218928588
0.06846405165288777,gaussian,support_band50,0.240324374293919,285,False,-1,1.3931023777265483,0.04635794566755572,0.1920652937711183,2026107057,fixed_bank,-0.036614362204617265,1.4471972218928588
0.0621325802896473,gaussian,historical,0.125,1,False,0,1.1975776143481507,0.04932291613906654,0.1581020688272321,2026107004,equal_weight,-0.04932291613906654,1.259710194637798
0.0621325802896473,gaussian,historical_se_penalty,0.125,1,False,0,1.1975776143481507,0.04932291613906654,0.1581020688272321,2026107004,equal_weight,-0.04932291613906654,1.259710194637798
0.05065827291167002,gaussian,support_mix50,0.125,1,False,0,1.209051921726128,0.040214227944893065,0.1581020688272321,2026107004,equal_weight,-0.040214227944893065,1.259710194637798
0.05065827291167002,gaussian,support_band50,0.125,1,False,0,1.209051921726128,0.040214227944893065,0.1581020688272321,2026107004,equal_weight,-0.040214227944893065,1.259710194637798
0.07797646797514357,gaussian,historical,0.29398229957271926,1,True,79,1.0170484468294387,0.07120976602533215,0.00670029078964407,2026107004,historical,-0.07120976602533215,1.0950249148045823
0.07797646797514357,gaussian,historical_se_penalty,0.29398229957271926,1,False,79,1.0170484468294387,0.07120976602533215,0.00670029078964407,2026107004,historical,-0.07120976602533215,1.0950249148045823
0.06207393843860021,gaussian,support_mix50,0.29398229957271926,1,False,79,1.032950976365982,0.05668723843573723,0.00670029078964407,2026107004,historical,-0.05668723843573723,1.0950249148045823
0.06207393843860021,gaussian,support_band50,0.29398229957271926,1,False,79,1.032950976365982,0.05668723843573723,0.00670029078964407,2026107004,historical,-0.05668723843573723,1.0950249148045823
0.07797646797514357,gaussian,historical,0.29398229957271926,1,False,79,1.0170484468294387,0.07120976602533215,0.00670029078964407,2026107004,historical_se_penalty,-0.07120976602533215,1.0950249148045823
0.07797646797514357,gaussian,historical_se_penalty,0.29398229957271926,1,True,79,1.0170484468294387,0.07120976602533215,0.00670029078964407,2026107004,historical_se_penalty,-0.07120976602533215,1.0950249148045823
0.06207393843860021,gaussian,support_mix50,0.29398229957271926,1,False,79,1.032950976365982,0.05668723843573723,0.00670029078964407,2026107004,historical_se_penalty,-0.05668723843573723,1.0950249148045823
0.06207393843860021,gaussian,support_band50,0.29398229957271926,1,False,79,1.032950976365982,0.05668723843573723,0.00670029078964407,2026107004,historical_se_penalty,-0.05668723843573723,1.0950249148045823
0.0767524484587645,gaussian,historical,0.27155986734702536,1,False,225,1.0283976901901866,0.06944979308657064,0.016008814870354326,2026107004,support_mix50,-0.06944979308657064,1.105150138648951
0.0767524484587645,gaussian,historical_se_penalty,0.27155986734702536,1,False,225,1.0283976901901866,0.06944979308657064,0.016008814870354326,2026107004,support_mix50,-0.06944979308657064,1.105150138648951
0.07573086727875511,gaussian,support_mix50,0.27155986734702536,1,True,225,1.029419271370196,0.06852541082909902,0.016008814870354326,2026107004,support_mix50,-0.06852541082909902,1.105150138648951
0.07573086727875511,gaussian,support_band50,0.27155986734702536,1,False,225,1.029419271370196,0.06852541082909902,0.016008814870354326,2026107004,support_mix50,-0.06852541082909902,1.105150138648951
0.0767524484587645,gaussian,historical,0.27155986734702536,1,False,225,1.0283976901901866,0.06944979308657064,0.016008814870354326,2026107004,support_band50,-0.06944979308657064,1.105150138648951
0.0767524484587645,gaussian,historical_se_penalty,0.27155986734702536,1,False,225,1.0283976901901866,0.06944979308657064,0.016008814870354326,2026107004,support_band50,-0.06944979308657064,1.105150138648951
0.07573086727875511,gaussian,support_mix50,0.27155986734702536,1,False,225,1.029419271370196,0.06852541082909902,0.016008814870354326,2026107004,support_band50,-0.06852541082909902,1.105150138648951
0.07573086727875511,gaussian,support_band50,0.27155986734702536,1,True,225,1.029419271370196,0.06852541082909902,0.016008814870354326,2026107004,support_band50,-0.06852541082909902,1.105150138648951
0.06897526992377866,gaussian,historical,0.24486894542328183,285,False,-1,1.3379074498521828,0.04838616258192628,0.28884465483108224,2026107004,fixed_bank,-0.04482664926584611,1.401923711818665
0.06897526992377866,gaussian,historical_se_penalty,0.24486894542328183,285,False,-1,1.3379074498521828,0.04838616258192628,0.28884465483108224,2026107004,fixed_bank,-0.04482664926584611,1.401923711818665
0.059817476845832544,gaussian,support_mix50,0.24486894542328183,285,False,-1,1.3505623758055243,0.04201429741664061,0.28884465483108224,2026107004,fixed_bank,-0.03606982024471892,1.401923711818665
0.05981747684583258,gaussian,support_band50,0.24486894542328183,285,False,-1,1.3505623758055243,0.04201429741664063,0.28884465483108224,2026107004,fixed_bank,-0.03606982024471895,1.401923711818665
0.0871467275567186,gaussian,historical,0.125,1,False,0,1.2198816158935668,0.0666754688170489,0.17274743664294845,2026107045,equal_weight,-0.0666754688170489,1.3070283434502854
0.0871467275567186,gaussian,historical_se_penalty,0.125,1,False,0,1.2198816158935668,0.0666754688170489,0.17274743664294845,2026107045,equal_weight,-0.0666754688170489,1.3070283434502854
0.10807397899667848,gaussian,support_mix50,0.125,1,False,0,1.198954364453607,0.08268679064096303,0.17274743664294845,2026107045,equal_weight,-0.08268679064096303,1.3070283434502854
0.10807397899667848,gaussian,support_band50,0.125,1,False,0,1.198954364453607,0.08268679064096303,0.17274743664294845,2026107045,equal_weight,-0.08268679064096303,1.3070283434502854
0.09446231860894416,gaussian,historical,0.1734074522243205,1,True,104,1.1520956873705104,0.07577851825252412,0.11848967427901513,2026107045,historical,-0.07577851825252412,1.2465580059794545
0.09446231860894416,gaussian,historical_se_penalty,0.1734074522243205,1,False,104,1.1520956873705104,0.07577851825252412,0.11848967427901513,2026107045,historical,-0.07577851825252412,1.2465580059794545
0.1022794621516252,gaussian,support_mix50,0.1734074522243205,1,False,104,1.1442785438278293,0.08204950083430851,0.11848967427901513,2026107045,historical,-0.08204950083430851,1.2465580059794545
0.1022794621516252,gaussian,support_band50,0.1734074522243205,1,False,104,1.1442785438278293,0.08204950083430851,0.11848967427901513,2026107045,historical,-0.08204950083430851,1.2465580059794545
0.09446231860894416,gaussian,historical,0.1734074522243205,1,False,104,1.1520956873705104,0.07577851825252412,0.11848967427901513,2026107045,historical_se_penalty,-0.07577851825252412,1.2465580059794545
0.09446231860894416,gaussian,historical_se_penalty,0.1734074522243205,1,True,104,1.1520956873705104,0.07577851825252412,0.11848967427901513,2026107045,historical_se_penalty,-0.07577851825252412,1.2465580059794545
0.1022794621516252,gaussian,support_mix50,0.1734074522243205,1,False,104,1.1442785438278293,0.08204950083430851,0.11848967427901513,2026107045,historical_se_penalty,-0.08204950083430851,1.2465580059794545
0.1022794621516252,gaussian,support_band50,0.1734074522243205,1,False,104,1.1442785438278293,0.08204950083430851,0.11848967427901513,2026107045,historical_se_penalty,-0.08204950083430851,1.2465580059794545
0.032208708411203046,gaussian,historical,0.2518435333791734,1,False,32,1.17126356435484,0.02827669645859164,0.022031135895112852,2026107045,support_mix50,0.02827669645859164,1.1390548559436369
0.032208708411203046,gaussian,historical_se_penalty,0.2518435333791734,1,False,32,1.17126356435484,0.02827669645859164,0.022031135895112852,2026107045,support_mix50,0.02827669645859164,1.1390548559436369
0.004254945731195781,gaussian,support_mix50,0.2518435333791734,1,True,32,1.134799910212441,0.0037355055456664726,0.022031135895112852,2026107045,support_mix50,-0.0037355055456664726,1.1390548559436369
0.004254945731195781,gaussian,support_band50,0.2518435333791734,1,False,32,1.134799910212441,0.0037355055456664726,0.022031135895112852,2026107045,support_mix50,-0.0037355055456664726,1.1390548559436369
0.032208708411203046,gaussian,historical,0.2518435333791734,1,False,32,1.17126356435484,0.02827669645859164,0.022031135895112852,2026107045,support_band50,0.02827669645859164,1.1390548559436369
0.032208708411203046,gaussian,historical_se_penalty,0.2518435333791734,1,False,32,1.17126356435484,0.02827669645859164,0.022031135895112852,2026107045,support_band50,0.02827669645859164,1.1390548559436369
0.004254945731195781,gaussian,support_mix50,0.2518435333791734,1,False,32,1.134799910212441,0.0037355055456664726,0.022031135895112852,2026107045,support_band50,-0.0037355055456664726,1.1390548559436369
0.004254945731195781,gaussian,support_band50,0.2518435333791734,1,True,32,1.134799910212441,0.0037355055456664726,0.022031135895112852,2026107045,support_band50,-0.0037355055456664726,1.1390548559436369
0.07354750727648636,gaussian,historical,0.2366215937694161,285,False,-1,1.3848866754697564,0.05005634740728869,0.3032391092907887,2026107045,fixed_bank,-0.045679502616898134,1.4524614600838124
0.07354750727648636,gaussian,historical_se_penalty,0.2366215937694161,285,False,-1,1.3848866754697564,0.05005634740728869,0.3032391092907887,2026107045,fixed_bank,-0.045679502616898134,1.4524614600838124
0.07994119140983391,gaussian,support_mix50,0.2366215937694161,285,False,-1,1.374267296876274,0.05478505874904057,0.3032391092907887,2026107045,fixed_bank,-0.05345966164255696,1.4524614600838124
0.07994119140983397,gaussian,support_band50,0.2366215937694161,285,False,-1,1.374267296876274,0.05478505874904061,0.3032391092907887,2026107045,fixed_bank,-0.053459661642557,1.4524614600838124
0.5198051150565801,asymmetric_crash,historical,0.125,1,False,0,2.4177592430664188,0.17695105593830035,0.041642721725898335,2026107001,equal_weight,-0.17695105593830035,2.937564358122999
0.5198051150565801,asymmetric_crash,historical_se_penalty,0.125,1,False,0,2.4177592430664188,0.17695105593830035,0.041642721725898335,2026107001,equal_weight,-0.17695105593830035,2.937564358122999
0.36389584720981016,asymmetric_crash,support_mix50,0.125,1,False,0,2.5736685109131887,0.12387672331452405,0.041642721725898335,2026107001,equal_weight,-0.12387672331452405,2.937564358122999
0.4507540124905378,asymmetric_crash,support_band50,0.125,1,False,0,2.486810345632461,0.1534448126197153,0.041642721725898335,2026107001,equal_weight,-0.1534448126197153,2.937564358122999
0.5109977350668662,asymmetric_crash,historical,0.26709467615793075,1,True,115,2.353085926087112,0.1784157851244395,0.015586906821460467,2026107001,historical,-0.1784157851244395,2.864083661153978
0.5109977350668662,asymmetric_crash,historical_se_penalty,0.26709467615793075,1,False,115,2.353085926087112,0.1784157851244395,0.015586906821460467,2026107001,historical,-0.1784157851244395,2.864083661153978
0.3835221914205178,asymmetric_crash,support_mix50,0.26709467615793075,1,False,115,2.4805614697334604,0.13390746807514398,0.015586906821460467,2026107001,historical,-0.13390746807514398,2.864083661153978
0.4609782984897435,asymmetric_crash,support_band50,0.26709467615793075,1,False,115,2.4031053626642347,0.16095140820851897,0.015586906821460467,2026107001,historical,-0.16095140820851897,2.864083661153978
0.5109977350668662,asymmetric_crash,historical,0.26709467615793075,1,False,115,2.353085926087112,0.1784157851244395,0.015586906821460467,2026107001,historical_se_penalty,-0.1784157851244395,2.864083661153978
0.5109977350668662,asymmetric_crash,historical_se_penalty,0.26709467615793075,1,True,115,2.353085926087112,0.1784157851244395,0.015586906821460467,2026107001,historical_se_penalty,-0.1784157851244395,2.864083661153978
0.3835221914205178,asymmetric_crash,support_mix50,0.26709467615793075,1,False,115,2.4805614697334604,0.13390746807514398,0.015586906821460467,2026107001,historical_se_penalty,-0.13390746807514398,2.864083661153978
0.4609782984897435,asymmetric_crash,support_band50,0.26709467615793075,1,False,115,2.4031053626642347,0.16095140820851897,0.015586906821460467,2026107001,historical_se_penalty,-0.16095140820851897,2.864083661153978
0.5929069916550218,asymmetric_crash,historical,0.23219917823776393,1,False,169,2.414751182231705,0.1971324390526806,0.06649756884657076,2026107001,support_mix50,-0.1971324390526806,3.007658173886727
0.5929069916550218,asymmetric_crash,historical_se_penalty,0.23219917823776393,1,False,169,2.414751182231705,0.1971324390526806,0.06649756884657076,2026107001,support_mix50,-0.1971324390526806,3.007658173886727
0.529587526543827,asymmetric_crash,support_mix50,0.23219917823776393,1,True,169,2.4780706473429,0.1760796925467941,0.06649756884657076,2026107001,support_mix50,-0.1760796925467941,3.007658173886727
0.6006828313761923,asymmetric_crash,support_band50,0.23219917823776393,1,False,169,2.4069753425105347,0.19971778594771086,0.06649756884657076,2026107001,support_mix50,-0.19971778594771086,3.007658173886727
0.5109977350668662,asymmetric_crash,historical,0.26709467615793075,1,False,115,2.353085926087112,0.1784157851244395,0.015586906821460467,2026107001,support_band50,-0.1784157851244395,2.864083661153978
0.5109977350668662,asymmetric_crash,historical_se_penalty,0.26709467615793075,1,False,115,2.353085926087112,0.1784157851244395,0.015586906821460467,2026107001,support_band50,-0.1784157851244395,2.864083661153978
0.3835221914205178,asymmetric_crash,support_mix50,0.26709467615793075,1,False,115,2.4805614697334604,0.13390746807514398,0.015586906821460467,2026107001,support_band50,-0.13390746807514398,2.864083661153978
0.4609782984897435,asymmetric_crash,support_band50,0.26709467615793075,1,True,115,2.4031053626642347,0.16095140820851897,0.015586906821460467,2026107001,support_band50,-0.16095140820851897,2.864083661153978
0.46632089256746706,asymmetric_crash,historical,0.23981962888250188,285,False,-1,2.5886241998114983,0.15293661066274175,0.08326522683645692,2026107001,fixed_bank,-0.15293661066274175,3.0549450923789654
0.46632089256746706,asymmetric_crash,historical_se_penalty,0.23981962888250188,285,False,-1,2.5886241998114983,0.15293661066274175,0.08326522683645692,2026107001,fixed_bank,-0.15293661066274175,3.0549450923789654
0.3511434211981625,asymmetric_crash,support_mix50,0.23981962888250188,285,False,-1,2.703801671180803,0.11470239266994377,0.08326522683645692,2026107001,fixed_bank,-0.11470239266994377,3.0549450923789654
0.43363884260809676,asymmetric_crash,support_band50,0.23981962888250188,285,False,-1,2.621306249770868,0.14182338377036288,0.08326522683645692,2026107001,fixed_bank,-0.14182338377036288,3.0549450923789654
0.06852229554698108,gaussian,historical,0.125,1,False,0,1.1487576104922417,0.056291322322027375,0.149717662998194,2026107014,equal_weight,-0.056291322322027375,1.2172799060392228
0.06852229554698108,gaussian,historical_se_penalty,0.125,1,False,0,1.1487576104922417,0.056291322322027375,0.149717662998194,2026107014,equal_weight,-0.056291322322027375,1.2172799060392228
0.0026505919269108613,gaussian,support_mix50,0.125,1,False,0,1.214629314112312,0.00217747119110455,0.149717662998194,2026107014,equal_weight,-0.00217747119110455,1.2172799060392228
0.0026505919269108613,gaussian,support_band50,0.125,1,False,0,1.214629314112312,0.00217747119110455,0.149717662998194,2026107014,equal_weight,-0.00217747119110455,1.2172799060392228
0.10878051997667626,gaussian,historical,0.23846021150122165,1,True,42,0.9703416222415748,0.10080464084729672,0.019228019197086388,2026107014,historical,-0.10080464084729672,1.079122142218251
0.10878051997667626,gaussian,historical_se_penalty,0.23846021150122165,1,False,42,0.9703416222415748,0.10080464084729672,0.019228019197086388,2026107014,historical,-0.10080464084729672,1.079122142218251
0.10197206189176256,gaussian,support_mix50,0.23846021150122165,1,False,42,0.9771500803264885,0.09449538463009208,0.019228019197086388,2026107014,historical,-0.09449538463009208,1.079122142218251
0.10197206189176256,gaussian,support_band50,0.23846021150122165,1,False,42,0.9771500803264885,0.09449538463009208,0.019228019197086388,2026107014,historical,-0.09449538463009208,1.079122142218251
0.10878051997667626,gaussian,historical,0.23846021150122165,1,False,42,0.9703416222415748,0.10080464084729672,0.019228019197086388,2026107014,historical_se_penalty,-0.10080464084729672,1.079122142218251
0.10878051997667626,gaussian,historical_se_penalty,0.23846021150122165,1,True,42,0.9703416222415748,0.10080464084729672,0.019228019197086388,2026107014,historical_se_penalty,-0.10080464084729672,1.079122142218251
0.10197206189176256,gaussian,support_mix50,0.23846021150122165,1,False,42,0.9771500803264885,0.09449538463009208,0.019228019197086388,2026107014,historical_se_penalty,-0.09449538463009208,1.079122142218251
0.10197206189176256,gaussian,support_band50,0.23846021150122165,1,False,42,0.9771500803264885,0.09449538463009208,0.019228019197086388,2026107014,historical_se_penalty,-0.09449538463009208,1.079122142218251
0.10878051997667626,gaussian,historical,0.23846021150122165,1,False,42,0.9703416222415748,0.10080464084729672,0.019228019197086388,2026107014,support_mix50,-0.10080464084729672,1.079122142218251
0.10878051997667626,gaussian,historical_se_penalty,0.23846021150122165,1,False,42,0.9703416222415748,0.10080464084729672,0.019228019197086388,2026107014,support_mix50,-0.10080464084729672,1.079122142218251
0.10197206189176256,gaussian,support_mix50,0.23846021150122165,1,True,42,0.9771500803264885,0.09449538463009208,0.019228019197086388,2026107014,support_mix50,-0.09449538463009208,1.079122142218251
0.10197206189176256,gaussian,support_band50,0.23846021150122165,1,False,42,0.9771500803264885,0.09449538463009208,0.019228019197086388,2026107014,support_mix50,-0.09449538463009208,1.079122142218251
0.10878051997667626,gaussian,historical,0.23846021150122165,1,False,42,0.9703416222415748,0.10080464084729672,0.019228019197086388,2026107014,support_band50,-0.10080464084729672,1.079122142218251
0.10878051997667626,gaussian,historical_se_penalty,0.23846021150122165,1,False,42,0.9703416222415748,0.10080464084729672,0.019228019197086388,2026107014,support_band50,-0.10080464084729672,1.079122142218251
0.10197206189176256,gaussian,support_mix50,0.23846021150122165,1,False,42,0.9771500803264885,0.09449538463009208,0.019228019197086388,2026107014,support_band50,-0.09449538463009208,1.079122142218251
0.10197206189176256,gaussian,support_band50,0.23846021150122165,1,True,42,0.9771500803264885,0.09449538463009208,0.019228019197086388,2026107014,support_band50,-0.09449538463009208,1.079122142218251
0.04861682859535822,gaussian,historical,0.24040280553412566,285,False,-1,1.3275265619725412,0.03660840523222894,0.2841846248904636,2026107014,fixed_bank,-0.026062233235747644,1.3596487118821743
0.04861682859535822,gaussian,historical_se_penalty,0.24040280553412566,285,False,-1,1.3275265619725412,0.03660840523222894,0.2841846248904636,2026107014,fixed_bank,-0.026062233235747644,1.3596487118821743
0.04795555924239691,gaussian,support_mix50,0.24040280553412566,285,False,-1,1.3807871744337152,0.03451082384984209,0.2841846248904636,2026107014,fixed_bank,0.012946161300799152,1.3596487118821743
0.047955559242396875,gaussian,support_band50,0.24040280553412566,285,False,-1,1.3807871744337152,0.03451082384984206,0.2841846248904636,2026107014,fixed_bank,0.012946161300799099,1.3596487118821743
0.03950163464286316,gaussian,historical,0.125,1,False,0,1.3576354832370605,0.029967847866885475,0.05927229912635057,2026107059,equal_weight,0.029967847866885475,1.3181338485941974
0.03950163464286316,gaussian,historical_se_penalty,0.125,1,False,0,1.3576354832370605,0.029967847866885475,0.05927229912635057,2026107059,equal_weight,0.029967847866885475,1.3181338485941974
0.03946402496180146,gaussian,support_mix50,0.125,1,False,0,1.3575978735559988,0.029939315346381726,0.05927229912635057,2026107059,equal_weight,0.029939315346381726,1.3181338485941974
0.03946402496180146,gaussian,support_band50,0.125,1,False,0,1.3575978735559988,0.029939315346381726,0.05927229912635057,2026107059,equal_weight,0.029939315346381726,1.3181338485941974
0.020201849602585087,gaussian,historical,0.15837499044234374,1,True,73,1.2287981894127635,0.01617441871219736,0.00371532401486796,2026107059,historical,-0.01617441871219736,1.2490000390153486
0.020201849602585087,gaussian,historical_se_penalty,0.15837499044234374,1,False,73,1.2287981894127635,0.01617441871219736,0.00371532401486796,2026107059,historical,-0.01617441871219736,1.2490000390153486
0.0015111291980574038,gaussian,support_mix50,0.15837499044234374,1,False,73,1.2474889098172912,0.001209871217657211,0.00371532401486796,2026107059,historical,-0.001209871217657211,1.2490000390153486
0.0015111291980574038,gaussian,support_band50,0.15837499044234374,1,False,73,1.2474889098172912,0.001209871217657211,0.00371532401486796,2026107059,historical,-0.001209871217657211,1.2490000390153486
0.020201849602585087,gaussian,historical,0.15837499044234374,1,False,73,1.2287981894127635,0.01617441871219736,0.00371532401486796,2026107059,historical_se_penalty,-0.01617441871219736,1.2490000390153486
0.020201849602585087,gaussian,historical_se_penalty,0.15837499044234374,1,True,73,1.2287981894127635,0.01617441871219736,0.00371532401486796,2026107059,historical_se_penalty,-0.01617441871219736,1.2490000390153486
0.0015111291980574038,gaussian,support_mix50,0.15837499044234374,1,False,73,1.2474889098172912,0.001209871217657211,0.00371532401486796,2026107059,historical_se_penalty,-0.001209871217657211,1.2490000390153486
0.0015111291980574038,gaussian,support_band50,0.15837499044234374,1,False,73,1.2474889098172912,0.001209871217657211,0.00371532401486796,2026107059,historical_se_penalty,-0.001209871217657211,1.2490000390153486
0.0036658510068703354,gaussian,historical,0.2309738643357569,1,False,156,1.2517411773434468,0.0029372033318137577,0.0029722109187899637,2026107059,support_mix50,0.0029372033318137577,1.2480753263365765
0.0036658510068703354,gaussian,historical_se_penalty,0.2309738643357569,1,False,156,1.2517411773434468,0.0029372033318137577,0.0029722109187899637,2026107059,support_mix50,0.0029372033318137577,1.2480753263365765
0.004965727563624567,gaussian,support_mix50,0.2309738643357569,1,True,156,1.243109598772952,0.0039787082228444175,0.0029722109187899637,2026107059,support_mix50,-0.0039787082228444175,1.2480753263365765
0.004965727563624567,gaussian,support_band50,0.2309738643357569,1,False,156,1.243109598772952,0.0039787082228444175,0.0029722109187899637,2026107059,support_mix50,-0.0039787082228444175,1.2480753263365765
0.0036658510068703354,gaussian,historical,0.2309738643357569,1,False,156,1.2517411773434468,0.0029372033318137577,0.0029722109187899637,2026107059,support_band50,0.0029372033318137577,1.2480753263365765
0.0036658510068703354,gaussian,historical_se_penalty,0.2309738643357569,1,False,156,1.2517411773434468,0.0029372033318137577,0.0029722109187899637,2026107059,support_band50,0.0029372033318137577,1.2480753263365765
0.004965727563624567,gaussian,support_mix50,0.2309738643357569,1,False,156,1.243109598772952,0.0039787082228444175,0.0029722109187899637,2026107059,support_band50,-0.0039787082228444175,1.2480753263365765
0.004965727563624567,gaussian,support_band50,0.2309738643357569,1,True,156,1.243109598772952,0.0039787082228444175,0.0029722109187899637,2026107059,support_band50,-0.0039787082228444175,1.2480753263365765
0.0582595577325438,gaussian,historical,0.2382847013141982,285,False,-1,1.5180915300032762,0.03901505854061272,0.17961212515117875,2026107059,fixed_bank,0.033432456220707917,1.4678819333388755
0.0582595577325438,gaussian,historical_se_penalty,0.2382847013141982,285,False,-1,1.5180915300032762,0.03901505854061272,0.17961212515117875,2026107059,fixed_bank,0.033432456220707917,1.4678819333388755
0.05678099788279041,gaussian,support_mix50,0.2382847013141982,285,False,-1,1.511194397994345,0.038121466260175416,0.17961212515117875,2026107059,fixed_bank,0.028954181229893742,1.4678819333388755
0.056780997882790396,gaussian,support_band50,0.2382847013141982,285,False,-1,1.511194397994345,0.0381214662601754,0.17961212515117875,2026107059,fixed_bank,0.028954181229893725,1.4678819333388755
0.13166801884667523,asymmetric_crash,historical,0.125,1,False,0,2.7071930800737727,0.04638057807644956,0.062481613039959694,2026107029,equal_weight,-0.04638057807644956,2.838861098920448
0.13166801884667523,asymmetric_crash,historical_se_penalty,0.125,1,False,0,2.7071930800737727,0.04638057807644956,0.062481613039959694,2026107029,equal_weight,-0.04638057807644956,2.838861098920448
0.15905269375641362,asymmetric_crash,support_mix50,0.125,1,False,0,2.6798084051640343,0.05602693763949833,0.062481613039959694,2026107029,equal_weight,-0.05602693763949833,2.838861098920448
0.15905269375641362,asymmetric_crash,support_band50,0.125,1,False,0,2.6798084051640343,0.05602693763949833,0.062481613039959694,2026107029,equal_weight,-0.05602693763949833,2.838861098920448
0.2332721960832047,asymmetric_crash,historical,0.23975244446601754,1,True,195,2.5637017212794033,0.0834016344003549,0.04680477691571405,2026107029,historical,-0.0834016344003549,2.796973917362608
0.2332721960832047,asymmetric_crash,historical_se_penalty,0.23975244446601754,1,False,195,2.5637017212794033,0.0834016344003549,0.04680477691571405,2026107029,historical,-0.0834016344003549,2.796973917362608
0.2227074035540526,asymmetric_crash,support_mix50,0.23975244446601754,1,False,195,2.5742665138085554,0.07962441200168695,0.04680477691571405,2026107029,historical,-0.07962441200168695,2.796973917362608
0.2227074035540526,asymmetric_crash,support_band50,0.23975244446601754,1,False,195,2.5742665138085554,0.07962441200168695,0.04680477691571405,2026107029,historical,-0.07962441200168695,2.796973917362608
0.1721514583659025,asymmetric_crash,historical,0.5,1,False,5,2.5810212963596353,0.0625283894991414,0.030411607855995948,2026107029,historical_se_penalty,-0.0625283894991414,2.753172754725538
0.1721514583659025,asymmetric_crash,historical_se_penalty,0.5,1,True,5,2.5810212963596353,0.0625283894991414,0.030411607855995948,2026107029,historical_se_penalty,-0.0625283894991414,2.753172754725538
0.14906538146660475,asymmetric_crash,support_mix50,0.5,1,False,5,2.604107373258933,0.05414312676556506,0.030411607855995948,2026107029,historical_se_penalty,-0.05414312676556506,2.753172754725538
0.14906538146660475,asymmetric_crash,support_band50,0.5,1,False,5,2.604107373258933,0.05414312676556506,0.030411607855995948,2026107029,historical_se_penalty,-0.05414312676556506,2.753172754725538
0.2928589216418951,asymmetric_crash,historical,0.5,1,False,2,2.593786816332263,0.10145301787098505,0.08036565125501172,2026107029,support_mix50,-0.10145301787098505,2.886645737974158
0.2928589216418951,asymmetric_crash,historical_se_penalty,0.5,1,False,2,2.593786816332263,0.10145301787098505,0.08036565125501172,2026107029,support_mix50,-0.10145301787098505,2.886645737974158
0.3378711039545461,asymmetric_crash,support_mix50,0.5,1,True,2,2.548774634019612,0.11704626567431284,0.08036565125501172,2026107029,support_mix50,-0.11704626567431284,2.886645737974158
0.3378711039545461,asymmetric_crash,support_band50,0.5,1,False,2,2.548774634019612,0.11704626567431284,0.08036565125501172,2026107029,support_mix50,-0.11704626567431284,2.886645737974158
0.2928589216418951,asymmetric_crash,historical,0.5,1,False,2,2.593786816332263,0.10145301787098505,0.08036565125501172,2026107029,support_band50,-0.10145301787098505,2.886645737974158
0.2928589216418951,asymmetric_crash,historical_se_penalty,0.5,1,False,2,2.593786816332263,0.10145301787098505,0.08036565125501172,2026107029,support_band50,-0.10145301787098505,2.886645737974158
0.3378711039545461,asymmetric_crash,support_mix50,0.5,1,False,2,2.548774634019612,0.11704626567431284,0.08036565125501172,2026107029,support_band50,-0.11704626567431284,2.886645737974158
0.3378711039545461,asymmetric_crash,support_band50,0.5,1,True,2,2.548774634019612,0.11704626567431284,0.08036565125501172,2026107029,support_band50,-0.11704626567431284,2.886645737974158
0.1461202130447173,asymmetric_crash,historical,0.2402791575313072,285,False,-1,2.8516386647540917,0.048743592639634716,0.10676964728298685,2026107029,fixed_bank,-0.03566872756126486,2.9571949844363172
0.1461202130447173,asymmetric_crash,historical_se_penalty,0.2402791575313072,285,False,-1,2.8516386647540917,0.048743592639634716,0.10676964728298685,2026107029,fixed_bank,-0.03566872756126486,2.9571949844363172
0.1546453025966279,asymmetric_crash,support_mix50,0.2402791575313072,285,False,-1,2.843362466138687,0.051791118717118625,0.10676964728298685,2026107029,fixed_bank,-0.03873637362757896,2.9571949844363172
0.15464530259662795,asymmetric_crash,support_band50,0.2402791575313072,285,False,-1,2.843362466138687,0.051791118717118646,0.10676964728298685,2026107029,fixed_bank,-0.03873637362757899,2.9571949844363172
0.5961918794027272,asymmetric_crash,historical,0.125,1,False,0,2.2752358543484577,0.20762907329862423,0.04295653243944386,2026107052,equal_weight,-0.20762907329862423,2.871427733751185
0.5961918794027272,asymmetric_crash,historical_se_penalty,0.125,1,False,0,2.2752358543484577,0.20762907329862423,0.04295653243944386,2026107052,equal_weight,-0.20762907329862423,2.871427733751185
0.5075813729062681,asymmetric_crash,support_mix50,0.125,1,False,0,2.3638463608449167,0.17676968392416145,0.04295653243944386,2026107052,equal_weight,-0.17676968392416145,2.871427733751185
0.5075813729062681,asymmetric_crash,support_band50,0.125,1,False,0,2.3638463608449167,0.17676968392416145,0.04295653243944386,2026107052,equal_weight,-0.17676968392416145,2.871427733751185
0.6554396537152782,asymmetric_crash,historical,0.19285818723154896,1,True,181,2.162618531957541,0.2325855644314137,0.023571709291219767,2026107052,historical,-0.2325855644314137,2.818058185672819
0.6554396537152782,asymmetric_crash,historical_se_penalty,0.19285818723154896,1,False,181,2.162618531957541,0.2325855644314137,0.023571709291219767,2026107052,historical,-0.2325855644314137,2.818058185672819
0.5522380181112299,asymmetric_crash,support_mix50,0.19285818723154896,1,False,181,2.265820167561589,0.19596402264468557,0.023571709291219767,2026107052,historical,-0.19596402264468557,2.818058185672819
0.5522380181112299,asymmetric_crash,support_band50,0.19285818723154896,1,False,181,2.265820167561589,0.19596402264468557,0.023571709291219767,2026107052,historical,-0.19596402264468557,2.818058185672819
0.6394507434063703,asymmetric_crash,historical,0.278117773542864,1,False,275,2.183415790963682,0.22652531942997772,0.025318191929483813,2026107052,historical_se_penalty,-0.22652531942997772,2.8228665343700525
0.6394507434063703,asymmetric_crash,historical_se_penalty,0.278117773542864,1,True,275,2.183415790963682,0.22652531942997772,0.025318191929483813,2026107052,historical_se_penalty,-0.22652531942997772,2.8228665343700525
0.5582577666851254,asymmetric_crash,support_mix50,0.278117773542864,1,False,275,2.264608767684927,0.19776272093916247,0.025318191929483813,2026107052,historical_se_penalty,-0.19776272093916247,2.8228665343700525
0.5582577666851254,asymmetric_crash,support_band50,0.278117773542864,1,False,275,2.264608767684927,0.19776272093916247,0.025318191929483813,2026107052,historical_se_penalty,-0.19776272093916247,2.8228665343700525
0.6394507434063703,asymmetric_crash,historical,0.278117773542864,1,False,275,2.183415790963682,0.22652531942997772,0.025318191929483813,2026107052,support_mix50,-0.22652531942997772,2.8228665343700525
0.6394507434063703,asymmetric_crash,historical_se_penalty,0.278117773542864,1,False,275,2.183415790963682,0.22652531942997772,0.025318191929483813,2026107052,support_mix50,-0.22652531942997772,2.8228665343700525
0.5582577666851254,asymmetric_crash,support_mix50,0.278117773542864,1,True,275,2.264608767684927,0.19776272093916247,0.025318191929483813,2026107052,support_mix50,-0.19776272093916247,2.8228665343700525
0.5582577666851254,asymmetric_crash,support_band50,0.278117773542864,1,False,275,2.264608767684927,0.19776272093916247,0.025318191929483813,2026107052,support_mix50,-0.19776272093916247,2.8228665343700525
0.6394507434063703,asymmetric_crash,historical,0.278117773542864,1,False,275,2.183415790963682,0.22652531942997772,0.025318191929483813,2026107052,support_band50,-0.22652531942997772,2.8228665343700525
0.6394507434063703,asymmetric_crash,historical_se_penalty,0.278117773542864,1,False,275,2.183415790963682,0.22652531942997772,0.025318191929483813,2026107052,support_band50,-0.22652531942997772,2.8228665343700525
0.5582577666851254,asymmetric_crash,support_mix50,0.278117773542864,1,False,275,2.264608767684927,0.19776272093916247,0.025318191929483813,2026107052,support_band50,-0.19776272093916247,2.8228665343700525
0.5582577666851254,asymmetric_crash,support_band50,0.278117773542864,1,True,275,2.264608767684927,0.19776272093916247,0.025318191929483813,2026107052,support_band50,-0.19776272093916247,2.8228665343700525
0.5974383067012352,asymmetric_crash,historical,0.2435254931341384,285,False,-1,2.3976541893594727,0.19967430951636944,0.08787389886565557,2026107052,fixed_bank,-0.19967430951636944,2.995092496060708
0.5974383067012352,asymmetric_crash,historical_se_penalty,0.2435254931341384,285,False,-1,2.3976541893594727,0.19967430951636944,0.08787389886565557,2026107052,fixed_bank,-0.19967430951636944,2.995092496060708
0.5175337196644235,asymmetric_crash,support_mix50,0.2435254931341384,285,False,-1,2.4775587763962847,0.1728242497558336,0.08787389886565557,2026107052,fixed_bank,-0.1728242497558336,2.995092496060708
0.5175337196644236,asymmetric_crash,support_band50,0.2435254931341384,285,False,-1,2.4775587763962847,0.1728242497558337,0.08787389886565557,2026107052,fixed_bank,-0.1728242497558337,2.995092496060708
0.08574572499201438,gaussian,historical,0.125,1,False,0,1.2465653019788452,0.07386653937607321,0.05334525921513178,2026107036,equal_weight,0.07386653937607321,1.1608195769868308
0.08574572499201438,gaussian,historical_se_penalty,0.125,1,False,0,1.2465653019788452,0.07386653937607321,0.05334525921513178,2026107036,equal_weight,0.07386653937607321,1.1608195769868308
0.06748509609149855,gaussian,support_mix50,0.125,1,False,0,1.2283046730783294,0.058135732226942065,0.05334525921513178,2026107036,equal_weight,0.058135732226942065,1.1608195769868308
0.06748509609149855,gaussian,support_band50,0.125,1,False,0,1.2283046730783294,0.058135732226942065,0.05334525921513178,2026107036,equal_weight,0.058135732226942065,1.1608195769868308
0.03908389353724062,gaussian,historical,0.1960514984321579,1,True,183,1.1411153184964038,0.03546531673422009,0.0,2026107036,historical,0.03546531673422009,1.1020314249591632
0.03908389353724062,gaussian,historical_se_penalty,0.1960514984321579,1,False,183,1.1411153184964038,0.03546531673422009,0.0,2026107036,historical,0.03546531673422009,1.1020314249591632
0.024282268807224394,gaussian,support_mix50,0.1960514984321579,1,False,183,1.1263136937663876,0.022034098354431406,0.0,2026107036,historical,0.022034098354431406,1.1020314249591632
0.024282268807224172,gaussian,support_band50,0.1960514984321579,1,False,183,1.1263136937663873,0.022034098354431205,0.0,2026107036,historical,0.022034098354431205,1.1020314249591632
0.03908389353724062,gaussian,historical,0.1960514984321579,1,False,183,1.1411153184964038,0.03546531673422009,0.0,2026107036,historical_se_penalty,0.03546531673422009,1.1020314249591632
0.03908389353724062,gaussian,historical_se_penalty,0.1960514984321579,1,True,183,1.1411153184964038,0.03546531673422009,0.0,2026107036,historical_se_penalty,0.03546531673422009,1.1020314249591632
0.024282268807224394,gaussian,support_mix50,0.1960514984321579,1,False,183,1.1263136937663876,0.022034098354431406,0.0,2026107036,historical_se_penalty,0.022034098354431406,1.1020314249591632
0.024282268807224172,gaussian,support_band50,0.1960514984321579,1,False,183,1.1263136937663873,0.022034098354431205,0.0,2026107036,historical_se_penalty,0.022034098354431205,1.1020314249591632
0.03908389353724062,gaussian,historical,0.1960514984321579,1,False,183,1.1411153184964038,0.03546531673422009,0.0,2026107036,support_mix50,0.03546531673422009,1.1020314249591632
0.03908389353724062,gaussian,historical_se_penalty,0.1960514984321579,1,False,183,1.1411153184964038,0.03546531673422009,0.0,2026107036,support_mix50,0.03546531673422009,1.1020314249591632
0.024282268807224394,gaussian,support_mix50,0.1960514984321579,1,True,183,1.1263136937663876,0.022034098354431406,0.0,2026107036,support_mix50,0.022034098354431406,1.1020314249591632
0.024282268807224172,gaussian,support_band50,0.1960514984321579,1,False,183,1.1263136937663873,0.022034098354431205,0.0,2026107036,support_mix50,0.022034098354431205,1.1020314249591632
0.03908389353724062,gaussian,historical,0.1960514984321579,1,False,183,1.1411153184964038,0.03546531673422009,0.0,2026107036,support_band50,0.03546531673422009,1.1020314249591632
0.03908389353724062,gaussian,historical_se_penalty,0.1960514984321579,1,False,183,1.1411153184964038,0.03546531673422009,0.0,2026107036,support_band50,0.03546531673422009,1.1020314249591632
0.024282268807224394,gaussian,support_mix50,0.1960514984321579,1,False,183,1.1263136937663876,0.022034098354431406,0.0,2026107036,support_band50,0.022034098354431406,1.1020314249591632
0.024282268807224172,gaussian,support_band50,0.1960514984321579,1,True,183,1.1263136937663873,0.022034098354431205,0.0,2026107036,support_band50,0.022034098354431205,1.1020314249591632
0.09127482164602999,gaussian,historical,0.23872680414431216,285,False,-1,1.384357518022981,0.0703724234943941,0.17387851285905978,2026107036,fixed_bank,0.07001254330287397,1.293651010255013
0.09127482164602999,gaussian,historical_se_penalty,0.23872680414431216,285,False,-1,1.384357518022981,0.0703724234943941,0.17387851285905978,2026107036,fixed_bank,0.07001254330287397,1.293651010255013
0.08188541505742268,gaussian,support_mix50,0.23872680414431216,285,False,-1,1.3750654174464914,0.06304752224743314,0.17387851285905978,2026107036,fixed_bank,0.06271633737066154,1.293651010255013
0.08188541505742265,gaussian,support_band50,0.23872680414431216,285,False,-1,1.3750654174464914,0.06304752224743311,0.17387851285905978,2026107036,fixed_bank,0.0627163373706615,1.293651010255013
0.12055425019432331,asymmetric_crash,historical,0.125,1,False,0,2.717145182409154,0.04248309345564465,0.03442297592351973,2026107019,equal_weight,-0.04248309345564465,2.8376994326034772
0.12055425019432331,asymmetric_crash,historical_se_penalty,0.125,1,False,0,2.717145182409154,0.04248309345564465,0.03442297592351973,2026107019,equal_weight,-0.04248309345564465,2.8376994326034772
0.03227714825292294,asymmetric_crash,support_mix50,0.125,1,False,0,2.8054222843505543,0.011374406986898513,0.03442297592351973,2026107019,equal_weight,-0.011374406986898513,2.8376994326034772
0.03227714825292338,asymmetric_crash,support_band50,0.125,1,False,0,2.805422284350554,0.01137440698689867,0.03442297592351973,2026107019,equal_weight,-0.01137440698689867,2.8376994326034772
0.27367850405787175,asymmetric_crash,historical,0.5,1,True,1,2.4695894807527083,0.0997636780559625,0.0,2026107019,historical,-0.0997636780559625,2.74326798481058
0.27367850405787175,asymmetric_crash,historical_se_penalty,0.5,1,False,1,2.4695894807527083,0.0997636780559625,0.0,2026107019,historical,-0.0997636780559625,2.74326798481058
0.18258771866266432,asymmetric_crash,support_mix50,0.5,1,False,1,2.5606802661479158,0.06655846956026494,0.0,2026107019,historical,-0.06655846956026494,2.74326798481058
0.18258771866266432,asymmetric_crash,support_band50,0.5,1,False,1,2.5606802661479158,0.06655846956026494,0.0,2026107019,historical,-0.06655846956026494,2.74326798481058
0.27367850405787175,asymmetric_crash,historical,0.5,1,False,1,2.4695894807527083,0.0997636780559625,0.0,2026107019,historical_se_penalty,-0.0997636780559625,2.74326798481058
0.27367850405787175,asymmetric_crash,historical_se_penalty,0.5,1,True,1,2.4695894807527083,0.0997636780559625,0.0,2026107019,historical_se_penalty,-0.0997636780559625,2.74326798481058
0.18258771866266432,asymmetric_crash,support_mix50,0.5,1,False,1,2.5606802661479158,0.06655846956026494,0.0,2026107019,historical_se_penalty,-0.06655846956026494,2.74326798481058
0.18258771866266432,asymmetric_crash,support_band50,0.5,1,False,1,2.5606802661479158,0.06655846956026494,0.0,2026107019,historical_se_penalty,-0.06655846956026494,2.74326798481058
0.27367850405787175,asymmetric_crash,historical,0.5,1,False,1,2.4695894807527083,0.0997636780559625,0.0,2026107019,support_mix50,-0.0997636780559625,2.74326798481058
0.27367850405787175,asymmetric_crash,historical_se_penalty,0.5,1,False,1,2.4695894807527083,0.0997636780559625,0.0,2026107019,support_mix50,-0.0997636780559625,2.74326798481058
0.18258771866266432,asymmetric_crash,support_mix50,0.5,1,True,1,2.5606802661479158,0.06655846956026494,0.0,2026107019,support_mix50,-0.06655846956026494,2.74326798481058
0.18258771866266432,asymmetric_crash,support_band50,0.5,1,False,1,2.5606802661479158,0.06655846956026494,0.0,2026107019,support_mix50,-0.06655846956026494,2.74326798481058
0.27367850405787175,asymmetric_crash,historical,0.5,1,False,1,2.4695894807527083,0.0997636780559625,0.0,2026107019,support_band50,-0.0997636780559625,2.74326798481058
0.27367850405787175,asymmetric_crash,historical_se_penalty,0.5,1,False,1,2.4695894807527083,0.0997636780559625,0.0,2026107019,support_band50,-0.0997636780559625,2.74326798481058
0.18258771866266432,asymmetric_crash,support_mix50,0.5,1,False,1,2.5606802661479158,0.06655846956026494,0.0,2026107019,support_band50,-0.06655846956026494,2.74326798481058
0.18258771866266432,asymmetric_crash,support_band50,0.5,1,True,1,2.5606802661479158,0.06655846956026494,0.0,2026107019,support_band50,-0.06655846956026494,2.74326798481058
0.10447984091516797,asymmetric_crash,historical,0.24087471092821666,285,False,-1,2.8803282057378747,0.0352145869664806,0.07633439633608852,2026107019,fixed_bank,-0.024856257421837835,2.952673690419214
0.10447984091516797,asymmetric_crash,historical_se_penalty,0.24087471092821666,285,False,-1,2.8803282057378747,0.0352145869664806,0.07633439633608852,2026107019,fixed_bank,-0.024856257421837835,2.952673690419214
0.08877224447040724,asymmetric_crash,support_mix50,0.24087471092821666,285,False,-1,2.9600036627428086,0.02972901432140468,0.07633439633608852,2026107019,fixed_bank,0.0023325359180884114,2.952673690419214
0.08877224447040723,asymmetric_crash,support_band50,0.24087471092821666,285,False,-1,2.9600036627428086,0.029729014321404665,0.07633439633608852,2026107019,fixed_bank,0.0023325359180883607,2.952673690419214
0.014095220164972666,asymmetric_crash,historical,0.125,1,False,0,2.8407619380975517,0.00498651647735885,0.03664937836833926,2026107036,equal_weight,0.00498651647735885,2.826666717932579
0.014095220164972666,asymmetric_crash,historical_se_penalty,0.125,1,False,0,2.8407619380975517,0.00498651647735885,0.03664937836833926,2026107036,equal_weight,0.00498651647735885,2.826666717932579
0.06331084039931989,asymmetric_crash,support_mix50,0.125,1,False,0,2.889977558331899,0.022397702565241002,0.03664937836833926,2026107036,equal_weight,0.022397702565241002,2.826666717932579
0.21986370723436144,asymmetric_crash,support_band50,0.125,1,False,0,3.0465304251669405,0.07778197048825392,0.03664937836833926,2026107036,equal_weight,0.07778197048825392,2.826666717932579
0.13333580243026955,asymmetric_crash,historical,0.5,1,True,11,2.593397823148789,0.04889946021109924,0.0,2026107036,historical,-0.04889946021109924,2.7267336255790586
0.13333580243026955,asymmetric_crash,historical_se_penalty,0.5,1,False,11,2.593397823148789,0.04889946021109924,0.0,2026107036,historical,-0.04889946021109924,2.7267336255790586
0.05175840740249438,asymmetric_crash,support_mix50,0.5,1,False,11,2.6749752181765643,0.018981834865333714,0.0,2026107036,historical,-0.018981834865333714,2.7267336255790586
0.06704689524054253,asymmetric_crash,support_band50,0.5,1,False,11,2.793780520819601,0.024588722056157655,0.0,2026107036,historical,0.024588722056157655,2.7267336255790586
0.13333580243026955,asymmetric_crash,historical,0.5,1,False,11,2.593397823148789,0.04889946021109924,0.0,2026107036,historical_se_penalty,-0.04889946021109924,2.7267336255790586
0.13333580243026955,asymmetric_crash,historical_se_penalty,0.5,1,True,11,2.593397823148789,0.04889946021109924,0.0,2026107036,historical_se_penalty,-0.04889946021109924,2.7267336255790586
0.05175840740249438,asymmetric_crash,support_mix50,0.5,1,False,11,2.6749752181765643,0.018981834865333714,0.0,2026107036,historical_se_penalty,-0.018981834865333714,2.7267336255790586
0.06704689524054253,asymmetric_crash,support_band50,0.5,1,False,11,2.793780520819601,0.024588722056157655,0.0,2026107036,historical_se_penalty,0.024588722056157655,2.7267336255790586
0.13333580243026955,asymmetric_crash,historical,0.5,1,False,11,2.593397823148789,0.04889946021109924,0.0,2026107036,support_mix50,-0.04889946021109924,2.7267336255790586
0.13333580243026955,asymmetric_crash,historical_se_penalty,0.5,1,False,11,2.593397823148789,0.04889946021109924,0.0,2026107036,support_mix50,-0.04889946021109924,2.7267336255790586
0.05175840740249438,asymmetric_crash,support_mix50,0.5,1,True,11,2.6749752181765643,0.018981834865333714,0.0,2026107036,support_mix50,-0.018981834865333714,2.7267336255790586
0.06704689524054253,asymmetric_crash,support_band50,0.5,1,False,11,2.793780520819601,0.024588722056157655,0.0,2026107036,support_mix50,0.024588722056157655,2.7267336255790586
0.13333580243026955,asymmetric_crash,historical,0.5,1,False,11,2.593397823148789,0.04889946021109924,0.0,2026107036,support_band50,-0.04889946021109924,2.7267336255790586
0.13333580243026955,asymmetric_crash,historical_se_penalty,0.5,1,False,11,2.593397823148789,0.04889946021109924,0.0,2026107036,support_band50,-0.04889946021109924,2.7267336255790586
0.05175840740249438,asymmetric_crash,support_mix50,0.5,1,False,11,2.6749752181765643,0.018981834865333714,0.0,2026107036,support_band50,-0.018981834865333714,2.7267336255790586
0.06704689524054253,asymmetric_crash,support_band50,0.5,1,True,11,2.793780520819601,0.024588722056157655,0.0,2026107036,support_band50,0.024588722056157655,2.7267336255790586
0.0697354909758795,asymmetric_crash,historical,0.23872680414431216,285,False,-1,2.9763516006353576,0.023445087377054433,0.07665215861708063,2026107036,fixed_bank,0.013584721311308029,2.9357436439534723
0.0697354909758795,asymmetric_crash,historical_se_penalty,0.23872680414431216,285,False,-1,2.9763516006353576,0.023445087377054433,0.07665215861708063,2026107036,fixed_bank,0.013584721311308029,2.9357436439534723
0.08473133000119215,asymmetric_crash,support_mix50,0.23872680414431216,285,False,-1,3.01797208530286,0.0286549800892969,0.07665215861708063,2026107036,fixed_bank,0.027789136877185452,2.9357436439534723
0.23435221003138185,asymmetric_crash,support_band50,0.23872680414431216,285,False,-1,3.1700958539848534,0.07968535392562111,0.07665215861708063,2026107036,fixed_bank,0.07968535392562111,2.9357436439534723
0.10707354109908618,gaussian,historical,0.125,1,False,0,1.2309348610327833,0.09527291241360905,0.0937866854012388,2026107026,equal_weight,0.09527291241360905,1.123861319933697
0.10707354109908618,gaussian,historical_se_penalty,0.125,1,False,0,1.2309348610327833,0.09527291241360905,0.0937866854012388,2026107026,equal_weight,0.09527291241360905,1.123861319933697
0.1124782218505449,gaussian,support_mix50,0.125,1,False,0,1.236339541784242,0.10008194058781258,0.0937866854012388,2026107026,equal_weight,0.10008194058781258,1.123861319933697
0.1124782218505449,gaussian,support_band50,0.125,1,False,0,1.236339541784242,0.10008194058781258,0.0937866854012388,2026107026,equal_weight,0.10008194058781258,1.123861319933697
0.03951209188388871,gaussian,historical,0.5,1,True,18,1.131419662823522,0.036186297206353156,0.06268802173300081,2026107026,historical,0.036186297206353156,1.0919075709396333
0.03951209188388871,gaussian,historical_se_penalty,0.5,1,False,18,1.131419662823522,0.036186297206353156,0.06268802173300081,2026107026,historical,0.036186297206353156,1.0919075709396333
0.10759047756812112,gaussian,support_mix50,0.5,1,False,18,1.1994980485077544,0.09853441850900888,0.06268802173300081,2026107026,historical,0.09853441850900888,1.0919075709396333
0.10759047756812112,gaussian,support_band50,0.5,1,False,18,1.1994980485077544,0.09853441850900888,0.06268802173300081,2026107026,historical,0.09853441850900888,1.0919075709396333
0.03951209188388871,gaussian,historical,0.5,1,False,18,1.131419662823522,0.036186297206353156,0.06268802173300081,2026107026,historical_se_penalty,0.036186297206353156,1.0919075709396333
0.03951209188388871,gaussian,historical_se_penalty,0.5,1,True,18,1.131419662823522,0.036186297206353156,0.06268802173300081,2026107026,historical_se_penalty,0.036186297206353156,1.0919075709396333
0.10759047756812112,gaussian,support_mix50,0.5,1,False,18,1.1994980485077544,0.09853441850900888,0.06268802173300081,2026107026,historical_se_penalty,0.09853441850900888,1.0919075709396333
0.10759047756812112,gaussian,support_band50,0.5,1,False,18,1.1994980485077544,0.09853441850900888,0.06268802173300081,2026107026,historical_se_penalty,0.09853441850900888,1.0919075709396333
0.07347185196701433,gaussian,historical,0.2686915616689891,1,False,48,1.1361892668432132,0.06913583134945937,0.03427899698886905,2026107026,support_mix50,0.06913583134945937,1.0627174148761989
0.07347185196701433,gaussian,historical_se_penalty,0.2686915616689891,1,False,48,1.1361892668432132,0.06913583134945937,0.03427899698886905,2026107026,support_mix50,0.06913583134945937,1.0627174148761989
0.07875248656216804,gaussian,support_mix50,0.2686915616689891,1,True,48,1.141469901438367,0.07410482359634833,0.03427899698886905,2026107026,support_mix50,0.07410482359634833,1.0627174148761989
0.07875248656216804,gaussian,support_band50,0.2686915616689891,1,False,48,1.141469901438367,0.07410482359634833,0.03427899698886905,2026107026,support_mix50,0.07410482359634833,1.0627174148761989
0.07347185196701433,gaussian,historical,0.2686915616689891,1,False,48,1.1361892668432132,0.06913583134945937,0.03427899698886905,2026107026,support_band50,0.06913583134945937,1.0627174148761989
0.07347185196701433,gaussian,historical_se_penalty,0.2686915616689891,1,False,48,1.1361892668432132,0.06913583134945937,0.03427899698886905,2026107026,support_band50,0.06913583134945937,1.0627174148761989
0.07875248656216804,gaussian,support_mix50,0.2686915616689891,1,False,48,1.141469901438367,0.07410482359634833,0.03427899698886905,2026107026,support_band50,0.07410482359634833,1.0627174148761989
0.07875248656216804,gaussian,support_band50,0.2686915616689891,1,True,48,1.141469901438367,0.07410482359634833,0.03427899698886905,2026107026,support_band50,0.07410482359634833,1.0627174148761989
0.08662955536819089,gaussian,historical,0.23978701497639543,285,False,-1,1.3498176590797775,0.07048295490580302,0.23011443165687584,2026107026,fixed_bank,0.07002434956424176,1.2639375184241204
0.08662955536819089,gaussian,historical_se_penalty,0.23978701497639543,285,False,-1,1.3498176590797775,0.07048295490580302,0.23011443165687584,2026107026,fixed_bank,0.07002434956424176,1.2639375184241204
0.09592243058391264,gaussian,support_mix50,0.23978701497639543,285,False,-1,1.3598163070831963,0.07801352897092867,0.23011443165687584,2026107026,fixed_bank,0.07798406817425933,1.2639375184241204
0.0959224305839126,gaussian,support_band50,0.23978701497639543,285,False,-1,1.3598163070831963,0.07801352897092863,0.23011443165687584,2026107026,fixed_bank,0.07798406817425929,1.2639375184241204
0.1313300305551528,asymmetric_crash,historical,0.125,1,False,0,3.0984241239147603,0.04426217249027289,0.08077308632805247,2026107054,equal_weight,0.04426217249027289,2.9670940933596075
0.1313300305551528,asymmetric_crash,historical_se_penalty,0.125,1,False,0,3.0984241239147603,0.04426217249027289,0.08077308632805247,2026107054,equal_weight,0.04426217249027289,2.9670940933596075
0.1112710004847628,asymmetric_crash,support_mix50,0.125,1,False,0,3.0783650938443703,0.037501675708157906,0.08077308632805247,2026107054,equal_weight,0.037501675708157906,2.9670940933596075
0.15315147318013844,asymmetric_crash,support_band50,0.125,1,False,0,3.120245566539746,0.05161665534062209,0.08077308632805247,2026107054,equal_weight,0.05161665534062209,2.9670940933596075
0.13975238433377868,asymmetric_crash,historical,0.5,1,True,21,2.8850965559215145,0.050905232859366635,0.0,2026107054,historical,0.050905232859366635,2.745344171587736
0.13975238433377868,asymmetric_crash,historical_se_penalty,0.5,1,False,21,2.8850965559215145,0.050905232859366635,0.0,2026107054,historical,0.050905232859366635,2.745344171587736
0.1142963657295728,asymmetric_crash,support_mix50,0.5,1,False,21,2.8596405373173086,0.04163280032880938,0.0,2026107054,historical,0.04163280032880938,2.745344171587736
0.1525042939949226,asymmetric_crash,support_band50,0.5,1,False,21,2.8978484655826584,0.05555015490342824,0.0,2026107054,historical,0.05555015490342824,2.745344171587736
0.13975238433377868,asymmetric_crash,historical,0.5,1,False,21,2.8850965559215145,0.050905232859366635,0.0,2026107054,historical_se_penalty,0.050905232859366635,2.745344171587736
0.13975238433377868,asymmetric_crash,historical_se_penalty,0.5,1,True,21,2.8850965559215145,0.050905232859366635,0.0,2026107054,historical_se_penalty,0.050905232859366635,2.745344171587736
0.1142963657295728,asymmetric_crash,support_mix50,0.5,1,False,21,2.8596405373173086,0.04163280032880938,0.0,2026107054,historical_se_penalty,0.04163280032880938,2.745344171587736
0.1525042939949226,asymmetric_crash,support_band50,0.5,1,False,21,2.8978484655826584,0.05555015490342824,0.0,2026107054,historical_se_penalty,0.05555015490342824,2.745344171587736
0.13975238433377868,asymmetric_crash,historical,0.5,1,False,21,2.8850965559215145,0.050905232859366635,0.0,2026107054,support_mix50,0.050905232859366635,2.745344171587736
0.13975238433377868,asymmetric_crash,historical_se_penalty,0.5,1,False,21,2.8850965559215145,0.050905232859366635,0.0,2026107054,support_mix50,0.050905232859366635,2.745344171587736
0.1142963657295728,asymmetric_crash,support_mix50,0.5,1,True,21,2.8596405373173086,0.04163280032880938,0.0,2026107054,support_mix50,0.04163280032880938,2.745344171587736
0.1525042939949226,asymmetric_crash,support_band50,0.5,1,False,21,2.8978484655826584,0.05555015490342824,0.0,2026107054,support_mix50,0.05555015490342824,2.745344171587736
0.13975238433377868,asymmetric_crash,historical,0.5,1,False,21,2.8850965559215145,0.050905232859366635,0.0,2026107054,support_band50,0.050905232859366635,2.745344171587736
0.13975238433377868,asymmetric_crash,historical_se_penalty,0.5,1,False,21,2.8850965559215145,0.050905232859366635,0.0,2026107054,support_band50,0.050905232859366635,2.745344171587736
0.1142963657295728,asymmetric_crash,support_mix50,0.5,1,False,21,2.8596405373173086,0.04163280032880938,0.0,2026107054,support_band50,0.04163280032880938,2.745344171587736
0.1525042939949226,asymmetric_crash,support_band50,0.5,1,True,21,2.8978484655826584,0.05555015490342824,0.0,2026107054,support_band50,0.05555015490342824,2.745344171587736
0.12494561066213214,asymmetric_crash,historical,0.23893811360939998,285,False,-1,3.201403875522027,0.0402698364516747,0.12381017848357699,2026107054,fixed_bank,0.03761312907924606,3.085245723470861
0.12494561066213214,asymmetric_crash,historical_se_penalty,0.23893811360939998,285,False,-1,3.201403875522027,0.0402698364516747,0.12381017848357699,2026107054,fixed_bank,0.03761312907924606,3.085245723470861
0.09810020800133869,asymmetric_crash,support_mix50,0.23893811360939998,285,False,-1,3.180383089898988,0.03176051911124562,0.12381017848357699,2026107054,fixed_bank,0.030863351438453885,3.085245723470861
0.13703321052900785,asymmetric_crash,support_band50,0.23893811360939998,285,False,-1,3.222010390401227,0.04446933300180579,0.12381017848357699,2026107054,fixed_bank,0.044391321788143034,3.085245723470861
0.08998901183814656,asymmetric_crash,historical,0.125,1,False,0,2.9863962375692754,0.031069184967742573,0.03317914171128966,2026107043,equal_weight,0.031069184967742573,2.896407225731129
0.08998901183814656,asymmetric_crash,historical_se_penalty,0.125,1,False,0,2.9863962375692754,0.031069184967742573,0.03317914171128966,2026107043,equal_weight,0.031069184967742573,2.896407225731129
0.11066645836092537,asymmetric_crash,support_mix50,0.125,1,False,0,3.0070736840920542,0.03820818335826043,0.03317914171128966,2026107043,equal_weight,0.03820818335826043,2.896407225731129
0.25848819511623145,asymmetric_crash,support_band50,0.125,1,False,0,3.1548954208473603,0.08924442420246423,0.03317914171128966,2026107043,equal_weight,0.08924442420246423,2.896407225731129
0.14321225280784988,asymmetric_crash,historical,0.2879107598989587,1,True,121,2.8294762403842504,0.04817600402323596,0.060389477931909186,2026107043,historical,-0.04817600402323596,2.9726884931921003
0.14321225280784988,asymmetric_crash,historical_se_penalty,0.2879107598989587,1,False,121,2.8294762403842504,0.04817600402323596,0.060389477931909186,2026107043,historical,-0.04817600402323596,2.9726884931921003
0.14993855040151738,asymmetric_crash,support_mix50,0.2879107598989587,1,False,121,2.822749942790583,0.05043870245567237,0.060389477931909186,2026107043,historical,-0.05043870245567237,2.9726884931921003
0.020535398159454488,asymmetric_crash,support_band50,0.2879107598989587,1,False,121,2.952153095032646,0.006908022218434125,0.060389477931909186,2026107043,historical,-0.006908022218434125,2.9726884931921003
0.025662298798341254,asymmetric_crash,historical,0.5,1,False,7,2.830951930065527,0.00898346669950869,0.018984558165097143,2026107043,historical_se_penalty,-0.00898346669950869,2.8566142288638683
0.025662298798341254,asymmetric_crash,historical_se_penalty,0.5,1,True,7,2.830951930065527,0.00898346669950869,0.018984558165097143,2026107043,historical_se_penalty,-0.00898346669950869,2.8566142288638683
0.020800079141310324,asymmetric_crash,support_mix50,0.5,1,False,7,2.835814149722558,0.0072813748986970935,0.018984558165097143,2026107043,historical_se_penalty,-0.0072813748986970935,2.8566142288638683
0.09815870790355641,asymmetric_crash,support_band50,0.5,1,False,7,2.9547729367674247,0.03436190540246523,0.018984558165097143,2026107043,historical_se_penalty,0.03436190540246523,2.8566142288638683
0.062264258746429046,asymmetric_crash,historical,0.24470344936369273,1,False,260,2.8562386631607817,0.021334314342827527,0.04106091061723327,2026107043,support_mix50,-0.021334314342827527,2.9185029219072107
0.062264258746429046,asymmetric_crash,historical_se_penalty,0.24470344936369273,1,False,260,2.8562386631607817,0.021334314342827527,0.04106091061723327,2026107043,support_mix50,-0.021334314342827527,2.9185029219072107
0.10354050173475304,asymmetric_crash,support_mix50,0.24470344936369273,1,True,260,2.8149624201724577,0.035477265058583674,0.04106091061723327,2026107043,support_mix50,-0.035477265058583674,2.9185029219072107
0.03033162293759384,asymmetric_crash,support_band50,0.24470344936369273,1,False,260,2.9488345448448046,0.01039287050559896,0.04106091061723327,2026107043,support_mix50,0.01039287050559896,2.9185029219072107
0.062264258746429046,asymmetric_crash,historical,0.24470344936369273,1,False,260,2.8562386631607817,0.021334314342827527,0.04106091061723327,2026107043,support_band50,-0.021334314342827527,2.9185029219072107
0.062264258746429046,asymmetric_crash,historical_se_penalty,0.24470344936369273,1,False,260,2.8562386631607817,0.021334314342827527,0.04106091061723327,2026107043,support_band50,-0.021334314342827527,2.9185029219072107
0.10354050173475304,asymmetric_crash,support_mix50,0.24470344936369273,1,False,260,2.8149624201724577,0.035477265058583674,0.04106091061723327,2026107043,support_band50,-0.035477265058583674,2.9185029219072107
0.03033162293759384,asymmetric_crash,support_band50,0.24470344936369273,1,True,260,2.9488345448448046,0.01039287050559896,0.04106091061723327,2026107043,support_band50,0.01039287050559896,2.9185029219072107
0.1429620677582193,asymmetric_crash,historical,0.24056514471696425,285,False,-1,3.099562960232331,0.04682864100172305,0.07612680489678192,2026107043,fixed_bank,0.028181679503540703,3.0168064062378983
0.1429620677582193,asymmetric_crash,historical_se_penalty,0.24056514471696425,285,False,-1,3.099562960232331,0.04682864100172305,0.07612680489678192,2026107043,fixed_bank,0.028181679503540703,3.0168064062378983
0.17463872593452867,asymmetric_crash,support_mix50,0.24056514471696425,285,False,-1,3.1207265115974523,0.057317985206270135,0.07612680489678192,2026107043,fixed_bank,0.03538962337464536,3.0168064062378983
0.26629691018526325,asymmetric_crash,support_band50,0.24056514471696425,285,False,-1,3.2636468613811473,0.08855718990562943,0.07612680489678192,2026107043,fixed_bank,0.08287865513424085,3.0168064062378983
0.30686459849461256,asymmetric_crash,historical,0.125,1,False,0,2.49312527753406,0.10959489572506946,0.015156672529746285,2026107000,equal_weight,-0.10959489572506946,2.7999898760286728
0.30686459849461256,asymmetric_crash,historical_se_penalty,0.125,1,False,0,2.49312527753406,0.10959489572506946,0.015156672529746285,2026107000,equal_weight,-0.10959489572506946,2.7999898760286728
0.3821382323482001,asymmetric_crash,support_mix50,0.125,1,False,0,2.4178516436804727,0.13647843358998163,0.015156672529746285,2026107000,equal_weight,-0.13647843358998163,2.7999898760286728
0.4775946765134851,asymmetric_crash,support_band50,0.125,1,False,0,2.3223951995151877,0.17057014405740456,0.015156672529746285,2026107000,equal_weight,-0.17057014405740456,2.7999898760286728
0.3665055191963824,asymmetric_crash,historical,0.5,1,True,7,2.3916794504705803,0.13287923878456787,0.0,2026107000,historical,-0.13287923878456787,2.7581849696669627
0.3665055191963824,asymmetric_crash,historical_se_penalty,0.5,1,False,7,2.3916794504705803,0.13287923878456787,0.0,2026107000,historical,-0.13287923878456787,2.7581849696669627
0.40100821917688734,asymmetric_crash,support_mix50,0.5,1,False,7,2.3571767504900754,0.14538844333754278,0.0,2026107000,historical,-0.14538844333754278,2.7581849696669627
0.4798548757191954,asymmetric_crash,support_band50,0.5,1,False,7,2.2783300939477673,0.17397487151745863,0.0,2026107000,historical,-0.17397487151745863,2.7581849696669627
0.3665055191963824,asymmetric_crash,historical,0.5,1,False,7,2.3916794504705803,0.13287923878456787,0.0,2026107000,historical_se_penalty,-0.13287923878456787,2.7581849696669627
0.3665055191963824,asymmetric_crash,historical_se_penalty,0.5,1,True,7,2.3916794504705803,0.13287923878456787,0.0,2026107000,historical_se_penalty,-0.13287923878456787,2.7581849696669627
0.40100821917688734,asymmetric_crash,support_mix50,0.5,1,False,7,2.3571767504900754,0.14538844333754278,0.0,2026107000,historical_se_penalty,-0.14538844333754278,2.7581849696669627
0.4798548757191954,asymmetric_crash,support_band50,0.5,1,False,7,2.2783300939477673,0.17397487151745863,0.0,2026107000,historical_se_penalty,-0.17397487151745863,2.7581849696669627
0.352377411299972,asymmetric_crash,historical,0.15631188639631804,1,False,277,2.4260543131511465,0.12682601058681206,0.007340608047255337,2026107000,support_mix50,-0.12682601058681206,2.7784317244511185
0.352377411299972,asymmetric_crash,historical_se_penalty,0.15631188639631804,1,False,277,2.4260543131511465,0.12682601058681206,0.007340608047255337,2026107000,support_mix50,-0.12682601058681206,2.7784317244511185
0.439855711636572,asymmetric_crash,support_mix50,0.15631188639631804,1,True,277,2.3385760128145465,0.15831078653677044,0.007340608047255337,2026107000,support_mix50,-0.15831078653677044,2.7784317244511185
0.5266708735077628,asymmetric_crash,support_band50,0.15631188639631804,1,False,277,2.2517608509433558,0.18955688882792576,0.007340608047255337,2026107000,support_mix50,-0.18955688882792576,2.7784317244511185
0.352377411299972,asymmetric_crash,historical,0.15631188639631804,1,False,277,2.4260543131511465,0.12682601058681206,0.007340608047255337,2026107000,support_band50,-0.12682601058681206,2.7784317244511185
0.352377411299972,asymmetric_crash,historical_se_penalty,0.15631188639631804,1,False,277,2.4260543131511465,0.12682601058681206,0.007340608047255337,2026107000,support_band50,-0.12682601058681206,2.7784317244511185
0.439855711636572,asymmetric_crash,support_mix50,0.15631188639631804,1,False,277,2.3385760128145465,0.15831078653677044,0.007340608047255337,2026107000,support_band50,-0.15831078653677044,2.7784317244511185
0.5266708735077628,asymmetric_crash,support_band50,0.15631188639631804,1,True,277,2.2517608509433558,0.18955688882792576,0.007340608047255337,2026107000,support_band50,-0.18955688882792576,2.7784317244511185
0.3196176902910227,asymmetric_crash,historical,0.24395334502703522,285,False,-1,2.59616946260373,0.10962494347984439,0.05713981656814693,2026107000,fixed_bank,-0.10962494347984439,2.9157871528947528
0.3196176902910227,asymmetric_crash,historical_se_penalty,0.24395334502703522,285,False,-1,2.59616946260373,0.10962494347984439,0.05713981656814693,2026107000,fixed_bank,-0.10962494347984439,2.9157871528947528
0.4041749051122505,asymmetric_crash,support_mix50,0.24395334502703522,285,False,-1,2.511612247782502,0.13863942516323588,0.05713981656814693,2026107000,fixed_bank,-0.13863942516323588,2.9157871528947528
0.4934578734567709,asymmetric_crash,support_band50,0.24395334502703522,285,False,-1,2.4223292794379816,0.16928430240905534,0.05713981656814693,2026107000,fixed_bank,-0.16928430240905534,2.9157871528947528
0.30557758092578124,asymmetric_crash,historical,0.125,1,False,0,3.194823792532864,0.10576377315930098,0.05768863309083638,2026107006,equal_weight,0.10576377315930098,2.889246211607083
0.30557758092578124,asymmetric_crash,historical_se_penalty,0.125,1,False,0,3.194823792532864,0.10576377315930098,0.05768863309083638,2026107006,equal_weight,0.10576377315930098,2.889246211607083
0.37040828250626623,asymmetric_crash,support_mix50,0.125,1,False,0,3.259654494113349,0.12820239445783832,0.05768863309083638,2026107006,equal_weight,0.12820239445783832,2.889246211607083
0.33673983559871745,asymmetric_crash,support_band50,0.125,1,False,0,3.2259860472058004,0.11654937341300967,0.05768863309083638,2026107006,equal_weight,0.11654937341300967,2.889246211607083
0.22276541348160217,asymmetric_crash,historical,0.5,1,True,18,2.9544258674319934,0.08154945215077881,0.0,2026107006,historical,0.08154945215077881,2.7316604539503913
0.22276541348160217,asymmetric_crash,historical_se_penalty,0.5,1,False,18,2.9544258674319934,0.08154945215077881,0.0,2026107006,historical,0.08154945215077881,2.7316604539503913
0.2481681363737045,asymmetric_crash,support_mix50,0.5,1,False,18,2.9798285903240957,0.09084882274252501,0.0,2026107006,historical,0.09084882274252501,2.7316604539503913
0.2222809511131132,asymmetric_crash,support_band50,0.5,1,False,18,2.9539414050635044,0.08137210127695832,0.0,2026107006,historical,0.08137210127695832,2.7316604539503913
0.22276541348160217,asymmetric_crash,historical,0.5,1,False,18,2.9544258674319934,0.08154945215077881,0.0,2026107006,historical_se_penalty,0.08154945215077881,2.7316604539503913
0.22276541348160217,asymmetric_crash,historical_se_penalty,0.5,1,True,18,2.9544258674319934,0.08154945215077881,0.0,2026107006,historical_se_penalty,0.08154945215077881,2.7316604539503913
0.2481681363737045,asymmetric_crash,support_mix50,0.5,1,False,18,2.9798285903240957,0.09084882274252501,0.0,2026107006,historical_se_penalty,0.09084882274252501,2.7316604539503913
0.2222809511131132,asymmetric_crash,support_band50,0.5,1,False,18,2.9539414050635044,0.08137210127695832,0.0,2026107006,historical_se_penalty,0.08137210127695832,2.7316604539503913
0.22276541348160217,asymmetric_crash,historical,0.5,1,False,18,2.9544258674319934,0.08154945215077881,0.0,2026107006,support_mix50,0.08154945215077881,2.7316604539503913
0.22276541348160217,asymmetric_crash,historical_se_penalty,0.5,1,False,18,2.9544258674319934,0.08154945215077881,0.0,2026107006,support_mix50,0.08154945215077881,2.7316604539503913
0.2481681363737045,asymmetric_crash,support_mix50,0.5,1,True,18,2.9798285903240957,0.09084882274252501,0.0,2026107006,support_mix50,0.09084882274252501,2.7316604539503913
0.2222809511131132,asymmetric_crash,support_band50,0.5,1,False,18,2.9539414050635044,0.08137210127695832,0.0,2026107006,support_mix50,0.08137210127695832,2.7316604539503913
0.22276541348160217,asymmetric_crash,historical,0.5,1,False,18,2.9544258674319934,0.08154945215077881,0.0,2026107006,support_band50,0.08154945215077881,2.7316604539503913
0.22276541348160217,asymmetric_crash,historical_se_penalty,0.5,1,False,18,2.9544258674319934,0.08154945215077881,0.0,2026107006,support_band50,0.08154945215077881,2.7316604539503913
0.2481681363737045,asymmetric_crash,support_mix50,0.5,1,False,18,2.9798285903240957,0.09084882274252501,0.0,2026107006,support_band50,0.09084882274252501,2.7316604539503913
0.2222809511131132,asymmetric_crash,support_band50,0.5,1,True,18,2.9539414050635044,0.08137210127695832,0.0,2026107006,support_band50,0.08137210127695832,2.7316604539503913
0.2995742777561505,asymmetric_crash,historical,0.24084186670034022,285,False,-1,3.2968151237991403,0.10021278279034666,0.09722306141985158,2026107006,fixed_bank,0.10021278279034666,2.9972408460429896
0.2995742777561505,asymmetric_crash,historical_se_penalty,0.24084186670034022,285,False,-1,3.2968151237991403,0.10021278279034666,0.09722306141985158,2026107006,fixed_bank,0.10021278279034666,2.9972408460429896
0.3612263648304458,asymmetric_crash,support_mix50,0.24084186670034022,285,False,-1,3.3584672108734357,0.12086868556947628,0.09722306141985158,2026107006,fixed_bank,0.12086868556947628,2.9972408460429896
0.32751441445327284,asymmetric_crash,support_band50,0.24084186670034022,285,False,-1,3.3245088407709322,0.10961525604811038,0.09722306141985158,2026107006,fixed_bank,0.10954403072728174,2.9972408460429896
0.05971302991899918,gaussian,historical,0.125,1,False,0,1.197327435456516,0.052489692138510756,0.07703499870564601,2026107011,equal_weight,0.052489692138510756,1.1376144055375168
0.05971302991899918,gaussian,historical_se_penalty,0.125,1,False,0,1.197327435456516,0.052489692138510756,0.07703499870564601,2026107011,equal_weight,0.052489692138510756,1.1376144055375168
0.1445146085233151,gaussian,support_mix50,0.125,1,False,0,1.282129014060832,0.12703303317878847,0.07703499870564601,2026107011,equal_weight,0.12703303317878847,1.1376144055375168
0.1445146085233151,gaussian,support_band50,0.125,1,False,0,1.282129014060832,0.12703303317878847,0.07703499870564601,2026107011,equal_weight,0.12703303317878847,1.1376144055375168
0.032554242549182044,gaussian,historical,0.2139885461521446,1,True,262,1.0390631507015877,0.030378605978415664,0.014552410847374686,2026107011,historical,-0.030378605978415664,1.0716173932507698
0.032554242549182044,gaussian,historical_se_penalty,0.2139885461521446,1,False,262,1.0390631507015877,0.030378605978415664,0.014552410847374686,2026107011,historical,-0.030378605978415664,1.0716173932507698
0.046227954080428235,gaussian,support_mix50,0.2139885461521446,1,False,262,1.117845347331198,0.04313848801967925,0.014552410847374686,2026107011,historical,0.04313848801967925,1.0716173932507698
0.046227954080428235,gaussian,support_band50,0.2139885461521446,1,False,262,1.117845347331198,0.04313848801967925,0.014552410847374686,2026107011,historical,0.04313848801967925,1.0716173932507698
0.032554242549182044,gaussian,historical,0.2139885461521446,1,False,262,1.0390631507015877,0.030378605978415664,0.014552410847374686,2026107011,historical_se_penalty,-0.030378605978415664,1.0716173932507698
0.032554242549182044,gaussian,historical_se_penalty,0.2139885461521446,1,True,262,1.0390631507015877,0.030378605978415664,0.014552410847374686,2026107011,historical_se_penalty,-0.030378605978415664,1.0716173932507698
0.046227954080428235,gaussian,support_mix50,0.2139885461521446,1,False,262,1.117845347331198,0.04313848801967925,0.014552410847374686,2026107011,historical_se_penalty,0.04313848801967925,1.0716173932507698
0.046227954080428235,gaussian,support_band50,0.2139885461521446,1,False,262,1.117845347331198,0.04313848801967925,0.014552410847374686,2026107011,historical_se_penalty,0.04313848801967925,1.0716173932507698
0.07442326117702902,gaussian,historical,0.2629334703300497,1,False,186,1.0678972052491624,0.0651509478858118,0.08149045589612314,2026107011,support_mix50,-0.0651509478858118,1.1423204664261914
0.07442326117702902,gaussian,historical_se_penalty,0.2629334703300497,1,False,186,1.0678972052491624,0.0651509478858118,0.08149045589612314,2026107011,support_mix50,-0.0651509478858118,1.1423204664261914
0.02658748261635857,gaussian,support_mix50,0.2629334703300497,1,True,186,1.1157329838098329,0.023274977029466067,0.08149045589612314,2026107011,support_mix50,-0.023274977029466067,1.1423204664261914
0.02658748261635857,gaussian,support_band50,0.2629334703300497,1,False,186,1.1157329838098329,0.023274977029466067,0.08149045589612314,2026107011,support_mix50,-0.023274977029466067,1.1423204664261914
0.07442326117702902,gaussian,historical,0.2629334703300497,1,False,186,1.0678972052491624,0.0651509478858118,0.08149045589612314,2026107011,support_band50,-0.0651509478858118,1.1423204664261914
0.07442326117702902,gaussian,historical_se_penalty,0.2629334703300497,1,False,186,1.0678972052491624,0.0651509478858118,0.08149045589612314,2026107011,support_band50,-0.0651509478858118,1.1423204664261914
0.02658748261635857,gaussian,support_mix50,0.2629334703300497,1,False,186,1.1157329838098329,0.023274977029466067,0.08149045589612314,2026107011,support_band50,-0.023274977029466067,1.1423204664261914
0.02658748261635857,gaussian,support_band50,0.2629334703300497,1,True,186,1.1157329838098329,0.023274977029466067,0.08149045589612314,2026107011,support_band50,-0.023274977029466067,1.1423204664261914
0.07445644903575654,gaussian,historical,0.24108408255903646,285,False,-1,1.338029466177703,0.05765352911469505,0.20708890794106474,2026107011,fixed_bank,0.048781788931304707,1.2749833868802636
0.07445644903575654,gaussian,historical_se_penalty,0.24108408255903646,285,False,-1,1.338029466177703,0.05765352911469505,0.20708890794106474,2026107011,fixed_bank,0.048781788931304707,1.2749833868802636
0.12825709748756078,gaussian,support_mix50,0.24108408255903646,285,False,-1,1.400220979008791,0.1005688596557046,0.20708890794106474,2026107011,fixed_bank,0.09846027674722367,1.2749833868802636
0.1282570974875607,gaussian,support_band50,0.24108408255903646,285,False,-1,1.4002209790087907,0.10056885965570456,0.20708890794106474,2026107011,fixed_bank,0.09846027674722363,1.2749833868802636
0.00916170643581804,gaussian,historical,0.125,1,False,0,1.3138886174997904,0.007021934136659216,0.07630797019010305,2026107002,equal_weight,0.007021934136659216,1.3047269110639723
0.00916170643581804,gaussian,historical_se_penalty,0.125,1,False,0,1.3138886174997904,0.007021934136659216,0.07630797019010305,2026107002,equal_weight,0.007021934136659216,1.3047269110639723
0.04203459955506217,gaussian,support_mix50,0.125,1,False,0,1.3467615106190345,0.03221716299296992,0.07630797019010305,2026107002,equal_weight,0.03221716299296992,1.3047269110639723
0.04203459955506195,gaussian,support_band50,0.125,1,False,0,1.3467615106190343,0.032217162992969756,0.07630797019010305,2026107002,equal_weight,0.032217162992969756,1.3047269110639723
0.0885555284736268,gaussian,historical,0.2305033461901058,1,True,67,1.1379577206272427,0.07220103699535652,0.011787198038639035,2026107002,historical,-0.07220103699535652,1.2265132491008695
0.0885555284736268,gaussian,historical_se_penalty,0.2305033461901058,1,False,67,1.1379577206272427,0.07220103699535652,0.011787198038639035,2026107002,historical,-0.07220103699535652,1.2265132491008695
0.054503421656094675,gaussian,support_mix50,0.2305033461901058,1,False,67,1.1720098274447748,0.044437694982952664,0.011787198038639035,2026107002,historical,-0.044437694982952664,1.2265132491008695
0.054503421656094675,gaussian,support_band50,0.2305033461901058,1,False,67,1.1720098274447748,0.044437694982952664,0.011787198038639035,2026107002,historical,-0.044437694982952664,1.2265132491008695
0.0885555284736268,gaussian,historical,0.2305033461901058,1,False,67,1.1379577206272427,0.07220103699535652,0.011787198038639035,2026107002,historical_se_penalty,-0.07220103699535652,1.2265132491008695
0.0885555284736268,gaussian,historical_se_penalty,0.2305033461901058,1,True,67,1.1379577206272427,0.07220103699535652,0.011787198038639035,2026107002,historical_se_penalty,-0.07220103699535652,1.2265132491008695
0.054503421656094675,gaussian,support_mix50,0.2305033461901058,1,False,67,1.1720098274447748,0.044437694982952664,0.011787198038639035,2026107002,historical_se_penalty,-0.044437694982952664,1.2265132491008695
0.054503421656094675,gaussian,support_band50,0.2305033461901058,1,False,67,1.1720098274447748,0.044437694982952664,0.011787198038639035,2026107002,historical_se_penalty,-0.044437694982952664,1.2265132491008695
0.0885555284736268,gaussian,historical,0.2305033461901058,1,False,67,1.1379577206272427,0.07220103699535652,0.011787198038639035,2026107002,support_mix50,-0.07220103699535652,1.2265132491008695
0.0885555284736268,gaussian,historical_se_penalty,0.2305033461901058,1,False,67,1.1379577206272427,0.07220103699535652,0.011787198038639035,2026107002,support_mix50,-0.07220103699535652,1.2265132491008695
0.054503421656094675,gaussian,support_mix50,0.2305033461901058,1,True,67,1.1720098274447748,0.044437694982952664,0.011787198038639035,2026107002,support_mix50,-0.044437694982952664,1.2265132491008695
0.054503421656094675,gaussian,support_band50,0.2305033461901058,1,False,67,1.1720098274447748,0.044437694982952664,0.011787198038639035,2026107002,support_mix50,-0.044437694982952664,1.2265132491008695
0.0885555284736268,gaussian,historical,0.2305033461901058,1,False,67,1.1379577206272427,0.07220103699535652,0.011787198038639035,2026107002,support_band50,-0.07220103699535652,1.2265132491008695
0.0885555284736268,gaussian,historical_se_penalty,0.2305033461901058,1,False,67,1.1379577206272427,0.07220103699535652,0.011787198038639035,2026107002,support_band50,-0.07220103699535652,1.2265132491008695
0.054503421656094675,gaussian,support_mix50,0.2305033461901058,1,False,67,1.1720098274447748,0.044437694982952664,0.011787198038639035,2026107002,support_band50,-0.044437694982952664,1.2265132491008695
0.054503421656094675,gaussian,support_band50,0.2305033461901058,1,True,67,1.1720098274447748,0.044437694982952664,0.011787198038639035,2026107002,support_band50,-0.044437694982952664,1.2265132491008695
0.0333566861893603,gaussian,historical,0.238178904684963,285,False,-1,1.4640725644233858,0.022809884247058813,0.19874496146416587,2026107002,fixed_bank,0.0066118809916657735,1.453148033873979
0.0333566861893603,gaussian,historical_se_penalty,0.238178904684963,285,False,-1,1.4640725644233858,0.022809884247058813,0.19874496146416587,2026107002,fixed_bank,0.0066118809916657735,1.453148033873979
0.04498973636628862,gaussian,support_mix50,0.238178904684963,285,False,-1,1.4889559722265064,0.030900654366045364,0.19874496146416587,2026107002,fixed_bank,0.024478568296194787,1.453148033873979
0.04498973636628858,gaussian,support_band50,0.238178904684963,285,False,-1,1.4889559722265062,0.03090065436604534,0.19874496146416587,2026107002,fixed_bank,0.02447856829619475,1.453148033873979
0.6026585374199449,asymmetric_crash,historical,0.125,1,False,0,3.5331199778217077,0.20565311971391137,0.0369137584415955,2026107044,equal_weight,0.20565311971391137,2.930461440401763
0.6026585374199449,asymmetric_crash,historical_se_penalty,0.125,1,False,0,3.5331199778217077,0.20565311971391137,0.0369137584415955,2026107044,equal_weight,0.20565311971391137,2.930461440401763
0.6427941467688645,asymmetric_crash,support_mix50,0.125,1,False,0,3.5732555871706273,0.21934912294247358,0.0369137584415955,2026107044,equal_weight,0.21934912294247358,2.930461440401763
0.6427941467688645,asymmetric_crash,support_band50,0.125,1,False,0,3.5732555871706273,0.21934912294247358,0.0369137584415955,2026107044,equal_weight,0.21934912294247358,2.930461440401763
0.31505568829237385,asymmetric_crash,historical,0.5,1,True,19,3.2702165124843976,0.10661202791848523,0.04565338235339822,2026107044,historical,0.10661202791848523,2.9551608241920237
0.31505568829237385,asymmetric_crash,historical_se_penalty,0.5,1,False,19,3.2702165124843976,0.10661202791848523,0.04565338235339822,2026107044,historical,0.10661202791848523,2.9551608241920237
0.4600098617471944,asymmetric_crash,support_mix50,0.5,1,False,19,3.415170685939218,0.15566322414042105,0.04565338235339822,2026107044,historical,0.15566322414042105,2.9551608241920237
0.4600098617471944,asymmetric_crash,support_band50,0.5,1,False,19,3.415170685939218,0.15566322414042105,0.04565338235339822,2026107044,historical,0.15566322414042105,2.9551608241920237
0.31505568829237385,asymmetric_crash,historical,0.5,1,False,19,3.2702165124843976,0.10661202791848523,0.04565338235339822,2026107044,historical_se_penalty,0.10661202791848523,2.9551608241920237
0.31505568829237385,asymmetric_crash,historical_se_penalty,0.5,1,True,19,3.2702165124843976,0.10661202791848523,0.04565338235339822,2026107044,historical_se_penalty,0.10661202791848523,2.9551608241920237
0.4600098617471944,asymmetric_crash,support_mix50,0.5,1,False,19,3.415170685939218,0.15566322414042105,0.04565338235339822,2026107044,historical_se_penalty,0.15566322414042105,2.9551608241920237
0.4600098617471944,asymmetric_crash,support_band50,0.5,1,False,19,3.415170685939218,0.15566322414042105,0.04565338235339822,2026107044,historical_se_penalty,0.15566322414042105,2.9551608241920237
0.4072521701799867,asymmetric_crash,historical,0.5,1,False,9,3.3157669068932214,0.1400206658881164,0.029148142182896075,2026107044,support_mix50,0.1400206658881164,2.9085147367132347
0.4072521701799867,asymmetric_crash,historical_se_penalty,0.5,1,False,9,3.3157669068932214,0.1400206658881164,0.029148142182896075,2026107044,support_mix50,0.1400206658881164,2.9085147367132347
0.4008874776215894,asymmetric_crash,support_mix50,0.5,1,True,9,3.309402214334824,0.1378323694087973,0.029148142182896075,2026107044,support_mix50,0.1378323694087973,2.9085147367132347
0.4008874776215894,asymmetric_crash,support_band50,0.5,1,False,9,3.309402214334824,0.1378323694087973,0.029148142182896075,2026107044,support_mix50,0.1378323694087973,2.9085147367132347
0.4072521701799867,asymmetric_crash,historical,0.5,1,False,9,3.3157669068932214,0.1400206658881164,0.029148142182896075,2026107044,support_band50,0.1400206658881164,2.9085147367132347
0.4072521701799867,asymmetric_crash,historical_se_penalty,0.5,1,False,9,3.3157669068932214,0.1400206658881164,0.029148142182896075,2026107044,support_band50,0.1400206658881164,2.9085147367132347
0.4008874776215894,asymmetric_crash,support_mix50,0.5,1,False,9,3.309402214334824,0.1378323694087973,0.029148142182896075,2026107044,support_band50,0.1378323694087973,2.9085147367132347
0.4008874776215894,asymmetric_crash,support_band50,0.5,1,True,9,3.309402214334824,0.1378323694087973,0.029148142182896075,2026107044,support_band50,0.1378323694087973,2.9085147367132347
0.5879645272867283,asymmetric_crash,historical,0.24334330861190556,285,False,-1,3.6443534566818325,0.19241109227538117,0.08147191030906957,2026107044,fixed_bank,0.19241109227538117,3.056388929395105
0.5879645272867283,asymmetric_crash,historical_se_penalty,0.24334330861190556,285,False,-1,3.6443534566818325,0.19241109227538117,0.08147191030906957,2026107044,fixed_bank,0.19241109227538117,3.056388929395105
0.655241659418631,asymmetric_crash,support_mix50,0.24334330861190556,285,False,-1,3.711630588813736,0.2143299708774807,0.08147191030906957,2026107044,fixed_bank,0.2143299708774807,3.056388929395105
0.655241659418631,asymmetric_crash,support_band50,0.24334330861190556,285,False,-1,3.711630588813736,0.21432997087748065,0.08147191030906957,2026107044,fixed_bank,0.21432997087748065,3.056388929395105
0.15355344773734814,asymmetric_crash,historical,0.125,1,False,0,2.5799206902403484,0.05617519683246443,0.02970782052614429,2026107041,equal_weight,-0.05617519683246443,2.7334741379776966
0.15355344773734814,asymmetric_crash,historical_se_penalty,0.125,1,False,0,2.5799206902403484,0.05617519683246443,0.02970782052614429,2026107041,equal_weight,-0.05617519683246443,2.7334741379776966
0.12531021161214495,asymmetric_crash,support_mix50,0.125,1,False,0,2.6081639263655516,0.04584283782719564,0.02970782052614429,2026107041,equal_weight,-0.04584283782719564,2.7334741379776966
0.0902469159899657,asymmetric_crash,support_band50,0.125,1,False,0,2.643227221987731,0.033015463631469726,0.02970782052614429,2026107041,equal_weight,-0.033015463631469726,2.7334741379776966
0.28590030455959514,asymmetric_crash,historical,0.5,1,True,8,2.406085498417138,0.10620423935499715,0.014079041596958275,2026107041,historical,-0.10620423935499715,2.691985802976733
0.28590030455959514,asymmetric_crash,historical_se_penalty,0.5,1,False,8,2.406085498417138,0.10620423935499715,0.014079041596958275,2026107041,historical,-0.10620423935499715,2.691985802976733
0.3214265395337317,asymmetric_crash,support_mix50,0.5,1,False,8,2.3705592634430013,0.11940127588277248,0.014079041596958275,2026107041,historical,-0.11940127588277248,2.691985802976733
0.2886850756954322,asymmetric_crash,support_band50,0.5,1,False,8,2.4033007272813007,0.10723870659949664,0.014079041596958275,2026107041,historical,-0.10723870659949664,2.691985802976733
0.28590030455959514,asymmetric_crash,historical,0.5,1,False,8,2.406085498417138,0.10620423935499715,0.014079041596958275,2026107041,historical_se_penalty,-0.10620423935499715,2.691985802976733
0.28590030455959514,asymmetric_crash,historical_se_penalty,0.5,1,True,8,2.406085498417138,0.10620423935499715,0.014079041596958275,2026107041,historical_se_penalty,-0.10620423935499715,2.691985802976733
0.3214265395337317,asymmetric_crash,support_mix50,0.5,1,False,8,2.3705592634430013,0.11940127588277248,0.014079041596958275,2026107041,historical_se_penalty,-0.11940127588277248,2.691985802976733
0.2886850756954322,asymmetric_crash,support_band50,0.5,1,False,8,2.4033007272813007,0.10723870659949664,0.014079041596958275,2026107041,historical_se_penalty,-0.10723870659949664,2.691985802976733
0.28590030455959514,asymmetric_crash,historical,0.5,1,False,8,2.406085498417138,0.10620423935499715,0.014079041596958275,2026107041,support_mix50,-0.10620423935499715,2.691985802976733
0.28590030455959514,asymmetric_crash,historical_se_penalty,0.5,1,False,8,2.406085498417138,0.10620423935499715,0.014079041596958275,2026107041,support_mix50,-0.10620423935499715,2.691985802976733
0.3214265395337317,asymmetric_crash,support_mix50,0.5,1,True,8,2.3705592634430013,0.11940127588277248,0.014079041596958275,2026107041,support_mix50,-0.11940127588277248,2.691985802976733
0.2886850756954322,asymmetric_crash,support_band50,0.5,1,False,8,2.4033007272813007,0.10723870659949664,0.014079041596958275,2026107041,support_mix50,-0.10723870659949664,2.691985802976733
0.28590030455959514,asymmetric_crash,historical,0.5,1,False,8,2.406085498417138,0.10620423935499715,0.014079041596958275,2026107041,support_band50,-0.10620423935499715,2.691985802976733
0.28590030455959514,asymmetric_crash,historical_se_penalty,0.5,1,False,8,2.406085498417138,0.10620423935499715,0.014079041596958275,2026107041,support_band50,-0.10620423935499715,2.691985802976733
0.3214265395337317,asymmetric_crash,support_mix50,0.5,1,False,8,2.3705592634430013,0.11940127588277248,0.014079041596958275,2026107041,support_band50,-0.11940127588277248,2.691985802976733
0.2886850756954322,asymmetric_crash,support_band50,0.5,1,True,8,2.4033007272813007,0.10723870659949664,0.014079041596958275,2026107041,support_band50,-0.10723870659949664,2.691985802976733
0.1442659599057054,asymmetric_crash,historical,0.24231011053807253,285,False,-1,2.712982901199311,0.05033889416668608,0.07387093611575227,2026107041,fixed_bank,-0.048244283779937495,2.8507100488936983
0.1442659599057054,asymmetric_crash,historical_se_penalty,0.24231011053807253,285,False,-1,2.712982901199311,0.05033889416668608,0.07387093611575227,2026107041,fixed_bank,-0.048244283779937495,2.8507100488936983
0.12030934607184175,asymmetric_crash,support_mix50,0.24231011053807253,285,False,-1,2.741789728041024,0.042033254721988676,0.07387093611575227,2026107041,fixed_bank,-0.03829392122212111,2.8507100488936983
0.09747809277555852,asymmetric_crash,support_band50,0.24231011053807253,285,False,-1,2.7766647015443873,0.033871746394487555,0.07387093611575227,2026107041,fixed_bank,-0.026024367228062683,2.8507100488936983
0.4148226362405891,asymmetric_crash,historical,0.125,1,False,0,3.2910982854045017,0.14422214239486103,0.03537927667506602,2026107037,equal_weight,0.14422214239486103,2.8762756491639125
0.4148226362405891,asymmetric_crash,historical_se_penalty,0.125,1,False,0,3.2910982854045017,0.14422214239486103,0.03537927667506602,2026107037,equal_weight,0.14422214239486103,2.8762756491639125
0.2895333676119898,asymmetric_crash,support_mix50,0.125,1,False,0,3.1658090167759023,0.1006625938985203,0.03537927667506602,2026107037,equal_weight,0.1006625938985203,2.8762756491639125
0.24270292770623225,asymmetric_crash,support_band50,0.125,1,False,0,3.118978576870145,0.08438096945846693,0.03537927667506602,2026107037,equal_weight,0.08438096945846693,2.8762756491639125
0.14417098585650745,asymmetric_crash,historical,0.22541972781382197,1,True,49,3.0183872085713026,0.05016010441981746,0.03463794040297663,2026107037,historical,0.05016010441981746,2.874216222714795
0.14417098585650745,asymmetric_crash,historical_se_penalty,0.22541972781382197,1,False,49,3.0183872085713026,0.05016010441981746,0.03463794040297663,2026107037,historical,0.05016010441981746,2.874216222714795
0.058623172628767595,asymmetric_crash,support_mix50,0.22541972781382197,1,False,49,2.9328393953435627,0.020396229123428998,0.03463794040297663,2026107037,historical,0.020396229123428998,2.874216222714795
0.00136622156900712,asymmetric_crash,support_band50,0.22541972781382197,1,False,49,2.872850001145788,0.00047533708779803533,0.03463794040297663,2026107037,historical,-0.00047533708779803533,2.874216222714795
0.14417098585650745,asymmetric_crash,historical,0.22541972781382197,1,False,49,3.0183872085713026,0.05016010441981746,0.03463794040297663,2026107037,historical_se_penalty,0.05016010441981746,2.874216222714795
0.14417098585650745,asymmetric_crash,historical_se_penalty,0.22541972781382197,1,True,49,3.0183872085713026,0.05016010441981746,0.03463794040297663,2026107037,historical_se_penalty,0.05016010441981746,2.874216222714795
0.058623172628767595,asymmetric_crash,support_mix50,0.22541972781382197,1,False,49,2.9328393953435627,0.020396229123428998,0.03463794040297663,2026107037,historical_se_penalty,0.020396229123428998,2.874216222714795
0.00136622156900712,asymmetric_crash,support_band50,0.22541972781382197,1,False,49,2.872850001145788,0.00047533708779803533,0.03463794040297663,2026107037,historical_se_penalty,-0.00047533708779803533,2.874216222714795
0.14417098585650745,asymmetric_crash,historical,0.22541972781382197,1,False,49,3.0183872085713026,0.05016010441981746,0.03463794040297663,2026107037,support_mix50,0.05016010441981746,2.874216222714795
0.14417098585650745,asymmetric_crash,historical_se_penalty,0.22541972781382197,1,False,49,3.0183872085713026,0.05016010441981746,0.03463794040297663,2026107037,support_mix50,0.05016010441981746,2.874216222714795
0.058623172628767595,asymmetric_crash,support_mix50,0.22541972781382197,1,True,49,2.9328393953435627,0.020396229123428998,0.03463794040297663,2026107037,support_mix50,0.020396229123428998,2.874216222714795
0.00136622156900712,asymmetric_crash,support_band50,0.22541972781382197,1,False,49,2.872850001145788,0.00047533708779803533,0.03463794040297663,2026107037,support_mix50,-0.00047533708779803533,2.874216222714795
0.14417098585650745,asymmetric_crash,historical,0.22541972781382197,1,False,49,3.0183872085713026,0.05016010441981746,0.03463794040297663,2026107037,support_band50,0.05016010441981746,2.874216222714795
0.14417098585650745,asymmetric_crash,historical_se_penalty,0.22541972781382197,1,False,49,3.0183872085713026,0.05016010441981746,0.03463794040297663,2026107037,support_band50,0.05016010441981746,2.874216222714795
0.058623172628767595,asymmetric_crash,support_mix50,0.22541972781382197,1,False,49,2.9328393953435627,0.020396229123428998,0.03463794040297663,2026107037,support_band50,0.020396229123428998,2.874216222714795
0.00136622156900712,asymmetric_crash,support_band50,0.22541972781382197,1,True,49,2.872850001145788,0.00047533708779803533,0.03463794040297663,2026107037,support_band50,-0.00047533708779803533,2.874216222714795
0.4152778649902538,asymmetric_crash,historical,0.2415447226009145,285,False,-1,3.410341374193571,0.13808798199157862,0.07813960412877491,2026107037,fixed_bank,0.13808798199157862,2.9950635092033178
0.4152778649902538,asymmetric_crash,historical_se_penalty,0.2415447226009145,285,False,-1,3.410341374193571,0.13808798199157862,0.07813960412877491,2026107037,fixed_bank,0.13808798199157862,2.9950635092033178
0.3129259392011503,asymmetric_crash,support_mix50,0.2415447226009145,285,False,-1,3.306614368873203,0.10364238002240815,0.07813960412877491,2026107037,fixed_bank,0.10322246557340728,2.9950635092033178
0.26745548514874873,asymmetric_crash,support_band50,0.2415447226009145,285,False,-1,3.258542303728495,0.08833789233306905,0.07813960412877491,2026107037,fixed_bank,0.08712898467344564,2.9950635092033178
0.024851540043721032,gaussian,historical,0.125,1,False,0,1.1247704675479042,0.02161714013789907,0.1063581348690461,2026107050,equal_weight,-0.02161714013789907,1.1496220075916253
0.024851540043721032,gaussian,historical_se_penalty,0.125,1,False,0,1.1247704675479042,0.02161714013789907,0.1063581348690461,2026107050,equal_weight,-0.02161714013789907,1.1496220075916253
0.04128630152741586,gaussian,support_mix50,0.125,1,False,0,1.1083357060642094,0.035912935951798335,0.1063581348690461,2026107050,equal_weight,-0.035912935951798335,1.1496220075916253
0.04128630152741586,gaussian,support_band50,0.125,1,False,0,1.1083357060642094,0.035912935951798335,0.1063581348690461,2026107050,equal_weight,-0.035912935951798335,1.1496220075916253
0.035490017860138945,gaussian,historical,0.1891562612292057,1,True,138,1.0480683158045911,0.032753213885686486,0.0427806436713305,2026107050,historical,-0.032753213885686486,1.08355833366473
0.035490017860138945,gaussian,historical_se_penalty,0.1891562612292057,1,False,138,1.0480683158045911,0.032753213885686486,0.0427806436713305,2026107050,historical,-0.032753213885686486,1.08355833366473
0.054319178999777895,gaussian,support_mix50,0.1891562612292057,1,False,138,1.0292391546649522,0.05013036890784055,0.0427806436713305,2026107050,historical,-0.05013036890784055,1.08355833366473
0.054319178999777895,gaussian,support_band50,0.1891562612292057,1,False,138,1.0292391546649522,0.05013036890784055,0.0427806436713305,2026107050,historical,-0.05013036890784055,1.08355833366473
0.035490017860138945,gaussian,historical,0.1891562612292057,1,False,138,1.0480683158045911,0.032753213885686486,0.0427806436713305,2026107050,historical_se_penalty,-0.032753213885686486,1.08355833366473
0.035490017860138945,gaussian,historical_se_penalty,0.1891562612292057,1,True,138,1.0480683158045911,0.032753213885686486,0.0427806436713305,2026107050,historical_se_penalty,-0.032753213885686486,1.08355833366473
0.054319178999777895,gaussian,support_mix50,0.1891562612292057,1,False,138,1.0292391546649522,0.05013036890784055,0.0427806436713305,2026107050,historical_se_penalty,-0.05013036890784055,1.08355833366473
0.054319178999777895,gaussian,support_band50,0.1891562612292057,1,False,138,1.0292391546649522,0.05013036890784055,0.0427806436713305,2026107050,historical_se_penalty,-0.05013036890784055,1.08355833366473
0.023621377297821766,gaussian,historical,0.1711601383366708,1,False,116,1.0627261403569375,0.02273243097094525,0.0,2026107050,support_mix50,0.02273243097094525,1.0391047630591157
0.023621377297821766,gaussian,historical_se_penalty,0.1711601383366708,1,False,116,1.0627261403569375,0.02273243097094525,0.0,2026107050,support_mix50,0.02273243097094525,1.0391047630591157
0.013885243070298037,gaussian,support_mix50,0.1711601383366708,1,True,116,1.0252195199888177,0.013362697933767523,0.0,2026107050,support_mix50,-0.013362697933767523,1.0391047630591157
0.013885243070298037,gaussian,support_band50,0.1711601383366708,1,False,116,1.0252195199888177,0.013362697933767523,0.0,2026107050,support_mix50,-0.013362697933767523,1.0391047630591157
0.023621377297821766,gaussian,historical,0.1711601383366708,1,False,116,1.0627261403569375,0.02273243097094525,0.0,2026107050,support_band50,0.02273243097094525,1.0391047630591157
0.023621377297821766,gaussian,historical_se_penalty,0.1711601383366708,1,False,116,1.0627261403569375,0.02273243097094525,0.0,2026107050,support_band50,0.02273243097094525,1.0391047630591157
0.013885243070298037,gaussian,support_mix50,0.1711601383366708,1,False,116,1.0252195199888177,0.013362697933767523,0.0,2026107050,support_band50,-0.013362697933767523,1.0391047630591157
0.013885243070298037,gaussian,support_band50,0.1711601383366708,1,True,116,1.0252195199888177,0.013362697933767523,0.0,2026107050,support_band50,-0.013362697933767523,1.0391047630591157
0.03662281372265832,gaussian,historical,0.23650846396959696,285,False,-1,1.2656227746381083,0.02794633088312083,0.24041904310300466,2026107050,fixed_bank,-0.016750270350709553,1.2889253358775628
0.03662281372265832,gaussian,historical_se_penalty,0.23650846396959696,285,False,-1,1.2656227746381083,0.02794633088312083,0.24041904310300466,2026107050,fixed_bank,-0.016750270350709553,1.2889253358775628
0.03926582974390298,gaussian,support_mix50,0.23650846396959696,285,False,-1,1.2533340228683394,0.030089982101521834,0.24041904310300466,2026107050,fixed_bank,-0.027163513092152432,1.2889253358775628
0.03926582974390301,gaussian,support_band50,0.23650846396959696,285,False,-1,1.2533340228683394,0.030089982101521865,0.24041904310300466,2026107050,fixed_bank,-0.02716351309215247,1.2889253358775628
0.016320343607337362,gaussian,historical,0.125,1,False,0,1.3722141539829136,0.012036594224747368,0.03389482450464465,2026107039,equal_weight,0.012036594224747368,1.3558938103755762
0.016320343607337362,gaussian,historical_se_penalty,0.125,1,False,0,1.3722141539829136,0.012036594224747368,0.03389482450464465,2026107039,equal_weight,0.012036594224747368,1.3558938103755762
0.01257171895703757,gaussian,support_mix50,0.125,1,False,0,1.3684655293326138,0.009271905263403527,0.03389482450464465,2026107039,equal_weight,0.009271905263403527,1.3558938103755762
0.01257171895703757,gaussian,support_band50,0.125,1,False,0,1.3684655293326138,0.009271905263403527,0.03389482450464465,2026107039,equal_weight,0.009271905263403527,1.3558938103755762
0.049983507460443555,gaussian,historical,0.20632947932903462,1,True,216,1.3226243485502613,0.03641499445130215,0.04663960226412667,2026107039,historical,-0.03641499445130215,1.372607856010705
0.049983507460443555,gaussian,historical_se_penalty,0.20632947932903462,1,False,216,1.3226243485502613,0.03641499445130215,0.04663960226412667,2026107039,historical,-0.03641499445130215,1.372607856010705
0.037568677217959534,gaussian,support_mix50,0.20632947932903462,1,False,216,1.3350391787927454,0.02737029156101999,0.04663960226412667,2026107039,historical,-0.02737029156101999,1.372607856010705
0.037568677217959534,gaussian,support_band50,0.20632947932903462,1,False,216,1.3350391787927454,0.02737029156101999,0.04663960226412667,2026107039,historical,-0.02737029156101999,1.372607856010705
0.04538674604405335,gaussian,historical,0.17008977611214593,1,False,127,1.3260115672554018,0.03309523251115652,0.045717302936842286,2026107039,historical_se_penalty,-0.03309523251115652,1.3713983132994552
0.04538674604405335,gaussian,historical_se_penalty,0.17008977611214593,1,True,127,1.3260115672554018,0.03309523251115652,0.045717302936842286,2026107039,historical_se_penalty,-0.03309523251115652,1.3713983132994552
0.06404055394144481,gaussian,support_mix50,0.17008977611214593,1,False,127,1.3073577593580104,0.04669726754101751,0.045717302936842286,2026107039,historical_se_penalty,-0.04669726754101751,1.3713983132994552
0.06404055394144481,gaussian,support_band50,0.17008977611214593,1,False,127,1.3073577593580104,0.04669726754101751,0.045717302936842286,2026107039,historical_se_penalty,-0.04669726754101751,1.3713983132994552
0.04538674604405335,gaussian,historical,0.17008977611214593,1,False,127,1.3260115672554018,0.03309523251115652,0.045717302936842286,2026107039,support_mix50,-0.03309523251115652,1.3713983132994552
0.04538674604405335,gaussian,historical_se_penalty,0.17008977611214593,1,False,127,1.3260115672554018,0.03309523251115652,0.045717302936842286,2026107039,support_mix50,-0.03309523251115652,1.3713983132994552
0.06404055394144481,gaussian,support_mix50,0.17008977611214593,1,True,127,1.3073577593580104,0.04669726754101751,0.045717302936842286,2026107039,support_mix50,-0.04669726754101751,1.3713983132994552
0.06404055394144481,gaussian,support_band50,0.17008977611214593,1,False,127,1.3073577593580104,0.04669726754101751,0.045717302936842286,2026107039,support_mix50,-0.04669726754101751,1.3713983132994552
0.04538674604405335,gaussian,historical,0.17008977611214593,1,False,127,1.3260115672554018,0.03309523251115652,0.045717302936842286,2026107039,support_band50,-0.03309523251115652,1.3713983132994552
0.04538674604405335,gaussian,historical_se_penalty,0.17008977611214593,1,False,127,1.3260115672554018,0.03309523251115652,0.045717302936842286,2026107039,support_band50,-0.03309523251115652,1.3713983132994552
0.06404055394144481,gaussian,support_mix50,0.17008977611214593,1,False,127,1.3073577593580104,0.04669726754101751,0.045717302936842286,2026107039,support_band50,-0.04669726754101751,1.3713983132994552
0.06404055394144481,gaussian,support_band50,0.17008977611214593,1,True,127,1.3073577593580104,0.04669726754101751,0.045717302936842286,2026107039,support_band50,-0.04669726754101751,1.3713983132994552
0.03669049150668262,gaussian,historical,0.239657194417306,285,False,-1,1.5241442209693912,0.023930312056549365,0.15343295405742743,2026107039,fixed_bank,0.007710133527451381,1.5126612166174513
0.03669049150668262,gaussian,historical_se_penalty,0.239657194417306,285,False,-1,1.5241442209693912,0.023930312056549365,0.15343295405742743,2026107039,fixed_bank,0.007710133527451381,1.5126612166174513
0.041385595208047056,gaussian,support_mix50,0.239657194417306,285,False,-1,1.5282559776930986,0.026967341577134415,0.15343295405742743,2026107039,fixed_bank,0.010187857008396575,1.5126612166174513
0.041385595208047056,gaussian,support_band50,0.239657194417306,285,False,-1,1.5282559776930986,0.02696734157713441,0.15343295405742743,2026107039,fixed_bank,0.01018785700839656,1.5126612166174513
0.04368442012292251,gaussian,historical,0.125,1,False,0,1.239130814913476,0.036542349630471024,0.09939133333645223,2026107024,equal_weight,0.036542349630471024,1.1954463947905536
0.04368442012292251,gaussian,historical_se_penalty,0.125,1,False,0,1.239130814913476,0.036542349630471024,0.09939133333645223,2026107024,equal_weight,0.036542349630471024,1.1954463947905536
0.06386137703783623,gaussian,support_mix50,0.125,1,False,0,1.2593077718283898,0.05342052752522205,0.09939133333645223,2026107024,equal_weight,0.05342052752522205,1.1954463947905536
0.06386137703783601,gaussian,support_band50,0.125,1,False,0,1.2593077718283896,0.05342052752522186,0.09939133333645223,2026107024,equal_weight,0.05342052752522186,1.1954463947905536
0.0013703251911292291,gaussian,historical,0.21781030404916796,1,True,261,1.0887414536887423,0.0012602184803477033,0.0,2026107024,historical,0.0012602184803477033,1.087371128497613
0.0013703251911292291,gaussian,historical_se_penalty,0.21781030404916796,1,False,261,1.0887414536887423,0.0012602184803477033,0.0,2026107024,historical,0.0012602184803477033,1.087371128497613
0.018742825706779653,gaussian,support_mix50,0.21781030404916796,1,False,261,1.1061139542043927,0.01723682486647961,0.0,2026107024,historical,0.01723682486647961,1.087371128497613
0.018742825706779653,gaussian,support_band50,0.21781030404916796,1,False,261,1.1061139542043927,0.01723682486647961,0.0,2026107024,historical,0.01723682486647961,1.087371128497613
0.0013703251911292291,gaussian,historical,0.21781030404916796,1,False,261,1.0887414536887423,0.0012602184803477033,0.0,2026107024,historical_se_penalty,0.0012602184803477033,1.087371128497613
0.0013703251911292291,gaussian,historical_se_penalty,0.21781030404916796,1,True,261,1.0887414536887423,0.0012602184803477033,0.0,2026107024,historical_se_penalty,0.0012602184803477033,1.087371128497613
0.018742825706779653,gaussian,support_mix50,0.21781030404916796,1,False,261,1.1061139542043927,0.01723682486647961,0.0,2026107024,historical_se_penalty,0.01723682486647961,1.087371128497613
0.018742825706779653,gaussian,support_band50,0.21781030404916796,1,False,261,1.1061139542043927,0.01723682486647961,0.0,2026107024,historical_se_penalty,0.01723682486647961,1.087371128497613
0.0013703251911292291,gaussian,historical,0.21781030404916796,1,False,261,1.0887414536887423,0.0012602184803477033,0.0,2026107024,support_mix50,0.0012602184803477033,1.087371128497613
0.0013703251911292291,gaussian,historical_se_penalty,0.21781030404916796,1,False,261,1.0887414536887423,0.0012602184803477033,0.0,2026107024,support_mix50,0.0012602184803477033,1.087371128497613
0.018742825706779653,gaussian,support_mix50,0.21781030404916796,1,True,261,1.1061139542043927,0.01723682486647961,0.0,2026107024,support_mix50,0.01723682486647961,1.087371128497613
0.018742825706779653,gaussian,support_band50,0.21781030404916796,1,False,261,1.1061139542043927,0.01723682486647961,0.0,2026107024,support_mix50,0.01723682486647961,1.087371128497613
0.0013703251911292291,gaussian,historical,0.21781030404916796,1,False,261,1.0887414536887423,0.0012602184803477033,0.0,2026107024,support_band50,0.0012602184803477033,1.087371128497613
0.0013703251911292291,gaussian,historical_se_penalty,0.21781030404916796,1,False,261,1.0887414536887423,0.0012602184803477033,0.0,2026107024,support_band50,0.0012602184803477033,1.087371128497613
0.018742825706779653,gaussian,support_mix50,0.21781030404916796,1,False,261,1.1061139542043927,0.01723682486647961,0.0,2026107024,support_band50,0.01723682486647961,1.087371128497613
0.018742825706779653,gaussian,support_band50,0.21781030404916796,1,True,261,1.1061139542043927,0.01723682486647961,0.0,2026107024,support_band50,0.01723682486647961,1.087371128497613
0.041697321138038035,gaussian,historical,0.23953804534998616,285,False,-1,1.367963363890404,0.030173504143998036,0.22437705222236928,2026107024,fixed_bank,0.026371147146156182,1.3313522569816187
0.041697321138038035,gaussian,historical_se_penalty,0.23953804534998616,285,False,-1,1.367963363890404,0.030173504143998036,0.22437705222236928,2026107024,fixed_bank,0.026371147146156182,1.3313522569816187
0.052721796528582714,gaussian,support_mix50,0.23953804534998616,285,False,-1,1.3789434125890143,0.03858619184742297,0.22437705222236928,2026107024,fixed_bank,0.03499432250492488,1.3313522569816187
0.052721796528582665,gaussian,support_band50,0.23953804534998616,285,False,-1,1.3789434125890143,0.03858619184742293,0.22437705222236928,2026107024,fixed_bank,0.03499432250492484,1.3313522569816187
0.10762154116782874,asymmetric_crash,historical,0.125,1,False,0,2.701119796279614,0.03831664373396312,0.04670149335274232,2026107011,equal_weight,-0.03831664373396312,2.808741337447443
0.10762154116782874,asymmetric_crash,historical_se_penalty,0.125,1,False,0,2.701119796279614,0.03831664373396312,0.04670149335274232,2026107011,equal_weight,-0.03831664373396312,2.808741337447443
0.04136164746665294,asymmetric_crash,support_mix50,0.125,1,False,0,2.76737968998079,0.014726043625021737,0.04670149335274232,2026107011,equal_weight,-0.014726043625021737,2.808741337447443
0.4218862317804448,asymmetric_crash,support_band50,0.125,1,False,0,2.386855105666998,0.1502047291274785,0.04670149335274232,2026107011,equal_weight,-0.1502047291274785,2.808741337447443
0.29168411004703954,asymmetric_crash,historical,0.5,1,True,4,2.3917374339985527,0.10869857950357267,0.0,2026107011,historical,-0.10869857950357267,2.683421544045592
0.29168411004703954,asymmetric_crash,historical_se_penalty,0.5,1,False,4,2.3917374339985527,0.10869857950357267,0.0,2026107011,historical,-0.10869857950357267,2.683421544045592
0.15847194066291603,asymmetric_crash,support_mix50,0.5,1,False,4,2.524949603382676,0.05905592470723025,0.0,2026107011,historical,-0.05905592470723025,2.683421544045592
0.45884546933248727,asymmetric_crash,support_band50,0.5,1,False,4,2.224576074713105,0.17099269041446263,0.0,2026107011,historical,-0.17099269041446263,2.683421544045592
0.29168411004703954,asymmetric_crash,historical,0.5,1,False,4,2.3917374339985527,0.10869857950357267,0.0,2026107011,historical_se_penalty,-0.10869857950357267,2.683421544045592
0.29168411004703954,asymmetric_crash,historical_se_penalty,0.5,1,True,4,2.3917374339985527,0.10869857950357267,0.0,2026107011,historical_se_penalty,-0.10869857950357267,2.683421544045592
0.15847194066291603,asymmetric_crash,support_mix50,0.5,1,False,4,2.524949603382676,0.05905592470723025,0.0,2026107011,historical_se_penalty,-0.05905592470723025,2.683421544045592
0.45884546933248727,asymmetric_crash,support_band50,0.5,1,False,4,2.224576074713105,0.17099269041446263,0.0,2026107011,historical_se_penalty,-0.17099269041446263,2.683421544045592
0.29168411004703954,asymmetric_crash,historical,0.5,1,False,4,2.3917374339985527,0.10869857950357267,0.0,2026107011,support_mix50,-0.10869857950357267,2.683421544045592
0.29168411004703954,asymmetric_crash,historical_se_penalty,0.5,1,False,4,2.3917374339985527,0.10869857950357267,0.0,2026107011,support_mix50,-0.10869857950357267,2.683421544045592
0.15847194066291603,asymmetric_crash,support_mix50,0.5,1,True,4,2.524949603382676,0.05905592470723025,0.0,2026107011,support_mix50,-0.05905592470723025,2.683421544045592
0.45884546933248727,asymmetric_crash,support_band50,0.5,1,False,4,2.224576074713105,0.17099269041446263,0.0,2026107011,support_mix50,-0.17099269041446263,2.683421544045592
0.2481337612907364,asymmetric_crash,historical,0.2077559110459167,1,False,243,2.6639769290985877,0.08520753078158683,0.08522296724164868,2026107011,support_band50,-0.08520753078158683,2.912110690389324
0.2481337612907364,asymmetric_crash,historical_se_penalty,0.2077559110459167,1,False,243,2.6639769290985877,0.08520753078158683,0.08522296724164868,2026107011,support_band50,-0.08520753078158683,2.912110690389324
0.2042957106285468,asymmetric_crash,support_mix50,0.2077559110459167,1,False,243,2.7078149797607773,0.07015382736060566,0.08522296724164868,2026107011,support_band50,-0.07015382736060566,2.912110690389324
0.7751898588160313,asymmetric_crash,support_band50,0.2077559110459167,1,True,243,2.136920831573293,0.2661951900984901,0.08522296724164868,2026107011,support_band50,-0.2661951900984901,2.912110690389324
0.11701271190632072,asymmetric_crash,historical,0.24108408255903646,285,False,-1,2.81596478401586,0.04035604884560238,0.08993996748733567,2026107011,fixed_bank,-0.03778029565911187,2.924768390471869
0.11701271190632072,asymmetric_crash,historical_se_penalty,0.24108408255903646,285,False,-1,2.81596478401586,0.04035604884560238,0.08993996748733567,2026107011,fixed_bank,-0.03778029565911187,2.924768390471869
0.07246410144438009,asymmetric_crash,support_mix50,0.24108408255903646,285,False,-1,2.886372416437149,0.024583447167815933,0.08993996748733567,2026107011,fixed_bank,-0.013449885518134521,2.924768390471869
0.4012335170631941,asymmetric_crash,support_band50,0.24108408255903646,285,False,-1,2.5235348734086753,0.13774216625891744,0.08993996748733567,2026107011,fixed_bank,-0.13774216625891744,2.924768390471869
0.1805348167194043,asymmetric_crash,historical,0.125,1,False,0,2.9846744667072596,0.06438153560582698,0.05217641043645216,2026107056,equal_weight,0.06438153560582698,2.8041396499878553
0.1805348167194043,asymmetric_crash,historical_se_penalty,0.125,1,False,0,2.9846744667072596,0.06438153560582698,0.05217641043645216,2026107056,equal_weight,0.06438153560582698,2.8041396499878553
0.188262439770019,asymmetric_crash,support_mix50,0.125,1,False,0,2.9924020897578743,0.06713732669156985,0.05217641043645216,2026107056,equal_weight,0.06713732669156985,2.8041396499878553
0.188262439770019,asymmetric_crash,support_band50,0.125,1,False,0,2.9924020897578743,0.06713732669156985,0.05217641043645216,2026107056,equal_weight,0.06713732669156985,2.8041396499878553
0.04694407256342803,asymmetric_crash,historical,0.5,1,True,25,2.7120291497176225,0.01761447428671035,0.0,2026107056,historical,0.01761447428671035,2.6650850771541945
0.04694407256342803,asymmetric_crash,historical_se_penalty,0.5,1,False,25,2.7120291497176225,0.01761447428671035,0.0,2026107056,historical,0.01761447428671035,2.6650850771541945
0.037308237576874514,asymmetric_crash,support_mix50,0.5,1,False,25,2.702393314731069,0.013998891778986897,0.0,2026107056,historical,0.013998891778986897,2.6650850771541945
0.037308237576874514,asymmetric_crash,support_band50,0.5,1,False,25,2.702393314731069,0.013998891778986897,0.0,2026107056,historical,0.013998891778986897,2.6650850771541945
0.04694407256342803,asymmetric_crash,historical,0.5,1,False,25,2.7120291497176225,0.01761447428671035,0.0,2026107056,historical_se_penalty,0.01761447428671035,2.6650850771541945
0.04694407256342803,asymmetric_crash,historical_se_penalty,0.5,1,True,25,2.7120291497176225,0.01761447428671035,0.0,2026107056,historical_se_penalty,0.01761447428671035,2.6650850771541945
0.037308237576874514,asymmetric_crash,support_mix50,0.5,1,False,25,2.702393314731069,0.013998891778986897,0.0,2026107056,historical_se_penalty,0.013998891778986897,2.6650850771541945
0.037308237576874514,asymmetric_crash,support_band50,0.5,1,False,25,2.702393314731069,0.013998891778986897,0.0,2026107056,historical_se_penalty,0.013998891778986897,2.6650850771541945
0.04694407256342803,asymmetric_crash,historical,0.5,1,False,25,2.7120291497176225,0.01761447428671035,0.0,2026107056,support_mix50,0.01761447428671035,2.6650850771541945
0.04694407256342803,asymmetric_crash,historical_se_penalty,0.5,1,False,25,2.7120291497176225,0.01761447428671035,0.0,2026107056,support_mix50,0.01761447428671035,2.6650850771541945
0.037308237576874514,asymmetric_crash,support_mix50,0.5,1,True,25,2.702393314731069,0.013998891778986897,0.0,2026107056,support_mix50,0.013998891778986897,2.6650850771541945
0.037308237576874514,asymmetric_crash,support_band50,0.5,1,False,25,2.702393314731069,0.013998891778986897,0.0,2026107056,support_mix50,0.013998891778986897,2.6650850771541945
0.04694407256342803,asymmetric_crash,historical,0.5,1,False,25,2.7120291497176225,0.01761447428671035,0.0,2026107056,support_band50,0.01761447428671035,2.6650850771541945
0.04694407256342803,asymmetric_crash,historical_se_penalty,0.5,1,False,25,2.7120291497176225,0.01761447428671035,0.0,2026107056,support_band50,0.01761447428671035,2.6650850771541945
0.037308237576874514,asymmetric_crash,support_mix50,0.5,1,False,25,2.702393314731069,0.013998891778986897,0.0,2026107056,support_band50,0.013998891778986897,2.6650850771541945
0.037308237576874514,asymmetric_crash,support_band50,0.5,1,True,25,2.702393314731069,0.013998891778986897,0.0,2026107056,support_band50,0.013998891778986897,2.6650850771541945
0.2153283758578005,asymmetric_crash,historical,0.2419696420796697,285,False,-1,3.1358662272295255,0.07335767043451714,0.09594293566163747,2026107056,fixed_bank,0.07327722270088864,2.9207811632443894
0.2153283758578005,asymmetric_crash,historical_se_penalty,0.2419696420796697,285,False,-1,3.1358662272295255,0.07335767043451714,0.09594293566163747,2026107056,fixed_bank,0.07327722270088864,2.9207811632443894
0.23777133820633714,asymmetric_crash,support_mix50,0.2419696420796697,285,False,-1,3.1583431780354694,0.08095777208315565,0.09594293566163747,2026107056,fixed_bank,0.0808885621668107,2.9207811632443894
0.237771338206337,asymmetric_crash,support_band50,0.2419696420796697,285,False,-1,3.158343178035469,0.0809577720831556,0.09594293566163747,2026107056,fixed_bank,0.08088856216681066,2.9207811632443894
0.022887367899999678,gaussian,historical,0.125,1,False,0,1.2151237274943305,0.018487207412878327,0.07283261629171389,2026107048,equal_weight,-0.018487207412878327,1.2380110953943302
0.022887367899999678,gaussian,historical_se_penalty,0.125,1,False,0,1.2151237274943305,0.018487207412878327,0.07283261629171389,2026107048,equal_weight,-0.018487207412878327,1.2380110953943302
0.006449288306284995,gaussian,support_mix50,0.125,1,False,0,1.2315618070880452,0.005209394592889956,0.07283261629171389,2026107048,equal_weight,-0.005209394592889956,1.2380110953943302
0.006449288306284995,gaussian,support_band50,0.125,1,False,0,1.2315618070880452,0.005209394592889956,0.07283261629171389,2026107048,equal_weight,-0.005209394592889956,1.2380110953943302
0.034078739271964364,gaussian,historical,0.236989379733099,1,True,92,1.1236250925038276,0.02943649173181994,0.0032401449030285967,2026107048,historical,-0.02943649173181994,1.157703831775792
0.034078739271964364,gaussian,historical_se_penalty,0.236989379733099,1,False,92,1.1236250925038276,0.02943649173181994,0.0032401449030285967,2026107048,historical,-0.02943649173181994,1.157703831775792
0.06078880779156326,gaussian,support_mix50,0.236989379733099,1,False,92,1.0969150239842287,0.052508082052660936,0.0032401449030285967,2026107048,historical,-0.052508082052660936,1.157703831775792
0.06078880779156326,gaussian,support_band50,0.236989379733099,1,False,92,1.0969150239842287,0.052508082052660936,0.0032401449030285967,2026107048,historical,-0.052508082052660936,1.157703831775792
0.034078739271964364,gaussian,historical,0.236989379733099,1,False,92,1.1236250925038276,0.02943649173181994,0.0032401449030285967,2026107048,historical_se_penalty,-0.02943649173181994,1.157703831775792
0.034078739271964364,gaussian,historical_se_penalty,0.236989379733099,1,True,92,1.1236250925038276,0.02943649173181994,0.0032401449030285967,2026107048,historical_se_penalty,-0.02943649173181994,1.157703831775792
0.06078880779156326,gaussian,support_mix50,0.236989379733099,1,False,92,1.0969150239842287,0.052508082052660936,0.0032401449030285967,2026107048,historical_se_penalty,-0.052508082052660936,1.157703831775792
0.06078880779156326,gaussian,support_band50,0.236989379733099,1,False,92,1.0969150239842287,0.052508082052660936,0.0032401449030285967,2026107048,historical_se_penalty,-0.052508082052660936,1.157703831775792
0.034078739271964364,gaussian,historical,0.236989379733099,1,False,92,1.1236250925038276,0.02943649173181994,0.0032401449030285967,2026107048,support_mix50,-0.02943649173181994,1.157703831775792
0.034078739271964364,gaussian,historical_se_penalty,0.236989379733099,1,False,92,1.1236250925038276,0.02943649173181994,0.0032401449030285967,2026107048,support_mix50,-0.02943649173181994,1.157703831775792
0.06078880779156326,gaussian,support_mix50,0.236989379733099,1,True,92,1.0969150239842287,0.052508082052660936,0.0032401449030285967,2026107048,support_mix50,-0.052508082052660936,1.157703831775792
0.06078880779156326,gaussian,support_band50,0.236989379733099,1,False,92,1.0969150239842287,0.052508082052660936,0.0032401449030285967,2026107048,support_mix50,-0.052508082052660936,1.157703831775792
0.034078739271964364,gaussian,historical,0.236989379733099,1,False,92,1.1236250925038276,0.02943649173181994,0.0032401449030285967,2026107048,support_band50,-0.02943649173181994,1.157703831775792
0.034078739271964364,gaussian,historical_se_penalty,0.236989379733099,1,False,92,1.1236250925038276,0.02943649173181994,0.0032401449030285967,2026107048,support_band50,-0.02943649173181994,1.157703831775792
0.06078880779156326,gaussian,support_mix50,0.236989379733099,1,False,92,1.0969150239842287,0.052508082052660936,0.0032401449030285967,2026107048,support_band50,-0.052508082052660936,1.157703831775792
0.06078880779156326,gaussian,support_band50,0.236989379733099,1,True,92,1.0969150239842287,0.052508082052660936,0.0032401449030285967,2026107048,support_band50,-0.052508082052660936,1.157703831775792
0.031851431453582664,gaussian,historical,0.23582807125972696,285,False,-1,1.3825873359479124,0.022759864899011984,0.1950992741383564,2026107048,fixed_bank,0.00164313724685249,1.3791025170311306
0.031851431453582664,gaussian,historical_se_penalty,0.23582807125972696,285,False,-1,1.3825873359479124,0.022759864899011984,0.1950992741383564,2026107048,fixed_bank,0.00164313724685249,1.3791025170311306
0.03277364836764364,gaussian,support_mix50,0.23582807125972696,285,False,-1,1.3855708639843036,0.023264313850109936,0.1950992741383564,2026107048,fixed_bank,0.0034203315225353765,1.3791025170311306
0.03277364836764364,gaussian,support_band50,0.23582807125972696,285,False,-1,1.3855708639843036,0.02326431385010993,0.1950992741383564,2026107048,fixed_bank,0.0034203315225353414,1.3791025170311306
0.02560549563421044,gaussian,historical,0.125,1,False,0,1.1600426176774588,0.02257110168264952,0.11189890412671022,2026107056,equal_weight,0.02257110168264952,1.1344371220432483
0.02560549563421044,gaussian,historical_se_penalty,0.125,1,False,0,1.1600426176774588,0.02257110168264952,0.11189890412671022,2026107056,equal_weight,0.02257110168264952,1.1344371220432483
0.012587499554790771,gaussian,support_mix50,0.125,1,False,0,1.147024621598039,0.011095810697836892,0.11189890412671022,2026107056,equal_weight,0.011095810697836892,1.1344371220432483
0.012587499554790771,gaussian,support_band50,0.125,1,False,0,1.147024621598039,0.011095810697836892,0.11189890412671022,2026107056,equal_weight,0.011095810697836892,1.1344371220432483
0.006271411908132629,gaussian,historical,0.16746944116739693,1,True,235,1.0265414363077336,0.006146815801849291,0.0,2026107056,historical,0.006146815801849291,1.020270024399601
0.006271411908132629,gaussian,historical_se_penalty,0.16746944116739693,1,False,235,1.0265414363077336,0.006146815801849291,0.0,2026107056,historical,0.006146815801849291,1.020270024399601
0.0028270911412096034,gaussian,support_mix50,0.16746944116739693,1,False,235,1.0230971155408106,0.002770924435296689,0.0,2026107056,historical,0.002770924435296689,1.020270024399601
0.0028270911412093813,gaussian,support_band50,0.16746944116739693,1,False,235,1.0230971155408104,0.0027709244352964713,0.0,2026107056,historical,0.0027709244352964713,1.020270024399601
0.00540933323864512,gaussian,historical,0.17845160647154967,1,False,91,1.0306804865960506,0.005276002568619472,0.0049017699610918175,2026107056,historical_se_penalty,0.005276002568619472,1.0252711533574055
0.00540933323864512,gaussian,historical_se_penalty,0.17845160647154967,1,True,91,1.0306804865960506,0.005276002568619472,0.0049017699610918175,2026107056,historical_se_penalty,0.005276002568619472,1.0252711533574055
0.008639328784632694,gaussian,support_mix50,0.17845160647154967,1,False,91,1.0166318245727728,0.008426384333882705,0.0049017699610918175,2026107056,historical_se_penalty,-0.008426384333882705,1.0252711533574055
0.008639328784632694,gaussian,support_band50,0.17845160647154967,1,False,91,1.0166318245727728,0.008426384333882705,0.0049017699610918175,2026107056,historical_se_penalty,-0.008426384333882705,1.0252711533574055
0.00540933323864512,gaussian,historical,0.17845160647154967,1,False,91,1.0306804865960506,0.005276002568619472,0.0049017699610918175,2026107056,support_mix50,0.005276002568619472,1.0252711533574055
0.00540933323864512,gaussian,historical_se_penalty,0.17845160647154967,1,False,91,1.0306804865960506,0.005276002568619472,0.0049017699610918175,2026107056,support_mix50,0.005276002568619472,1.0252711533574055
0.008639328784632694,gaussian,support_mix50,0.17845160647154967,1,True,91,1.0166318245727728,0.008426384333882705,0.0049017699610918175,2026107056,support_mix50,-0.008426384333882705,1.0252711533574055
0.008639328784632694,gaussian,support_band50,0.17845160647154967,1,False,91,1.0166318245727728,0.008426384333882705,0.0049017699610918175,2026107056,support_mix50,-0.008426384333882705,1.0252711533574055
0.00540933323864512,gaussian,historical,0.17845160647154967,1,False,91,1.0306804865960506,0.005276002568619472,0.0049017699610918175,2026107056,support_band50,0.005276002568619472,1.0252711533574055
0.00540933323864512,gaussian,historical_se_penalty,0.17845160647154967,1,False,91,1.0306804865960506,0.005276002568619472,0.0049017699610918175,2026107056,support_band50,0.005276002568619472,1.0252711533574055
0.008639328784632694,gaussian,support_mix50,0.17845160647154967,1,False,91,1.0166318245727728,0.008426384333882705,0.0049017699610918175,2026107056,support_band50,-0.008426384333882705,1.0252711533574055
0.008639328784632694,gaussian,support_band50,0.17845160647154967,1,True,91,1.0166318245727728,0.008426384333882705,0.0049017699610918175,2026107056,support_band50,-0.008426384333882705,1.0252711533574055
0.04434731319378895,gaussian,historical,0.2419696420796697,285,False,-1,1.300545558146777,0.03373305573342242,0.24774834091896233,2026107056,fixed_bank,0.02077856993023591,1.2730402302339514
0.04434731319378895,gaussian,historical_se_penalty,0.2419696420796697,285,False,-1,1.300545558146777,0.03373305573342242,0.24774834091896233,2026107056,fixed_bank,0.02077856993023591,1.2730402302339514
0.035633352870869106,gaussian,support_mix50,0.2419696420796697,285,False,-1,1.2890303657719835,0.027217182906475124,0.24774834091896233,2026107056,fixed_bank,0.011854988308729232,1.2730402302339514
0.03563335287086909,gaussian,support_band50,0.2419696420796697,285,False,-1,1.2890303657719835,0.027217182906475113,0.24774834091896233,2026107056,fixed_bank,0.011854988308729207,1.2730402302339514
0.2766899872485227,asymmetric_crash,historical,0.125,1,False,0,3.210246012036351,0.09431897155212315,0.04243160647888278,2026107057,equal_weight,0.09431897155212315,2.9335560247878285
0.2766899872485227,asymmetric_crash,historical_se_penalty,0.125,1,False,0,3.210246012036351,0.09431897155212315,0.04243160647888278,2026107057,equal_weight,0.09431897155212315,2.9335560247878285
0.29164775899010076,asymmetric_crash,support_mix50,0.125,1,False,0,3.2252037837779293,0.09941782482616618,0.04243160647888278,2026107057,equal_weight,0.09941782482616618,2.9335560247878285
0.14953734205707248,asymmetric_crash,support_band50,0.125,1,False,0,2.784018682730756,0.05097476945847246,0.04243160647888278,2026107057,equal_weight,-0.05097476945847246,2.9335560247878285
0.0005896692885896115,asymmetric_crash,historical,0.5,1,True,5,2.9003649820933717,0.00020326732384758374,0.030846792087838804,2026107057,historical,-0.00020326732384758374,2.9009546513819613
0.0005896692885896115,asymmetric_crash,historical_se_penalty,0.5,1,False,5,2.9003649820933717,0.00020326732384758374,0.030846792087838804,2026107057,historical,-0.00020326732384758374,2.9009546513819613
0.021258122476028873,asymmetric_crash,support_mix50,0.5,1,False,5,2.92221277385799,0.007327974763721969,0.030846792087838804,2026107057,historical,0.007327974763721969,2.9009546513819613
0.304153964074644,asymmetric_crash,support_band50,0.5,1,False,5,2.5968006873073173,0.10484616294492942,0.030846792087838804,2026107057,historical,-0.10484616294492942,2.9009546513819613
0.0005896692885896115,asymmetric_crash,historical,0.5,1,False,5,2.9003649820933717,0.00020326732384758374,0.030846792087838804,2026107057,historical_se_penalty,-0.00020326732384758374,2.9009546513819613
0.0005896692885896115,asymmetric_crash,historical_se_penalty,0.5,1,True,5,2.9003649820933717,0.00020326732384758374,0.030846792087838804,2026107057,historical_se_penalty,-0.00020326732384758374,2.9009546513819613
0.021258122476028873,asymmetric_crash,support_mix50,0.5,1,False,5,2.92221277385799,0.007327974763721969,0.030846792087838804,2026107057,historical_se_penalty,0.007327974763721969,2.9009546513819613
0.304153964074644,asymmetric_crash,support_band50,0.5,1,False,5,2.5968006873073173,0.10484616294492942,0.030846792087838804,2026107057,historical_se_penalty,-0.10484616294492942,2.9009546513819613
0.22838752756649328,asymmetric_crash,historical,0.5,1,False,27,3.078542464838968,0.06906330889707289,0.17510908786742863,2026107057,support_mix50,-0.06906330889707289,3.306929992405461
0.22838752756649328,asymmetric_crash,historical_se_penalty,0.5,1,False,27,3.078542464838968,0.06906330889707289,0.17510908786742863,2026107057,support_mix50,-0.06906330889707289,3.306929992405461
0.4086258076262399,asymmetric_crash,support_mix50,0.5,1,True,27,2.8983041847792212,0.12356651291822644,0.17510908786742863,2026107057,support_mix50,-0.12356651291822644,3.306929992405461
0.7330999756135759,asymmetric_crash,support_band50,0.5,1,False,27,2.5738300167918853,0.2216859677396191,0.17510908786742863,2026107057,support_mix50,-0.2216859677396191,3.306929992405461
0.22838752756649328,asymmetric_crash,historical,0.5,1,False,27,3.078542464838968,0.06906330889707289,0.17510908786742863,2026107057,support_band50,-0.06906330889707289,3.306929992405461
0.22838752756649328,asymmetric_crash,historical_se_penalty,0.5,1,False,27,3.078542464838968,0.06906330889707289,0.17510908786742863,2026107057,support_band50,-0.06906330889707289,3.306929992405461
0.4086258076262399,asymmetric_crash,support_mix50,0.5,1,False,27,2.8983041847792212,0.12356651291822644,0.17510908786742863,2026107057,support_band50,-0.12356651291822644,3.306929992405461
0.7330999756135759,asymmetric_crash,support_band50,0.5,1,True,27,2.5738300167918853,0.2216859677396191,0.17510908786742863,2026107057,support_band50,-0.2216859677396191,3.306929992405461
0.253833338083564,asymmetric_crash,historical,0.240324374293919,285,False,-1,3.300850348057969,0.08311500156910566,0.0842866141973316,2026107057,fixed_bank,0.08182739699222848,3.0513421790994144
0.253833338083564,asymmetric_crash,historical_se_penalty,0.240324374293919,285,False,-1,3.300850348057969,0.08311500156910566,0.0842866141973316,2026107057,fixed_bank,0.08182739699222848,3.0513421790994144
0.2714902731491076,asymmetric_crash,support_mix50,0.240324374293919,285,False,-1,3.303928974155734,0.08848149075531923,0.0842866141973316,2026107057,fixed_bank,0.08280123809729967,3.0513421790994144
0.19353010410093666,asymmetric_crash,support_band50,0.240324374293919,285,False,-1,2.86697081466007,0.06346204009340115,0.0842866141973316,2026107057,fixed_bank,-0.06065965228814809,3.0513421790994144
0.05212128184891318,asymmetric_crash,historical,0.125,1,False,0,2.9200209975915996,0.018174025250187516,0.04190190023587048,2026107012,equal_weight,0.018174025250187516,2.8678997157426864
0.05212128184891318,asymmetric_crash,historical_se_penalty,0.125,1,False,0,2.9200209975915996,0.018174025250187516,0.04190190023587048,2026107012,equal_weight,0.018174025250187516,2.8678997157426864
0.03962836013423976,asymmetric_crash,support_mix50,0.125,1,False,0,2.907528075876926,0.0138179030168694,0.04190190023587048,2026107012,equal_weight,0.0138179030168694,2.8678997157426864
0.03962836013423976,asymmetric_crash,support_band50,0.125,1,False,0,2.907528075876926,0.0138179030168694,0.04190190023587048,2026107012,equal_weight,0.0138179030168694,2.8678997157426864
0.09393895192744495,asymmetric_crash,historical,0.2314105752837403,1,True,248,2.8693977345982042,0.03170039785036484,0.07657394984265875,2026107012,historical,-0.03170039785036484,2.963336686525649
0.09393895192744495,asymmetric_crash,historical_se_penalty,0.2314105752837403,1,False,248,2.8693977345982042,0.03170039785036484,0.07657394984265875,2026107012,historical,-0.03170039785036484,2.963336686525649
0.12583059721197243,asymmetric_crash,support_mix50,0.2314105752837403,1,False,248,2.8375060893136768,0.0424624706953235,0.07657394984265875,2026107012,historical,-0.0424624706953235,2.963336686525649
0.12583059721197287,asymmetric_crash,support_band50,0.2314105752837403,1,False,248,2.8375060893136763,0.042462470695323655,0.07657394984265875,2026107012,historical,-0.042462470695323655,2.963336686525649
0.07524520664426904,asymmetric_crash,historical,0.24974553950747125,1,False,246,2.8705256388810474,0.026918661103372,0.015519468150382076,2026107012,historical_se_penalty,0.026918661103372,2.7952804322367784
0.07524520664426904,asymmetric_crash,historical_se_penalty,0.24974553950747125,1,True,246,2.8705256388810474,0.026918661103372,0.015519468150382076,2026107012,historical_se_penalty,0.026918661103372,2.7952804322367784
0.07009873385091625,asymmetric_crash,support_mix50,0.24974553950747125,1,False,246,2.8653791660876946,0.02507753177194582,0.015519468150382076,2026107012,historical_se_penalty,0.02507753177194582,2.7952804322367784
0.07009873385091625,asymmetric_crash,support_band50,0.24974553950747125,1,False,246,2.8653791660876946,0.02507753177194582,0.015519468150382076,2026107012,historical_se_penalty,0.02507753177194582,2.7952804322367784
0.09393895192744495,asymmetric_crash,historical,0.2314105752837403,1,False,248,2.8693977345982042,0.03170039785036484,0.07657394984265875,2026107012,support_mix50,-0.03170039785036484,2.963336686525649
0.09393895192744495,asymmetric_crash,historical_se_penalty,0.2314105752837403,1,False,248,2.8693977345982042,0.03170039785036484,0.07657394984265875,2026107012,support_mix50,-0.03170039785036484,2.963336686525649
0.12583059721197243,asymmetric_crash,support_mix50,0.2314105752837403,1,True,248,2.8375060893136768,0.0424624706953235,0.07657394984265875,2026107012,support_mix50,-0.0424624706953235,2.963336686525649
0.12583059721197287,asymmetric_crash,support_band50,0.2314105752837403,1,False,248,2.8375060893136763,0.042462470695323655,0.07657394984265875,2026107012,support_mix50,-0.042462470695323655,2.963336686525649
0.09393895192744495,asymmetric_crash,historical,0.2314105752837403,1,False,248,2.8693977345982042,0.03170039785036484,0.07657394984265875,2026107012,support_band50,-0.03170039785036484,2.963336686525649
0.09393895192744495,asymmetric_crash,historical_se_penalty,0.2314105752837403,1,False,248,2.8693977345982042,0.03170039785036484,0.07657394984265875,2026107012,support_band50,-0.03170039785036484,2.963336686525649
0.12583059721197243,asymmetric_crash,support_mix50,0.2314105752837403,1,False,248,2.8375060893136768,0.0424624706953235,0.07657394984265875,2026107012,support_band50,-0.0424624706953235,2.963336686525649
0.12583059721197287,asymmetric_crash,support_band50,0.2314105752837403,1,True,248,2.8375060893136763,0.042462470695323655,0.07657394984265875,2026107012,support_band50,-0.042462470695323655,2.963336686525649
0.10710815363779654,asymmetric_crash,historical,0.24085368450012448,285,False,-1,3.0619518285208716,0.03578691508504179,0.081789209850254,2026107012,fixed_bank,0.02858390666475451,2.9776920137305622
0.10710815363779654,asymmetric_crash,historical_se_penalty,0.24085368450012448,285,False,-1,3.0619518285208716,0.03578691508504179,0.081789209850254,2026107012,fixed_bank,0.02858390666475451,2.9776920137305622
0.10109279357874561,asymmetric_crash,support_mix50,0.24085368450012448,285,False,-1,3.035982726869187,0.03373569916077643,0.081789209850254,2026107012,fixed_bank,0.02010911689290973,2.9776920137305622
0.10109279357874558,asymmetric_crash,support_band50,0.24085368450012448,285,False,-1,3.035982726869187,0.03373569916077641,0.081789209850254,2026107012,fixed_bank,0.020109116892909697,2.9776920137305622
0.05420175909670055,gaussian,historical,0.125,1,False,0,1.190517335083068,0.047699565369110825,0.08243906252737854,2026107055,equal_weight,0.047699565369110825,1.1363155759863675
0.05420175909670055,gaussian,historical_se_penalty,0.125,1,False,0,1.190517335083068,0.047699565369110825,0.08243906252737854,2026107055,equal_weight,0.047699565369110825,1.1363155759863675
0.036257102424577914,gaussian,support_mix50,0.125,1,False,0,1.1725726784109454,0.031907599605950396,0.08243906252737854,2026107055,equal_weight,0.031907599605950396,1.1363155759863675
0.03625710242457769,gaussian,support_band50,0.125,1,False,0,1.1725726784109451,0.0319075996059502,0.08243906252737854,2026107055,equal_weight,0.0319075996059502,1.1363155759863675
0.014827726036835909,gaussian,historical,0.21423638584416563,1,True,176,1.0375909312923186,0.014089189633397375,0.002519976756315545,2026107055,historical,-0.014089189633397375,1.0524186573291545
0.014827726036835909,gaussian,historical_se_penalty,0.21423638584416563,1,False,176,1.0375909312923186,0.014089189633397375,0.002519976756315545,2026107055,historical,-0.014089189633397375,1.0524186573291545
0.02065576519408352,gaussian,support_mix50,0.21423638584416563,1,False,176,1.031762892135071,0.019626946985626482,0.002519976756315545,2026107055,historical,-0.019626946985626482,1.0524186573291545
0.02065576519408374,gaussian,support_band50,0.21423638584416563,1,False,176,1.0317628921350708,0.019626946985626694,0.002519976756315545,2026107055,historical,-0.019626946985626694,1.0524186573291545
0.014827726036835909,gaussian,historical,0.21423638584416563,1,False,176,1.0375909312923186,0.014089189633397375,0.002519976756315545,2026107055,historical_se_penalty,-0.014089189633397375,1.0524186573291545
0.014827726036835909,gaussian,historical_se_penalty,0.21423638584416563,1,True,176,1.0375909312923186,0.014089189633397375,0.002519976756315545,2026107055,historical_se_penalty,-0.014089189633397375,1.0524186573291545
0.02065576519408352,gaussian,support_mix50,0.21423638584416563,1,False,176,1.031762892135071,0.019626946985626482,0.002519976756315545,2026107055,historical_se_penalty,-0.019626946985626482,1.0524186573291545
0.02065576519408374,gaussian,support_band50,0.21423638584416563,1,False,176,1.0317628921350708,0.019626946985626694,0.002519976756315545,2026107055,historical_se_penalty,-0.019626946985626694,1.0524186573291545
0.015628113984538894,gaussian,historical,0.2132768543879776,1,False,104,1.0718638734033874,0.014796047042695883,0.006156097297876473,2026107055,support_mix50,0.014796047042695883,1.0562357594188485
0.015628113984538894,gaussian,historical_se_penalty,0.2132768543879776,1,False,104,1.0718638734033874,0.014796047042695883,0.006156097297876473,2026107055,support_mix50,0.014796047042695883,1.0562357594188485
0.02835779874463129,gaussian,support_mix50,0.2132768543879776,1,True,104,1.0278779606742172,0.02684798208331257,0.006156097297876473,2026107055,support_mix50,-0.02684798208331257,1.0562357594188485
0.02835779874463129,gaussian,support_band50,0.2132768543879776,1,False,104,1.0278779606742172,0.02684798208331257,0.006156097297876473,2026107055,support_mix50,-0.02684798208331257,1.0562357594188485
0.015628113984538894,gaussian,historical,0.2132768543879776,1,False,104,1.0718638734033874,0.014796047042695883,0.006156097297876473,2026107055,support_band50,0.014796047042695883,1.0562357594188485
0.015628113984538894,gaussian,historical_se_penalty,0.2132768543879776,1,False,104,1.0718638734033874,0.014796047042695883,0.006156097297876473,2026107055,support_band50,0.014796047042695883,1.0562357594188485
0.02835779874463129,gaussian,support_mix50,0.2132768543879776,1,False,104,1.0278779606742172,0.02684798208331257,0.006156097297876473,2026107055,support_band50,-0.02684798208331257,1.0562357594188485
0.02835779874463129,gaussian,support_band50,0.2132768543879776,1,True,104,1.0278779606742172,0.02684798208331257,0.006156097297876473,2026107055,support_band50,-0.02684798208331257,1.0562357594188485
0.05038916242804285,gaussian,historical,0.24002584381896525,285,False,-1,1.306041258325129,0.039458330367108274,0.20067471134584144,2026107055,fixed_bank,0.035933636270000444,1.2604361976826814
0.05038916242804285,gaussian,historical_se_penalty,0.24002584381896525,285,False,-1,1.306041258325129,0.039458330367108274,0.20067471134584144,2026107055,fixed_bank,0.035933636270000444,1.2604361976826814
0.0336319575134826,gaussian,support_mix50,0.24002584381896525,285,False,-1,1.28241902762319,0.02602348710790811,0.20067471134584144,2026107055,fixed_bank,0.016730181878508006,1.2604361976826814
0.03363195751348257,gaussian,support_band50,0.24002584381896525,285,False,-1,1.28241902762319,0.026023487107908094,0.20067471134584144,2026107055,fixed_bank,0.01673018187850797,1.2604361976826814
