estimate,estimator,family,fold,heldout_empirical_es,heldout_es_relative_error,hhi,portfolio_id,relative_error,relative_regret,seed,signed_relative_error,squared_relative_error,threshold,threshold_gap,true_es,true_objective
1.0020110157363384,resubstitution,gaussian,A_to_B,1.1110300702363485,0.07745826530941358,0.22894306051015156,123,0.03645581601377271,0.025472844063983535,2026107021,-0.03645581601377271,0.0013290265212300466,0.889910354871719,0.00876389479762496,1.0311583343947843,1.0399222291924093
1.1163358364935676,independent_split,gaussian,A_to_B,1.1110300702363485,0.07745826530941358,0.22894306051015156,123,0.07348011722040039,0.025472844063983535,2026107021,0.07348011722040039,0.005399327626723782,0.889910354871719,0.00876389479762496,1.0311583343947843,1.0399222291924093
1.1110300702363485,resubstitution,gaussian,B_to_A,1.0020110157363382,0.02826657913360464,0.22894306051015156,123,0.053496793597012496,0.025472844063983535,2026107021,0.053496793597012496,0.0028619069251613572,0.935738602170333,0.023453390091720205,1.0311583343947843,1.0546117244865045
1.0213318553275588,independent_split,gaussian,B_to_A,1.0020110157363382,0.02826657913360464,0.22894306051015156,123,0.03155651353596499,0.025472844063983535,2026107021,-0.03155651353596499,0.0009958135465455416,0.935738602170333,0.023453390091720205,1.0311583343947843,1.0546117244865045
0.929551408092125,resubstitution,gaussian,A_to_B,1.1510018523329362,0.07210581925453785,0.20156366664116737,31,0.15892120836349685,0.0,2026107018,-0.15892120836349685,0.02525595046771398,0.737428704089601,0.03159966954926641,1.0735897815882174,1.1051894511374838
1.24318825108611,independent_split,gaussian,A_to_B,1.1510018523329362,0.07210581925453785,0.20156366664116737,31,0.1248643839357995,0.0,2026107018,0.1248643839357995,0.015591114375666746,0.737428704089601,0.03159966954926641,1.0735897815882174,1.1051894511374838
1.0613599501253903,resubstitution,gaussian,B_to_A,0.99648789226192,0.10679846226496736,0.2734712773567342,267,0.048755564255416856,0.03916424390350226,2026107018,-0.048755564255416856,0.0023771050458640816,0.8977080628279523,0.0001233170980021736,1.1156361136466462,1.1157594307446483
1.0179486104314421,independent_split,gaussian,B_to_A,0.99648789226192,0.10679846226496736,0.2734712773567342,267,0.08766300119724563,0.03916424390350226,2026107018,-0.08766300119724563,0.007684801778908288,0.8977080628279523,0.0001233170980021736,1.1156361136466462,1.1157594307446483
2.320928415142991,resubstitution,asymmetric_crash,A_to_B,2.6368671617645143,0.029957226121704372,0.5,5,0.1462007731710576,0.0,2026107060,-0.1462007731710576,0.021374666075815032,1.6357568479492417,5.3963605756823796e-05,2.7182998861196026,2.7183538497253594
2.6698680397606926,independent_split,asymmetric_crash,A_to_B,2.6368671617645143,0.029957226121704372,0.5,5,0.017836460094981892,0.0,2026107060,-0.017836460094981892,0.00031813930871988147,1.6357568479492417,5.3963605756823796e-05,2.7182998861196026,2.7183538497253594
2.5708545108780276,resubstitution,asymmetric_crash,B_to_A,2.594515381682513,0.04935201103723241,0.5,7,0.06372949466000949,0.00401256750223089,2026107060,-0.06372949466000949,0.004061448489620178,1.8568756891557103,0.01663863340409444,2.729207247903964,2.7458458813080586
2.6017282623795284,independent_split,asymmetric_crash,B_to_A,2.594515381682513,0.04935201103723241,0.5,7,0.05248569117064789,0.00401256750223089,2026107060,-0.05248569117064789,0.002754747777660626,1.8568756891557103,0.01663863340409444,2.729207247903964,2.7458458813080586
1.2581969042608758,resubstitution,gaussian,A_to_B,1.1648483978748354,0.04763272728856671,0.1857798315680514,154,0.02838166723407897,0.016677050204146004,2026107007,0.02838166723407897,0.0008055190349859918,0.9609572233154121,0.00036432289204246793,1.22310838607301,1.2234727089650526
1.1652620030319305,independent_split,gaussian,A_to_B,1.1648483978748354,0.04763272728856671,0.1857798315680514,154,0.04757826268340963,0.016677050204146004,2026107007,-0.04757826268340963,0.0022636910799715294,0.9609572233154121,0.00036432289204246793,1.22310838607301,1.2234727089650526
1.0693200389265984,resubstitution,gaussian,B_to_A,1.3664439231396,0.11354360958688847,0.23457465047640474,42,0.12861096827214102,0.02000584394329219,2026107007,-0.12861096827214102,0.016540781159897665,0.974295387600167,3.1173790996597006e-05,1.2271130752090926,1.2271442490000892
1.391746544735565,independent_split,gaussian,B_to_A,1.3664439231396,0.11354360958688847,0.23457465047640474,42,0.13413443111484102,0.02000584394329219,2026107007,0.13413443111484102,0.017992045610502033,0.974295387600167,3.1173790996597006e-05,1.2271130752090926,1.2271442490000892
2.6833989435550305,resubstitution,asymmetric_crash,A_to_B,2.463265119239279,0.16574949734531386,0.18003823246943973,125,0.09594240239113914,0.02398076206240707,2026107046,-0.09594240239113914,0.009204944576583262,1.8804656891156712,0.015504121766433787,2.9526684268104977,2.9681725485769315
2.5575823504428854,independent_split,asymmetric_crash,A_to_B,2.463265119239279,0.16574949734531386,0.18003823246943973,125,0.13833097349104603,0.02398076206240707,2026107046,-0.13833097349104603,0.01913545822698048,1.8804656891156712,0.015504121766433787,2.9526684268104977,2.9681725485769315
2.2876813056540155,resubstitution,asymmetric_crash,B_to_A,2.7514263877806235,0.09226058039538376,0.23356245721087987,168,0.25879342357134166,0.05117208653969341,2026107046,-0.25879342357134166,0.06697403608377586,1.3388630476266576,0.05535363556629713,3.0310751393599955,3.0864287749262926
2.8604097692068793,independent_split,asymmetric_crash,B_to_A,2.7514263877806235,0.09226058039538376,0.23356245721087987,168,0.07322994379639003,0.05117208653969341,2026107046,-0.07322994379639003,0.005362624668422442,1.3388630476266576,0.05535363556629713,3.0310751393599955,3.0864287749262926
2.427162104422142,resubstitution,asymmetric_crash,A_to_B,3.3780593878890324,0.20009030347826928,0.18045919466793084,48,0.16314237372480855,0.021348813165562808,2026107032,-0.16314237372480855,0.026615434104565103,1.0979442726957838,0.08549093097159188,2.81483766521425,2.900328596185842
3.497840143046341,independent_split,asymmetric_crash,A_to_B,3.3780593878890324,0.20009030347826928,0.18045919466793084,48,0.20601512106120431,0.021348813165562808,2026107032,0.20601512106120431,0.04244223010586267,1.0979442726957838,0.08549093097159188,2.81483766521425,2.900328596185842
3.0858404984442735,resubstitution,asymmetric_crash,B_to_A,2.5581895874055633,0.0843498293300119,0.5,15,0.10128780067021935,0.013733692830818045,2026107032,0.10128780067021935,0.010259218564610087,1.8079786523509567,0.00817873934552349,2.7938503910655275,2.802029130411051
2.6204456739648174,independent_split,asymmetric_crash,B_to_A,2.5581895874055633,0.0843498293300119,0.5,15,0.06480427147436389,0.013733692830818045,2026107032,-0.06480427147436389,0.004199593601323054,1.8079786523509567,0.00817873934552349,2.7938503910655275,2.802029130411051
2.071409086834737,resubstitution,asymmetric_crash,A_to_B,2.3443243652191987,0.12727437307152978,0.5,21,0.23587955561993684,0.0,2026107018,-0.23587955561993684,0.055639164759458876,1.3522133897343354,0.024631007451778597,2.6862100674985023,2.710841074950281
2.3443656202723027,independent_split,asymmetric_crash,A_to_B,2.3443243652191987,0.12727437307152978,0.5,21,0.1351888379088028,0.0,2026107018,-0.1351888379088028,0.018276021895132555,1.3522133897343354,0.024631007451778597,2.6862100674985023,2.710841074950281
1.74462728481962,resubstitution,asymmetric_crash,B_to_A,2.4934661104444995,0.18058183031864183,0.268674450669242,206,0.4569516974663696,0.13281217448511384,2026107018,-0.4569516974663696,0.20880485381739658,0.9901849178691722,0.16968434337079286,3.0429714676867827,3.2126558110575756
2.541536876097881,independent_split,asymmetric_crash,B_to_A,2.4934661104444995,0.18058183031864183,0.268674450669242,206,0.20889848599709426,0.13281217448511384,2026107018,-0.20889848599709426,0.043638577451878185,0.9901849178691722,0.16968434337079286,3.0429714676867827,3.2126558110575756
1.1052384422322763,resubstitution,gaussian,A_to_B,1.1899565537482943,0.07183408407196601,0.22249186211775854,66,0.011897343108179236,0.011831247667730471,2026107020,-0.011897343108179236,0.00014154677303373996,0.9536145886257095,0.008340242002738307,1.1102059277939489,1.1185461697966872
1.2003659863102913,independent_split,gaussian,A_to_B,1.1899565537482943,0.07183408407196601,0.22249186211775854,66,0.07314835875614875,0.011831247667730471,2026107020,0.07314835875614875,0.005350682388718244,0.9536145886257095,0.008340242002738307,1.1102059277939489,1.1185461697966872
1.1223322259932687,resubstitution,gaussian,B_to_A,1.1853632974662034,0.026316272075873393,0.1424725155260806,85,0.0304680849408365,0.05262773023284395,2026107020,-0.0304680849408365,0.0009283041999620279,0.959529346680057,0.002633322857647613,1.1549688236635227,1.1576021465211703
1.1901695713819909,independent_split,gaussian,B_to_A,1.1853632974662034,0.026316272075873393,0.1424725155260806,85,0.02813352148550542,0.05262773023284395,2026107020,0.02813352148550542,0.000791495031175395,0.959529346680057,0.002633322857647613,1.1549688236635227,1.1576021465211703
2.7439101230279577,resubstitution,asymmetric_crash,A_to_B,2.1232649851555494,0.28397463484986185,0.3020600089759718,147,0.07979580483177232,0.07798066252698832,2026107031,-0.07979580483177232,0.006367370468750298,1.9240511961362443,0.01650033920124727,2.9653488388785463,2.9818491780797935
2.346538829749678,independent_split,asymmetric_crash,A_to_B,2.1232649851555494,0.28397463484986185,0.3020600089759718,147,0.21305918253693604,0.07798066252698832,2026107031,-0.21305918253693604,0.04539421526330743,1.9240511961362443,0.01650033920124727,2.9653488388785463,2.9818491780797935
1.7961200487276527,resubstitution,asymmetric_crash,B_to_A,3.002813283233104,0.04830211727399725,0.2844038213093525,235,0.4034215065038976,0.041302821768052445,2026107031,-0.4034215065038976,0.16274891190987428,1.0048169328397052,0.14624788915206288,2.8644540860430707,3.0107019751951336
3.2888224182844263,independent_split,asymmetric_crash,B_to_A,3.002813283233104,0.04830211727399725,0.2844038213093525,235,0.0923772745959908,0.041302821768052445,2026107031,0.0923772745959908,0.008533560861783087,1.0048169328397052,0.14624788915206288,2.8644540860430707,3.0107019751951336
2.5628738357381113,resubstitution,asymmetric_crash,A_to_B,2.884954492702027,0.04526740683158692,0.5,25,0.15190952955088366,0.09510794641496267,2026107009,-0.15190952955088366,0.023076505168370797,1.7856995715946153,0.00019361528033590147,3.021740865814483,3.021934481094819
2.892110158453678,independent_split,asymmetric_crash,A_to_B,2.884954492702027,0.04526740683158692,0.5,25,0.0429606675635492,0.09510794641496267,2026107009,-0.0429606675635492,0.0018456189575057885,1.7856995715946153,0.00019361528033590147,3.021740865814483,3.021934481094819
2.6082821872263,resubstitution,asymmetric_crash,B_to_A,2.86941871337127,0.014708048310746458,0.5,18,0.07832829221921958,0.02483166009367288,2026107009,-0.07832829221921958,0.006135321361979455,1.7438577534809505,0.0021202128139599097,2.8278268987303163,2.8299471115442763
2.9314324178851456,independent_split,asymmetric_crash,B_to_A,2.86941871337127,0.014708048310746458,0.5,18,0.03586120246801707,0.02483166009367288,2026107009,0.03586120246801707,0.0012860258424521136,1.7438577534809505,0.0021202128139599097,2.8278268987303163,2.8299471115442763
2.6329348456467443,resubstitution,asymmetric_crash,A_to_B,2.882471732705251,0.008565975507613066,0.5,12,0.08039729394132729,0.029212318270111837,2026107008,-0.08039729394132729,0.006463724873088181,1.8021627214403664,0.005131857843507337,2.8579902581529164,2.8631221159964237
2.9064204435848904,independent_split,asymmetric_crash,A_to_B,2.882471732705251,0.008565975507613066,0.5,12,0.015122766628274935,0.029212318270111837,2026107008,0.015122766628274935,0.00022869807049326603,1.8021627214403664,0.005131857843507337,2.8579902581529164,2.8631221159964237
2.5223973369783157,resubstitution,asymmetric_crash,B_to_A,3.0228433283546856,0.08857879444066508,0.5,17,0.09789221272448323,0.0,2026107008,-0.09789221272448323,0.009582885312095476,1.4191144431653357,0.019243838559689586,2.7768714068216687,2.7961152453813582
3.0494637891555634,independent_split,asymmetric_crash,B_to_A,3.0228433283546856,0.08857879444066508,0.5,17,0.09060733250987703,0.0,2026107008,0.09060733250987703,0.008209688704555419,1.4191144431653357,0.019243838559689586,2.7768714068216687,2.7961152453813582
1.1593123326960821,resubstitution,gaussian,A_to_B,1.1960573741467566,0.006492935942241429,0.18765867936597969,168,0.028454884677643465,0.04048043277744817,2026107012,-0.028454884677643465,0.0008096804620179889,0.8964195223334652,0.004925047482911005,1.1883415485942304,1.1932665960771414
1.1971113157107984,independent_split,gaussian,A_to_B,1.1960573741467566,0.006492935942241429,0.18765867936597969,168,0.003222012286522196,0.04048043277744817,2026107012,0.003222012286522196,1.0381363174499989e-05,0.8964195223334652,0.004925047482911005,1.1883415485942304,1.1932665960771414
1.0746657732633946,resubstitution,gaussian,B_to_A,1.2527632621559832,0.08457702020275959,0.1988835327698335,282,0.07271564805009986,0.011349457924751505,2026107012,-0.07271564805009986,0.005287565471345992,0.8762459190359561,0.0038679414137927637,1.1550708145390924,1.1589387559528852
1.2574260193077509,independent_split,gaussian,B_to_A,1.2527632621559832,0.08457702020275959,0.1988835327698335,282,0.08498055902349125,0.011349457924751505,2026107012,0.08498055902349125,0.00722169541194508,0.8762459190359561,0.0038679414137927637,1.1550708145390924,1.1589387559528852
1.0733212136006136,resubstitution,gaussian,A_to_B,1.2855736839457197,0.06497605939286633,0.20988740239797593,128,0.24610615169920297,0.09341828750030601,2026107017,-0.24610615169920297,0.0605682379041911,0.9304374732844835,0.04879345947774483,1.3749099120509851,1.42370337152873
1.307119036330058,independent_split,gaussian,A_to_B,1.2855736839457197,0.06497605939286633,0.20988740239797593,128,0.081888079729338,0.09341828750030601,2026107017,-0.081888079729338,0.006705657601758416,0.9304374732844835,0.04879345947774483,1.3749099120509851,1.42370337152873
1.0485464054182954,resubstitution,gaussian,B_to_A,1.2151620307023745,0.036063463444293786,0.17189684628047563,46,0.1818811843794593,0.0025310664725870513,2026107017,-0.1818811843794593,0.03308076523127487,0.8987993129606112,0.021030892328138817,1.2606245168840011,1.28165540921214
1.2299175411342138,independent_split,gaussian,B_to_A,1.2151620307023745,0.036063463444293786,0.17189684628047563,46,0.040368001965310214,0.0025310664725870513,2026107017,-0.040368001965310214,0.0016295755826712893,0.8987993129606112,0.021030892328138817,1.2606245168840011,1.28165540921214
2.709385703216677,resubstitution,asymmetric_crash,A_to_B,2.69872245397402,0.06305006600775098,0.22669363734669848,277,0.07258398709348224,0.050678749416852575,2026107048,-0.07258398709348224,0.005268435182386796,2.0267843471961,0.041107832614014406,2.8803272790415133,2.9214351116555277
2.8771521353447014,independent_split,asymmetric_crash,A_to_B,2.69872245397402,0.06305006600775098,0.22669363734669848,277,0.015157953067022573,0.050678749416852575,2026107048,-0.015157953067022573,0.00022976354118205903,2.0267843471961,0.041107832614014406,2.8803272790415133,2.9214351116555277
2.094281569020443,resubstitution,asymmetric_crash,B_to_A,4.269064816585322,0.23139834357094147,0.5,18,0.400766381690259,0.26462654785016726,2026107048,-0.400766381690259,0.16061369269310238,1.342204763388117,0.028090297692755062,3.466843072246978,3.494933369939733
4.3733537945145855,independent_split,asymmetric_crash,B_to_A,4.269064816585322,0.23139834357094147,0.5,18,0.2513411077104454,0.26462654785016726,2026107048,0.2513411077104454,0.06317235242511371,1.342204763388117,0.028090297692755062,3.466843072246978,3.494933369939733
1.9963777370175544,resubstitution,asymmetric_crash,A_to_B,2.8815579529362627,0.00732877069246296,0.2347204198289245,281,0.31630291276462674,0.08508280545114211,2026107050,-0.31630291276462674,0.10004753262338707,1.1338216772400884,0.05938070648743876,2.8605933204463203,2.919974026933759
2.8965124234573913,independent_split,asymmetric_crash,A_to_B,2.8815579529362627,0.00732877069246296,0.2347204198289245,281,0.008034867180310011,0.08508280545114211,2026107050,-0.008034867180310011,6.455909060522295e-05,1.1338216772400884,0.05938070648743876,2.8605933204463203,2.919974026933759
2.429263519656546,resubstitution,asymmetric_crash,B_to_A,2.120334522302052,0.2294979438965684,0.5,17,0.14578833903486324,0.04384819303750187,2026107050,-0.14578833903486324,0.02125423979854423,1.1769590865125714,0.09197911370980005,2.7518869099778493,2.8438660236876494
2.1575789121667803,independent_split,asymmetric_crash,B_to_A,2.120334522302052,0.2294979438965684,0.5,17,0.2413218857022521,0.04384819303750187,2026107050,-0.2413218857022521,0.05823625251889083,1.1769590865125714,0.09197911370980005,2.7518869099778493,2.8438660236876494
3.007279931936508,resubstitution,asymmetric_crash,A_to_B,2.606329272381924,0.01515665691450685,0.5,10,0.11881579355255106,0.0,2026107055,0.11881579355255106,0.014117192797522434,1.9945275794605974,0.041472909162890925,2.646440462516962,2.687913371679853
2.645126593544576,independent_split,asymmetric_crash,A_to_B,2.606329272381924,0.01515665691450685,0.5,10,0.01591821320809042,0.0,2026107055,-0.01591821320809042,0.0002533895117382243,1.9945275794605974,0.041472909162890925,2.646440462516962,2.687913371679853
2.5053346265287884,resubstitution,asymmetric_crash,B_to_A,3.478088262847202,0.22456684515382297,0.23744480152792488,153,0.11806750171255041,0.07323783361011316,2026107055,-0.11806750171255041,0.013939934960643094,1.3813761996391385,0.0004728293498885705,2.8402600287698503,2.840732858119739
3.481130163722148,independent_split,asymmetric_crash,B_to_A,3.478088262847202,0.22456684515382297,0.23744480152792488,153,0.22543383612152948,0.07323783361011316,2026107055,0.22543383612152948,0.05082041446846861,1.3813761996391385,0.0004728293498885705,2.8402600287698503,2.840732858119739
1.2203366031168392,resubstitution,gaussian,A_to_B,1.164271173730302,0.0009469462830291597,0.20528592793265654,59,0.04311818817220605,0.00024164621802946762,2026107006,0.04311818817220605,0.0018591781512537697,0.9900399544834544,0.006723224729493271,1.1631697144926312,1.1698929392221245
1.1651242918648266,independent_split,gaussian,A_to_B,1.164271173730302,0.0009469462830291597,0.20528592793265654,59,0.004076139958985138,0.00024164621802946762,2026107006,-0.004076139958985138,1.6614916965235365e-05,0.9900399544834544,0.006723224729493271,1.1631697144926312,1.1698929392221245
1.0914392806283728,resubstitution,gaussian,B_to_A,1.2677644652225002,0.0030173473022667707,0.5,18,0.15157126964566675,0.08690597784482335,2026107006,-0.15157126964566675,0.022973849781999418,0.8978765871199379,0.022473548244615893,1.2639506870268016,1.2864242352714175
1.358263337594761,independent_split,gaussian,B_to_A,1.2677644652225002,0.0030173473022667707,0.5,18,0.05584402124403892,0.08690597784482335,2026107006,0.05584402124403892,0.0031185547087046704,0.8978765871199379,0.022473548244615893,1.2639506870268016,1.2864242352714175
2.5748210487862817,resubstitution,asymmetric_crash,A_to_B,2.583098724171128,0.09346571062715092,0.5,16,0.10039251283011337,0.0,2026107058,-0.10039251283011337,0.010078656632344477,1.509225942495774,0.012738563411376358,2.84942197383195,2.8621605372433265
2.675895540515235,independent_split,asymmetric_crash,A_to_B,2.583098724171128,0.09346571062715092,0.5,16,0.06507845884406319,0.0,2026107058,-0.06507845884406319,0.004235205805518426,1.509225942495774,0.012738563411376358,2.84942197383195,2.8621605372433265
2.4537873345565604,resubstitution,asymmetric_crash,B_to_A,2.699461396293577,0.1467969552543732,0.29949899612673647,60,0.22765672701907544,0.1103706033791223,2026107058,-0.22765672701907544,0.05182758535703783,1.8299026814878288,0.013153910432784244,3.163914396365512,3.1770683067982963
2.7004466224995447,independent_split,asymmetric_crash,B_to_A,2.699461396293577,0.1467969552543732,0.29949899612673647,60,0.15001933804157616,0.1103706033791223,2026107058,-0.15001933804157616,0.0225058017864327,1.8299026814878288,0.013153910432784244,3.163914396365512,3.1770683067982963
0.9676253012951039,resubstitution,gaussian,A_to_B,0.9934672144543102,0.0768867496155844,0.21745241945225915,240,0.10229088066875047,0.0,2026107015,-0.10229088066875047,0.010463424267988549,0.829572418709836,0.001669096480279908,1.0762137950469206,1.0778828915272005
0.9988903158085823,independent_split,gaussian,A_to_B,0.9934672144543102,0.0768867496155844,0.21745241945225915,240,0.07328493321449549,0.0,2026107015,-0.07328493321449549,0.005370681436253064,0.829572418709836,0.001669096480279908,1.0762137950469206,1.0778828915272005
0.9934672144543102,resubstitution,gaussian,B_to_A,0.9676253012951039,0.10089862651043457,0.21745241945225915,240,0.08562889454908529,0.0,2026107015,-0.08562889454908529,0.007332307581698368,0.7886312962153158,0.010289495063487974,1.0762137950469206,1.0865032901104086
0.9759125130998101,independent_split,gaussian,B_to_A,0.9676253012951039,0.10089862651043457,0.21745241945225915,240,0.10178595685555673,0.0,2026107015,-0.10178595685555673,0.010360381013001256,0.7886312962153158,0.010289495063487974,1.0762137950469206,1.0865032901104086
2.609277981185631,resubstitution,asymmetric_crash,A_to_B,1.6993612086455967,0.40322876963323107,0.2051278381990777,172,0.08763048854866173,0.04660574878981061,2026107022,-0.08763048854866173,0.007679102523277135,1.8431109457638741,0.012299306151416278,2.847592380753992,2.8598916869054083
2.030521104628103,independent_split,asymmetric_crash,A_to_B,1.6993612086455967,0.40322876963323107,0.2051278381990777,172,0.2900006969056717,0.04660574878981061,2026107022,-0.2900006969056717,0.08410040420577526,1.8431109457638741,0.012299306151416278,2.847592380753992,2.8598916869054083
1.528156811724438,resubstitution,asymmetric_crash,B_to_A,3.043310542694718,0.06364636827261894,0.22399682955162642,196,0.5001843227160041,0.05160902012969659,2026107022,-0.5001843227160041,0.25018435669086775,0.9726306057799498,0.1962355135437055,2.8612052214657675,3.057440735009473
3.513906560617626,independent_split,asymmetric_crash,B_to_A,3.043310542694718,0.06364636827261894,0.22399682955162642,196,0.14929670439114456,0.05160902012969659,2026107022,0.14929670439114456,0.022289505942056805,0.9726306057799498,0.1962355135437055,2.8612052214657675,3.057440735009473
1.1240796451524857,resubstitution,gaussian,A_to_B,1.190703466345467,0.0029495699337910297,0.22834559846447788,72,0.058754019860491315,0.04331834062644613,2026107054,-0.058754019860491315,0.0034520348497670077,0.9489154194358732,2.0504009790922595e-05,1.1942259192109255,1.1942464232207164
1.2141476476722088,independent_split,gaussian,A_to_B,1.190703466345467,0.0029495699337910297,0.22834559846447788,72,0.016664252925138866,0.04331834062644613,2026107054,0.016664252925138866,0.00027769732555299925,0.9489154194358732,2.0504009790922595e-05,1.1942259192109255,1.1942464232207164
1.1099637505270707,resubstitution,gaussian,B_to_A,1.1251325657771047,0.017044076310979706,0.2584445033565345,124,0.037337398381610536,0.0,2026107054,-0.037337398381610536,0.0013940813179070932,0.9822262246189387,0.008372374787580572,1.1446419301839064,1.153014304971487
1.1310959473552435,independent_split,gaussian,B_to_A,1.1251325657771047,0.017044076310979706,0.2584445033565345,124,0.019009614643753628,0.0,2026107054,-0.019009614643753628,0.00036136544890401237,0.9822262246189387,0.008372374787580572,1.1446419301839064,1.153014304971487
1.1644216925417559,resubstitution,gaussian,A_to_B,1.4268558547910717,0.05133391244809293,0.21412433864817199,129,0.15059512815056883,0.015802573186916247,2026107027,-0.15059512815056883,0.02267889262268625,0.9922537032606314,0.01368150930268519,1.3571861783365797,1.370867687639265
1.4901695328736229,independent_split,gaussian,A_to_B,1.4268558547910717,0.05133391244809293,0.21412433864817199,129,0.08702652072849168,0.015802573186916247,2026107027,0.08702652072849168,0.007573615310106592,0.9922537032606314,0.01368150930268519,1.3571861783365797,1.370867687639265
1.407995392192086,resubstitution,gaussian,B_to_A,1.242028305762983,0.09820721568809354,0.15484030841432134,132,0.02225171509488873,0.03084796527471001,2026107027,0.02225171509488873,0.000495138824664099,1.1044839009496834,5.914054925071355e-05,1.377287917324251,1.3773470578735016
1.2607893890074782,independent_split,gaussian,B_to_A,1.242028305762983,0.09820721568809354,0.15484030841432134,132,0.08462476338097233,0.03084796527471001,2026107027,-0.08462476338097233,0.007161350577285555,1.1044839009496834,5.914054925071355e-05,1.377287917324251,1.3773470578735016
2.473512725066881,resubstitution,asymmetric_crash,A_to_B,2.406131516564756,0.1507018784457631,0.5,14,0.13007240416492613,0.0032601716483746657,2026107002,-0.13007240416492613,0.016918830325243894,1.8446633518738633,0.010272359569341472,2.833082348235358,2.8433547078046995
2.4485599741083184,independent_split,asymmetric_crash,A_to_B,2.406131516564756,0.1507018784457631,0.5,14,0.13884821778046633,0.0032601716483746657,2026107002,-0.13884821778046633,0.019278827580811807,1.8446633518738633,0.010272359569341472,2.833082348235358,2.8433547078046995
2.086377437214507,resubstitution,asymmetric_crash,B_to_A,2.5984386574183356,0.0798326017303882,0.5,2,0.27480778153191215,0.0,2026107002,-0.27480778153191215,0.07551931679049116,1.3260572194095142,0.05312317899659691,2.8238760276714188,2.8769992066680157
2.6490648371073324,independent_split,asymmetric_crash,B_to_A,2.5984386574183356,0.0798326017303882,0.5,2,0.07922642767241651,0.0,2026107002,-0.07922642767241651,0.0062768268417326455,1.3260572194095142,0.05312317899659691,2.8238760276714188,2.8769992066680157
2.19692933772775,resubstitution,asymmetric_crash,A_to_B,3.8570443325427246,0.16406848650476524,0.29416973853654427,50,0.35902771284921364,0.13320286347715204,2026107039,-0.35902771284921364,0.1289008985937374,1.3338200824831736,0.11407802692887259,3.313417017347403,3.4274950442762755
3.9567563871233253,independent_split,asymmetric_crash,A_to_B,3.8570443325427246,0.16406848650476524,0.29416973853654427,50,0.15441636997576016,0.13320286347715204,2026107039,0.15441636997576016,0.023844415316490845,1.3338200824831736,0.11407802692887259,3.313417017347403,3.4274950442762755
3.1280525888052155,resubstitution,asymmetric_crash,B_to_A,2.6470463809624896,0.09860442937202718,0.2832838108915391,183,0.05079984571493839,0.004332915285422789,2026107039,0.05079984571493839,0.0025806243246615443,1.9893848718825946,0.04022104041949026,2.936609039601092,2.9768300800205822
2.7377096400806566,independent_split,asymmetric_crash,B_to_A,2.6470463809624896,0.09860442937202718,0.2832838108915391,183,0.0803272049502645,0.004332915285422789,2026107039,-0.0803272049502645,0.006452459855121799,1.9893848718825946,0.04022104041949026,2.936609039601092,2.9768300800205822
2.0813818333198535,resubstitution,asymmetric_crash,A_to_B,2.787856891119825,0.012832224296340344,0.18132514585356435,193,0.29208761631392016,0.0022473812629371093,2026107013,-0.29208761631392016,0.08531517560394784,0.9949855124891671,0.116072372011506,2.8240963286434493,2.9401687006549553
3.007089850643591,independent_split,asymmetric_crash,A_to_B,2.787856891119825,0.012832224296340344,0.18132514585356435,193,0.022760989862155898,0.0022473812629371093,2026107013,0.022760989862155898,0.0005180626595051635,0.9949855124891671,0.116072372011506,2.8240963286434493,2.9401687006549553
2.547480171640828,resubstitution,asymmetric_crash,B_to_A,2.369023746038148,0.19971813926649407,0.28379529400191117,252,0.14011727519065767,0.050562427657735,2026107013,-0.14011727519065767,0.01963285080685449,1.6171068568601907,0.0023535297256982446,2.9602367144330834,2.9625902441587817
2.400428782030934,independent_split,asymmetric_crash,B_to_A,2.369023746038148,0.19971813926649407,0.28379529400191117,252,0.1897533630363627,0.050562427657735,2026107013,-0.1897533630363627,0.036006338783609655,1.6171068568601907,0.0023535297256982446,2.9602367144330834,2.9625902441587817
1.9336413518465962,resubstitution,asymmetric_crash,A_to_B,2.668345240401282,0.06088999934089212,0.20342014811540737,43,0.32439269578248275,0.05035426804824472,2026107024,-0.32439269578248275,0.10523062107702641,1.3053681508041262,0.02072344698190509,2.8413553668138154,2.8620788137957205
2.6725811133366206,independent_split,asymmetric_crash,A_to_B,2.668345240401282,0.06088999934089212,0.20342014811540737,43,0.0662098120938137,0.05035426804824472,2026107024,-0.0662098120938137,0.004383739217498119,1.3053681508041262,0.02072344698190509,2.8413553668138154,2.8620788137957205
2.3246965797855568,resubstitution,asymmetric_crash,B_to_A,2.3925521601905126,0.1880204412683657,0.22918033210230812,88,0.24272313305266768,0.08924749253517716,2026107024,-0.24272313305266768,0.05891451931890302,1.0847362655558452,0.12324365006589666,2.9465669849224247,3.0698106349883214
2.542891066930678,independent_split,asymmetric_crash,B_to_A,2.3925521601905126,0.1880204412683657,0.22918033210230812,88,0.17164562597186,0.08924749253517716,2026107024,-0.17164562597186,0.02946222091527166,1.0847362655558452,0.12324365006589666,2.9465669849224247,3.0698106349883214
1.1640964899699722,resubstitution,gaussian,A_to_B,0.9816244899736961,0.11256612672991573,0.29445339376252544,49,0.05238644928946543,0.14618804607541502,2026107041,0.05238644928946543,0.0027443400691577334,0.8844623696258967,1.1077370319023672e-05,1.1061381805908885,1.1061492579612076
0.9821420538252996,independent_split,gaussian,A_to_B,0.9816244899736961,0.11256612672991573,0.29445339376252544,49,0.11210711686818023,0.14618804607541502,2026107041,-0.11210711686818023,0.01256800565249582,0.8844623696258967,1.1077370319023672e-05,1.1061381805908885,1.1061492579612076
0.8927473329185504,resubstitution,gaussian,B_to_A,1.3364897916544278,0.29519099557730843,0.14445240891571787,40,0.1413353959664873,0.06924769093432004,2026107041,-0.1413353959664873,0.019975694153003758,0.7632858709382416,0.0078064549752572265,1.0318862594151306,1.0396927143903878
1.521386211990042,independent_split,gaussian,B_to_A,1.3364897916544278,0.29519099557730843,0.14445240891571787,40,0.4633037155426158,0.06924769093432004,2026107041,0.4633037155426158,0.21465033283559304,0.7632858709382416,0.0078064549752572265,1.0318862594151306,1.0396927143903878
2.875883871059489,resubstitution,asymmetric_crash,A_to_B,2.6080581856043916,0.0516575785400295,0.22474021586433743,55,0.0034436412452083496,0.018513301124970738,2026107062,-0.0034436412452083496,1.1858665025700113e-05,2.242783264977463,0.1356987314052902,2.7501228739607506,2.885821605366041
2.890504676116816,independent_split,asymmetric_crash,A_to_B,2.6080581856043916,0.0516575785400295,0.22474021586433743,55,0.0016227859483992613,0.018513301124970738,2026107062,0.0016227859483992613,2.63343423432209e-06,2.242783264977463,0.1356987314052902,2.7501228739607506,2.885821605366041
2.379964001311903,resubstitution,asymmetric_crash,B_to_A,3.338873936872591,0.2281636648872074,0.5,3,0.12505520731568073,0.006835185030447111,2026107062,-0.12505520731568073,0.015638804876767887,1.55615890652727,0.0015400926262794101,2.718590390132758,2.7201304827590373
3.5966417042876087,independent_split,asymmetric_crash,B_to_A,3.338873936872591,0.2281636648872074,0.5,3,0.32223131466822985,0.006835185030447111,2026107062,0.32223131466822985,0.10383302015281576,1.55615890652727,0.0015400926262794101,2.718590390132758,2.7201304827590373
2.5608728512734267,resubstitution,asymmetric_crash,A_to_B,1.9178079646597541,0.2848933587672259,0.5,6,0.04629700396207927,0.0,2026107063,-0.04629700396207927,0.0021434125758647833,1.7239552660648538,0.003340152141691366,2.6818489076729035,2.685189059814595
2.020874704679486,independent_split,asymmetric_crash,A_to_B,1.9178079646597541,0.2848933587672259,0.5,6,0.24739947182005056,0.0,2026107063,-0.24739947182005056,0.06120649865683999,1.7239552660648538,0.003340152141691366,2.6818489076729035,2.685189059814595
1.8366307901836083,resubstitution,asymmetric_crash,B_to_A,2.9884473694048346,0.0034510242875828157,0.22114158402036865,41,0.39651368483297855,0.11818241499337279,2026107063,-0.39651368483297855,0.15722310225982664,1.1373068539486162,0.04457146349091268,2.998796288229026,3.0433677517199387
2.995906749307247,independent_split,asymmetric_crash,B_to_A,2.9884473694048346,0.0034510242875828157,0.22114158402036865,41,0.015594895617156131,0.11818241499337279,2026107063,-0.015594895617156131,0.0002432007693099955,1.1373068539486162,0.04457146349091268,2.998796288229026,3.0433677517199387
3.4767117252942277,resubstitution,asymmetric_crash,A_to_B,2.8699547227192572,0.009819842431716852,0.5,28,0.10770803914813913,0.007746177823643174,2026107007,0.10770803914813913,0.011601021697137072,2.7048651242803836,0.296607234046228,2.842046276104266,3.138653510150494
3.0514737673179,independent_split,asymmetric_crash,A_to_B,2.8699547227192572,0.009819842431716852,0.5,28,0.027776160238985364,0.007746177823643174,2026107007,-0.027776160238985364,0.0007715150776217914,2.7048651242803836,0.296607234046228,2.842046276104266,3.138653510150494
2.648883327453885,resubstitution,asymmetric_crash,B_to_A,3.6326468549389492,0.28339384052708616,0.5,24,0.06601000639108731,0.0036522075886120664,2026107007,-0.06601000639108731,0.004357320943751387,1.551054356869656,0.005593445001338626,2.830500459194219,2.8360939041955575
3.7752430968100557,independent_split,asymmetric_crash,B_to_A,3.6326468549389492,0.28339384052708616,0.5,24,0.3311417831494133,0.0036522075886120664,2026107007,0.3311417831494133,0.10965488054737305,1.551054356869656,0.005593445001338626,2.830500459194219,2.8360939041955575
2.1002082917907234,resubstitution,asymmetric_crash,A_to_B,2.8407924360974777,0.15245714138994282,0.5,28,0.3804548122176156,0.21158216702153632,2026107053,-0.3804548122176156,0.14474586413954116,1.1317608973733262,0.03812149177059476,3.351797973681573,3.389919465452168
2.8481490142819696,independent_split,asymmetric_crash,A_to_B,2.8407924360974777,0.15245714138994282,0.5,28,0.15981808909962808,0.21158216702153632,2026107053,-0.15981808909962808,0.02554182160345666,1.1317608973733262,0.03812149177059476,3.351797973681573,3.389919465452168
2.174424956099758,resubstitution,asymmetric_crash,B_to_A,2.6119061898388436,0.09512648150617697,0.22218279084603199,66,0.2568221560601993,0.043385349533280104,2026107053,-0.2568221560601993,0.06595761984340937,1.2786593031277949,0.039359792436277186,2.886487599047439,2.925847391483716
2.6122195105230466,independent_split,asymmetric_crash,B_to_A,2.6119061898388436,0.09512648150617697,0.22218279084603199,66,0.10719215290365056,0.043385349533280104,2026107053,-0.10719215290365056,0.0114901576441196,1.2786593031277949,0.039359792436277186,2.886487599047439,2.925847391483716
1.07743497954005,resubstitution,gaussian,A_to_B,1.130315194528687,0.05019697207090268,0.2043147482076855,184,0.09522734868150216,0.04818170067327254,2026107025,-0.09522734868150216,0.009068247936908393,0.9282529910845482,0.0007828312575284269,1.1900522121867407,1.1908350434442692
1.1381418951253282,independent_split,gaussian,A_to_B,1.130315194528687,0.05019697207090268,0.2043147482076855,184,0.04424890635275215,0.04818170067327254,2026107025,-0.04424890635275215,0.0019579657134146298,0.9282529910845482,0.0007828312575284269,1.1900522121867407,1.1908350434442692
1.0992874549404994,resubstitution,gaussian,B_to_A,1.1006257875732912,0.057100390935144074,0.1922964398552785,45,0.09056417104241998,0.028122315993761582,2026107025,-0.09056417104241998,0.008201869076600702,0.7898399954237834,0.04147977681585857,1.1672778066637064,1.208757583479565
1.1719482358762547,independent_split,gaussian,B_to_A,1.1006257875732912,0.057100390935144074,0.1922964398552785,45,0.0304522164794613,0.028122315993761582,2026107025,-0.0304522164794613,0.0009273374885119744,0.7898399954237834,0.04147977681585857,1.1672778066637064,1.208757583479565
2.3181305979346662,resubstitution,asymmetric_crash,A_to_B,2.691289581903777,0.030456885628610708,0.5,14,0.14023527710199774,0.0,2026107040,-0.14023527710199774,0.01966593294387409,1.1281419727492166,0.0844943330372172,2.6117439937935947,2.696238326830812
2.7529225821110126,independent_split,asymmetric_crash,A_to_B,2.691289581903777,0.030456885628610708,0.5,14,0.021023458763316374,0.0,2026107040,0.021023458763316374,0.00044198581837286404,1.1281419727492166,0.0844943330372172,2.6117439937935947,2.696238326830812
2.50675962496066,resubstitution,asymmetric_crash,B_to_A,2.4711784419540646,0.07073092378811707,0.5,18,0.06624153596967894,0.018197477657611483,2026107040,-0.06624153596967894,0.004387941087622269,1.3440681649404178,0.025319913473472955,2.6592711467680545,2.6845910602415275
2.47144368453283,independent_split,asymmetric_crash,B_to_A,2.4711784419540646,0.07073092378811707,0.5,18,0.07939658999293592,0.018197477657611483,2026107040,-0.07939658999293592,0.006303818502506372,1.3440681649404178,0.025319913473472955,2.6592711467680545,2.6845910602415275
2.955520616321781,resubstitution,asymmetric_crash,A_to_B,2.7225345598190893,0.03475443710568127,0.5,15,0.026076919800095397,0.0,2026107059,0.026076919800095397,0.0006800057462606074,1.2998734459584051,0.05984684632214998,2.820561590208698,2.880408436530848
2.9682740736409645,independent_split,asymmetric_crash,A_to_B,2.7225345598190893,0.03475443710568127,0.5,15,0.030504575669116404,0.0,2026107059,0.030504575669116404,0.0009305291367528484,1.2998734459584051,0.05984684632214998,2.820561590208698,2.880408436530848
2.647394769116436,resubstitution,asymmetric_crash,B_to_A,3.221993905846073,0.08110564067843717,0.28903582899242325,141,0.1169551730827712,0.05662527222884517,2026107059,-0.1169551730827712,0.01367851251082097,1.7691779402639274,0.017753213571756188,2.98027665809249,2.9980298716642464
3.268995221057308,independent_split,asymmetric_crash,B_to_A,3.221993905846073,0.08110564067843717,0.28903582899242325,141,0.09038113727754321,0.05662527222884517,2026107059,0.09038113727754321,0.008168749975582111,1.7691779402639274,0.017753213571756188,2.98027665809249,2.9980298716642464
2.318465405262922,resubstitution,asymmetric_crash,A_to_B,3.2657223835144094,0.17345177103403087,0.5,11,0.17324177396152768,0.06232692808431817,2026107014,-0.17324177396152768,0.03001271224533705,1.4168304105467824,0.021279450925439924,2.783005202366942,2.804284653292382
3.460139069410107,independent_split,asymmetric_crash,A_to_B,3.2657223835144094,0.17345177103403087,0.5,11,0.2338758354462042,0.06232692808431817,2026107014,0.2338758354462042,0.05469790640565998,1.4168304105467824,0.021279450925439924,2.783005202366942,2.804284653292382
2.8422139339013284,resubstitution,asymmetric_crash,B_to_A,2.4639155959398624,0.13393389305721648,0.23133196654608873,184,0.019082276767821114,0.08597281939293677,2026107014,-0.019082276767821114,0.00036413328664372546,2.101868338196013,0.05255397223765046,2.844950952575079,2.8975049248127296
2.6662400015873113,independent_split,asymmetric_crash,B_to_A,2.4639155959398624,0.13393389305721648,0.23133196654608873,184,0.0798151959104488,0.08597281939293677,2026107014,-0.0798151959104488,0.006370465498223323,2.101868338196013,0.05255397223765046,2.844950952575079,2.8975049248127296
2.4269515051515587,resubstitution,asymmetric_crash,A_to_B,2.751520291019208,0.010776580611534858,0.2356330623648153,145,0.13032473389290244,0.019151839549526928,2026107042,-0.13032473389290244,0.016984536264255834,1.6381456340629046,0.00914575915678073,2.781495299333076,2.790641058489857
2.778005726203247,independent_split,asymmetric_crash,A_to_B,2.751520291019208,0.010776580611534858,0.2356330623648153,145,0.004527752592247492,0.019151839549526928,2026107042,-0.004527752592247492,2.0500543536603882e-05,1.6381456340629046,0.00914575915678073,2.781495299333076,2.790641058489857
2.677522862175188,resubstitution,asymmetric_crash,B_to_A,2.5264649825500363,0.08640246361552795,0.5,5,0.031955943593350716,0.013255397317406548,2026107042,-0.031955943593350716,0.0010211823309414128,1.6000961605848114,0.0005075520879822548,2.7654025781947995,2.7659101302827818
2.5283562361141394,independent_split,asymmetric_crash,B_to_A,2.5264649825500363,0.08640246361552795,0.5,5,0.08588633866580303,0.013255397317406548,2026107042,-0.08588633866580303,0.007376463169417012,1.6000961605848114,0.0005075520879822548,2.7654025781947995,2.7659101302827818
2.4374124340512937,resubstitution,asymmetric_crash,A_to_B,2.708610232346587,0.11758289925149001,0.5,3,0.21489962058211767,0.06774011410084824,2026107017,-0.21489962058211767,0.04618184692633814,1.5716422918571284,0.035051938480756384,3.0695350645958803,3.1045870030766367
2.7344283200711352,independent_split,asymmetric_crash,A_to_B,2.708610232346587,0.11758289925149001,0.5,3,0.11922960530295182,0.06774011410084824,2026107017,-0.11922960530295182,0.014215698780697677,1.5716422918571284,0.035051938480756384,3.0695350645958803,3.1045870030766367
2.633693750284682,resubstitution,asymmetric_crash,B_to_A,2.701254904495226,0.08462226783840288,0.309321737150373,43,0.10751880151022483,0.02649818366684986,2026107017,-0.10751880151022483,0.011560292678195125,1.6658140869355278,6.60714179145927e-06,2.950972925806717,2.9509795329485087
2.7059101374221743,independent_split,asymmetric_crash,B_to_A,2.701254904495226,0.08462226783840288,0.309321737150373,43,0.08304679608586446,0.02649818366684986,2026107017,-0.08304679608586446,0.006896770340127153,1.6658140869355278,6.60714179145927e-06,2.950972925806717,2.9509795329485087
3.1156081399675797,resubstitution,asymmetric_crash,A_to_B,2.560798541251428,0.038605724529196084,0.5,25,0.15478199790791938,0.014001442444655954,2026107026,0.15478199790791938,0.02395746687636716,1.959509501892111,0.0343755603430016,2.6636299035558335,2.698005463898835
2.5944966229616546,independent_split,asymmetric_crash,A_to_B,2.560798541251428,0.038605724529196084,0.5,25,0.0383649485971025,0.014001442444655954,2026107026,-0.0383649485971025,0.0014718692808583173,1.959509501892111,0.0343755603430016,2.6636299035558335,2.698005463898835
2.560798541251428,resubstitution,asymmetric_crash,B_to_A,3.1156081399675797,0.16968507366897123,0.5,25,0.04060178962116649,0.014001442444655954,2026107026,-0.04060178962116649,0.001648505320441463,1.7551834637875168,0.005541785059528959,2.6636299035558335,2.6691716886153625
3.1188007343129653,independent_split,asymmetric_crash,B_to_A,3.1156081399675797,0.16968507366897123,0.5,25,0.16845265054150516,0.014001442444655954,2026107026,0.16845265054150516,0.028376295474458458,1.7551834637875168,0.005541785059528959,2.6636299035558335,2.6691716886153625
1.0173507460004447,resubstitution,gaussian,A_to_B,1.2247371547174561,0.05195273008261636,0.2508692417695377,115,0.12756960933380843,0.0,2026107010,-0.12756960933380843,0.016274005225580503,0.8969784080705496,0.0018599510382084627,1.1642511300115832,1.1661110810497917
1.225931488280604,independent_split,gaussian,A_to_B,1.2247371547174561,0.05195273008261636,0.2508692417695377,115,0.051299064216900385,0.0,2026107010,0.051299064216900385,0.0026315939895296694,0.8969784080705496,0.0018599510382084627,1.1642511300115832,1.1661110810497917
1.1430904287537342,resubstitution,gaussian,B_to_A,1.1635585219669606,0.08655458010224548,0.17236292317868382,193,0.10405720721995557,0.09410489393638732,2026107010,-0.10405720721995557,0.010827902374416772,0.9813536484496966,0.0020391684517795383,1.2738128591166424,1.275852027568422
1.1659623895719096,independent_split,gaussian,B_to_A,1.1635585219669606,0.08655458010224548,0.17236292317868382,193,0.08613039413821773,0.09410489393638732,2026107010,-0.08613039413821773,0.007418444794404731,0.9813536484496966,0.0020391684517795383,1.2738128591166424,1.275852027568422
1.7756521704784793,resubstitution,asymmetric_crash,A_to_B,3.1532875150518356,0.0446041266849555,0.17536716800500238,108,0.44773022913547045,0.024756441170292298,2026107027,-0.44773022913547045,0.20046235808170088,1.021396387850092,0.1965463103267524,3.0186435554862046,3.215189865812957
3.4222952001118285,independent_split,asymmetric_crash,A_to_B,3.1532875150518356,0.0446041266849555,0.17536716800500238,108,0.06441465137129786,0.024756441170292298,2026107027,0.06441465137129786,0.004149247311285845,1.021396387850092,0.1965463103267524,3.0186435554862046,3.215189865812957
3.02566625479509,resubstitution,asymmetric_crash,B_to_A,2.0824889698202274,0.3008409949217027,0.3361051073102902,200,0.014683596011071217,0.011149978062922061,2026107027,0.014683596011071217,0.00021560799181634656,1.788682979086394,0.0033187599468211815,2.978562751383019,2.9818815113298403
2.2881100211537797,independent_split,asymmetric_crash,B_to_A,2.0824889698202274,0.3008409949217027,0.3361051073102902,200,0.23266232663505695,0.011149978062922061,2026107027,-0.23266232663505695,0.054131758235237935,1.788682979086394,0.0033187599468211815,2.978562751383019,2.9818815113298403
1.1002559819850115,resubstitution,gaussian,A_to_B,1.1461143315390623,0.016829091240343708,0.22343419864250658,105,0.03637500528374053,0.04961838556644582,2026107028,-0.03637500528374053,0.0013231410093921517,0.9910686995197934,0.014643049266196861,1.1271454971267734,1.1417885463929702
1.148063524389117,independent_split,gaussian,A_to_B,1.1461143315390623,0.016829091240343708,0.22343419864250658,105,0.005495744388021898,0.04961838556644582,2026107028,0.005495744388021898,3.0203206378474184e-05,0.9910686995197934,0.014643049266196861,1.1271454971267734,1.1417885463929702
1.067235394102617,resubstitution,gaussian,B_to_A,1.11670527754866,0.03989626322600914,0.2446404649285601,232,0.007630932663619104,0.0,2026107028,-0.007630932663619104,5.823113331668895e-05,0.8849911430950648,0.0015798307505474618,1.0738621889883233,1.0754420197388708
1.1168048412552634,independent_split,gaussian,B_to_A,1.11670527754866,0.03989626322600914,0.2446404649285601,232,0.038461228738705916,0.0,2026107028,0.038461228738705916,0.001479266116091058,0.8849911430950648,0.0015798307505474618,1.0738621889883233,1.0754420197388708
2.7149349659350523,resubstitution,asymmetric_crash,A_to_B,3.125656182549237,0.009794207912082742,0.2739600536254205,77,0.14012563259171956,0.130956643775185,2026107045,-0.14012563259171956,0.01963519290922958,1.716957985038494,0.0007900565717067209,3.1565723080235424,3.157362364595249
3.1475170661676053,independent_split,asymmetric_crash,A_to_B,3.125656182549237,0.009794207912082742,0.2739600536254205,77,0.003118203516341054,0.130956643775185,2026107045,-0.003118203516341054,9.723193169321715e-06,1.716957985038494,0.0007900565717067209,3.1565723080235424,3.157362364595249
2.746300207015853,resubstitution,asymmetric_crash,B_to_A,2.8403216370115745,0.01764835789489272,0.5,5,0.016137515736907568,0.0,2026107045,-0.016137515736907568,0.0002604194141589394,1.679315970334858,0.0002816487466126283,2.7910639416616005,2.791345590408213
2.8519309348337023,independent_split,asymmetric_crash,B_to_A,2.8403216370115745,0.01764835789489272,0.5,5,0.021704709239040866,0.0,2026107045,0.021704709239040866,0.00047109440315130593,1.679315970334858,0.0002816487466126283,2.7910639416616005,2.791345590408213
2.20793914766379,resubstitution,asymmetric_crash,A_to_B,2.6543079612943323,0.008749591901197284,0.5,25,0.2256776617420405,0.0,2026107004,-0.2256776617420405,0.05093040700935485,0.9798870678261522,0.17370998277477012,2.677737067856788,2.851447050631558
2.768820749097606,independent_split,asymmetric_crash,A_to_B,2.6543079612943323,0.008749591901197284,0.5,25,0.028976972066043192,0.0,2026107004,-0.028976972066043192,0.0008396649101162474,0.9798870678261522,0.17370998277477012,2.677737067856788,2.851447050631558
2.6028119973516977,resubstitution,asymmetric_crash,B_to_A,2.7017479548174776,0.04289600792549242,0.5,7,0.07803806889817645,0.05418728366885506,2026107004,-0.07803806889817645,0.006089940197356535,1.6954192933498407,0.00028670405273167887,2.8228363659433517,2.8231230699960834
2.7890301356006875,independent_split,asymmetric_crash,B_to_A,2.7017479548174776,0.04289600792549242,0.5,7,0.012076318867474402,0.05418728366885506,2026107004,-0.012076318867474402,0.00014583747738891822,1.6954192933498407,0.00028670405273167887,2.8228363659433517,2.8231230699960834
1.0180031561255123,resubstitution,gaussian,A_to_B,1.1112958752679185,0.02932188277368808,0.16369448749666696,36,0.05822638913511035,0.0,2026107032,-0.05822638913511035,0.0033903123917132967,0.8355456947002998,0.0013037049143238555,1.0796388319981474,1.0809425369124712
1.1188743080076002,independent_split,gaussian,A_to_B,1.1112958752679185,0.02932188277368808,0.16369448749666696,36,0.03509138534179132,0.0,2026107032,0.03509138534179132,0.0012314053252060868,0.8355456947002998,0.0013037049143238555,1.0796388319981474,1.0809425369124712
1.0793409107881566,resubstitution,gaussian,B_to_A,1.128363854279162,0.01305696932392253,0.22112879303447885,251,0.057862449404688356,0.0589576311021367,2026107032,-0.057862449404688356,0.0033480630511101197,0.9477728441803791,0.002338080657053432,1.143291779978636,1.1456298606356894
1.1383312908793521,independent_split,gaussian,B_to_A,1.128363854279162,0.01305696932392253,0.22112879303447885,251,0.006370792179148859,0.0589576311021367,2026107032,-0.006370792179148859,4.0586992989904266e-05,0.9477728441803791,0.002338080657053432,1.143291779978636,1.1456298606356894
2.0520200505738213,resubstitution,asymmetric_crash,A_to_B,3.4119181671369656,0.052847997070263775,0.5,27,0.37612969340858016,0.18984679865353926,2026107023,-0.37612969340858016,0.1414735462636325,0.9160233200086844,0.04852131105447377,3.2406559889283475,3.2891772999828213
3.451536583603756,independent_split,asymmetric_crash,A_to_B,3.4119181671369656,0.052847997070263775,0.5,27,0.04936166974695545,0.18984679865353926,2026107023,0.04936166974695545,0.002436574440207497,0.9160233200086844,0.04852131105447377,3.2406559889283475,3.2891772999828213
3.1821745685371967,resubstitution,asymmetric_crash,B_to_A,2.692180989212946,0.09520534308082651,0.5,24,0.05629184974101024,0.09247709753078426,2026107023,0.05629184974101024,0.0031687723472644744,1.4916766265451877,0.03712953785771189,2.9754607508181183,3.0125902886758302
2.7281781823760998,independent_split,asymmetric_crash,B_to_A,2.692180989212946,0.09520534308082651,0.5,24,0.09440782816329879,0.09247709753078426,2026107023,-0.09440782816329879,0.008912838018510953,1.4916766265451877,0.03712953785771189,2.9754607508181183,3.0125902886758302
0.9472959784011916,resubstitution,gaussian,A_to_B,1.1600356511777503,0.04977023927928648,0.24341832826616416,88,0.15275563713526358,0.02626612444070031,2026107000,-0.15275563713526358,0.023334284676600318,0.8020951713782525,0.013052961741573776,1.1050376623118654,1.1180906240534392
1.2200208791138716,independent_split,gaussian,A_to_B,1.1600356511777503,0.04977023927928648,0.24341832826616416,88,0.09116457366479146,0.02626612444070031,2026107000,0.09116457366479146,0.008310979491483189,0.8020951713782525,0.013052961741573776,1.1050376623118654,1.1180906240534392
1.0960566175537936,resubstitution,gaussian,B_to_A,1.0422297342681697,0.054365800696192235,0.15631188639631802,277,0.006465406885947048,0.02358332570512811,2026107000,-0.006465406885947048,4.1801486200851506e-05,0.9023747949565202,0.0010402404031215617,1.102148944100665,1.1031891845037867
1.0542438575279083,independent_split,gaussian,B_to_A,1.0422297342681697,0.054365800696192235,0.15631188639631802,277,0.044367120040153356,0.02358332570512811,2026107000,-0.044367120040153356,0.0019684413406573773,0.9023747949565202,0.0010402404031215617,1.102148944100665,1.1031891845037867
0.9407743431189024,resubstitution,gaussian,A_to_B,1.120582274826624,0.0666170906755641,0.16611211851118057,276,0.11993383806847495,0.0077916409175498025,2026107060,-0.11993383806847495,0.014384125513835172,0.7470018794797876,0.018386671576982483,1.0505947116569077,1.0689813832338901
1.1608375876106567,independent_split,gaussian,A_to_B,1.120582274826624,0.0666170906755641,0.16611211851118057,276,0.08592872225602519,0.0077916409175498025,2026107060,0.08592872225602519,0.0073837453085531185,0.7470018794797876,0.018386671576982483,1.0505947116569077,1.0689813832338901
1.0872955200978558,resubstitution,gaussian,B_to_A,1.011090694027493,0.08013033935436253,0.1718507873236482,220,0.011971786862770412,0.05438534145666063,2026107060,-0.011971786862770412,0.00014332368068760223,0.9027986648550649,0.001302767237878033,1.0991673465106235,1.1004701137485016
1.0322154761741507,independent_split,gaussian,B_to_A,1.011090694027493,0.08013033935436253,0.1718507873236482,220,0.06202316330232448,0.05438534145666063,2026107060,-0.06202316330232448,0.00384687278602681,0.9027986648550649,0.001302767237878033,1.0991673465106235,1.1004701137485016
1.06969738065212,resubstitution,gaussian,A_to_B,1.240904903981146,0.06168692436790235,0.2552429682034511,43,0.09530059159538257,0.04661556270454015,2026107038,-0.09530059159538257,0.009082202758429902,0.849060634625191,0.013573854562519028,1.1688049230896809,1.1823787776522
1.3035576753034683,independent_split,gaussian,A_to_B,1.240904903981146,0.06168692436790235,0.2552429682034511,43,0.10248737540087476,0.04661556270454015,2026107038,0.10248737540087476,0.010503662116559828,0.849060634625191,0.013573854562519028,1.1688049230896809,1.1823787776522
1.155769267394512,resubstitution,gaussian,B_to_A,1.147409911006985,0.027457230832692803,0.2228298093408341,111,0.033894408255502134,0.0,2026107038,0.033894408255502134,0.0011488309109906512,0.9152059556759969,0.0011322790635264202,1.1167471273496006,1.117879406413127
1.149603227331737,independent_split,gaussian,B_to_A,1.147409911006985,0.027457230832692803,0.2228298093408341,111,0.028378571728412332,0.0,2026107038,0.028378571728412332,0.0008053433333446437,0.9152059556759969,0.0011322790635264202,1.1167471273496006,1.117879406413127
2.4615188812464095,resubstitution,asymmetric_crash,A_to_B,3.1349995663336836,0.12220182643370125,0.21780491424164405,254,0.11944941403980253,0.01975385277108188,2026107016,-0.11944941403980253,0.014268162514452173,1.4410375302493792,0.0018167983273689181,2.7936147424537245,2.7954315407810935
3.1464719235339365,independent_split,asymmetric_crash,A_to_B,3.1349995663336836,0.12220182643370125,0.21780491424164405,254,0.12557645488065003,0.01975385277108188,2026107016,0.12557645488065003,0.015769446020391934,1.4410375302493792,0.0018167983273689181,2.7936147424537245,2.7954315407810935
2.964204563691695,resubstitution,asymmetric_crash,B_to_A,2.552695122602592,0.06990951000239432,0.5,2,0.07810020372866765,0.0018497304856583963,2026107016,0.07810020372866765,0.006099641822459392,1.7524935525007255,0.004903951911360505,2.744566415907729,2.7494703678190895
2.5945222642100134,independent_split,asymmetric_crash,B_to_A,2.552695122602592,0.06990951000239432,0.5,2,0.056355618675746136,0.0018497304856583963,2026107016,-0.056355618675746136,0.0031759557563261066,1.7524935525007255,0.004903951911360505,2.744566415907729,2.7494703678190895
1.1701104612797215,resubstitution,gaussian,A_to_B,1.2018530800695995,0.05782468366341331,0.2844038213093525,235,0.08609617956925708,0.07916423592121569,2026107031,-0.08609617956925708,0.00741255213642176,0.9651718404717361,0.004727990825554862,1.2756151209126396,1.2803431117381945
1.2020700487412848,independent_split,gaussian,A_to_B,1.2018530800695995,0.05782468366341331,0.2844038213093525,235,0.06113444300930098,0.07916423592121569,2026107031,-0.06113444300930098,0.0037374201220574696,0.9651718404717361,0.004727990825554862,1.2756151209126396,1.2803431117381945
1.0623126706829233,resubstitution,gaussian,B_to_A,1.2584088582625266,0.004120332147237948,0.2164141844086449,233,0.16611276749052792,0.06901250735992126,2026107031,-0.16611276749052792,0.02759345152336219,0.9319674437213348,0.010313078009028587,1.263615373306907,1.2739284513159357
1.2628765326818818,independent_split,gaussian,B_to_A,1.2584088582625266,0.004120332147237948,0.2164141844086449,233,0.008675462599675443,0.06901250735992126,2026107031,-0.008675462599675443,7.526365131836739e-05,0.9319674437213348,0.010313078009028587,1.263615373306907,1.2739284513159357
1.1197559987041277,resubstitution,gaussian,A_to_B,1.2041282290232376,0.01173351655029009,0.2202779026456881,90,0.06195646856357241,0.0,2026107005,-0.06195646856357241,0.0038386039968689367,0.9054061735236129,0.003550895848764224,1.1901634267578247,1.193714322606589
1.2338537812651174,independent_split,gaussian,A_to_B,1.2041282290232376,0.01173351655029009,0.2202779026456881,90,0.03362568237505945,0.0,2026107005,0.03362568237505945,0.0011306865151883838,0.9054061735236129,0.003550895848764224,1.1901634267578247,1.193714322606589
1.182710287900979,resubstitution,gaussian,B_to_A,1.1492289737592856,0.05388792691368893,0.22475661235250094,243,0.028738617865332897,0.020604271852706857,2026107005,-0.028738617865332897,0.0008259081568096311,1.010967583479171,0.0030195822302967468,1.214685877551892,1.2177054597821888
1.1674154861133008,independent_split,gaussian,B_to_A,1.1492289737592856,0.05388792691368893,0.22475661235250094,243,0.04129896377230941,0.020604271852706857,2026107005,-0.04129896377230941,0.0017056044086665252,1.010967583479171,0.0030195822302967468,1.214685877551892,1.2177054597821888
1.1299959213151411,resubstitution,gaussian,A_to_B,1.1756830407977952,0.10346990905178777,0.1809906595538005,130,0.14143727348486487,0.07108444022360594,2026107034,-0.14143727348486487,0.02000450233083246,0.9926716335162641,0.004777937576929681,1.3113704187601085,1.3161483563370382
1.183721607867104,independent_split,gaussian,A_to_B,1.1756830407977952,0.10346990905178777,0.1809906595538005,130,0.10061688549951162,0.07108444022360594,2026107034,-0.10061688549951162,0.01012375764762183,0.9926716335162641,0.004777937576929681,1.3113704187601085,1.3161483563370382
1.1489221498635342,resubstitution,gaussian,B_to_A,1.1434655272690408,0.0907257577931585,0.20222173561133797,38,0.08862901784662187,0.027132603786492293,2026107034,-0.08862901784662187,0.007855102804456818,0.9608372183870745,0.0030940742737661786,1.2575584726713567,1.2606525469451229
1.1435383255415696,independent_split,gaussian,B_to_A,1.1434655272690408,0.0907257577931585,0.20222173561133797,38,0.09289968253929311,0.027132603786492293,2026107034,-0.09289968253929311,0.008630351015901441,0.9608372183870745,0.0030940742737661786,1.2575584726713567,1.2606525469451229
3.077226757240357,resubstitution,asymmetric_crash,A_to_B,2.5527279233066924,0.11434931178574614,0.5,9,0.04953803974406387,0.04182305987074564,2026107025,0.04953803974406387,0.0024540173816844516,2.0846537091815076,0.04966297845248757,2.8823191324491404,2.931982110901628
2.692394894741614,independent_split,asymmetric_crash,A_to_B,2.5527279233066924,0.11434931178574614,0.5,9,0.08171510162670723,0.04182305987074564,2026107025,-0.08171510162670723,0.00667735783386309,2.0846537091815076,0.04966297845248757,2.8823191324491404,2.931982110901628
2.433995283497528,resubstitution,asymmetric_crash,B_to_A,3.219666344431001,0.1637582407010414,0.5,8,0.12022549715060127,0.0,2026107025,-0.12022549715060127,0.014454170165109234,1.6396643670574298,1.671625371901797e-06,2.7666109951595206,2.7666126667848925
3.405129165558418,independent_split,asymmetric_crash,B_to_A,3.219666344431001,0.1637582407010414,0.5,8,0.23079360057855583,0.0,2026107025,0.23079360057855583,0.05326568606801397,1.6396643670574298,1.671625371901797e-06,2.7666109951595206,2.7666126667848925
2.416508559376715,resubstitution,asymmetric_crash,A_to_B,2.2793210418768393,0.19383872177225214,0.5,20,0.15896868870326075,0.015344285891611964,2026107038,-0.15896868870326075,0.025271043988034224,1.3504359804578905,0.045892254809745125,2.8273759896874013,2.8732682444971465
2.2857006237009703,independent_split,asymmetric_crash,A_to_B,2.2793210418768393,0.19383872177225214,0.5,20,0.20449452358702658,0.015344285891611964,2026107038,-0.20449452358702658,0.04181801017708497,1.3504359804578905,0.045892254809745125,2.8273759896874013,2.8732682444971465
2.097914278473679,resubstitution,asymmetric_crash,B_to_A,2.7704868124414825,0.03675838250568242,0.2523909078499703,276,0.2901836898343679,0.03288177011542959,2026107038,-0.2901836898343679,0.08420657384588862,0.9937800884465723,0.07936180084829036,2.87621170236431,2.9555735032126003
2.8188962852510064,independent_split,asymmetric_crash,B_to_A,2.7704868124414825,0.03675838250568242,0.2523909078499703,276,0.04624389067402001,0.03288177011542959,2026107038,-0.04624389067402001,0.002138497424670715,0.9937800884465723,0.07936180084829036,2.87621170236431,2.9555735032126003
0.9784011929325798,resubstitution,gaussian,A_to_B,0.9435122900757655,0.09790841188177035,0.23472613684467802,182,0.06455756600799707,0.0,2026107047,-0.06455756600799707,0.004167679328876899,0.8359169948677602,7.17282147455478e-06,1.04591629331556,1.0459234661370345
0.9444578280177212,independent_split,gaussian,A_to_B,0.9435122900757655,0.09790841188177035,0.23472613684467802,182,0.0970105762078958,0.0,2026107047,-0.0970105762078958,0.009411051896187959,0.8359169948677602,7.17282147455478e-06,1.04591629331556,1.0459234661370345
0.9093106757865441,resubstitution,gaussian,B_to_A,1.1073338317979546,0.006022158967169178,0.17504921820114083,123,0.18252042043218616,0.05238365353102847,2026107047,-0.18252042043218616,0.033313703874742,0.8030680163721013,0.011629212137870715,1.1007052100470598,1.1123344221849305
1.1275246848088394,independent_split,gaussian,B_to_A,1.1073338317979546,0.006022158967169178,0.17504921820114083,123,0.013656201157625805,0.05238365353102847,2026107047,0.013656201157625805,0.00018649183005754036,0.8030680163721013,0.011629212137870715,1.1007052100470598,1.1123344221849305
1.0600925818926499,resubstitution,gaussian,A_to_B,1.0508980256654024,0.08727757090935051,0.15249374756873832,167,0.08425336095706311,0.05635102369549405,2026107016,-0.08425336095706311,0.007098628832561166,0.8616254472385726,0.006238096540750693,1.1513884091929438,1.1576265057336945
1.0579511420809817,independent_split,gaussian,A_to_B,1.0508980256654024,0.08727757090935051,0.15249374756873832,167,0.086103214775252,0.05635102369549405,2026107016,-0.086103214775252,0.007413763594633174,0.8616254472385726,0.006238096540750693,1.1513884091929438,1.1576265057336945
1.0164401736957522,resubstitution,gaussian,B_to_A,1.0855413123656665,0.021197793522174324,0.16439098780754047,43,0.08350619780634776,0.01750797229591483,2026107016,-0.08350619780634776,0.006973285072072879,0.8854606979318876,2.229442942258686e-06,1.1090507409785442,1.1090529704214864
1.0878186260502754,independent_split,gaussian,B_to_A,1.0855413123656665,0.021197793522174324,0.16439098780754047,43,0.019146375274700488,0.01750797229591483,2026107016,-0.019146375274700488,0.0003665836861596622,0.8854606979318876,2.229442942258686e-06,1.1090507409785442,1.1090529704214864
3.402201930361774,resubstitution,asymmetric_crash,A_to_B,2.9099919206001688,0.060955864809473015,0.5,10,0.13279143525665468,0.0,2026107005,0.13279143525665468,0.01763356527752231,2.5952516011658546,0.2605768817748606,2.7428020496618366,3.003378931436697
3.1696011079832753,independent_split,asymmetric_crash,A_to_B,2.9099919206001688,0.060955864809473015,0.5,10,0.055345056465140756,0.0,2026107005,0.055345056465140756,0.0030630752751296185,2.5952516011658546,0.2605768817748606,2.7428020496618366,3.003378931436697
2.9099919206001688,resubstitution,asymmetric_crash,B_to_A,3.4022019303617745,0.2404110354158573,0.5,10,0.05608887711743378,0.0,2026107005,0.05608887711743378,0.0031459621362945867,1.8297740224978165,0.012640208704631117,2.7428020496618366,2.7554422583664677
3.8084747341636547,independent_split,asymmetric_crash,B_to_A,3.4022019303617745,0.2404110354158573,0.5,10,0.3821645953929244,0.0,2026107005,0.3821645953929244,0.14604977797183763,1.8297740224978165,0.012640208704631117,2.7428020496618366,2.7554422583664677
2.1174338628698153,resubstitution,asymmetric_crash,A_to_B,2.330290575071861,0.3096617228870939,0.5,25,0.40823906904133944,0.23840932822076732,2026107030,-0.40823906904133944,0.16665913749173952,0.8219332567732597,0.20261356326744373,3.3755778179032334,3.578191381170677
2.335101647860313,independent_split,asymmetric_crash,A_to_B,2.330290575071861,0.3096617228870939,0.5,25,0.34740727951327816,0.23840932822076732,2026107030,-0.34740727951327816,0.12069181785881698,0.8219332567732597,0.20261356326744373,3.3755778179032334,3.578191381170677
2.2588008923851954,resubstitution,asymmetric_crash,B_to_A,2.198031097822981,0.26343403111885433,0.27505133426108597,121,0.2877571623438448,0.09480878423884387,2026107030,-0.2877571623438448,0.08280418448018186,0.874984406802846,0.18723097779185816,2.9841605378019596,3.1713915155938177
2.207625053085554,independent_split,asymmetric_crash,B_to_A,2.198031097822981,0.26343403111885433,0.27505133426108597,121,0.3038938767949016,0.09480878423884387,2026107030,-0.3038938767949016,0.09235148835343483,0.874984406802846,0.18723097779185816,2.9841605378019596,3.1713915155938177
1.039269830070957,resubstitution,gaussian,A_to_B,1.1202385833769861,0.08073690729217065,0.23604548939570813,258,0.14787737846531607,0.01738455441768294,2026107008,-0.14787737846531607,0.021867719061774323,0.9481112900370504,0.0009980019286823794,1.2186267372892703,1.2196247392179527
1.1228365747987428,independent_split,gaussian,A_to_B,1.1202385833769861,0.08073690729217065,0.23604548939570813,258,0.07935897108915023,0.01738455441768294,2026107008,-0.07935897108915023,0.006297846292328582,0.9481112900370504,0.0009980019286823794,1.2186267372892703,1.2196247392179527
1.0943122510756036,resubstitution,gaussian,B_to_A,1.0804544093216162,0.0998312189487347,0.17306327260536974,144,0.09544708887077621,0.00206740718708609,2026107008,-0.09544708887077621,0.009110146773905852,0.8863049956973623,0.00950266021095647,1.2002798053713923,1.2097824655823488
1.087177265617195,independent_split,gaussian,B_to_A,1.0804544093216162,0.0998312189487347,0.17306327260536974,144,0.10134483136696464,0.00206740718708609,2026107008,-0.10134483136696464,0.010270774844798498,0.8863049956973623,0.00950266021095647,1.2002798053713923,1.2097824655823488
1.84746626316134,resubstitution,asymmetric_crash,A_to_B,2.2362726401282913,0.3186610746042837,0.5,28,0.4401467706473513,0.1947181694197233,2026107020,-0.4401467706473513,0.19372917971129208,1.083203735813354,0.017738164234932796,3.282173609601832,3.2999117738367647
2.247260272942369,independent_split,asymmetric_crash,A_to_B,2.2362726401282913,0.3186610746042837,0.5,28,0.31899383166553313,0.1947181694197233,2026107020,-0.31899383166553313,0.10175706464065849,1.083203735813354,0.017738164234932796,3.282173609601832,3.2999117738367647
1.7775445248009258,resubstitution,asymmetric_crash,B_to_A,2.0069666408647078,0.3049359844312618,0.19347938983328203,132,0.39600862504762235,0.05104005713046966,2026107020,-0.39600862504762235,0.15682283111210835,1.0706192544467683,0.05554071137563854,2.8874558255220584,2.942996536897697
2.007809198131856,independent_split,asymmetric_crash,B_to_A,2.0069666408647078,0.3049359844312618,0.19347938983328203,132,0.3177670537633899,0.05104005713046966,2026107020,-0.3177670537633899,0.10097590045746511,1.0706192544467683,0.05554071137563854,2.8874558255220584,2.942996536897697
2.5202366033897032,resubstitution,asymmetric_crash,A_to_B,2.3784117340489557,0.19057770300979138,0.2213858145125004,74,0.14306374726054774,0.0872122531101962,2026107028,-0.14306374726054774,0.02046723578022988,1.2651563549797984,0.0025784335691785287,2.9384064942279773,2.940984927797156
2.4328776941799726,independent_split,asymmetric_crash,A_to_B,2.3784117340489557,0.19057770300979138,0.2213858145125004,74,0.1727677108490874,0.0872122531101962,2026107028,-0.1727677108490874,0.029848681912033874,1.2651563549797984,0.0025784335691785287,2.9384064942279773,2.940984927797156
2.2260561445158746,resubstitution,asymmetric_crash,B_to_A,2.8694148571575147,0.061685303951704906,0.5,26,0.19717268696218557,0.0,2026107028,-0.19717268696218557,0.03887706848388802,1.1962461184270157,0.07007271361979672,2.7026981031735575,2.7727708167933542
2.911924816210702,independent_split,asymmetric_crash,B_to_A,2.8694148571575147,0.061685303951704906,0.5,26,0.05018590017413565,0.0,2026107028,0.05018590017413565,0.0025186245762883084,1.1962461184270157,0.07007271361979672,2.7026981031735575,2.7727708167933542
1.0331789232634145,resubstitution,gaussian,A_to_B,1.0045749564293662,0.11043885660844366,0.5,25,0.08536437338472894,0.09368630747512263,2026107030,-0.08536437338472894,0.007287076243367418,0.8876880418158799,0.00031437058374517157,1.1292927573244782,1.1296071279082234
1.0169284705117265,independent_split,gaussian,A_to_B,1.0045749564293662,0.11043885660844366,0.5,25,0.09975030664435715,0.09368630747512263,2026107030,-0.09975030664435715,0.009950123675643283,0.8876880418158799,0.00031437058374517157,1.1292927573244782,1.1296071279082234
0.8807974710421727,resubstitution,gaussian,B_to_A,1.14101174048045,0.04725594178531489,0.21808030909603915,253,0.2147279213188822,0.0551726168993143,2026107030,-0.2147279213188822,0.04610808019392806,0.7482819212068055,0.032121034678241456,1.0895252010079832,1.1216462356862247
1.203178084498353,independent_split,gaussian,B_to_A,1.14101174048045,0.04725594178531489,0.21808030909603915,253,0.07268945075382621,0.0551726168993143,2026107030,0.07268945075382621,0.005283756250892926,0.7482819212068055,0.032121034678241456,1.0895252010079832,1.1216462356862247
0.8714710790270299,resubstitution,gaussian,A_to_B,1.0130786998504087,0.09247731394355085,0.25960066030794565,255,0.2812780563870451,0.0,2026107051,-0.2812780563870451,0.07911734500487373,0.6871514063098073,0.09621657319192156,1.1163122590936463,1.2125288322855678
1.0614822384647031,independent_split,gaussian,A_to_B,1.0130786998504087,0.09247731394355085,0.25960066030794565,255,0.12457154815539355,0.0,2026107051,-0.12457154815539355,0.015518070609831534,0.6871514063098073,0.09621657319192156,1.1163122590936463,1.2125288322855678
1.0130786998504087,resubstitution,gaussian,B_to_A,0.8714710790270299,0.21933036932283378,0.25960066030794565,255,0.10306038901500776,0.0,2026107051,-0.10306038901500776,0.010621443783924732,0.810321602914706,0.0131714736382329,1.1163122590936463,1.1294837327318792
0.9183281281037485,independent_split,gaussian,B_to_A,0.8714710790270299,0.21933036932283378,0.25960066030794565,255,0.18694877890574765,0.0,2026107051,-0.18694877890574765,0.03494984593435012,0.810321602914706,0.0131714736382329,1.1163122590936463,1.1294837327318792
2.5893463326087613,resubstitution,asymmetric_crash,A_to_B,3.2070453621213413,0.17283383158415777,0.5,7,0.08703176856745007,0.0,2026107010,-0.08703176856745007,0.0075745287399781895,1.1421223526218305,0.10174310325651703,2.734441381000712,2.8361844842572292
3.397754630365747,independent_split,asymmetric_crash,A_to_B,3.2070453621213413,0.17283383158415777,0.5,7,0.1980019809097813,0.0,2026107010,0.1980019809097813,0.0392047844441974,1.1421223526218305,0.10174310325651703,2.734441381000712,2.8361844842572292
2.6497123935281506,resubstitution,asymmetric_crash,B_to_A,3.3272442525870596,0.017226248684633072,0.5,13,0.21778158913058404,0.23811936795760524,2026107010,-0.21778158913058404,0.047428820564242524,1.4934298312854706,0.0018680829779009755,3.3855648343617233,3.3874329173396243
3.349152897140103,independent_split,asymmetric_crash,B_to_A,3.3272442525870596,0.017226248684633072,0.5,13,0.011300598752398415,0.23811936795760524,2026107010,-0.011300598752398415,0.0001277035321627086,1.4934298312854706,0.0018680829779009755,3.3855648343617233,3.3874329173396243
1.2003173624735248,resubstitution,gaussian,A_to_B,1.1024922179375436,0.08476143188184226,0.3255024062377027,125,0.0038969915663397054,0.0,2026107058,-0.0038969915663397054,1.5186543268122791e-05,0.9452998284493183,0.00041783569182074487,1.204595453406648,1.2050132890984688
1.123495423008209,independent_split,gaussian,A_to_B,1.1024922179375436,0.08476143188184226,0.3255024062377027,125,0.06764893535012168,0.0,2026107058,-0.06764893535012168,0.004576378454004942,0.9452998284493183,0.00041783569182074487,1.204595453406648,1.2050132890984688
1.0688295869957551,resubstitution,gaussian,B_to_A,1.3151518176108132,0.004497165393137048,0.3003648157693305,82,0.21309751769599541,0.09671092278844418,2026107058,-0.21309751769599541,0.04541055204819508,0.9104841897776155,0.03718152306204536,1.3210929912923692,1.3582745143544146
1.3556045261554361,independent_split,gaussian,B_to_A,1.3151518176108132,0.004497165393137048,0.3003648157693305,82,0.0019657206041648343,0.09671092278844418,2026107058,-0.0019657206041648343,3.864057493638161e-06,0.9104841897776155,0.03718152306204536,1.3210929912923692,1.3582745143544146
1.2296147627787817,resubstitution,gaussian,A_to_B,1.3549284630791454,0.04853309587022392,0.3056281544960228,251,0.052653086616598455,0.056046724299774864,2026107001,-0.052653086616598455,0.0027723475302550192,0.9728456222036697,0.0057428122056322195,1.2922133487399656,1.2979561609455978
1.368094410400324,independent_split,gaussian,A_to_B,1.3549284630791454,0.04853309587022392,0.3056281544960228,251,0.05403745639885752,0.056046724299774864,2026107001,0.05403745639885752,0.002920046694058428,0.9728456222036697,0.0057428122056322195,1.2922133487399656,1.2979561609455978
1.2553056304216865,resubstitution,gaussian,B_to_A,1.2902773981451539,0.03396266401278902,0.17315238148138162,255,0.0117785515822595,0.01982849797439523,2026107001,-0.0117785515822595,0.00013873427737594776,0.8860430936538389,0.022372001032893607,1.2478955411577555,1.270267542190649
1.3165856344949403,independent_split,gaussian,B_to_A,1.2902773981451539,0.03396266401278902,0.17315238148138162,255,0.03646325735790507,0.01982849797439523,2026107001,0.03646325735790507,0.0013295691371488184,0.8860430936538389,0.022372001032893607,1.2478955411577555,1.270267542190649
1.6545285580658176,resubstitution,asymmetric_crash,A_to_B,3.4028477767316163,0.2332908202156747,0.23751132190957136,49,0.43910704471652173,0.049574230787411855,2026107021,-0.43910704471652173,0.19281499671967742,0.9178991519064944,0.19065074831696194,2.7591608734560555,2.9498116217730175
3.872775483372854,independent_split,asymmetric_crash,A_to_B,3.4028477767316163,0.2332908202156747,0.23751132190957136,49,0.3128890857935798,0.049574230787411855,2026107021,0.3128890857935798,0.09789958000874216,0.9178991519064944,0.19065074831696194,2.7591608734560555,2.9498116217730175
3.2041809815594036,resubstitution,asymmetric_crash,B_to_A,1.7653506606553155,0.32924769883727467,0.5,27,0.1411396435796262,0.001163365681699391,2026107021,0.1411396435796262,0.019920398989783917,2.3943150609499324,0.17598153131162508,2.6318965400418945,2.8078780713535196
2.597639236755809,independent_split,asymmetric_crash,B_to_A,1.7653506606553155,0.32924769883727467,0.5,27,0.07487463103993192,0.001163365681699391,2026107021,-0.07487463103993192,0.005606210373365936,2.3943150609499324,0.17598153131162508,2.6318965400418945,2.8078780713535196
1.0780164153094733,resubstitution,gaussian,A_to_B,1.19306193275268,0.01946319468003055,0.19027542159506666,252,0.0792666528589611,0.05321377462337362,2026107043,-0.0792666528589611,0.0062832022554630464,0.9505794151190043,0.0005392318241332905,1.1702844585057681,1.1708236903299014
1.1984646401429933,independent_split,gaussian,A_to_B,1.19306193275268,0.01946319468003055,0.19027542159506666,252,0.02360812310289305,0.05321377462337362,2026107043,0.02360812310289305,0.0005573434764413526,0.9505794151190043,0.0005392318241332905,1.1702844585057681,1.1708236903299014
1.0501635940359113,resubstitution,gaussian,B_to_A,1.181659336506831,0.06345075428101699,0.5,18,0.05759576735386444,0.0,2026107043,-0.05759576735386444,0.0033172724170804765,0.9277519126052018,0.0031894874842546272,1.1111556710547759,1.1143451585390305
1.182052985584083,independent_split,gaussian,B_to_A,1.181659336506831,0.06345075428101699,0.5,18,0.06076019312886969,0.0,2026107043,0.06076019312886969,0.0036918010690575433,0.9277519126052018,0.0031894874842546272,1.1111556710547759,1.1143451585390305
0.9344713486288566,resubstitution,gaussian,A_to_B,1.0918736102150581,0.004469233201302325,0.2598752675209909,171,0.1674938936292978,0.0,2026107019,-0.1674938936292978,0.02805420440310253,0.7406884419598309,0.035464388572562955,1.0870154845213058,1.1224798730938688
1.1341066392595185,independent_split,gaussian,A_to_B,1.0918736102150581,0.004469233201302325,0.2598752675209909,171,0.010358106585557837,0.0,2026107019,0.010358106585557837,0.00010729037203777664,0.7406884419598309,0.035464388572562955,1.0870154845213058,1.1224798730938688
1.0918736102150581,resubstitution,gaussian,B_to_A,0.9344713486288565,0.1403329925512753,0.2598752675209909,171,0.004466348668499422,0.0,2026107019,0.004466348668499422,1.9948270428606557e-05,0.8655485083951726,3.1215897142722326e-06,1.0870154845213058,1.08701860611102
0.9781233619837653,independent_split,gaussian,B_to_A,0.9344713486288565,0.1403329925512753,0.2598752675209909,171,0.10017790267348291,0.0,2026107019,-0.10017790267348291,0.010035612184057813,0.8655485083951726,3.1215897142722326e-06,1.0870154845213058,1.08701860611102
1.0014542905463009,resubstitution,gaussian,A_to_B,1.2005330543427506,0.0411276335676225,0.1846289086734405,166,0.1504672197001497,0.018912308229773966,2026107033,-0.1504672197001497,0.02264038420429312,0.8077075978957046,0.025721052533938416,1.1531084332368502,1.1788294857707886
1.3233037870450168,independent_split,gaussian,A_to_B,1.2005330543427506,0.0411276335676225,0.1846289086734405,166,0.12255742074500484,0.018912308229773966,2026107033,0.12255742074500484,0.015020321379668142,0.8077075978957046,0.025721052533938416,1.1531084332368502,1.1788294857707886
1.1880660163494583,resubstitution,gaussian,B_to_A,1.0269830434340599,0.10371614800676676,0.17005123477574413,112,0.031555565179571234,0.012475122832282137,2026107033,0.031555565179571234,0.0009957536938021685,0.9717123881203494,0.005899317348271538,1.145823436571089,1.1517227539193606
1.0770263279605143,independent_split,gaussian,B_to_A,1.0269830434340599,0.10371614800676676,0.17005123477574413,112,0.0648562561646466,0.012475122832282137,2026107033,-0.0648562561646466,0.00420633396369426,0.9717123881203494,0.005899317348271538,1.145823436571089,1.1517227539193606
1.2045675337827733,resubstitution,gaussian,A_to_B,1.350912944353146,0.047819131482106814,0.2550689241940058,45,0.06643528778302032,0.050258516867442316,2026107046,-0.06643528778302032,0.00441364746281273,1.0533070430016533,0.0010266262350819844,1.2892615755567687,1.2902882017918507
1.3517907923867027,independent_split,gaussian,A_to_B,1.350912944353146,0.047819131482106814,0.2550689241940058,45,0.04766577769946445,0.050258516867442316,2026107046,0.04766577769946445,0.0022720263636947626,1.0533070430016533,0.0010266262350819844,1.2892615755567687,1.2902882017918507
1.162194944264405,resubstitution,gaussian,B_to_A,1.2983166219659745,0.024730744554259276,0.16009631089885207,164,0.08293905297660291,0.03211008956756256,2026107046,-0.08293905297660291,0.006878886508655744,1.0242281218539118,0.00032074776157431373,1.2669831844761528,1.267303932237727
1.298543083310569,independent_split,gaussian,B_to_A,1.2983166219659745,0.024730744554259276,0.16009631089885207,164,0.024650086122341344,0.03211008956756256,2026107046,0.024650086122341344,0.0006076267458388453,1.0242281218539118,0.00032074776157431373,1.2669831844761528,1.267303932237727
0.972690500653475,resubstitution,gaussian,A_to_B,1.1253486751342967,0.044162801160522513,0.16391948770394812,164,0.20160274858866012,0.01646796179797727,2026107037,-0.20160274858866012,0.040643668238502496,0.7980558650885028,0.040960459158375206,1.1773434602677426,1.2183039194261178
1.1409074064207823,independent_split,gaussian,A_to_B,1.1253486751342967,0.044162801160522513,0.16391948770394812,164,0.06352808340450321,0.01646796179797727,2026107037,-0.06352808340450321,0.004035817381049516,0.7980558650885028,0.040960459158375206,1.1773434602677426,1.2183039194261178
1.1253486751342965,resubstitution,gaussian,B_to_A,0.972690500653475,0.1738260469614593,0.16391948770394812,164,0.058383422761401516,0.01646796179797727,2026107037,-0.058383422761401516,0.0034086240533365364,0.8440403809335894,0.01778065111367977,1.1773434602677426,1.1951241113814224
0.9797368043592514,independent_split,gaussian,B_to_A,0.972690500653475,0.1738260469614593,0.16391948770394812,164,0.18022170665874085,0.01646796179797727,2026107037,-0.18022170665874085,0.03247986355098924,0.8440403809335894,0.01778065111367977,1.1773434602677426,1.1951241113814224
1.032303938247979,resubstitution,gaussian,A_to_B,1.1460920519390358,0.023031293912823214,0.2520340773623574,200,0.12219518889372136,0.02017455804863899,2026107061,-0.12219518889372136,0.014931664188772243,0.8962504738697284,0.002895943234891618,1.1731103000516865,1.176006243286578
1.1562325114160634,independent_split,gaussian,A_to_B,1.1460920519390358,0.023031293912823214,0.2520340773623574,200,0.016814308583305765,0.02017455804863899,2026107061,-0.016814308583305765,0.00028272097313462993,0.8962504738697284,0.002895943234891618,1.1731103000516865,1.176006243286578
1.0972491862255422,resubstitution,gaussian,B_to_A,1.0344081899919448,0.1027413029316202,0.20434185622717105,118,0.04823724960572002,0.0025589408645032563,2026107061,-0.04823724960572002,0.002326832249524536,0.92112827054548,6.078913722173951e-06,1.1528539019701616,1.1528599808838838
1.0439201197503083,independent_split,gaussian,B_to_A,1.0344081899919448,0.1027413029316202,0.20434185622717105,118,0.09449530987280223,0.0025589408645032563,2026107061,-0.09449530987280223,0.008929363587956915,0.92112827054548,6.078913722173951e-06,1.1528539019701616,1.1528599808838838
1.1258437238658465,resubstitution,gaussian,A_to_B,1.0919867629254398,0.0008921043318574906,0.2642964721792644,39,0.031739137535001495,0.0,2026107063,0.031739137535001495,0.0010073728514657409,0.8600193835509813,0.00019620498091277305,1.0910134650871208,1.0912096700680336
1.0940698087190674,independent_split,gaussian,A_to_B,1.0919867629254398,0.0008921043318574906,0.2642964721792644,39,0.0026210715772483294,0.0,2026107063,0.0026210715772483294,6.8700162130590455e-06,0.8600193835509813,0.00019620498091277305,1.0910134650871208,1.0912096700680336
1.0919867629254396,resubstitution,gaussian,B_to_A,1.1258437238658465,0.03192468277735183,0.2642964721792644,39,0.005740062400799059,0.0,2026107063,-0.005740062400799059,3.2948316365067055e-05,0.933124577110844,0.007277556838408694,1.0910134650871208,1.0982910219255295
1.1382882909583893,independent_split,gaussian,B_to_A,1.1258437238658465,0.03192468277735183,0.2642964721792644,39,0.03641773285439082,0.0,2026107063,0.03641773285439082,0.0013262512662537767,0.933124577110844,0.007277556838408694,1.0910134650871208,1.0982910219255295
0.9711093494318029,resubstitution,gaussian,A_to_B,1.1239626446644286,0.02525440375650212,0.19448702316678587,187,0.12799456060363998,0.051840550233839044,2026107040,-0.12799456060363998,0.01638260754411887,0.7838657585744739,0.01737373699707767,1.096276827045329,1.1136505640424066
1.1929499676610988,independent_split,gaussian,A_to_B,1.1239626446644286,0.02525440375650212,0.19448702316678587,187,0.07120671975493438,0.051840550233839044,2026107040,0.07120671975493438,0.005070396938257762,0.7838657585744739,0.01737373699707767,1.096276827045329,1.1136505640424066
0.8557811241089296,resubstitution,gaussian,B_to_A,1.0411967016774613,0.023495477152597477,0.5,14,0.20682769049507135,0.023029600824900243,2026107040,-0.20682769049507135,0.04277769355552503,0.7736750054375826,0.012685971125122597,1.0662487242162708,1.0789346953413934
1.042514905281865,independent_split,gaussian,B_to_A,1.0411967016774613,0.023495477152597477,0.5,14,0.03375532385489244,0.023029600824900243,2026107040,-0.03375532385489244,0.0011394218885486705,0.7736750054375826,0.012685971125122597,1.0662487242162708,1.0789346953413934
2.6644810083319603,resubstitution,asymmetric_crash,A_to_B,3.113840303321902,0.08529461748674994,0.19693031101950897,38,0.07229277210337402,0.08561597999711901,2026107015,-0.07229277210337402,0.005226244898390373,1.7258989851274746,0.002994272995535674,2.869119825299344,2.8721140982948796
3.1813260131809744,independent_split,asymmetric_crash,A_to_B,3.113840303321902,0.08529461748674994,0.19693031101950897,38,0.10766003866965734,0.08561597999711901,2026107015,0.10766003866965734,0.011590683926352114,1.7258989851274746,0.002994272995535674,2.869119825299344,2.8721140982948796
2.8108119947415457,resubstitution,asymmetric_crash,B_to_A,2.6847775928537745,0.015864667567923485,0.5,2,0.02190591210136501,0.0,2026107015,0.02190591210136501,0.00047986898499272995,2.225064158795691,0.10770884042635664,2.6428496615414208,2.7505585019677774
2.813815027868654,independent_split,asymmetric_crash,B_to_A,2.6847775928537745,0.015864667567923485,0.5,2,0.022997702414117804,0.0,2026107015,0.022997702414117804,0.0005288943163283199,2.225064158795691,0.10770884042635664,2.6428496615414208,2.7505585019677774
1.0799209268952301,resubstitution,gaussian,A_to_B,1.1983795754523245,0.05282418975635772,0.2432593590528556,268,0.0517011380580575,0.011903922750646334,2026107052,-0.0517011380580575,0.002673007676498321,0.9249033057525343,0.0005457648838165241,1.138252318964718,1.1387980838485345
1.2028802737877626,independent_split,gaussian,A_to_B,1.1983795754523245,0.05282418975635772,0.2432593590528556,268,0.05627177534639347,0.011903922750646334,2026107052,0.05627177534639347,0.003166512700634976,0.9249033057525343,0.0005457648838165241,1.138252318964718,1.1387980838485345
1.1099883834557476,resubstitution,gaussian,B_to_A,1.1946359795737924,0.0038738576814973946,0.28516077196907375,189,0.0853069642337752,0.057930606096844306,2026107052,-0.0853069642337752,0.0072772781467826024,0.8400915325540147,0.023483178263562943,1.1900259882579978,1.2135091665215607
1.223165391741205,independent_split,gaussian,B_to_A,1.1946359795737924,0.0038738576814973946,0.28516077196907375,189,0.007957274230835249,0.057930606096844306,2026107052,0.007957274230835249,6.33182131847147e-05,0.8400915325540147,0.023483178263562943,1.1900259882579978,1.2135091665215607
0.9611108163814565,resubstitution,gaussian,A_to_B,0.9622190527967909,0.07641907324158237,0.1815879878958928,272,0.086391045129915,0.0050361538702905495,2026107042,-0.086391045129915,0.00746341267863901,0.7627976297805057,0.010158519288998802,1.0418351277283142,1.051993647017313
0.9627031020375101,independent_split,gaussian,A_to_B,0.9622190527967909,0.07641907324158237,0.1815879878958928,272,0.08487745646845475,0.0050361538702905495,2026107042,-0.08487745646845475,0.007204182616554432,0.7627976297805057,0.010158519288998802,1.0418351277283142,1.051993647017313
0.9189882422487676,resubstitution,gaussian,B_to_A,0.9821007100894853,0.07938517898238195,0.21090559535883308,161,0.14912909231151067,0.02910751819992785,2026107042,-0.14912909231151067,0.022239486173655072,0.7724156477919518,0.01326816059756486,1.066787854885828,1.080056015483393
1.007028511824172,independent_split,gaussian,B_to_A,0.9821007100894853,0.07938517898238195,0.21090559535883308,161,0.06761455203463364,0.02910751819992785,2026107042,-0.06761455203463364,0.00457172764684418,0.7724156477919518,0.01326816059756486,1.066787854885828,1.080056015483393
1.0323339593735448,resubstitution,gaussian,A_to_B,1.036784543792647,0.09906284943253696,0.19850004843404134,178,0.10597786606215949,0.013677923093602384,2026107009,-0.10597786606215949,0.011231308095089015,0.8726033531906063,0.0039228444961632025,1.1507845393428602,1.1547073838390234
1.037656306139892,independent_split,gaussian,A_to_B,1.036784543792647,0.09906284943253696,0.19850004843404134,178,0.10136860588002383,0.013677923093602384,2026107009,-0.10136860588002383,0.010275594258059602,0.8726033531906063,0.0039228444961632025,1.1507845393428602,1.1547073838390234
0.9402582422349066,resubstitution,gaussian,B_to_A,1.2303983368591955,0.048267245182019636,0.1471513703303527,192,0.22280864417067803,0.033902746913187176,2026107009,-0.22280864417067803,0.04964369191717582,0.8035613183348845,0.03607071648167848,1.1737449038060432,1.2098156202877217
1.3168922119117539,independent_split,gaussian,B_to_A,1.2303983368591955,0.048267245182019636,0.1471513703303527,192,0.0885065375487274,0.033902746913187176,2026107009,0.0885065375487274,0.007833407188864291,0.8035613183348845,0.03607071648167848,1.1737449038060432,1.2098156202877217
2.671785503073933,resubstitution,asymmetric_crash,A_to_B,3.1277514395317016,0.022747264025825498,0.22696247597871122,181,0.12634961205189574,0.09220168169562837,2026107034,-0.12634961205189574,0.015964224465664558,1.7238350885197287,6.130853114072465e-08,3.0581860734781907,3.058186134786722
3.193444510604441,independent_split,asymmetric_crash,A_to_B,3.1277514395317016,0.022747264025825498,0.22696247597871122,181,0.044228300651540285,0.09220168169562837,2026107034,0.044228300651540285,0.0019561425785230386,1.7238350885197287,6.130853114072465e-08,3.0581860734781907,3.058186134786722
2.828222897186544,resubstitution,asymmetric_crash,B_to_A,2.88175711221286,0.1038053665985037,0.24409133173863662,99,0.1258319667377187,0.14840207720900023,2026107034,-0.1258319667377187,0.01583368385308235,1.5331441739482656,0.01978267394059907,3.215548280260488,3.235330954201087
2.9099007937323673,independent_split,asymmetric_crash,B_to_A,2.88175711221286,0.1038053665985037,0.24409133173863662,99,0.10058635888428895,0.14840207720900023,2026107034,-0.10058635888428895,0.010117615593598974,1.5331441739482656,0.01978267394059907,3.215548280260488,3.235330954201087
1.2557850342105912,resubstitution,gaussian,A_to_B,1.1488145834659238,0.04300012034045386,0.19637484792063958,212,0.03530113318628841,0.032502700274747554,2026107053,0.03530113318628841,0.0012461700042360727,1.0448947472987624,0.012532598746905155,1.2004333625147539,1.212965961261659
1.1592371729149802,independent_split,gaussian,A_to_B,1.1488145834659238,0.04300012034045386,0.19637484792063958,212,0.04429538013646579,0.032502700274747554,2026107053,-0.04429538013646579,0.0019620807014340083,1.0448947472987624,0.012532598746905155,1.2004333625147539,1.212965961261659
1.094064537383324,resubstitution,gaussian,B_to_A,1.4577891928485869,0.21389958297183798,0.19269839407745068,230,0.0901630970702725,0.032916234526667365,2026107053,-0.0901630970702725,0.00812938407330338,0.9282733751246581,0.0015700849544146855,1.2009141557489167,1.2024842407033314
1.5028537495631158,independent_split,gaussian,B_to_A,1.4577891928485869,0.21389958297183798,0.19269839407745068,230,0.24979080697481632,0.032916234526667365,2026107053,0.24979080697481632,0.062395447249129946,0.9282733751246581,0.0015700849544146855,1.2009141557489167,1.2024842407033314
2.832706998305242,resubstitution,asymmetric_crash,A_to_B,3.6673661016053014,0.2293752802117186,0.21539544767543306,182,0.05140770222420926,0.04871585078105012,2026107049,-0.05140770222420926,0.00264275184797297,1.7651567718231194,0.003108212598428306,2.9831135867427894,2.9862217993412177
3.7659870689743795,independent_split,asymmetric_crash,A_to_B,3.6673661016053014,0.2293752802117186,0.21539544767543306,182,0.26112101579500346,0.04871585078105012,2026107049,0.26112101579500346,0.06818418488981445,1.7651567718231194,0.003108212598428306,2.9831135867427894,2.9862217993412177
3.5444686688934324,resubstitution,asymmetric_crash,B_to_A,2.9662363770621836,0.02049630447287032,0.5,26,0.1405295951508594,0.06460308382762148,2026107049,0.1405295951508594,0.01974856711326444,2.288471633255033,0.07943387281568359,3.0283054475520625,3.107739320367746
2.9962720708933084,independent_split,asymmetric_crash,B_to_A,2.9662363770621836,0.02049630447287032,0.5,26,0.03586763173600017,0.06460308382762148,2026107049,-0.03586763173600017,0.0012864870063493265,2.288471633255033,0.07943387281568359,3.0283054475520625,3.107739320367746
1.258690586917571,resubstitution,gaussian,A_to_B,1.1385973563932457,0.04229282459155215,0.22941714405198926,148,0.11902546194182075,0.0,2026107022,0.11902546194182075,0.014167060590463819,1.0097099437152508,0.03241279444832079,1.0923968097347623,1.124809604183083
1.1742916193290496,independent_split,gaussian,A_to_B,1.1385973563932457,0.04229282459155215,0.22941714405198926,148,0.043991458609480734,0.0,2026107022,0.043991458609480734,0.0019352484305896567,1.0097099437152508,0.03241279444832079,1.0923968097347623,1.124809604183083
1.0827353549198386,resubstitution,gaussian,B_to_A,1.3258191466527596,0.2018323974535532,0.31331929460256897,66,0.02643830527828713,0.009857177173265175,2026107022,-0.02643830527828713,0.0006989839859879052,0.9504249496294269,0.008973651075564026,1.1031647586318274,1.1121384097073914
1.3383821351230627,independent_split,gaussian,B_to_A,1.3258191466527596,0.2018323974535532,0.31331929460256897,66,0.20343126668486974,0.009857177173265175,2026107022,0.20343126668486974,0.04138428026501059,0.9504249496294269,0.008973651075564026,1.1031647586318274,1.1121384097073914
1.054168060998623,resubstitution,gaussian,A_to_B,1.0843029587740327,0.09162929945829412,0.18343409534211177,156,0.14416663802104193,0.05370953434156345,2026107003,-0.14416663802104193,0.020784019518290134,0.8148457140753931,0.038065606392946316,1.1936789221926796,1.2317445285856259
1.0882598272667656,independent_split,gaussian,A_to_B,1.0843029587740327,0.09162929945829412,0.18343409534211177,156,0.11648901049604767,0.05370953434156345,2026107003,-0.11648901049604767,0.013569689566348303,0.8148457140753931,0.038065606392946316,1.1936789221926796,1.2317445285856259
0.9609890000399488,resubstitution,gaussian,B_to_A,1.1102093648790827,0.019972480757643907,0.3028668921977411,62,0.1793738535312294,0.0,2026107003,-0.1793738535312294,0.032174979330642936,0.7698418710904783,0.03820871605113507,1.1328348878788304,1.1710436039299654
1.1206935580496828,independent_split,gaussian,B_to_A,1.1102093648790827,0.019972480757643907,0.3028668921977411,62,0.042995876252011685,0.0,2026107003,-0.042995876252011685,0.0018486453746783024,0.7698418710904783,0.03820871605113507,1.1328348878788304,1.1710436039299654
2.1291055996875174,resubstitution,asymmetric_crash,A_to_B,2.5733876819253645,0.14217503131317755,0.25344160131168036,179,0.2927860163652148,0.10091694494223602,2026107033,-0.2927860163652148,0.08572365137901182,1.350183729154368,0.01065527390754184,2.999898319426122,3.010553593333664
2.5974414541688464,independent_split,asymmetric_crash,A_to_B,2.5733876819253645,0.14217503131317755,0.25344160131168036,179,0.13722132038425783,0.10091694494223602,2026107033,-0.13722132038425783,0.018829690767999133,1.350183729154368,0.01065527390754184,2.999898319426122,3.010553593333664
2.3054179114015128,resubstitution,asymmetric_crash,B_to_A,2.4518425289740113,0.13081434768763145,0.26872183075424694,192,0.18647226543783882,0.035209018288302696,2026107033,-0.18647226543783882,0.03477190577751982,1.3910222691625607,0.013002668373265358,2.8208502089871894,2.8338528773604548
2.4521619737750826,independent_split,asymmetric_crash,B_to_A,2.4518425289740113,0.13081434768763145,0.26872183075424694,192,0.1346897387068632,0.035209018288302696,2026107033,-0.1346897387068632,0.018141325712923085,1.3910222691625607,0.013002668373265358,2.8208502089871894,2.8338528773604548
1.1895291695693233,resubstitution,gaussian,A_to_B,1.2075873102429375,0.009221358460007822,0.1633578405609188,106,0.027605808150526778,0.0,2026107049,-0.027605808150526778,0.0007620806436436907,0.9224449210200851,0.004472789628614526,1.2188265467309167,1.2232993363595313
1.221311189778848,independent_split,gaussian,A_to_B,1.2075873102429375,0.009221358460007822,0.1633578405609188,106,0.0016252331065590684,0.0,2026107049,-0.0016252331065590684,2.64138265065564e-06,0.9224449210200851,0.004472789628614526,1.2188265467309167,1.2232993363595313
1.1465886099966895,resubstitution,gaussian,B_to_A,1.237376643611067,0.010425579606156532,0.20107879766468384,257,0.10107707390615801,0.025915399065617573,2026107049,-0.10107707390615801,0.010216574869430929,0.8817861565612692,0.025100890966276435,1.250412923081217,1.2755138140474935
1.2489112258554291,independent_split,gaussian,B_to_A,1.237376643611067,0.010425579606156532,0.20107879766468384,257,0.02085637011460376,0.025915399065617573,2026107049,-0.02085637011460376,0.0004349881743573368,0.8817861565612692,0.025100890966276435,1.250412923081217,1.2755138140474935
1.1542808853699706,resubstitution,gaussian,A_to_B,1.433451073859182,0.1589820038507599,0.2219281087251454,264,0.06953001987980044,0.02782690309240765,2026107044,-0.06953001987980044,0.004834423664485444,1.0337703849468125,0.0037162360061830935,1.2368190956343486,1.2405353316405316
1.4657378418542795,independent_split,gaussian,A_to_B,1.433451073859182,0.1589820038507599,0.2219281087251454,264,0.18153655480004052,0.02782690309240765,2026107044,0.18153655480004052,0.032955520728668114,1.0337703849468125,0.0037162360061830935,1.2368190956343486,1.2405353316405316
1.3250392713902113,resubstitution,gaussian,B_to_A,1.2268322839461594,0.017365507142561798,0.2713764157367479,279,0.08074179837102011,0.0021252060242920034,2026107044,0.08074179837102011,0.0065192380041864655,1.0742953516680291,0.020154735293774317,1.2058913687686537,1.226046104062428
1.2389156110444817,independent_split,gaussian,B_to_A,1.2268322839461594,0.017365507142561798,0.2713764157367479,279,0.010496756149227484,0.0021252060242920034,2026107044,0.010496756149227484,0.000110181889656345,1.0742953516680291,0.020154735293774317,1.2058913687686537,1.226046104062428
0.9945390511927948,resubstitution,gaussian,A_to_B,1.3081041842021763,0.19443019436849895,0.20802273479392241,229,0.09334707743526141,0.026959288068788112,2026107023,-0.09334707743526141,0.00871367686570469,0.8436310564895505,0.0017646424031918517,1.0951700571281835,1.0969346995313753
1.310146437006638,independent_split,gaussian,A_to_B,1.3081041842021763,0.19443019436849895,0.20802273479392241,229,0.19437049221466826,0.026959288068788112,2026107023,0.19437049221466826,0.037779888243772417,0.8436310564895505,0.0017646424031918517,1.0951700571281835,1.0969346995313753
1.2154240562009107,resubstitution,gaussian,B_to_A,1.1447558954566466,0.05002877851562548,0.21855390708580422,206,0.10604227417819172,0.02231175026229315,2026107023,0.10604227417819172,0.011244963912882785,0.9384970549248892,0.008680927819855633,1.090213829258025,1.0988947570778806
1.1534459483652846,independent_split,gaussian,B_to_A,1.1447558954566466,0.05002877851562548,0.21855390708580422,206,0.04964187055770782,0.02231175026229315,2026107023,0.04964187055770782,0.0024643153124682187,0.9384970549248892,0.008680927819855633,1.090213829258025,1.0988947570778806
2.508023820680288,resubstitution,asymmetric_crash,A_to_B,3.1811880504486574,0.07942296132531301,0.2951072393344627,157,0.17964696025628607,0.10321405412600981,2026107051,-0.17964696025628607,0.032273030329323625,1.2028268017255446,0.11013025585211489,2.9471191223714586,3.0572493782235735
3.346463737704877,independent_split,asymmetric_crash,A_to_B,3.1811880504486574,0.07942296132531301,0.2951072393344627,157,0.09459953170367567,0.10321405412600981,2026107051,0.09459953170367567,0.008949071398554739,1.2028268017255446,0.11013025585211489,2.9471191223714586,3.0572493782235735
2.482470880708103,resubstitution,asymmetric_crash,B_to_A,2.9192985701206897,0.00560620740678619,0.5,25,0.15224221876380467,0.08670750024991092,2026107051,-0.15224221876380467,0.02317769317412616,1.485156226648309,0.025254878501436373,2.9030236176135493,2.9282784961149857
2.9316392394855635,independent_split,asymmetric_crash,B_to_A,2.9192985701206897,0.00560620740678619,0.5,25,0.0011476857051119166,0.08670750024991092,2026107051,0.0011476857051119166,1.3171824777182373e-06,1.485156226648309,0.025254878501436373,2.9030236176135493,2.9282784961149857
2.5383396997647805,resubstitution,asymmetric_crash,A_to_B,2.463090028823517,0.12257354194717274,0.32923583198629963,165,0.09763151513919491,0.06470873943344868,2026107047,-0.09763151513919491,0.009531912748374845,1.3669391589513529,0.005799210886311634,2.807175468915734,2.812974679802046
2.513953965058318,independent_split,asymmetric_crash,A_to_B,2.463090028823517,0.12257354194717274,0.32923583198629963,165,0.10630053547612112,0.06470873943344868,2026107047,-0.10630053547612112,0.011299803842510083,1.3669391589513529,0.005799210886311634,2.807175468915734,2.812974679802046
2.2821021360354905,resubstitution,asymmetric_crash,B_to_A,2.8303430629735855,0.014917273631841699,0.18896122076245753,147,0.24322829204278107,0.0897518984042398,2026107047,-0.24322829204278107,0.0591600020500484,1.039989898208982,0.14237196226385596,2.873203424659171,3.015575386923027
2.971802440756014,independent_split,asymmetric_crash,B_to_A,2.8303430629735855,0.014917273631841699,0.18896122076245753,147,0.014515619923425975,0.0897518984042398,2026107047,-0.014515619923425975,0.0002107032217613611,1.039989898208982,0.14237196226385596,2.873203424659171,3.015575386923027
2.511889262043809,resubstitution,asymmetric_crash,A_to_B,2.6491474807313256,0.12494776831337395,0.2505624861681801,126,0.1703074587847756,0.0915499117255405,2026107003,-0.1703074587847756,0.02900463051772804,1.691286721291724,7.76821911641079e-05,3.027416404190189,3.027494086381353
2.6668680832485814,independent_split,asymmetric_crash,A_to_B,2.6491474807313256,0.12494776831337395,0.2505624861681801,126,0.11911699671189584,0.0915499117255405,2026107003,-0.11911699671189584,0.014188858905661803,1.691286721291724,7.76821911641079e-05,3.027416404190189,3.027494086381353
2.6471255553639406,resubstitution,asymmetric_crash,B_to_A,2.6036297893048603,0.13233512613184228,0.20051780750876602,209,0.12611372320277484,0.0819287336032426,2026107003,-0.12611372320277484,0.015904671180066107,1.3805563002839136,0.02840987849189336,3.000732042657847,3.0291419211497406
2.6389271292615177,independent_split,asymmetric_crash,B_to_A,2.6036297893048603,0.13233512613184228,0.20051780750876602,209,0.12882024086217558,0.0819287336032426,2026107003,-0.12882024086217558,0.01659465445578893,1.3805563002839136,0.02840987849189336,3.000732042657847,3.0291419211497406
2.8766444521636645,resubstitution,asymmetric_crash,A_to_B,2.8640722713323328,0.08089683879207188,0.5,27,0.07979704446542574,0.0,2026107035,0.07979704446542574,0.006367568305417132,1.839869391424808,0.014341886008884419,2.6497184269064955,2.66406031291538
2.882677369427935,independent_split,asymmetric_crash,A_to_B,2.8640722713323328,0.08089683879207188,0.5,27,0.08206160177857025,0.0,2026107035,0.08206160177857025,0.006734106486464644,1.839869391424808,0.014341886008884419,2.6497184269064955,2.66406031291538
2.4169655743112637,resubstitution,asymmetric_crash,B_to_A,3.7483221332075063,0.17678828265587976,0.21541321219827664,235,0.2584253302275515,0.20209515281344892,2026107035,-0.2584253302275515,0.06678365130321903,1.2697393149954437,0.07402058841374926,3.1852136773047754,3.2592342657185247
3.9865905045236243,independent_split,asymmetric_crash,B_to_A,3.7483221332075063,0.17678828265587976,0.21541321219827664,235,0.22316783008071006,0.20209515281344892,2026107035,0.22316783008071006,0.04980388038293268,1.2697393149954437,0.07402058841374926,3.1852136773047754,3.2592342657185247
0.8791282628745598,resubstitution,gaussian,A_to_B,1.0453853803947732,0.013225144691544455,0.21785668650648407,161,0.20761144847162266,0.0,2026107035,-0.20761144847162266,0.04310251353648523,0.6986308792915467,0.05007008758646925,1.0593960463939838,1.109466133980453
1.0518462217018338,independent_split,gaussian,A_to_B,1.0453853803947732,0.013225144691544455,0.21785668650648407,161,0.05193480946723007,0.0,2026107035,-0.05193480946723007,0.0026972244343974904,0.6986308792915467,0.05007008758646925,1.0593960463939838,1.109466133980453
1.0217861424722714,resubstitution,gaussian,B_to_A,0.9371550593988998,0.14692720204392584,0.1827283225951099,63,0.08706673321315962,0.03697195862010316,2026107035,-0.08706673321315962,0.007580616032411513,0.7777764887281307,0.020670215542940573,1.0985639931835631,1.1192342087265037
0.9431252585034678,independent_split,gaussian,B_to_A,0.9371550593988998,0.14692720204392584,0.1827283225951099,63,0.15734771940487557,0.03697195862010316,2026107035,-0.15734771940487557,0.024758304801915456,0.7777764887281307,0.020670215542940573,1.0985639931835631,1.1192342087265037
1.0832148575387812,resubstitution,gaussian,A_to_B,1.0395818788008977,0.0912144593376053,0.21655879293976574,199,0.05321038320695284,0.0,2026107013,-0.05321038320695284,0.0028313448810307683,0.9027269434613505,0.0001681386321765732,1.143924316889074,1.1440924555212506
1.0609184881411706,independent_split,gaussian,A_to_B,1.0395818788008977,0.0912144593376053,0.21655879293976574,199,0.07269864159901812,0.0,2026107013,-0.07269864159901812,0.005285092490342488,0.9027269434613505,0.0001681386321765732,1.143924316889074,1.1440924555212506
1.0238402433558405,resubstitution,gaussian,B_to_A,1.1926301295547064,0.03776651141162113,0.21112124397694274,160,0.1809240274853281,0.08349775832859829,2026107013,-0.1809240274853281,0.03273350372151176,0.9125961193206278,0.01055480156912414,1.2394394330468848,1.249994234616009
1.2014507188574175,independent_split,gaussian,B_to_A,1.1926301295547064,0.03776651141162113,0.21112124397694274,160,0.038834991725784786,0.08349775832859829,2026107013,-0.038834991725784786,0.0015081565823417728,0.9125961193206278,0.01055480156912414,1.2394394330468848,1.249994234616009
0.9317739045239909,resubstitution,gaussian,A_to_B,1.036308124075806,0.07287804265699649,0.2116719018869342,131,0.18231962410821725,0.015810664632215143,2026107029,-0.18231962410821725,0.033240445334961635,0.7897307580190528,0.021764226044976853,1.1177689362958398,1.1395331623408167
1.0482081282582765,independent_split,gaussian,A_to_B,1.036308124075806,0.07287804265699649,0.2116719018869342,131,0.08014249791111065,0.015810664632215143,2026107029,-0.08014249791111065,0.006422819971432375,0.7897307580190528,0.021764226044976853,1.1177689362958398,1.1395331623408167
1.0203415196814924,resubstitution,gaussian,B_to_A,0.962741513639017,0.14971412243497217,0.1564988511935953,258,0.09907698931727016,0.028976520814693707,2026107029,-0.09907698931727016,0.009816249812174466,0.8904335241140664,0.0002950249049453735,1.1322562670287193,1.1325512919336647
0.9732316653092216,independent_split,gaussian,B_to_A,0.962741513639017,0.14971412243497217,0.1564988511935953,258,0.14067321079333042,0.028976520814693707,2026107029,-0.14067321079333042,0.019788952234904775,0.8904335241140664,0.0002950249049453735,1.1322562670287193,1.1325512919336647
3.5203800486961674,resubstitution,asymmetric_crash,A_to_B,3.343285974114435,0.15543987179475516,0.5,27,0.11285443196461731,0.02284397012301631,2026107061,0.11285443196461731,0.012736122814056436,2.6789776774242515,0.2698608184685698,2.893517919648453,3.163378738117023
3.4364559325763295,independent_split,asymmetric_crash,A_to_B,3.343285974114435,0.15543987179475516,0.5,27,0.08632453369205288,0.02284397012301631,2026107061,0.08632453369205288,0.0074519251171503735,2.6789776774242515,0.2698608184685698,2.893517919648453,3.163378738117023
2.9117495457244034,resubstitution,asymmetric_crash,B_to_A,3.5450063964281497,0.2362666039280874,0.2337544440521392,44,0.002674081847539369,0.01365017235696575,2026107061,0.002674081847539369,7.150713727339565e-06,2.0156782702852927,0.03647442110542043,2.867509633572824,2.9039840546782445
3.68371105785395,independent_split,asymmetric_crash,B_to_A,3.5450063964281497,0.2362666039280874,0.2337544440521392,44,0.2685025084485519,0.01365017235696575,2026107061,0.2685025084485519,0.07209359704316468,2.0156782702852927,0.03647442110542043,2.867509633572824,2.9039840546782445
0.9619214086989564,resubstitution,gaussian,A_to_B,0.9824793440657837,0.07287256076726456,0.2776112731994568,74,0.09228756001233958,0.07029917495941329,2026107062,-0.09228756001233958,0.00851699373303118,0.8420547748328063,1.783551932121874e-05,1.0597025850932165,1.0597204206125377
1.004553092294538,independent_split,gaussian,A_to_B,0.9824793440657837,0.07287256076726456,0.2776112731994568,74,0.05205837996979611,0.07029917495941329,2026107062,-0.05205837996979611,0.0027100749250796694,0.8420547748328063,1.783551932121874e-05,1.0597025850932165,1.0597204206125377
0.9008516143273001,resubstitution,gaussian,B_to_A,1.0342896350886976,0.026350180342246565,0.28035308046587604,33,0.12025370832900484,0.01781256136375209,2026107062,-0.12025370832900484,0.014460954366877367,0.719853995843692,0.016254617933451287,1.007735619770441,1.0239902377038923
1.086316372508989,independent_split,gaussian,B_to_A,1.0342896350886976,0.026350180342246565,0.28035308046587604,33,0.06086594628563209,0.01781256136375209,2026107062,0.06086594628563209,0.003704663417245451,0.719853995843692,0.016254617933451287,1.007735619770441,1.0239902377038923
1.0944274786053123,resubstitution,gaussian,A_to_B,1.1261465270992739,0.08466501690032135,0.16641908328901173,268,0.11103347259046595,0.013414618532104905,2026107057,-0.11103347259046595,0.012328432035497753,0.959612481305525,0.0008125701450494294,1.230310812862965,1.2311233830080144
1.1274009732672057,independent_split,gaussian,A_to_B,1.1261465270992739,0.08466501690032135,0.16641908328901173,268,0.08425021502506341,0.013414618532104905,2026107057,-0.08425021502506341,0.007098098731769421,0.959612481305525,0.0008125701450494294,1.230310812862965,1.2311233830080144
1.1261465270992739,resubstitution,gaussian,B_to_A,1.0944274786053123,0.11044634643293805,0.16641908328901173,268,0.08469565203641939,0.013414618532104905,2026107057,-0.08469565203641939,0.007173353473874232,0.9762084635113384,4.11783679152844e-05,1.230310812862965,1.2303519912308802
1.0960346321210772,independent_split,gaussian,B_to_A,1.0944274786053123,0.11044634643293805,0.16641908328901173,268,0.10916986363831378,0.013414618532104905,2026107057,-0.10916986363831378,0.011918059126808026,0.9762084635113384,4.11783679152844e-05,1.230310812862965,1.2303519912308802
1.0211137833078017,resubstitution,gaussian,A_to_B,1.012158698207328,0.07567518827828912,0.29398229957271926,79,0.07329514989114347,0.00670029078964407,2026107004,-0.07329514989114347,0.0053721789975651885,0.8155517402239726,0.0068510311213025865,1.0950249148045823,1.101875945925885
1.0152225473691043,independent_split,gaussian,A_to_B,1.012158698207328,0.07567518827828912,0.29398229957271926,79,0.07864170088944758,0.00670029078964407,2026107004,-0.07864170088944758,0.0061845171187853406,0.8155517402239726,0.0068510311213025865,1.0950249148045823,1.101875945925885
0.9966906690743946,resubstitution,gaussian,B_to_A,1.0581651494297746,0.042514575690698275,0.27155986734702536,225,0.10708947321047954,0.016008814870354326,2026107004,-0.10708947321047954,0.011468155272498014,0.8081910113893346,0.011076671508633229,1.105150138648951,1.1162268101575843
1.0603442899705726,independent_split,gaussian,B_to_A,1.0581651494297746,0.042514575690698275,0.27155986734702536,225,0.05006376811458454,0.016008814870354326,2026107004,-0.05006376811458454,0.0025063808778308916,0.8081910113893346,0.011076671508633229,1.105150138648951,1.1162268101575843
1.0945655108958419,resubstitution,gaussian,A_to_B,1.281492747886003,0.05854265386775204,0.28531270337304976,166,0.10802393308081722,0.086243716052391,2026107045,-0.10802393308081722,0.011669170118248876,0.8725593637272059,0.016504455569792187,1.210619849095004,1.2271243046647962
1.2913892051044358,independent_split,gaussian,A_to_B,1.281492747886003,0.05854265386775204,0.28531270337304976,166,0.052370326457835376,0.086243716052391,2026107045,0.052370326457835376,0.002742651093300252,0.8725593637272059,0.016504455569792187,1.210619849095004,1.2271243046647962
1.146448404984434,resubstitution,gaussian,B_to_A,1.1935210761591928,0.00029438096729450525,0.1733952788076573,126,0.041174344240537314,0.07121697526804094,2026107045,-0.041174344240537314,0.0016953266236382682,0.9206438743945023,0.001807204442334731,1.193872529509256,1.1956797339515908
1.1948731519668812,independent_split,gaussian,B_to_A,1.1935210761591928,0.00029438096729450525,0.1733952788076573,126,0.0006745802925369947,0.07121697526804094,2026107045,-0.0006745802925369947,4.550585710792973e-07,0.9206438743945023,0.001807204442334731,1.193872529509256,1.1956797339515908
2.5150311529644367,resubstitution,asymmetric_crash,A_to_B,2.287650432405876,0.2293462611174295,0.19667975674237226,35,0.15297870086441856,0.052596122657688094,2026107001,-0.15297870086441856,0.023402482918165254,1.5622529674785566,0.0008112018312140812,2.9684543355656907,2.969265537396905
2.3238189338874222,independent_split,asymmetric_crash,A_to_B,2.287650432405876,0.2293462611174295,0.19667975674237226,35,0.21737584442357843,0.052596122657688094,2026107001,-0.21737584442357843,0.047252257738863775,1.5622529674785566,0.0008112018312140812,2.9684543355656907,2.969265537396905
2.1191813024747557,resubstitution,asymmetric_crash,B_to_A,2.639571755886549,0.10631702873510374,0.22685766920408346,213,0.3074177952892728,0.047324790126026306,2026107001,-0.3074177952892728,0.09450570086051725,1.18425885516793,0.10623787273037033,2.953588510420609,3.0598263831509795
2.770743486252438,independent_split,asymmetric_crash,B_to_A,2.639571755886549,0.10631702873510374,0.22685766920408346,213,0.09447689532006942,0.047324790126026306,2026107001,-0.09447689532006942,0.008925883749319356,1.18425885516793,0.10623787273037033,2.953588510420609,3.0598263831509795
1.0165545362930082,resubstitution,gaussian,A_to_B,0.9228485351408175,0.14537578064006818,0.5,12,0.06016386847388887,0.019896218058347293,2026107014,-0.06016386847388887,0.003619691069743399,0.8313211427322005,0.0017999472968901475,1.0798296072535625,1.0816295545504526
0.9409357360800861,independent_split,gaussian,A_to_B,0.9228485351408175,0.14537578064006818,0.5,12,0.1300757896994057,0.019896218058347293,2026107014,-0.1300757896994057,0.016919711065924017,0.8313211427322005,0.0017999472968901475,1.0798296072535625,1.0816295545504526
0.9118944326544478,resubstitution,gaussian,B_to_A,1.0455156553231701,0.01251321910225589,0.27171985525336007,68,0.15466718135033766,0.0,2026107014,-0.15466718135033766,0.02392193698685824,0.7494750742151062,0.019975923817085794,1.058764203782729,1.0787401275998147
1.059391497216156,independent_split,gaussian,B_to_A,1.0455156553231701,0.01251321910225589,0.27171985525336007,68,0.017936322093356483,0.0,2026107014,-0.017936322093356483,0.0003217116502366279,0.7494750742151062,0.019975923817085794,1.058764203782729,1.0787401275998147
1.0913032546610653,resubstitution,gaussian,A_to_B,1.3646423195413302,0.09522047704830472,0.2547201628388952,251,0.12475368335976181,0.0013026900600374702,2026107059,-0.12475368335976181,0.015563481511827711,0.9714337420508914,0.0008549113181792745,1.2459978133527378,1.2468527246709171
1.4407538293653035,independent_split,gaussian,A_to_B,1.3646423195413302,0.09522047704830472,0.2547201628388952,251,0.1555124361183578,0.0013026900600374702,2026107059,0.1555124361183578,0.024184117787466316,0.9714337420508914,0.0008549113181792745,1.2459978133527378,1.2468527246709171
1.30425507390331,resubstitution,gaussian,B_to_A,1.1368830647380512,0.10741712669546433,0.2551835930272102,245,0.002681042040957509,0.023564819472796872,2026107059,-0.002681042040957509,7.187986425381605e-06,1.1685093572800915,0.03406094657818448,1.27370029018041,1.3077612367585945
1.205365933920025,independent_split,gaussian,B_to_A,1.1368830647380512,0.10741712669546433,0.2551835930272102,245,0.07829816327356946,0.023564819472796872,2026107059,-0.07829816327356946,0.006130602372014542,1.1685093572800915,0.03406094657818448,1.27370029018041,1.3077612367585945
2.240533430330901,resubstitution,asymmetric_crash,A_to_B,2.908588278112399,0.0564496082274919,0.5,5,0.18668569592011808,0.030411607855995948,2026107029,-0.18668569592011808,0.034851549061178794,1.70342401800018,0.0016459163485671446,2.753172754725538,2.754818671074105
2.921998271641839,independent_split,asymmetric_crash,A_to_B,2.908588278112399,0.0564496082274919,0.5,5,0.06068624491446139,0.030411607855995948,2026107029,0.06068624491446139,0.003682820321817991,1.70342401800018,0.0016459163485671446,2.753172754725538,2.754818671074105
2.6910767696702873,resubstitution,asymmetric_crash,B_to_A,2.6370530587086196,0.06785977118258235,0.18949391373199514,67,0.05668246094627615,0.05880234865941092,2026107029,-0.05668246094627615,0.003212901378926121,1.334747252591037,0.02374890682481512,2.829030415363771,2.852779322188586
2.6402025993586564,independent_split,asymmetric_crash,B_to_A,2.6370530587086196,0.06785977118258235,0.18949391373199514,67,0.07451565607494857,0.05880234865941092,2026107029,-0.07451565607494857,0.005552583000280021,1.334747252591037,0.02374890682481512,2.829030415363771,2.852779322188586
2.0143889961874435,resubstitution,asymmetric_crash,A_to_B,2.6446403814819464,0.1372866878700154,0.3150772773559976,124,0.36155068664085294,0.11344416418251546,2026107052,-0.36155068664085294,0.13071889901047223,1.2290973437647983,0.08963595090183807,3.0654915651556327,3.1551275160574708
2.689818721900942,independent_split,asymmetric_crash,A_to_B,2.6446403814819464,0.1372866878700154,0.3150772773559976,124,0.14747701694730908,0.11344416418251546,2026107052,-0.14747701694730908,0.021749470527676888,1.2290973437647983,0.08963595090183807,3.0654915651556327,3.1551275160574708
2.170469882978597,resubstitution,asymmetric_crash,B_to_A,2.174514650247147,0.23284593915185237,0.18203691729172533,106,0.24728509934737752,0.02955148079724501,2026107052,-0.24728509934737752,0.06114992035924237,1.132384549268805,0.049000414591318986,2.8345214621468005,2.8835218767381194
2.1878044500743,independent_split,asymmetric_crash,B_to_A,2.174514650247147,0.23284593915185237,0.18203691729172533,106,0.24127350386216764,0.02955148079724501,2026107052,-0.24127350386216764,0.05821290366592743,1.132384549268805,0.049000414591318986,2.8345214621468005,2.8835218767381194
1.0888176085813155,resubstitution,gaussian,A_to_B,1.2628626138221646,0.06979460213676636,0.3063504213942296,194,0.08054128694036009,0.07117819953859583,2026107036,-0.08054128694036009,0.006486898902009418,0.8968456383213532,0.003722089983203114,1.1804720376227096,1.1841941276059127
1.2871055315714406,independent_split,gaussian,A_to_B,1.2628626138221646,0.06979460213676636,0.3063504213942296,194,0.08690416678014107,0.07117819953859583,2026107036,0.08690416678014107,0.0075523342037505745,0.8968456383213532,0.003722089983203114,1.1804720376227096,1.1841941276059127
1.1380902379147235,resubstitution,gaussian,B_to_A,1.2237581005495024,0.08310809359525662,0.18570891006352253,161,0.006015360459821716,0.025250051186123113,2026107036,-0.006015360459821716,3.618456146158653e-05,0.9949025668135089,0.01511991659913492,1.1298577748480982,1.1449776914472332
1.2296252267464785,independent_split,gaussian,B_to_A,1.2237581005495024,0.08310809359525662,0.18570891006352253,161,0.07392941882758623,0.025250051186123113,2026107036,0.07392941882758623,0.0054655589681846615,0.9949025668135089,0.01511991659913492,1.1298577748480982,1.1449776914472332
2.63519512158788,resubstitution,asymmetric_crash,A_to_B,2.4059211241159897,0.145126989712419,0.5,10,0.0714079817881378,0.025915388692183017,2026107019,-0.0714079817881378,0.00509909986305502,1.421284032901939,0.02347867299142603,2.814360840923768,2.837839513915194
2.415036962232121,independent_split,asymmetric_crash,A_to_B,2.4059211241159897,0.145126989712419,0.5,10,0.14898747783653152,0.025915388692183017,2026107019,-0.14898747783653152,0.02219726855209097,1.421284032901939,0.02347867299142603,2.814360840923768,2.837839513915194
2.252610584729946,resubstitution,asymmetric_crash,B_to_A,2.6863794971648405,0.020737488266086346,0.5,1,0.18143570879266274,0.0,2026107019,-0.18143570879266274,0.032918916425095916,1.475927055930466,0.008636305330722571,2.74326798481058,2.7519042901413027
2.686568376775472,independent_split,asymmetric_crash,B_to_A,2.6863794971648405,0.020737488266086346,0.5,1,0.0237420732980782,0.0,2026107019,-0.0237420732980782,0.0005636860444913178,1.475927055930466,0.008636305330722571,2.74326798481058,2.7519042901413027
1.9730510522385298,resubstitution,asymmetric_crash,A_to_B,3.465829673453998,0.24412538635869363,0.17230871960725624,121,0.30254059793642946,0.021645790576477753,2026107036,-0.30254059793642946,0.09153081339973226,1.2041040634850853,0.043155754300272964,2.7857559305961828,2.8289116848964557
3.6223450690785497,independent_split,asymmetric_crash,A_to_B,3.465829673453998,0.24412538635869363,0.17230871960725624,121,0.2804730131443235,0.021645790576477753,2026107036,0.2804730131443235,0.07866511110225585,1.2041040634850853,0.043155754300272964,2.7857559305961828,2.8289116848964557
3.089465248414639,resubstitution,asymmetric_crash,B_to_A,2.527121058177809,0.13979677681139402,0.5,16,0.05123725299004959,0.0774131387529795,2026107036,0.05123725299004959,0.0026252560939663454,1.792968934197425,0.001066227190739344,2.937818634078425,2.9388848612691643
2.605300959827681,independent_split,asymmetric_crash,B_to_A,2.527121058177809,0.13979677681139402,0.5,16,0.11350696512058121,0.0774131387529795,2026107036,-0.11350696512058121,0.01288383113088484,1.792968934197425,0.001066227190739344,2.937818634078425,2.9388848612691643
1.1511896651374318,resubstitution,gaussian,A_to_B,1.1458551293898134,0.11519193844951636,0.2158892581781595,193,0.10297399339977703,0.0,2026107026,0.10297399339977703,0.010603643316697324,0.9125140390937304,0.016218355223676317,1.0274958864775592,1.0437142417012355
1.1463419016612684,independent_split,gaussian,A_to_B,1.1458551293898134,0.11519193844951636,0.2158892581781595,193,0.09832927046463563,0.0,2026107026,0.09832927046463563,0.009668645430107465,0.9125140390937304,0.016218355223676317,1.0274958864775592,1.0437142417012355
1.0693614242478262,resubstitution,gaussian,B_to_A,1.1949896968647853,0.12446609054957047,0.2686915616689891,48,0.0035131880862597437,0.03427899698886905,2026107026,0.0035131880862597437,1.23424905294374e-05,0.8862939425367601,0.0029002939325331045,1.0627174148761989,1.065617708808732
1.206610665768857,independent_split,gaussian,B_to_A,1.1949896968647853,0.12446609054957047,0.2686915616689891,48,0.13231101153315367,0.03427899698886905,2026107026,0.13231101153315367,0.01750620377292632,0.8862939425367601,0.0029002939325331045,1.0627174148761989,1.065617708808732
2.192823557409719,resubstitution,asymmetric_crash,A_to_B,3.4605772586365067,0.19549394117901175,0.2584445033565345,124,0.2550780237765623,0.05439751150353267,2026107054,-0.2550780237765623,0.06506479821375648,1.0525805382364075,0.049011555591273126,2.894684062742836,2.943695618334109
3.725832135330554,independent_split,asymmetric_crash,A_to_B,3.4605772586365067,0.19549394117901175,0.2584445033565345,124,0.26569884200156196,0.05439751150353267,2026107054,0.26569884200156196,0.07059587464097099,1.0525805382364075,0.049011555591273126,2.894684062742836,2.943695618334109
3.254997735815825,resubstitution,asymmetric_crash,B_to_A,2.807371088231017,0.08878832656190239,0.5,12,0.0362381487632571,0.12223484800922946,2026107054,0.0362381487632571,0.0013132034257879522,2.252515817798352,0.06024673660670965,3.0809208991347865,3.141167635741496
2.9845710478339993,independent_split,asymmetric_crash,B_to_A,2.807371088231017,0.08878832656190239,0.5,12,0.049852986553686765,0.12223484800922946,2026107054,-0.049852986553686765,0.0024853202683220734,2.252515817798352,0.06024673660670965,3.0809208991347865,3.141167635741496
2.114392515557862,resubstitution,asymmetric_crash,A_to_B,3.8886748195769854,0.21882495055345808,0.29390144387045253,278,0.3421140663071122,0.13808919304213885,2026107043,-0.3421140663071122,0.11704203436518718,1.3451889098899663,0.023408293868178554,3.1905113345531455,3.213919628421324
3.966122481918788,independent_split,asymmetric_crash,A_to_B,3.8886748195769854,0.21882495055345808,0.29390144387045253,278,0.23404532174531867,0.13808919304213885,2026107043,0.23404532174531867,0.05477721263086974,1.3451889098899663,0.023408293868178554,3.1905113345531455,3.213919628421324
3.311182970343289,resubstitution,asymmetric_crash,B_to_A,2.4586253516918704,0.13937349968874768,0.5,2,0.15509015142131324,0.019045670915532442,2026107043,0.15509015142131324,0.02405295506788587,1.8544113895616228,0.009815783278503964,2.8567855519237315,2.8666013352022355
2.511153369870854,independent_split,asymmetric_crash,B_to_A,2.4586253516918704,0.13937349968874768,0.5,2,0.12399630215978563,0.019045670915532442,2026107043,-0.12399630215978563,0.015375082949300858,1.8544113895616228,0.009815783278503964,2.8567855519237315,2.8666013352022355
2.783222211552274,resubstitution,asymmetric_crash,A_to_B,2.179121287495497,0.2695486838808847,0.2861821204216395,220,0.07926229020511558,0.08160015250802188,2026107000,-0.07926229020511558,0.006282510648559961,1.0528595423450584,0.03956437850485184,2.9832532838371204,3.0228176623419722
2.1796093155179284,independent_split,asymmetric_crash,A_to_B,2.179121287495497,0.2695486838808847,0.2861821204216395,220,0.27894780334542435,0.08160015250802188,2026107000,-0.27894780334542435,0.07781187699123754,1.0528595423450584,0.03956437850485184,2.9832532838371204,3.0228176623419722
1.9434638297284796,resubstitution,asymmetric_crash,B_to_A,2.9292656887777495,0.051598812327961374,0.19635230642911633,223,0.32370487043714563,0.0099160870371231,2026107000,-0.32370487043714563,0.10478484314472924,1.053055833762895,0.08815651908110889,2.785535371890665,2.8736918909717737
2.9442537541935083,independent_split,asymmetric_crash,B_to_A,2.9292656887777495,0.051598812327961374,0.19635230642911633,223,0.02455442890151779,0.0099160870371231,2026107000,0.02455442890151779,0.0006029199786796921,1.053055833762895,0.08815651908110889,2.785535371890665,2.8736918909717737
3.1930108347187303,resubstitution,asymmetric_crash,A_to_B,2.9661858690799088,0.041393503220559236,0.2514512596434788,61,0.10892103081192851,0.04269377833701338,2026107006,0.10892103081192851,0.01186379095313308,1.9596770133589652,0.031099867758217048,2.8482853598633344,2.8793852276215515
2.9686912858440953,independent_split,asymmetric_crash,A_to_B,2.9661858690799088,0.041393503220559236,0.2514512596434788,61,0.031015668680190095,0.04269377833701338,2026107006,0.031015668680190095,0.0009619717036793248,1.9596770133589652,0.031099867758217048,2.8482853598633344,2.8793852276215515
2.6675530724925167,resubstitution,asymmetric_crash,B_to_A,3.2023926197153734,0.1723245526669439,0.5,18,0.026189323177917796,0.0,2026107006,-0.026189323177917796,0.0006858806485174223,1.7812836003477128,0.007632856324010007,2.7316604539503913,2.7392933102744013
3.2511524766057422,independent_split,asymmetric_crash,B_to_A,3.2023926197153734,0.1723245526669439,0.5,18,0.1868581084075538,0.0,2026107006,0.1868581084075538,0.034915952677649124,1.7812836003477128,0.007632856324010007,2.7316604539503913,2.7392933102744013
1.0262469256235411,resubstitution,gaussian,A_to_B,1.042541693014942,0.02713253855242692,0.2139885461521446,262,0.04745184023597354,0.014552410847374686,2026107011,-0.04745184023597354,0.0022516771417803575,0.9099622469239039,0.005752727203582886,1.0716173932507698,1.0773701204543527
1.0522229190234218,independent_split,gaussian,A_to_B,1.042541693014942,0.02713253855242692,0.2139885461521446,262,0.023341283513901127,0.014552410847374686,2026107011,-0.023341283513901127,0.0005448155160763126,0.9099622469239039,0.005752727203582886,1.0716173932507698,1.0773701204543527
0.990598694681302,resubstitution,gaussian,B_to_A,1.1269434557818943,0.01061628592475361,0.2104988589078126,50,0.13378633263573475,0.05572441824754382,2026107011,-0.13378633263573475,0.017898782800119466,0.7739066749444107,0.028491061550170338,1.115105180351113,1.1435962419012833
1.1823264852446425,independent_split,gaussian,B_to_A,1.1269434557818943,0.01061628592475361,0.2104988589078126,50,0.033867060702270496,0.05572441824754382,2026107011,0.033867060702270496,0.0011469778006112745,0.7739066749444107,0.028491061550170338,1.115105180351113,1.1435962419012833
1.104675927363069,resubstitution,gaussian,A_to_B,1.214832909830896,0.05225195220150092,0.33579225158833137,172,0.14052011268024198,0.05740311644895746,2026107002,-0.14052011268024198,0.019745902067667902,0.9772866876740729,0.003474225438982348,1.2818099838377952,1.2852842092767776
1.215680609760661,independent_split,gaussian,A_to_B,1.214832909830896,0.05225195220150092,0.33579225158833137,172,0.054154247763832854,0.05740311644895746,2026107002,-0.054154247763832854,0.0029326825508665957,0.9772866876740729,0.003474225438982348,1.2818099838377952,1.2852842092767776
1.1281091458642538,resubstitution,gaussian,B_to_A,1.1446994363610772,0.06670438562304015,0.23050334619010576,67,0.08093976611349399,0.011787198038639035,2026107002,-0.08093976611349399,0.0065512457385071094,0.954940641551858,0.0009461755047686093,1.2265132491008695,1.227459424605638
1.1517005660661364,independent_split,gaussian,B_to_A,1.1446994363610772,0.06670438562304015,0.23050334619010576,67,0.061720051205637,0.011787198038639035,2026107002,-0.061720051205637,0.003809364720826453,0.954940641551858,0.0009461755047686093,1.2265132491008695,1.227459424605638
3.2353944816793594,resubstitution,asymmetric_crash,A_to_B,3.549818992947162,0.21893274014324304,0.2162585590572201,116,0.08365009504395743,0.030464636641402087,2026107044,0.08365009504395743,0.0069973384008631115,1.9915738477175535,0.07340966233943691,2.912235331811667,2.985644994151104
3.552923103496618,independent_split,asymmetric_crash,A_to_B,3.549818992947162,0.21893274014324304,0.2162585590572201,116,0.19000186239717567,0.030464636641402087,2026107044,0.19000186239717567,0.03610070771439528,1.9915738477175535,0.07340966233943691,2.912235331811667,2.985644994151104
3.175911626215678,resubstitution,asymmetric_crash,B_to_A,3.3359779300146792,0.1288651036197921,0.5,19,0.06754354283191111,0.04565338235339822,2026107044,0.06754354283191111,0.004562130178286211,1.9833749673145769,0.019810686375894893,2.9551608241920237,2.9749715105679186
3.375199040273522,independent_split,asymmetric_crash,B_to_A,3.3359779300146792,0.1288651036197921,0.5,19,0.13453155039767103,0.04565338235339822,2026107044,0.13453155039767103,0.0180987380524011,1.9833749673145769,0.019810686375894893,2.9551608241920237,2.9749715105679186
1.9015571661116712,resubstitution,asymmetric_crash,A_to_B,2.8161111994493853,0.04610923145857515,0.5,8,0.30444522672814556,0.014079041596958275,2026107041,-0.30444522672814556,0.09268689607755196,1.2782537231359763,0.041885401970711555,2.691985802976733,2.7338712049474445
2.9526425208180997,independent_split,asymmetric_crash,A_to_B,2.8161111994493853,0.04610923145857515,0.5,8,0.08002253927498419,0.014079041596958275,2026107041,0.08002253927498419,0.006403606792016387,1.2782537231359763,0.041885401970711555,2.691985802976733,2.7338712049474445
2.7113730777078278,resubstitution,asymmetric_crash,B_to_A,2.3964130323714343,0.16892725373238815,0.2166733021564069,187,0.07660198737924753,0.08622970218426262,2026107041,-0.07660198737924753,0.005867864470450399,2.1526343835901587,0.05278168079478052,2.883517770416419,2.9362994512111995
2.5590192763151203,independent_split,asymmetric_crash,B_to_A,2.3964130323714343,0.16892725373238815,0.2166733021564069,187,0.12848831706876976,0.08622970218426262,2026107041,-0.12848831706876976,0.01650924762316471,2.1526343835901587,0.05278168079478052,2.883517770416419,2.9362994512111995
3.4513772956093827,resubstitution,asymmetric_crash,A_to_B,2.6313998985537577,0.052769186291515724,0.5,18,0.22283185481493176,0.0,2026107037,0.22283185481493176,0.049654035520262825,2.02029797067671,0.04445405079741338,2.7779922912891917,2.822446342086605
2.6396165731297185,independent_split,asymmetric_crash,A_to_B,2.6313998985537577,0.052769186291515724,0.5,18,0.06477705748755612,0.0,2026107037,-0.06477705748755612,0.00419606717674615,2.02029797067671,0.04445405079741338,2.7779922912891917,2.822446342086605
2.5493654193653406,resubstitution,asymmetric_crash,B_to_A,3.481470091121137,0.21127633460810746,0.22541972781382197,49,0.12868484797315052,0.03463794040297663,2026107037,-0.12868484797315052,0.016559790097872864,1.9029075715772126,0.05166589173600711,2.874216222714795,2.9258821144508023
3.48924480468399,independent_split,asymmetric_crash,B_to_A,3.481470091121137,0.21127633460810746,0.22541972781382197,49,0.19254456201456793,0.03463794040297663,2026107037,0.19254456201456793,0.037073408361381795,1.9029075715772126,0.05166589173600711,2.874216222714795,2.9258821144508023
1.0391090052528933,resubstitution,gaussian,A_to_B,1.0910424565612034,0.01571769055734884,0.19479380138913385,86,0.032932857339372894,0.03373518583995616,2026107050,-0.032932857339372894,0.001084573092535487,0.869674963063167,0.0003360471195006376,1.0741591553480987,1.0744952024675993
1.0949728439045319,independent_split,gaussian,A_to_B,1.0910424565612034,0.01571769055734884,0.19479380138913385,86,0.01905791797851236,0.03373518583995616,2026107050,0.01905791797851236,0.0003632042376757046,0.869674963063167,0.0003360471195006376,1.0741591553480987,1.0744952024675993
1.030537104602719,resubstitution,gaussian,B_to_A,1.0462265774497392,0.03445292704152825,0.1891562612292057,138,0.06876549834352917,0.0427806436713305,2026107050,-0.06876549834352917,0.004728693762433913,0.7612718178939919,0.023077108610668473,1.08355833366473,1.1066354422753986
1.0754160547488723,independent_split,gaussian,B_to_A,1.0462265774497392,0.03445292704152825,0.1891562612292057,138,0.02821108590407591,0.0427806436713305,2026107050,-0.02821108590407591,0.0007958653678871506,0.7612718178939919,0.023077108610668473,1.08355833366473,1.1066354422753986
1.1376524797562575,resubstitution,gaussian,A_to_B,1.5366672299553548,0.1404378895863143,0.1832862570161962,274,0.1608200640793412,0.02744569135228625,2026107039,-0.1608200640793412,0.025863093010483413,1.0043428270471948,0.008235545550767442,1.3474361418426477,1.3556716873934151
1.5540866966258056,independent_split,gaussian,A_to_B,1.5366672299553548,0.1404378895863143,0.1832862570161962,274,0.14635918938005416,0.02744569135228625,2026107039,0.14635918938005416,0.021421012315986556,1.0043428270471948,0.008235545550767442,1.3474361418426477,1.3556716873934151
1.3868319588748914,resubstitution,gaussian,B_to_A,1.2488729081508831,0.07902686647788659,0.15967458116787714,31,0.021973455359990325,0.03400339919230966,2026107039,0.021973455359990325,0.0004828327404574875,1.1065590919141894,0.000977479512302537,1.3560361998560913,1.3570136793683938
1.2836348020365604,independent_split,gaussian,B_to_A,1.2488729081508831,0.07902686647788659,0.15967458116787714,31,0.05407379339461537,0.03400339919230966,2026107039,-0.05407379339461537,0.0029239751320835486,1.1065590919141894,0.000977479512302537,1.3560361998560913,1.3570136793683938
1.1034957199827877,resubstitution,gaussian,A_to_B,1.0695423854582116,0.01639618946296184,0.21781030404916793,261,0.009082964477741925,0.0,2026107024,0.009082964477741925,8.250024370392164e-05,0.9250745905462723,0.006191798267194404,1.087371128497613,1.0935629267648075
1.0749220522072624,independent_split,gaussian,A_to_B,1.0695423854582116,0.01639618946296184,0.21781030404916793,261,0.017046000830233093,0.0,2026107024,-0.017046000830233093,0.0002905661443043073,0.9250745905462723,0.006191798267194404,1.087371128497613,1.0935629267648075
1.0206292712268183,resubstitution,gaussian,B_to_A,1.2554448461400867,0.0687919036288891,0.21493722052531566,255,0.13302593018153244,0.0802559954279114,2026107024,-0.13302593018153244,0.017695898100661946,0.8995198817928913,0.0025924190190431684,1.1746391808147605,1.1772315998338037
1.278077038578655,independent_split,gaussian,B_to_A,1.2554448461400867,0.0687919036288891,0.21493722052531566,255,0.08566321084066068,0.0802559954279114,2026107024,0.08566321084066068,0.007338185691531486,0.8995198817928913,0.0025924190190431684,1.1746391808147605,1.1772315998338037
2.650849794245014,resubstitution,asymmetric_crash,A_to_B,2.050023679367987,0.23604113415690886,0.5,4,0.013294224119749275,0.0,2026107011,-0.013294224119749275,0.0001767363949461234,1.7204909105522164,0.003144055390737144,2.683421544045592,2.6865655994363293
2.1893131141836966,independent_split,asymmetric_crash,A_to_B,2.050023679367987,0.23604113415690886,0.5,4,0.18508853286774823,0.0,2026107011,-0.18508853286774823,0.03425776499913552,1.7204909105522164,0.003144055390737144,2.683421544045592,2.6865655994363293
1.691835573844859,resubstitution,asymmetric_crash,B_to_A,4.092343467426293,0.2600009259335101,0.5,19,0.4866226369896231,0.21035372219173532,2026107011,-0.4866226369896231,0.23680159083073452,0.9308221025866236,0.04761166933837657,3.247889254045076,3.2955009233834525
4.440630043732096,independent_split,asymmetric_crash,B_to_A,4.092343467426293,0.2600009259335101,0.5,19,0.34748256698194235,0.21035372219173532,2026107011,0.34748256698194235,0.12074413435636006,0.9308221025866236,0.04761166933837657,3.247889254045076,3.2955009233834525
2.6076257453184177,resubstitution,asymmetric_crash,A_to_B,3.1492263467748436,0.11466619542539203,0.18660649416089767,89,0.08172428580903524,0.06010276728129105,2026107056,-0.08172428580903524,0.006678858890996878,1.831179579261384,0.014433974179516529,2.825264065331235,2.8396980395107514
3.1518134396092385,independent_split,asymmetric_crash,A_to_B,3.1492263467748436,0.11466619542539203,0.18660649416089767,89,0.10991147500748397,0.06010276728129105,2026107056,0.10991147500748397,0.012080532338320772,1.831179579261384,0.014433974179516529,2.825264065331235,2.8396980395107514
2.744161181948865,resubstitution,asymmetric_crash,B_to_A,2.6795917683309076,0.005443237554053404,0.5,25,0.023567227545764707,0.0,2026107056,0.023567227545764707,0.0005554142141938508,1.8496984162079457,0.01589288706669567,2.6650850771541945,2.68097796422089
2.6808131649528026,independent_split,asymmetric_crash,B_to_A,2.6795917683309076,0.005443237554053404,0.5,25,6.14698331306267e-05,0.0,2026107056,-6.14698331306267e-05,3.778540385107093e-09,1.8496984162079457,0.01589288706669567,2.6650850771541945,2.68097796422089
1.092103868709934,resubstitution,gaussian,A_to_B,1.1548210738024156,0.00249006515678063,0.236989379733099,92,0.056985428827404525,0.0032401449030285967,2026107048,-0.056985428827404525,0.0032473390986431866,0.9086255671491512,0.0003947831289097259,1.157703831775792,1.1580986149047017
1.1551463162977214,independent_split,gaussian,A_to_B,1.1548210738024156,0.00249006515678063,0.236989379733099,92,0.0025492635678726373,0.0032401449030285967,2026107048,-0.0025492635678726373,6.498744738482729e-06,0.9086255671491512,0.0003947831289097259,1.157703831775792,1.1580986149047017
1.125317759220753,resubstitution,gaussian,B_to_A,1.2347788576270877,0.019170850301223785,0.1926958631093556,114,0.07117828646694352,0.0499040777165054,2026107048,-0.07117828646694352,0.005066348464370275,0.9651253422327003,1.7357911175075458e-06,1.2115523685377574,1.211554104328875
1.2358706840282692,independent_split,gaussian,B_to_A,1.2347788576270877,0.019170850301223785,0.1926958631093556,114,0.020070568547051502,0.0499040777165054,2026107048,0.020070568547051502,0.000402827721801893,0.9651253422327003,1.7357911175075458e-06,1.2115523685377574,1.211554104328875
1.0300601793516826,resubstitution,gaussian,A_to_B,1.0213833539035444,0.0037919719492057746,0.17845160647154967,91,0.010170333004283784,0.0049017699610918175,2026107056,-0.010170333004283784,0.00010343567341802401,0.9080564492385935,0.015372720732640843,1.0252711533574055,1.0406438740900463
1.0379634614981081,independent_split,gaussian,A_to_B,1.0213833539035444,0.0037919719492057746,0.17845160647154967,91,0.0025757251435146117,0.0049017699610918175,2026107056,-0.0025757251435146117,6.634360014933367e-06,0.9080564492385935,0.015372720732640843,1.0252711533574055,1.0406438740900463
0.9648457775587065,resubstitution,gaussian,B_to_A,1.0734185377991,0.052092595223284466,0.16746944116739693,235,0.06267611299752852,0.0,2026107056,-0.06267611299752852,0.003928295140478964,0.7498381805597669,0.009092174662933328,1.020270024399601,1.0293621990625343
1.0975540504828547,independent_split,gaussian,B_to_A,1.0734185377991,0.052092595223284466,0.16746944116739693,235,0.06624670255273059,0.0,2026107056,0.06624670255273059,0.0043886255991099615,0.7498381805597669,0.009092174662933328,1.020270024399601,1.0293621990625343
3.282341003548977,resubstitution,asymmetric_crash,A_to_B,2.450307335972759,0.15534448813066493,0.5,5,0.1251976622380279,0.030846792087838804,2026107057,0.1251976622380279,0.015674454629867315,1.922564488067267,0.016169258225504635,2.9009546513819613,2.917123909607466
2.543199447000017,independent_split,asymmetric_crash,A_to_B,2.450307335972759,0.15534448813066493,0.5,5,0.12818257783837675,0.030846792087838804,2026107057,-0.12818257783837675,0.016430773261291515,1.922564488067267,0.016169258225504635,2.9009546513819613,2.917123909607466
2.302057888644451,resubstitution,asymmetric_crash,B_to_A,3.6079634724953786,0.24345368731791628,0.1879285758677608,189,0.22745704829999594,0.031064184939533668,2026107057,-0.22745704829999594,0.051736708821346684,1.1775530230653277,0.07827810290659265,2.90156642687483,2.9798445297814227
4.097277620453303,independent_split,asymmetric_crash,B_to_A,3.6079634724953786,0.24345368731791628,0.1879285758677608,189,0.3749971112599778,0.031064184939533668,2026107057,0.3749971112599778,0.14062283345332818,1.1775530230653277,0.07827810290659265,2.90156642687483,2.9798445297814227
2.8180773046381415,resubstitution,asymmetric_crash,A_to_B,3.030194853005429,0.05348861759027268,0.26178423913575266,171,0.02075053827041792,0.044969411076493104,2026107012,-0.02075053827041792,0.0004305848385120787,1.5785190786532104,0.0014498297351215328,2.8763432299217735,2.877793059656895
3.087281931264196,independent_split,asymmetric_crash,A_to_B,3.030194853005429,0.05348861759027268,0.26178423913575266,171,0.07279497422663088,0.044969411076493104,2026107012,0.07279497422663088,0.005299108272655854,1.5785190786532104,0.0014498297351215328,2.8763432299217735,2.877793059656895
2.665858945729648,resubstitution,asymmetric_crash,B_to_A,3.1360585354448034,0.06240833145517599,0.22234681508756304,85,0.09964331995108161,0.07239692918674456,2026107012,-0.09964331995108161,0.009928791210873618,1.8370805501300507,0.00905288302776297,2.951839177644021,2.960892060671784
3.14896179787854,independent_split,asymmetric_crash,B_to_A,3.1360585354448034,0.06240833145517599,0.22234681508756304,85,0.06351793086441855,0.07239692918674456,2026107012,0.06351793086441855,0.0040345275412970545,1.8370805501300507,0.00905288302776297,2.951839177644021,2.960892060671784
1.061341370106801,resubstitution,gaussian,A_to_B,1.0138274873689277,0.036669028709700124,0.2142363858441656,176,0.001097774132783882,0.002519976756315545,2026107055,-0.001097774132783882,1.205108046609404e-06,0.9127184091431502,0.010089106316458762,1.0524186573291545,1.0625077636456133
1.013840492477836,independent_split,gaussian,A_to_B,1.0138274873689277,0.036669028709700124,0.2142363858441656,176,0.04580415582168842,0.002519976756315545,2026107055,-0.04580415582168842,0.002098020690537513,0.9127184091431502,0.010089106316458762,1.0524186573291545,1.0625077636456133
1.0138274873689277,resubstitution,gaussian,B_to_A,1.061341370106801,0.008478292089852069,0.2142363858441656,176,0.04601444161613681,0.002519976756315545,2026107055,-0.04601444161613681,0.002117328837244863,0.913550736113288,0.010309681123308101,1.0524186573291545,1.0627283384524626
1.061393390542435,independent_split,gaussian,B_to_A,1.061341370106801,0.008478292089852069,0.2142363858441656,176,0.0012561516068833453,0.002519976756315545,2026107055,-0.0012561516068833453,1.5779168594756105e-06,0.913550736113288,0.010309681123308101,1.0524186573291545,1.0627283384524626
