scope,forecaster,selector,metric,n_clusters,mean,ci_low,ci_high
overall,historical,equal_weight,relative_error,80,0.17173321184398396,0.15544646594795716,0.1885290303298808
overall,historical,equal_weight,signed_relative_error,80,0.0987699223388423,0.07694102383598625,0.11980796943213669
overall,historical,equal_weight,true_es,80,1.7181247871333665,1.6775299297278843,1.7649491449730037
overall,historical,equal_weight,relative_regret,80,0.07684452173116747,0.06939468499928884,0.08420448300289886
overall,historical,equal_weight,hhi,80,0.125,0.125,0.125
overall,historical_se_penalty,equal_weight,relative_error,80,0.17173321184398396,0.15544646594795716,0.1885290303298808
overall,historical_se_penalty,equal_weight,signed_relative_error,80,0.0987699223388423,0.07694102383598625,0.11980796943213669
overall,historical_se_penalty,equal_weight,true_es,80,1.7181247871333665,1.6775299297278843,1.7649491449730037
overall,historical_se_penalty,equal_weight,relative_regret,80,0.07684452173116747,0.06939468499928884,0.08420448300289886
overall,historical_se_penalty,equal_weight,hhi,80,0.125,0.125,0.125
overall,gmm_pooled,equal_weight,relative_error,80,0.1901386492440044,0.17186679343792285,0.20912917956752577
overall,gmm_pooled,equal_weight,signed_relative_error,80,0.11363684005495134,0.08905237470325209,0.13791338281637144
overall,gmm_pooled,equal_weight,true_es,80,1.7181247871333665,1.6775299297278843,1.7649491449730037
overall,gmm_pooled,equal_weight,relative_regret,80,0.07684452173116747,0.06939468499928884,0.08420448300289886
overall,gmm_pooled,equal_weight,hhi,80,0.125,0.125,0.125
overall,support_mix50,equal_weight,relative_error,80,0.18139618294213036,0.16412167103551223,0.19905960858139546
overall,support_mix50,equal_weight,signed_relative_error,80,0.1032589210686922,0.08065864427421683,0.1252952752417375
overall,support_mix50,equal_weight,true_es,80,1.7181247871333665,1.6775299297278843,1.7649491449730037
overall,support_mix50,equal_weight,relative_regret,80,0.07684452173116747,0.06939468499928884,0.08420448300289886
overall,support_mix50,equal_weight,hhi,80,0.125,0.125,0.125
overall,support_band50,equal_weight,relative_error,80,0.17271643050235014,0.15533832843404283,0.18976226246667727
overall,support_band50,equal_weight,signed_relative_error,80,0.08872044829674602,0.0665121209224193,0.11025073633800184
overall,support_band50,equal_weight,true_es,80,1.7181247871333665,1.6775299297278843,1.7649491449730037
overall,support_band50,equal_weight,relative_regret,80,0.07684452173116747,0.06939468499928884,0.08420448300289886
overall,support_band50,equal_weight,hhi,80,0.125,0.125,0.125
overall,historical,historical,relative_error,80,0.14644654273725524,0.13331111786918085,0.15970557490751067
overall,historical,historical,signed_relative_error,80,0.020083281008426258,0.002509491574938919,0.036957957262662655
overall,historical,historical,true_es,80,1.6566206804631918,1.6211124462553843,1.6962552118671326
overall,historical,historical,relative_regret,80,0.031126322720072548,0.027519022069282716,0.03502493746251191
overall,historical,historical,hhi,80,0.28350154587560816,0.27109661053650735,0.2957957585789953
overall,historical_se_penalty,historical,relative_error,80,0.14644654273725524,0.13331111786918085,0.15970557490751067
overall,historical_se_penalty,historical,signed_relative_error,80,0.020083281008426258,0.002509491574938919,0.036957957262662655
overall,historical_se_penalty,historical,true_es,80,1.6566206804631918,1.6211124462553843,1.6962552118671326
overall,historical_se_penalty,historical,relative_regret,80,0.031126322720072548,0.027519022069282716,0.03502493746251191
overall,historical_se_penalty,historical,hhi,80,0.28350154587560816,0.27109661053650735,0.2957957585789953
overall,gmm_pooled,historical,relative_error,80,0.1591117986041452,0.145558493142121,0.1728290593572543
overall,gmm_pooled,historical,signed_relative_error,80,0.04342834037305806,0.023437425945635425,0.06295656758004102
overall,gmm_pooled,historical,true_es,80,1.6566206804631918,1.6211124462553843,1.6962552118671326
overall,gmm_pooled,historical,relative_regret,80,0.031126322720072548,0.027519022069282716,0.03502493746251191
overall,gmm_pooled,historical,hhi,80,0.28350154587560816,0.27109661053650735,0.2957957585789953
overall,support_mix50,historical,relative_error,80,0.14989790191429692,0.13591746247915612,0.1639315826424816
overall,support_mix50,historical,signed_relative_error,80,0.02695834174882228,0.008897706943910703,0.0441337062892085
overall,support_mix50,historical,true_es,80,1.6566206804631918,1.6211124462553843,1.6962552118671326
overall,support_mix50,historical,relative_regret,80,0.031126322720072548,0.027519022069282716,0.03502493746251191
overall,support_mix50,historical,hhi,80,0.28350154587560816,0.27109661053650735,0.2957957585789953
overall,support_band50,historical,relative_error,80,0.14743216742127677,0.1335081070938699,0.16143921278320478
overall,support_band50,historical,signed_relative_error,80,0.01643133828920238,-0.000769322088597956,0.033161787544272105
overall,support_band50,historical,true_es,80,1.6566206804631918,1.6211124462553843,1.6962552118671326
overall,support_band50,historical,relative_regret,80,0.031126322720072548,0.027519022069282716,0.03502493746251191
overall,support_band50,historical,hhi,80,0.28350154587560816,0.27109661053650735,0.2957957585789953
overall,historical,historical_se_penalty,relative_error,80,0.14298139306306296,0.1303853412585878,0.1554598852982608
overall,historical,historical_se_penalty,signed_relative_error,80,0.01750599604726756,0.00017406146569049196,0.034339063370217277
overall,historical,historical_se_penalty,true_es,80,1.6583075242801943,1.6230847235465917,1.6975477172695668
overall,historical,historical_se_penalty,relative_regret,80,0.035023988568511806,0.030803612843621705,0.03930708900754467
overall,historical,historical_se_penalty,hhi,80,0.2973596932416575,0.28475610488099257,0.3095972570445171
overall,historical_se_penalty,historical_se_penalty,relative_error,80,0.14298139306306296,0.1303853412585878,0.1554598852982608
overall,historical_se_penalty,historical_se_penalty,signed_relative_error,80,0.01750599604726756,0.00017406146569049196,0.034339063370217277
overall,historical_se_penalty,historical_se_penalty,true_es,80,1.6583075242801943,1.6230847235465917,1.6975477172695668
overall,historical_se_penalty,historical_se_penalty,relative_regret,80,0.035023988568511806,0.030803612843621705,0.03930708900754467
overall,historical_se_penalty,historical_se_penalty,hhi,80,0.2973596932416575,0.28475610488099257,0.3095972570445171
overall,gmm_pooled,historical_se_penalty,relative_error,80,0.1552296631484913,0.1426374853972182,0.1679454827262992
overall,gmm_pooled,historical_se_penalty,signed_relative_error,80,0.03822565975182317,0.018426589234524934,0.05763886749369738
overall,gmm_pooled,historical_se_penalty,true_es,80,1.6583075242801943,1.6230847235465917,1.6975477172695668
overall,gmm_pooled,historical_se_penalty,relative_regret,80,0.035023988568511806,0.030803612843621705,0.03930708900754467
overall,gmm_pooled,historical_se_penalty,hhi,80,0.2973596932416575,0.28475610488099257,0.3095972570445171
overall,support_mix50,historical_se_penalty,relative_error,80,0.14616504351872123,0.13303532384558872,0.1594039432164074
overall,support_mix50,historical_se_penalty,signed_relative_error,80,0.024077087507170008,0.005994952817114316,0.0413722370749634
overall,support_mix50,historical_se_penalty,true_es,80,1.6583075242801943,1.6230847235465917,1.6975477172695668
overall,support_mix50,historical_se_penalty,relative_regret,80,0.035023988568511806,0.030803612843621705,0.03930708900754467
overall,support_mix50,historical_se_penalty,hhi,80,0.2973596932416575,0.28475610488099257,0.3095972570445171
overall,support_band50,historical_se_penalty,relative_error,80,0.14404555920265444,0.1312055451426774,0.15695731633755203
overall,support_band50,historical_se_penalty,signed_relative_error,80,0.013880065261726849,-0.0032779143772973802,0.030515475405008423
overall,support_band50,historical_se_penalty,true_es,80,1.6583075242801943,1.6230847235465917,1.6975477172695668
overall,support_band50,historical_se_penalty,relative_regret,80,0.035023988568511806,0.030803612843621705,0.03930708900754467
overall,support_band50,historical_se_penalty,hhi,80,0.2973596932416575,0.28475610488099257,0.3095972570445171
overall,historical,gmm_pooled,relative_error,80,0.1405967143740999,0.128578345077994,0.15264139062235002
overall,historical,gmm_pooled,signed_relative_error,80,0.02722489464327772,0.009903429622766498,0.04374087616759746
overall,historical,gmm_pooled,true_es,80,1.6606920837764023,1.625824476566164,1.6993679610664467
overall,historical,gmm_pooled,relative_regret,80,0.0355214805544332,0.03166320939142012,0.03940751471798738
overall,historical,gmm_pooled,hhi,80,0.28994124199705756,0.2769147125297227,0.30258981917623684
overall,historical_se_penalty,gmm_pooled,relative_error,80,0.1405967143740999,0.128578345077994,0.15264139062235002
overall,historical_se_penalty,gmm_pooled,signed_relative_error,80,0.02722489464327772,0.009903429622766498,0.04374087616759746
overall,historical_se_penalty,gmm_pooled,true_es,80,1.6606920837764023,1.625824476566164,1.6993679610664467
overall,historical_se_penalty,gmm_pooled,relative_regret,80,0.0355214805544332,0.03166320939142012,0.03940751471798738
overall,historical_se_penalty,gmm_pooled,hhi,80,0.28994124199705756,0.2769147125297227,0.30258981917623684
overall,gmm_pooled,gmm_pooled,relative_error,80,0.15432305270574942,0.1422590178308146,0.1666432523684757
overall,gmm_pooled,gmm_pooled,signed_relative_error,80,0.021508699115361483,0.0031593652780321545,0.039668089270671544
overall,gmm_pooled,gmm_pooled,true_es,80,1.6606920837764023,1.625824476566164,1.6993679610664467
overall,gmm_pooled,gmm_pooled,relative_regret,80,0.0355214805544332,0.03166320939142012,0.03940751471798738
overall,gmm_pooled,gmm_pooled,hhi,80,0.28994124199705756,0.2769147125297227,0.30258981917623684
overall,support_mix50,gmm_pooled,relative_error,80,0.1437848120028815,0.13109255832256037,0.15667094854883326
overall,support_mix50,gmm_pooled,signed_relative_error,80,0.030176782151334437,0.01252377866171857,0.046974024172809124
overall,support_mix50,gmm_pooled,true_es,80,1.6606920837764023,1.625824476566164,1.6993679610664467
overall,support_mix50,gmm_pooled,relative_regret,80,0.0355214805544332,0.03166320939142012,0.03940751471798738
overall,support_mix50,gmm_pooled,hhi,80,0.28994124199705756,0.2769147125297227,0.30258981917623684
overall,support_band50,gmm_pooled,relative_error,80,0.14260541001765953,0.1303726757108388,0.15527409244959747
overall,support_band50,gmm_pooled,signed_relative_error,80,0.021153094672365775,0.0038173048203463678,0.0379194662141257
overall,support_band50,gmm_pooled,true_es,80,1.6606920837764023,1.625824476566164,1.6993679610664467
overall,support_band50,gmm_pooled,relative_regret,80,0.0355214805544332,0.03166320939142012,0.03940751471798738
overall,support_band50,gmm_pooled,hhi,80,0.28994124199705756,0.2769147125297227,0.30258981917623684
overall,historical,support_mix50,relative_error,80,0.14488150659471435,0.1322579966052216,0.15749187904375017
overall,historical,support_mix50,signed_relative_error,80,0.022826946005140313,0.005114398497777773,0.03969699977789231
overall,historical,support_mix50,true_es,80,1.6590140973033534,1.6236388624497013,1.6986363076306759
overall,historical,support_mix50,relative_regret,80,0.032711195856308904,0.028785453628658222,0.03669131296340394
overall,historical,support_mix50,hhi,80,0.2796257309800103,0.2678466748903512,0.29112334997197226
overall,historical_se_penalty,support_mix50,relative_error,80,0.14488150659471435,0.1322579966052216,0.15749187904375017
overall,historical_se_penalty,support_mix50,signed_relative_error,80,0.022826946005140313,0.005114398497777773,0.03969699977789231
overall,historical_se_penalty,support_mix50,true_es,80,1.6590140973033534,1.6236388624497013,1.6986363076306759
overall,historical_se_penalty,support_mix50,relative_regret,80,0.032711195856308904,0.028785453628658222,0.03669131296340394
overall,historical_se_penalty,support_mix50,hhi,80,0.2796257309800103,0.2678466748903512,0.29112334997197226
overall,gmm_pooled,support_mix50,relative_error,80,0.15810018886311444,0.14488550291906496,0.17158992022855019
overall,gmm_pooled,support_mix50,signed_relative_error,80,0.04102289379905636,0.021026096849437025,0.06089550528980933
overall,gmm_pooled,support_mix50,true_es,80,1.6590140973033534,1.6236388624497013,1.6986363076306759
overall,gmm_pooled,support_mix50,relative_regret,80,0.032711195856308904,0.028785453628658222,0.03669131296340394
overall,gmm_pooled,support_mix50,hhi,80,0.2796257309800103,0.2678466748903512,0.29112334997197226
overall,support_mix50,support_mix50,relative_error,80,0.15080351412579254,0.13704507576974728,0.1644004920306925
overall,support_mix50,support_mix50,signed_relative_error,80,0.020157901077222824,0.001871623491276276,0.037516659900075626
overall,support_mix50,support_mix50,true_es,80,1.6590140973033534,1.6236388624497013,1.6986363076306759
overall,support_mix50,support_mix50,relative_regret,80,0.032711195856308904,0.028785453628658222,0.03669131296340394
overall,support_mix50,support_mix50,hhi,80,0.2796257309800103,0.2678466748903512,0.29112334997197226
overall,support_band50,support_mix50,relative_error,80,0.14931510429572548,0.13599077272483276,0.16292542861754777
overall,support_band50,support_mix50,signed_relative_error,80,0.010862720218066706,-0.00670455453225475,0.028012772561726934
overall,support_band50,support_mix50,true_es,80,1.6590140973033534,1.6236388624497013,1.6986363076306759
overall,support_band50,support_mix50,relative_regret,80,0.032711195856308904,0.028785453628658222,0.03669131296340394
overall,support_band50,support_mix50,hhi,80,0.2796257309800103,0.2678466748903512,0.29112334997197226
overall,historical,support_band50,relative_error,80,0.14608504887464296,0.1333168846226845,0.15890812057178966
overall,historical,support_band50,signed_relative_error,80,0.02348017860632552,0.005508987850881983,0.040883324515998236
overall,historical,support_band50,true_es,80,1.6602842154905808,1.6251058965917302,1.6998580397290843
overall,historical,support_band50,relative_regret,80,0.0330087978817145,0.0288502943746874,0.03721262635911105
overall,historical,support_band50,hhi,80,0.27687513253648405,0.26462681493046736,0.2889411341948687
overall,historical_se_penalty,support_band50,relative_error,80,0.14608504887464296,0.1333168846226845,0.15890812057178966
overall,historical_se_penalty,support_band50,signed_relative_error,80,0.02348017860632552,0.005508987850881983,0.040883324515998236
overall,historical_se_penalty,support_band50,true_es,80,1.6602842154905808,1.6251058965917302,1.6998580397290843
overall,historical_se_penalty,support_band50,relative_regret,80,0.0330087978817145,0.0288502943746874,0.03721262635911105
overall,historical_se_penalty,support_band50,hhi,80,0.27687513253648405,0.26462681493046736,0.2889411341948687
overall,gmm_pooled,support_band50,relative_error,80,0.1589397779832388,0.14548961983393646,0.17280138262209976
overall,gmm_pooled,support_band50,signed_relative_error,80,0.04183530787518995,0.021594041858783282,0.06205650965362559
overall,gmm_pooled,support_band50,true_es,80,1.6602842154905808,1.6251058965917302,1.6998580397290843
overall,gmm_pooled,support_band50,relative_regret,80,0.0330087978817145,0.0288502943746874,0.03721262635911105
overall,gmm_pooled,support_band50,hhi,80,0.27687513253648405,0.26462681493046736,0.2889411341948687
overall,support_mix50,support_band50,relative_error,80,0.1516225188754441,0.137749022469466,0.16559595531848975
overall,support_mix50,support_band50,signed_relative_error,80,0.021427490671133306,0.003026647095881047,0.03933925770340043
overall,support_mix50,support_band50,true_es,80,1.6602842154905808,1.6251058965917302,1.6998580397290843
overall,support_mix50,support_band50,relative_regret,80,0.0330087978817145,0.0288502943746874,0.03721262635911105
overall,support_mix50,support_band50,hhi,80,0.27687513253648405,0.26462681493046736,0.2889411341948687
overall,support_band50,support_band50,relative_error,80,0.15009820425115225,0.13704362556410823,0.1634109900638129
overall,support_band50,support_band50,signed_relative_error,80,0.00969342278600235,-0.008063629753992052,0.02713836328103293
overall,support_band50,support_band50,true_es,80,1.6602842154905808,1.6251058965917302,1.6998580397290843
overall,support_band50,support_band50,relative_regret,80,0.0330087978817145,0.0288502943746874,0.03721262635911105
overall,support_band50,support_band50,hhi,80,0.27687513253648405,0.26462681493046736,0.2889411341948687
overall,historical,fixed_bank,relative_error,80,0.15920476300776293,0.1450725894958766,0.1734452511649154
overall,historical,fixed_bank,signed_relative_error,80,0.08687714406811742,0.06734800962956831,0.10569686959983031
overall,historical,fixed_bank,true_es,80,1.8520304828134193,1.8108860095290877,1.899486112300528
overall,historical,fixed_bank,relative_regret,80,0.1758335051270347,0.16789397736606987,0.18374629503031017
overall,historical,fixed_bank,hhi,80,0.24041774259681378,0.23995844833404614,0.24087004087464528
overall,historical_se_penalty,fixed_bank,relative_error,80,0.15920476300776293,0.1450725894958766,0.1734452511649154
overall,historical_se_penalty,fixed_bank,signed_relative_error,80,0.08687714406811742,0.06734800962956831,0.10569686959983031
overall,historical_se_penalty,fixed_bank,true_es,80,1.8520304828134193,1.8108860095290877,1.899486112300528
overall,historical_se_penalty,fixed_bank,relative_regret,80,0.1758335051270347,0.16789397736606987,0.18374629503031017
overall,historical_se_penalty,fixed_bank,hhi,80,0.24041774259681378,0.23995844833404614,0.24087004087464528
overall,gmm_pooled,fixed_bank,relative_error,80,0.1760260279977699,0.1602597163404743,0.19242534285939775
overall,gmm_pooled,fixed_bank,signed_relative_error,80,0.10055491707938433,0.07869048022727046,0.12213160748660823
overall,gmm_pooled,fixed_bank,true_es,80,1.8520304828134193,1.8108860095290877,1.899486112300528
overall,gmm_pooled,fixed_bank,relative_regret,80,0.1758335051270347,0.16789397736606987,0.18374629503031017
overall,gmm_pooled,fixed_bank,hhi,80,0.24041774259681378,0.23995844833404614,0.24087004087464528
overall,support_mix50,fixed_bank,relative_error,80,0.16577009450400887,0.15083027701466628,0.1808057028756713
overall,support_mix50,fixed_bank,signed_relative_error,80,0.09063941778551278,0.07052154401379179,0.1101864487653527
overall,support_mix50,fixed_bank,true_es,80,1.8520304828134193,1.8108860095290877,1.899486112300528
overall,support_mix50,fixed_bank,relative_regret,80,0.1758335051270347,0.16789397736606987,0.18374629503031017
overall,support_mix50,fixed_bank,hhi,80,0.24041774259681378,0.23995844833404614,0.24087004087464528
overall,support_band50,fixed_bank,relative_error,80,0.1582983497063941,0.14332695957984856,0.17297135392503285
overall,support_band50,fixed_bank,signed_relative_error,80,0.07767950872648884,0.057976208114902804,0.09683056344943099
overall,support_band50,fixed_bank,true_es,80,1.8520304828134193,1.8108860095290877,1.899486112300528
overall,support_band50,fixed_bank,relative_regret,80,0.1758335051270347,0.16789397736606987,0.18374629503031017
overall,support_band50,fixed_bank,hhi,80,0.24041774259681378,0.23995844833404614,0.24087004087464528
gaussian,historical,equal_weight,relative_error,80,0.04211778417456598,0.03493073724008069,0.04957310997390948
gaussian,historical,equal_weight,signed_relative_error,80,-0.013070442182084576,-0.02461026984947828,-0.001802092269915568
gaussian,historical,equal_weight,true_es,80,1.2032042912819398,1.182733071951443,1.224019080196326
gaussian,historical,equal_weight,relative_regret,80,0.08357554008777533,0.0752780495197969,0.09193984429354246
gaussian,historical,equal_weight,hhi,80,0.125,0.125,0.125
gaussian,historical_se_penalty,equal_weight,relative_error,80,0.04211778417456598,0.03493073724008069,0.04957310997390948
gaussian,historical_se_penalty,equal_weight,signed_relative_error,80,-0.013070442182084576,-0.02461026984947828,-0.001802092269915568
gaussian,historical_se_penalty,equal_weight,true_es,80,1.2032042912819398,1.182733071951443,1.224019080196326
gaussian,historical_se_penalty,equal_weight,relative_regret,80,0.08357554008777533,0.0752780495197969,0.09193984429354246
gaussian,historical_se_penalty,equal_weight,hhi,80,0.125,0.125,0.125
gaussian,gmm_pooled,equal_weight,relative_error,80,0.04401533746657222,0.03592562604148412,0.052336585112946823
gaussian,gmm_pooled,equal_weight,signed_relative_error,80,-0.016671146478973067,-0.028896862144603973,-0.0046775570816860595
gaussian,gmm_pooled,equal_weight,true_es,80,1.2032042912819398,1.182733071951443,1.224019080196326
gaussian,gmm_pooled,equal_weight,relative_regret,80,0.08357554008777533,0.0752780495197969,0.09193984429354246
gaussian,gmm_pooled,equal_weight,hhi,80,0.125,0.125,0.125
gaussian,support_mix50,equal_weight,relative_error,80,0.0454409508464787,0.03805820369840357,0.053308763057841324
gaussian,support_mix50,equal_weight,signed_relative_error,80,-0.018828109219992333,-0.0308469390845944,-0.007249189371242013
gaussian,support_mix50,equal_weight,true_es,80,1.2032042912819398,1.182733071951443,1.224019080196326
gaussian,support_mix50,equal_weight,relative_regret,80,0.08357554008777533,0.0752780495197969,0.09193984429354246
gaussian,support_mix50,equal_weight,hhi,80,0.125,0.125,0.125
gaussian,support_band50,equal_weight,relative_error,80,0.04543499904292867,0.03805638808005025,0.05328453639499907
gaussian,support_band50,equal_weight,signed_relative_error,80,-0.018834061023542386,-0.030858545101516987,-0.0072598629660809684
gaussian,support_band50,equal_weight,true_es,80,1.2032042912819398,1.182733071951443,1.224019080196326
gaussian,support_band50,equal_weight,relative_regret,80,0.08357554008777533,0.0752780495197969,0.09193984429354246
gaussian,support_band50,equal_weight,hhi,80,0.125,0.125,0.125
gaussian,historical,historical,relative_error,80,0.05030776526936988,0.04156795391516828,0.059220313264991276
gaussian,historical,historical,signed_relative_error,80,-0.040699708455962456,-0.051789769746272266,-0.029875821414409084
gaussian,historical,historical,true_es,80,1.1289947009247452,1.1065414655165953,1.1526205800299347
gaussian,historical,historical,relative_regret,80,0.015108149207807679,0.011324796640552618,0.019043385535173513
gaussian,historical,historical,hhi,80,0.20795073688020982,0.19985232836491737,0.2163849563598006
gaussian,historical_se_penalty,historical,relative_error,80,0.05030776526936988,0.04156795391516828,0.059220313264991276
gaussian,historical_se_penalty,historical,signed_relative_error,80,-0.040699708455962456,-0.051789769746272266,-0.029875821414409084
gaussian,historical_se_penalty,historical,true_es,80,1.1289947009247452,1.1065414655165953,1.1526205800299347
gaussian,historical_se_penalty,historical,relative_regret,80,0.015108149207807679,0.011324796640552618,0.019043385535173513
gaussian,historical_se_penalty,historical,hhi,80,0.20795073688020982,0.19985232836491737,0.2163849563598006
gaussian,gmm_pooled,historical,relative_error,80,0.051187912647866554,0.04289123493245364,0.05990419639556369
gaussian,gmm_pooled,historical,signed_relative_error,80,-0.030572864002810833,-0.04302547351636778,-0.018240034478366356
gaussian,gmm_pooled,historical,true_es,80,1.1289947009247452,1.1065414655165953,1.1526205800299347
gaussian,gmm_pooled,historical,relative_regret,80,0.015108149207807679,0.011324796640552618,0.019043385535173513
gaussian,gmm_pooled,historical,hhi,80,0.20795073688020982,0.19985232836491737,0.2163849563598006
gaussian,support_mix50,historical,relative_error,80,0.04862763059944973,0.0402448960062356,0.05733225163476599
gaussian,support_mix50,historical,signed_relative_error,80,-0.037010711189565317,-0.048041740109653584,-0.026263127261712812
gaussian,support_mix50,historical,true_es,80,1.1289947009247452,1.1065414655165953,1.1526205800299347
gaussian,support_mix50,historical,relative_regret,80,0.015108149207807679,0.011324796640552618,0.019043385535173513
gaussian,support_mix50,historical,hhi,80,0.20795073688020982,0.19985232836491737,0.2163849563598006
gaussian,support_band50,historical,relative_error,80,0.04862427233397263,0.04024162169739542,0.0573295871628558
gaussian,support_band50,historical,signed_relative_error,80,-0.03701406945504247,-0.04804501441849381,-0.0262632951749867
gaussian,support_band50,historical,true_es,80,1.1289947009247452,1.1065414655165953,1.1526205800299347
gaussian,support_band50,historical,relative_regret,80,0.015108149207807679,0.011324796640552618,0.019043385535173513
gaussian,support_band50,historical,hhi,80,0.20795073688020982,0.19985232836491737,0.2163849563598006
gaussian,historical,historical_se_penalty,relative_error,80,0.050720394724579274,0.04206099710814707,0.05951780688930235
gaussian,historical,historical_se_penalty,signed_relative_error,80,-0.04084168397762493,-0.05197508997143025,-0.030019861957808605
gaussian,historical,historical_se_penalty,true_es,80,1.1297460174957916,1.1073066415085446,1.1534327389118268
gaussian,historical,historical_se_penalty,relative_regret,80,0.01576484546272569,0.011974718417964783,0.019828679044547548
gaussian,historical,historical_se_penalty,hhi,80,0.2050774146641819,0.19705418733870522,0.21335837986908304
gaussian,historical_se_penalty,historical_se_penalty,relative_error,80,0.050720394724579274,0.04206099710814707,0.05951780688930235
gaussian,historical_se_penalty,historical_se_penalty,signed_relative_error,80,-0.04084168397762493,-0.05197508997143025,-0.030019861957808605
gaussian,historical_se_penalty,historical_se_penalty,true_es,80,1.1297460174957916,1.1073066415085446,1.1534327389118268
gaussian,historical_se_penalty,historical_se_penalty,relative_regret,80,0.01576484546272569,0.011974718417964783,0.019828679044547548
gaussian,historical_se_penalty,historical_se_penalty,hhi,80,0.2050774146641819,0.19705418733870522,0.21335837986908304
gaussian,gmm_pooled,historical_se_penalty,relative_error,80,0.05144878321606892,0.04324667065525358,0.06015751257889485
gaussian,gmm_pooled,historical_se_penalty,signed_relative_error,80,-0.03109990001352476,-0.04352084504031959,-0.018640475535773
gaussian,gmm_pooled,historical_se_penalty,true_es,80,1.1297460174957916,1.1073066415085446,1.1534327389118268
gaussian,gmm_pooled,historical_se_penalty,relative_regret,80,0.01576484546272569,0.011974718417964783,0.019828679044547548
gaussian,gmm_pooled,historical_se_penalty,hhi,80,0.2050774146641819,0.19705418733870522,0.21335837986908304
gaussian,support_mix50,historical_se_penalty,relative_error,80,0.04969177054522667,0.04120767595549592,0.05877242719786735
gaussian,support_mix50,historical_se_penalty,signed_relative_error,80,-0.037757231611618834,-0.04902534152621754,-0.026750585895160568
gaussian,support_mix50,historical_se_penalty,true_es,80,1.1297460174957916,1.1073066415085446,1.1534327389118268
gaussian,support_mix50,historical_se_penalty,relative_regret,80,0.01576484546272569,0.011974718417964783,0.019828679044547548
gaussian,support_mix50,historical_se_penalty,hhi,80,0.2050774146641819,0.19705418733870522,0.21335837986908304
gaussian,support_band50,historical_se_penalty,relative_error,80,0.04968841227974957,0.04119800550296671,0.05876571066691314
gaussian,support_band50,historical_se_penalty,signed_relative_error,80,-0.03776058987709599,-0.04902753132584866,-0.026757305622210587
gaussian,support_band50,historical_se_penalty,true_es,80,1.1297460174957916,1.1073066415085446,1.1534327389118268
gaussian,support_band50,historical_se_penalty,relative_regret,80,0.01576484546272569,0.011974718417964783,0.019828679044547548
gaussian,support_band50,historical_se_penalty,hhi,80,0.2050774146641819,0.19705418733870522,0.21335837986908304
gaussian,historical,gmm_pooled,relative_error,80,0.04714787827201714,0.03893772282319557,0.05565787947982662
gaussian,historical,gmm_pooled,signed_relative_error,80,-0.03384609927670205,-0.044869287913846305,-0.022786792125768104
gaussian,historical,gmm_pooled,true_es,80,1.1308757519054107,1.1081219878938007,1.1543608724763101
gaussian,historical,gmm_pooled,relative_regret,80,0.016757164041297817,0.012571869027695755,0.02133668358958733
gaussian,historical,gmm_pooled,hhi,80,0.21129365019635707,0.2012456657760505,0.22272792831180468
gaussian,historical_se_penalty,gmm_pooled,relative_error,80,0.04714787827201714,0.03893772282319557,0.05565787947982662
gaussian,historical_se_penalty,gmm_pooled,signed_relative_error,80,-0.03384609927670205,-0.044869287913846305,-0.022786792125768104
gaussian,historical_se_penalty,gmm_pooled,true_es,80,1.1308757519054107,1.1081219878938007,1.1543608724763101
gaussian,historical_se_penalty,gmm_pooled,relative_regret,80,0.016757164041297817,0.012571869027695755,0.02133668358958733
gaussian,historical_se_penalty,gmm_pooled,hhi,80,0.21129365019635707,0.2012456657760505,0.22272792831180468
gaussian,gmm_pooled,gmm_pooled,relative_error,80,0.05872155974998929,0.04932632223141388,0.06831382476434668
gaussian,gmm_pooled,gmm_pooled,signed_relative_error,80,-0.045696450689403215,-0.0581930160901404,-0.033159042108453635
gaussian,gmm_pooled,gmm_pooled,true_es,80,1.1308757519054107,1.1081219878938007,1.1543608724763101
gaussian,gmm_pooled,gmm_pooled,relative_regret,80,0.016757164041297817,0.012571869027695755,0.02133668358958733
gaussian,gmm_pooled,gmm_pooled,hhi,80,0.21129365019635707,0.2012456657760505,0.22272792831180468
gaussian,support_mix50,gmm_pooled,relative_error,80,0.04678576890389105,0.038580270690999084,0.05549331303239062
gaussian,support_mix50,gmm_pooled,signed_relative_error,80,-0.03279323527094822,-0.04413797928062285,-0.021806062933080576
gaussian,support_mix50,gmm_pooled,true_es,80,1.1308757519054107,1.1081219878938007,1.1543608724763101
gaussian,support_mix50,gmm_pooled,relative_regret,80,0.016757164041297817,0.012571869027695755,0.02133668358958733
gaussian,support_mix50,gmm_pooled,hhi,80,0.21129365019635707,0.2012456657760505,0.22272792831180468
gaussian,support_band50,gmm_pooled,relative_error,80,0.046781281312328914,0.03857621986520247,0.05548456222884444
gaussian,support_band50,gmm_pooled,signed_relative_error,80,-0.032797722862510384,-0.044140918276339786,-0.021806287312658698
gaussian,support_band50,gmm_pooled,true_es,80,1.1308757519054107,1.1081219878938007,1.1543608724763101
gaussian,support_band50,gmm_pooled,relative_regret,80,0.016757164041297817,0.012571869027695755,0.02133668358958733
gaussian,support_band50,gmm_pooled,hhi,80,0.21129365019635707,0.2012456657760505,0.22272792831180468
gaussian,historical,support_mix50,relative_error,80,0.04928417880922305,0.04106561850768908,0.057991235791014804
gaussian,historical,support_mix50,signed_relative_error,80,-0.03710713402495385,-0.048407777966392,-0.026240621684495608
gaussian,historical,support_mix50,true_es,80,1.130139389512219,1.107153207305537,1.1542860477547825
gaussian,historical,support_mix50,relative_regret,80,0.015926907823389798,0.01237755751601606,0.01976036393647722
gaussian,historical,support_mix50,hhi,80,0.20512826597937378,0.19724364455316692,0.21345325021893885
gaussian,historical_se_penalty,support_mix50,relative_error,80,0.04928417880922305,0.04106561850768908,0.057991235791014804
gaussian,historical_se_penalty,support_mix50,signed_relative_error,80,-0.03710713402495385,-0.048407777966392,-0.026240621684495608
gaussian,historical_se_penalty,support_mix50,true_es,80,1.130139389512219,1.107153207305537,1.1542860477547825
gaussian,historical_se_penalty,support_mix50,relative_regret,80,0.015926907823389798,0.01237755751601606,0.01976036393647722
gaussian,historical_se_penalty,support_mix50,hhi,80,0.20512826597937378,0.19724364455316692,0.21345325021893885
gaussian,gmm_pooled,support_mix50,relative_error,80,0.05261573055832415,0.04402139053814622,0.06187340947282368
gaussian,gmm_pooled,support_mix50,signed_relative_error,80,-0.03313206762412722,-0.04593179802028244,-0.020697105237019956
gaussian,gmm_pooled,support_mix50,true_es,80,1.130139389512219,1.107153207305537,1.1542860477547825
gaussian,gmm_pooled,support_mix50,relative_regret,80,0.015926907823389798,0.01237755751601606,0.01976036393647722
gaussian,gmm_pooled,support_mix50,hhi,80,0.20512826597937378,0.19724364455316692,0.21345325021893885
gaussian,support_mix50,support_mix50,relative_error,80,0.05344217881298123,0.04463097472622192,0.06289598721550115
gaussian,support_mix50,support_mix50,signed_relative_error,80,-0.042282538514976195,-0.05413086165382287,-0.03101515105769625
gaussian,support_mix50,support_mix50,true_es,80,1.130139389512219,1.107153207305537,1.1542860477547825
gaussian,support_mix50,support_mix50,relative_regret,80,0.015926907823389798,0.01237755751601606,0.01976036393647722
gaussian,support_mix50,support_mix50,hhi,80,0.20512826597937378,0.19724364455316692,0.21345325021893885
gaussian,support_band50,support_mix50,relative_error,80,0.05343882054750413,0.044627629224339535,0.06289528958526529
gaussian,support_band50,support_mix50,signed_relative_error,80,-0.042285896780453344,-0.05413094561045982,-0.03101850932317338
gaussian,support_band50,support_mix50,true_es,80,1.130139389512219,1.107153207305537,1.1542860477547825
gaussian,support_band50,support_mix50,relative_regret,80,0.015926907823389798,0.01237755751601606,0.01976036393647722
gaussian,support_band50,support_mix50,hhi,80,0.20512826597937378,0.19724364455316692,0.21345325021893885
gaussian,historical,support_band50,relative_error,80,0.04928417880922305,0.04106561850768908,0.057991235791014804
gaussian,historical,support_band50,signed_relative_error,80,-0.03710713402495385,-0.048407777966392,-0.026240621684495608
gaussian,historical,support_band50,true_es,80,1.130139389512219,1.107153207305537,1.1542860477547825
gaussian,historical,support_band50,relative_regret,80,0.015926907823389798,0.01237755751601606,0.01976036393647722
gaussian,historical,support_band50,hhi,80,0.20512826597937378,0.19724364455316692,0.21345325021893885
gaussian,historical_se_penalty,support_band50,relative_error,80,0.04928417880922305,0.04106561850768908,0.057991235791014804
gaussian,historical_se_penalty,support_band50,signed_relative_error,80,-0.03710713402495385,-0.048407777966392,-0.026240621684495608
gaussian,historical_se_penalty,support_band50,true_es,80,1.130139389512219,1.107153207305537,1.1542860477547825
gaussian,historical_se_penalty,support_band50,relative_regret,80,0.015926907823389798,0.01237755751601606,0.01976036393647722
gaussian,historical_se_penalty,support_band50,hhi,80,0.20512826597937378,0.19724364455316692,0.21345325021893885
gaussian,gmm_pooled,support_band50,relative_error,80,0.05261573055832415,0.04402139053814622,0.06187340947282368
gaussian,gmm_pooled,support_band50,signed_relative_error,80,-0.03313206762412722,-0.04593179802028244,-0.020697105237019956
gaussian,gmm_pooled,support_band50,true_es,80,1.130139389512219,1.107153207305537,1.1542860477547825
gaussian,gmm_pooled,support_band50,relative_regret,80,0.015926907823389798,0.01237755751601606,0.01976036393647722
gaussian,gmm_pooled,support_band50,hhi,80,0.20512826597937378,0.19724364455316692,0.21345325021893885
gaussian,support_mix50,support_band50,relative_error,80,0.05344217881298123,0.04463097472622192,0.06289598721550115
gaussian,support_mix50,support_band50,signed_relative_error,80,-0.042282538514976195,-0.05413086165382287,-0.03101515105769625
gaussian,support_mix50,support_band50,true_es,80,1.130139389512219,1.107153207305537,1.1542860477547825
gaussian,support_mix50,support_band50,relative_regret,80,0.015926907823389798,0.01237755751601606,0.01976036393647722
gaussian,support_mix50,support_band50,hhi,80,0.20512826597937378,0.19724364455316692,0.21345325021893885
gaussian,support_band50,support_band50,relative_error,80,0.05343882054750413,0.044627629224339535,0.06289528958526529
gaussian,support_band50,support_band50,signed_relative_error,80,-0.042285896780453344,-0.05413094561045982,-0.03101850932317338
gaussian,support_band50,support_band50,true_es,80,1.130139389512219,1.107153207305537,1.1542860477547825
gaussian,support_band50,support_band50,relative_regret,80,0.015926907823389798,0.01237755751601606,0.01976036393647722
gaussian,support_band50,support_band50,hhi,80,0.20512826597937378,0.19724364455316692,0.21345325021893885
gaussian,historical,fixed_bank,relative_error,80,0.042146580538378685,0.03786534491764214,0.04669427432006967
gaussian,historical,fixed_bank,signed_relative_error,80,-0.009132918297299019,-0.018149181480366882,-0.00042981501429150006
gaussian,historical,fixed_bank,true_es,80,1.3417980121991961,1.3192204274810353,1.3650722564918247
gaussian,historical,fixed_bank,relative_regret,80,0.20842800710841577,0.19919915909912864,0.21765047969031204
gaussian,historical,fixed_bank,hhi,80,0.24041774259681378,0.23995844833404614,0.24087004087464528
gaussian,historical_se_penalty,fixed_bank,relative_error,80,0.042146580538378685,0.03786534491764214,0.04669427432006967
gaussian,historical_se_penalty,fixed_bank,signed_relative_error,80,-0.009132918297299019,-0.018149181480366882,-0.00042981501429150006
gaussian,historical_se_penalty,fixed_bank,true_es,80,1.3417980121991961,1.3192204274810353,1.3650722564918247
gaussian,historical_se_penalty,fixed_bank,relative_regret,80,0.20842800710841577,0.19919915909912864,0.21765047969031204
gaussian,historical_se_penalty,fixed_bank,hhi,80,0.24041774259681378,0.23995844833404614,0.24087004087464528
gaussian,gmm_pooled,fixed_bank,relative_error,80,0.04397657893570878,0.03896004414191501,0.049494686826426694
gaussian,gmm_pooled,fixed_bank,signed_relative_error,80,-0.010298157215686023,-0.01988641175481036,-0.0009273656767196673
gaussian,gmm_pooled,fixed_bank,true_es,80,1.3417980121991961,1.3192204274810353,1.3650722564918247
gaussian,gmm_pooled,fixed_bank,relative_regret,80,0.20842800710841577,0.19919915909912864,0.21765047969031204
gaussian,gmm_pooled,fixed_bank,hhi,80,0.24041774259681378,0.23995844833404614,0.24087004087464528
gaussian,support_mix50,fixed_bank,relative_error,80,0.04310944735904366,0.038807494582086384,0.04796392053050456
gaussian,support_mix50,fixed_bank,signed_relative_error,80,-0.011901508721164033,-0.02120388791957829,-0.0029828943430211603
gaussian,support_mix50,fixed_bank,true_es,80,1.3417980121991961,1.3192204274810353,1.3650722564918247
gaussian,support_mix50,fixed_bank,relative_regret,80,0.20842800710841577,0.19919915909912864,0.21765047969031204
gaussian,support_mix50,fixed_bank,hhi,80,0.24041774259681378,0.23995844833404614,0.24087004087464528
gaussian,support_band50,fixed_bank,relative_error,80,0.04310480048780603,0.038802796628932296,0.047963920530504564
gaussian,support_band50,fixed_bank,signed_relative_error,80,-0.011906355578087117,-0.02121079032403363,-0.002982936647073302
gaussian,support_band50,fixed_bank,true_es,80,1.3417980121991961,1.3192204274810353,1.3650722564918247
gaussian,support_band50,fixed_bank,relative_regret,80,0.20842800710841577,0.19919915909912864,0.21765047969031204
gaussian,support_band50,fixed_bank,hhi,80,0.24041774259681378,0.23995844833404614,0.24087004087464528
asymmetric_crash,historical,equal_weight,relative_error,80,0.08706521710716368,0.07385978339912298,0.10108633008934596
asymmetric_crash,historical,equal_weight,signed_relative_error,80,-0.019454791571457106,-0.04211590861101352,0.003088131040389622
asymmetric_crash,historical,equal_weight,true_es,80,2.859708075539623,2.8437860202932748,2.876142232701733
asymmetric_crash,historical,equal_weight,relative_regret,80,0.04171130096694986,0.037539344027963065,0.04584519607906446
asymmetric_crash,historical,equal_weight,hhi,80,0.125,0.125,0.125
asymmetric_crash,historical_se_penalty,equal_weight,relative_error,80,0.08706521710716368,0.07385978339912298,0.10108633008934596
asymmetric_crash,historical_se_penalty,equal_weight,signed_relative_error,80,-0.019454791571457106,-0.04211590861101352,0.003088131040389622
asymmetric_crash,historical_se_penalty,equal_weight,true_es,80,2.859708075539623,2.8437860202932748,2.876142232701733
asymmetric_crash,historical_se_penalty,equal_weight,relative_regret,80,0.04171130096694986,0.037539344027963065,0.04584519607906446
asymmetric_crash,historical_se_penalty,equal_weight,hhi,80,0.125,0.125,0.125
asymmetric_crash,gmm_pooled,equal_weight,relative_error,80,0.09391448254944049,0.08004489892165305,0.1085474357737917
asymmetric_crash,gmm_pooled,equal_weight,signed_relative_error,80,-0.016309173804773418,-0.04080546271544628,0.00807351003214634
asymmetric_crash,gmm_pooled,equal_weight,true_es,80,2.859708075539623,2.8437860202932748,2.876142232701733
asymmetric_crash,gmm_pooled,equal_weight,relative_regret,80,0.04171130096694986,0.037539344027963065,0.04584519607906446
asymmetric_crash,gmm_pooled,equal_weight,hhi,80,0.125,0.125,0.125
asymmetric_crash,support_mix50,equal_weight,relative_error,80,0.09403665341279735,0.08057346479350658,0.1081678802143703
asymmetric_crash,support_mix50,equal_weight,signed_relative_error,80,-0.018083916459851135,-0.04212930296435389,0.005567734404317958
asymmetric_crash,support_mix50,equal_weight,true_es,80,2.859708075539623,2.8437860202932748,2.876142232701733
asymmetric_crash,support_mix50,equal_weight,relative_regret,80,0.04171130096694986,0.037539344027963065,0.04584519607906446
asymmetric_crash,support_mix50,equal_weight,hhi,80,0.125,0.125,0.125
asymmetric_crash,support_band50,equal_weight,relative_error,80,0.097538480400233,0.08287730842437568,0.11288754157850751
asymmetric_crash,support_band50,equal_weight,signed_relative_error,80,-0.030368065280241628,-0.055568683774561624,-0.005431322180400292
asymmetric_crash,support_band50,equal_weight,true_es,80,2.859708075539623,2.8437860202932748,2.876142232701733
asymmetric_crash,support_band50,equal_weight,relative_regret,80,0.04171130096694986,0.037539344027963065,0.04584519607906446
asymmetric_crash,support_band50,equal_weight,hhi,80,0.125,0.125,0.125
asymmetric_crash,historical,historical,relative_error,80,0.10633938547461945,0.08994974941058548,0.12340747202415588
asymmetric_crash,historical,historical,signed_relative_error,80,-0.07996500695996392,-0.10244574383161331,-0.057482651560662665
asymmetric_crash,historical,historical,true_es,80,2.8409352081924375,2.8154232681210316,2.86835747454346
asymmetric_crash,historical,historical,relative_regret,80,0.03468264136662177,0.027567120481676845,0.042395360026748714
asymmetric_crash,historical,historical,hhi,80,0.3668412688896294,0.3377511893355105,0.3961417710258422
asymmetric_crash,historical_se_penalty,historical,relative_error,80,0.10633938547461945,0.08994974941058548,0.12340747202415588
asymmetric_crash,historical_se_penalty,historical,signed_relative_error,80,-0.07996500695996392,-0.10244574383161331,-0.057482651560662665
asymmetric_crash,historical_se_penalty,historical,true_es,80,2.8409352081924375,2.8154232681210316,2.86835747454346
asymmetric_crash,historical_se_penalty,historical,relative_regret,80,0.03468264136662177,0.027567120481676845,0.042395360026748714
asymmetric_crash,historical_se_penalty,historical,hhi,80,0.3668412688896294,0.3377511893355105,0.3961417710258422
asymmetric_crash,gmm_pooled,historical,relative_error,80,0.10319706589102814,0.0873710891026222,0.119699284479262
asymmetric_crash,gmm_pooled,historical,signed_relative_error,80,-0.07026391289062746,-0.09342221004255065,-0.047878069652893054
asymmetric_crash,gmm_pooled,historical,true_es,80,2.8409352081924375,2.8154232681210316,2.86835747454346
asymmetric_crash,gmm_pooled,historical,relative_regret,80,0.03468264136662177,0.027567120481676845,0.042395360026748714
asymmetric_crash,gmm_pooled,historical,hhi,80,0.3668412688896294,0.3377511893355105,0.3961417710258422
asymmetric_crash,support_mix50,historical,relative_error,80,0.10729825378474098,0.09021377692616152,0.12515470156981076
asymmetric_crash,support_mix50,historical,signed_relative_error,80,-0.0775030548830512,-0.10139952354558356,-0.05466148297460972
asymmetric_crash,support_mix50,historical,true_es,80,2.8409352081924375,2.8154232681210316,2.86835747454346
asymmetric_crash,support_mix50,historical,relative_regret,80,0.03468264136662177,0.027567120481676845,0.042395360026748714
asymmetric_crash,support_mix50,historical,hhi,80,0.3668412688896294,0.3377511893355105,0.3961417710258422
asymmetric_crash,support_band50,historical,relative_error,80,0.11679931093406688,0.099717985658202,0.13420307792449734
asymmetric_crash,support_band50,historical,signed_relative_error,80,-0.08897116637635447,-0.11216919792642348,-0.06523154404922904
asymmetric_crash,support_band50,historical,true_es,80,2.8409352081924375,2.8154232681210316,2.86835747454346
asymmetric_crash,support_band50,historical,relative_regret,80,0.03468264136662177,0.027567120481676845,0.042395360026748714
asymmetric_crash,support_band50,historical,hhi,80,0.3668412688896294,0.3377511893355105,0.3961417710258422
asymmetric_crash,historical,historical_se_penalty,relative_error,80,0.10064281647528184,0.08482007472162964,0.1171461303801369
asymmetric_crash,historical,historical_se_penalty,signed_relative_error,80,-0.07171312589871323,-0.09398291949082248,-0.04957398602167285
asymmetric_crash,historical,historical_se_penalty,true_es,80,2.822399139044593,2.797723562666932,2.8480787047875222
asymmetric_crash,historical,historical_se_penalty,relative_regret,80,0.027835238116625104,0.02204317702349446,0.03409574963793554
asymmetric_crash,historical,historical_se_penalty,hhi,80,0.39321947821417913,0.3645641748242926,0.4206281908647491
asymmetric_crash,historical_se_penalty,historical_se_penalty,relative_error,80,0.10064281647528184,0.08482007472162964,0.1171461303801369
asymmetric_crash,historical_se_penalty,historical_se_penalty,signed_relative_error,80,-0.07171312589871323,-0.09398291949082248,-0.04957398602167285
asymmetric_crash,historical_se_penalty,historical_se_penalty,true_es,80,2.822399139044593,2.797723562666932,2.8480787047875222
asymmetric_crash,historical_se_penalty,historical_se_penalty,relative_regret,80,0.027835238116625104,0.02204317702349446,0.03409574963793554
asymmetric_crash,historical_se_penalty,historical_se_penalty,hhi,80,0.39321947821417913,0.3645641748242926,0.4206281908647491
asymmetric_crash,gmm_pooled,historical_se_penalty,relative_error,80,0.10110479351700996,0.08623119275728001,0.11660285290654879
asymmetric_crash,gmm_pooled,historical_se_penalty,signed_relative_error,80,-0.06607250616913452,-0.08845310841805165,-0.04419375431321955
asymmetric_crash,gmm_pooled,historical_se_penalty,true_es,80,2.822399139044593,2.797723562666932,2.8480787047875222
asymmetric_crash,gmm_pooled,historical_se_penalty,relative_regret,80,0.027835238116625104,0.02204317702349446,0.03409574963793554
asymmetric_crash,gmm_pooled,historical_se_penalty,hhi,80,0.39321947821417913,0.3645641748242926,0.4206281908647491
asymmetric_crash,support_mix50,historical_se_penalty,relative_error,80,0.10097320013340101,0.0845905978611188,0.11810282832089129
asymmetric_crash,support_mix50,historical_se_penalty,signed_relative_error,80,-0.06836929106390184,-0.0915839022415271,-0.04557789863556817
asymmetric_crash,support_mix50,historical_se_penalty,true_es,80,2.822399139044593,2.797723562666932,2.8480787047875222
asymmetric_crash,support_mix50,historical_se_penalty,relative_regret,80,0.027835238116625104,0.02204317702349446,0.03409574963793554
asymmetric_crash,support_mix50,historical_se_penalty,hhi,80,0.39321947821417913,0.3645641748242926,0.4206281908647491
asymmetric_crash,support_band50,historical_se_penalty,relative_error,80,0.10968562558617308,0.09317227027848662,0.12673454005180856
asymmetric_crash,support_band50,historical_se_penalty,signed_relative_error,80,-0.0799087645141279,-0.1028656258674709,-0.05653104867220126
asymmetric_crash,support_band50,historical_se_penalty,true_es,80,2.822399139044593,2.797723562666932,2.8480787047875222
asymmetric_crash,support_band50,historical_se_penalty,relative_regret,80,0.027835238116625104,0.02204317702349446,0.03409574963793554
asymmetric_crash,support_band50,historical_se_penalty,hhi,80,0.39321947821417913,0.3645641748242926,0.4206281908647491
asymmetric_crash,historical,gmm_pooled,relative_error,80,0.09901034155661367,0.08348093514242673,0.11514002665486704
asymmetric_crash,historical,gmm_pooled,signed_relative_error,80,-0.06938614617147501,-0.0912128649850551,-0.04747994789527919
asymmetric_crash,historical,gmm_pooled,true_es,80,2.835454799387182,2.8125342618061024,2.8592542631867466
asymmetric_crash,historical,gmm_pooled,relative_regret,80,0.03271031588254665,0.02664729358946631,0.03897263872362605
asymmetric_crash,historical,gmm_pooled,hhi,80,0.36079453324042293,0.33013670429019276,0.39035113167248997
asymmetric_crash,historical_se_penalty,gmm_pooled,relative_error,80,0.09901034155661367,0.08348093514242673,0.11514002665486704
asymmetric_crash,historical_se_penalty,gmm_pooled,signed_relative_error,80,-0.06938614617147501,-0.0912128649850551,-0.04747994789527919
asymmetric_crash,historical_se_penalty,gmm_pooled,true_es,80,2.835454799387182,2.8125342618061024,2.8592542631867466
asymmetric_crash,historical_se_penalty,gmm_pooled,relative_regret,80,0.03271031588254665,0.02664729358946631,0.03897263872362605
asymmetric_crash,historical_se_penalty,gmm_pooled,hhi,80,0.36079453324042293,0.33013670429019276,0.39035113167248997
asymmetric_crash,gmm_pooled,gmm_pooled,relative_error,80,0.10843854151393492,0.09267376613668216,0.12474098127706482
asymmetric_crash,gmm_pooled,gmm_pooled,signed_relative_error,80,-0.08072475913622339,-0.10318311411319304,-0.05879261596518909
asymmetric_crash,gmm_pooled,gmm_pooled,true_es,80,2.835454799387182,2.8125342618061024,2.8592542631867466
asymmetric_crash,gmm_pooled,gmm_pooled,relative_regret,80,0.03271031588254665,0.02664729358946631,0.03897263872362605
asymmetric_crash,gmm_pooled,gmm_pooled,hhi,80,0.36079453324042293,0.33013670429019276,0.39035113167248997
asymmetric_crash,support_mix50,gmm_pooled,relative_error,80,0.10145056924429126,0.08552225504834146,0.11781517556025499
asymmetric_crash,support_mix50,gmm_pooled,signed_relative_error,80,-0.06898985113959936,-0.09185475545084291,-0.046720678300226415
asymmetric_crash,support_mix50,gmm_pooled,true_es,80,2.835454799387182,2.8125342618061024,2.8592542631867466
asymmetric_crash,support_mix50,gmm_pooled,relative_regret,80,0.03271031588254665,0.02664729358946631,0.03897263872362605
asymmetric_crash,support_mix50,gmm_pooled,hhi,80,0.36079453324042293,0.33013670429019276,0.39035113167248997
asymmetric_crash,support_band50,gmm_pooled,relative_error,80,0.11023860662973359,0.09408873938522101,0.12670390871018453
asymmetric_crash,support_band50,gmm_pooled,signed_relative_error,80,-0.07871476259306583,-0.10145917612609608,-0.05527262397873792
asymmetric_crash,support_band50,gmm_pooled,true_es,80,2.835454799387182,2.8125342618061024,2.8592542631867466
asymmetric_crash,support_band50,gmm_pooled,relative_regret,80,0.03271031588254665,0.02664729358946631,0.03897263872362605
asymmetric_crash,support_band50,gmm_pooled,hhi,80,0.36079453324042293,0.33013670429019276,0.39035113167248997
asymmetric_crash,historical,support_mix50,relative_error,80,0.10433486904290548,0.08778201110482123,0.12165067943416352
asymmetric_crash,historical,support_mix50,signed_relative_error,80,-0.07753269658268233,-0.10016390145722245,-0.0551121392244326
asymmetric_crash,historical,support_mix50,true_es,80,2.846571599942146,2.8197777700166635,2.8752921021019286
asymmetric_crash,historical,support_mix50,relative_regret,80,0.03668591696423353,0.029434182016146462,0.04489217422117632
asymmetric_crash,historical,support_mix50,hhi,80,0.34977548210262,0.31978175799644276,0.3798376175744702
asymmetric_crash,historical_se_penalty,support_mix50,relative_error,80,0.10433486904290548,0.08778201110482123,0.12165067943416352
asymmetric_crash,historical_se_penalty,support_mix50,signed_relative_error,80,-0.07753269658268233,-0.10016390145722245,-0.0551121392244326
asymmetric_crash,historical_se_penalty,support_mix50,true_es,80,2.846571599942146,2.8197777700166635,2.8752921021019286
asymmetric_crash,historical_se_penalty,support_mix50,relative_regret,80,0.03668591696423353,0.029434182016146462,0.04489217422117632
asymmetric_crash,historical_se_penalty,support_mix50,hhi,80,0.34977548210262,0.31978175799644276,0.3798376175744702
asymmetric_crash,gmm_pooled,support_mix50,relative_error,80,0.1046703061505934,0.08898480928741603,0.12104922847460911
asymmetric_crash,gmm_pooled,support_mix50,signed_relative_error,80,-0.07085398189038347,-0.09411604589491587,-0.04830562680646645
asymmetric_crash,gmm_pooled,support_mix50,true_es,80,2.846571599942146,2.8197777700166635,2.8752921021019286
asymmetric_crash,gmm_pooled,support_mix50,relative_regret,80,0.03668591696423353,0.029434182016146462,0.04489217422117632
asymmetric_crash,gmm_pooled,support_mix50,hhi,80,0.34977548210262,0.31978175799644276,0.3798376175744702
asymmetric_crash,support_mix50,support_mix50,relative_error,80,0.10982498326285683,0.09224249153150486,0.12774523340921776
asymmetric_crash,support_mix50,support_mix50,signed_relative_error,80,-0.08200220139964579,-0.10580229633580876,-0.05906685559750476
asymmetric_crash,support_mix50,support_mix50,true_es,80,2.846571599942146,2.8197777700166635,2.8752921021019286
asymmetric_crash,support_mix50,support_mix50,relative_regret,80,0.03668591696423353,0.029434182016146462,0.04489217422117632
asymmetric_crash,support_mix50,support_mix50,hhi,80,0.34977548210262,0.31978175799644276,0.3798376175744702
asymmetric_crash,support_band50,support_mix50,relative_error,80,0.11792609034596728,0.10017586287172656,0.1360504383666741
asymmetric_crash,support_band50,support_mix50,signed_relative_error,80,-0.09257015509082844,-0.11598248817644986,-0.0689131737441972
asymmetric_crash,support_band50,support_mix50,true_es,80,2.846571599942146,2.8197777700166635,2.8752921021019286
asymmetric_crash,support_band50,support_mix50,relative_regret,80,0.03668591696423353,0.029434182016146462,0.04489217422117632
asymmetric_crash,support_band50,support_mix50,hhi,80,0.34977548210262,0.31978175799644276,0.3798376175744702
asymmetric_crash,historical,support_band50,relative_error,80,0.10472188709275061,0.08849618317561303,0.12170364372072705
asymmetric_crash,historical,support_band50,signed_relative_error,80,-0.07884611683467678,-0.10111948582174554,-0.0568655772823763
asymmetric_crash,historical,support_band50,true_es,80,2.8531079113403806,2.82604494987249,2.882435786974996
asymmetric_crash,historical,support_band50,relative_regret,80,0.03911376815592225,0.031383124576638,0.0476213940213437
asymmetric_crash,historical,support_band50,hhi,80,0.34486677083955397,0.3153841847473871,0.37498356063423954
asymmetric_crash,historical_se_penalty,support_band50,relative_error,80,0.10472188709275061,0.08849618317561303,0.12170364372072705
asymmetric_crash,historical_se_penalty,support_band50,signed_relative_error,80,-0.07884611683467678,-0.10111948582174554,-0.0568655772823763
asymmetric_crash,historical_se_penalty,support_band50,true_es,80,2.8531079113403806,2.82604494987249,2.882435786974996
asymmetric_crash,historical_se_penalty,support_band50,relative_regret,80,0.03911376815592225,0.031383124576638,0.0476213940213437
asymmetric_crash,historical_se_penalty,support_band50,hhi,80,0.34486677083955397,0.3153841847473871,0.37498356063423954
asymmetric_crash,gmm_pooled,support_band50,relative_error,80,0.10399282658675024,0.0882205498452983,0.12047662228099706
asymmetric_crash,gmm_pooled,support_band50,signed_relative_error,80,-0.07229598933516504,-0.09514304774868912,-0.05000717750636927
asymmetric_crash,gmm_pooled,support_band50,true_es,80,2.8531079113403806,2.82604494987249,2.882435786974996
asymmetric_crash,gmm_pooled,support_band50,relative_regret,80,0.03911376815592225,0.031383124576638,0.0476213940213437
asymmetric_crash,gmm_pooled,support_band50,hhi,80,0.34486677083955397,0.3153841847473871,0.37498356063423954
asymmetric_crash,support_mix50,support_band50,relative_error,80,0.10876079849008202,0.09126202416731358,0.12676712864234826
asymmetric_crash,support_mix50,support_band50,signed_relative_error,80,-0.08170863832514663,-0.10532964286078722,-0.058873555008517604
asymmetric_crash,support_mix50,support_band50,true_es,80,2.8531079113403806,2.82604494987249,2.882435786974996
asymmetric_crash,support_mix50,support_band50,relative_regret,80,0.03911376815592225,0.031383124576638,0.0476213940213437
asymmetric_crash,support_mix50,support_band50,hhi,80,0.34486677083955397,0.3153841847473871,0.37498356063423954
asymmetric_crash,support_band50,support_band50,relative_error,80,0.12214480594329631,0.10426160243727314,0.14075084109046151
asymmetric_crash,support_band50,support_band50,signed_relative_error,80,-0.09678887068815747,-0.1212446711754945,-0.07236217864521614
asymmetric_crash,support_band50,support_band50,true_es,80,2.8531079113403806,2.82604494987249,2.882435786974996
asymmetric_crash,support_band50,support_band50,relative_regret,80,0.03911376815592225,0.031383124576638,0.0476213940213437
asymmetric_crash,support_band50,support_band50,hhi,80,0.34486677083955397,0.3153841847473871,0.37498356063423954
asymmetric_crash,historical,fixed_bank,relative_error,80,0.09044965878255828,0.07915115529452244,0.1025212339284432
asymmetric_crash,historical,fixed_bank,signed_relative_error,80,-0.016234700809453766,-0.037949660710311015,0.005706391668303924
asymmetric_crash,historical,fixed_bank,true_es,80,2.973866292244206,2.9574638421189485,2.9910493030327157
asymmetric_crash,historical,fixed_bank,relative_regret,80,0.08329951794816534,0.07897853408006153,0.08761352037237462
asymmetric_crash,historical,fixed_bank,hhi,80,0.24041774259681378,0.23995844833404614,0.24087004087464528
asymmetric_crash,historical_se_penalty,fixed_bank,relative_error,80,0.09044965878255828,0.07915115529452244,0.1025212339284432
asymmetric_crash,historical_se_penalty,fixed_bank,signed_relative_error,80,-0.016234700809453766,-0.037949660710311015,0.005706391668303924
asymmetric_crash,historical_se_penalty,fixed_bank,true_es,80,2.973866292244206,2.9574638421189485,2.9910493030327157
asymmetric_crash,historical_se_penalty,fixed_bank,relative_regret,80,0.08329951794816534,0.07897853408006153,0.08761352037237462
asymmetric_crash,historical_se_penalty,fixed_bank,hhi,80,0.24041774259681378,0.23995844833404614,0.24087004087464528
asymmetric_crash,gmm_pooled,fixed_bank,relative_error,80,0.09717920022307783,0.08538355013218642,0.10990742109007985
asymmetric_crash,gmm_pooled,fixed_bank,signed_relative_error,80,-0.012331848844769077,-0.035719865297499404,0.010934308118252275
asymmetric_crash,gmm_pooled,fixed_bank,true_es,80,2.973866292244206,2.9574638421189485,2.9910493030327157
asymmetric_crash,gmm_pooled,fixed_bank,relative_regret,80,0.08329951794816534,0.07897853408006153,0.08761352037237462
asymmetric_crash,gmm_pooled,fixed_bank,hhi,80,0.24041774259681378,0.23995844833404614,0.24087004087464528
asymmetric_crash,support_mix50,fixed_bank,relative_error,80,0.09523153983530308,0.08315097764161004,0.10795433595229485
asymmetric_crash,support_mix50,fixed_bank,signed_relative_error,80,-0.01516518394906389,-0.03823189031875859,0.007695933979355054
asymmetric_crash,support_mix50,fixed_bank,true_es,80,2.973866292244206,2.9574638421189485,2.9910493030327157
asymmetric_crash,support_mix50,fixed_bank,relative_regret,80,0.08329951794816534,0.07897853408006153,0.08761352037237462
asymmetric_crash,support_mix50,fixed_bank,hhi,80,0.24041774259681378,0.23995844833404614,0.24087004087464528
asymmetric_crash,support_band50,fixed_bank,relative_error,80,0.09875519555818704,0.0858203578357021,0.11258181647756361
asymmetric_crash,support_band50,fixed_bank,signed_relative_error,80,-0.027274480837051814,-0.05117020298127498,-0.003424521213944373
asymmetric_crash,support_band50,fixed_bank,true_es,80,2.973866292244206,2.9574638421189485,2.9910493030327157
asymmetric_crash,support_band50,fixed_bank,relative_regret,80,0.08329951794816534,0.07897853408006153,0.08761352037237462
asymmetric_crash,support_band50,fixed_bank,hhi,80,0.24041774259681378,0.23995844833404614,0.24087004087464528
student_t4,historical,equal_weight,relative_error,80,0.07947930508811055,0.06523852725393814,0.09514943582734095
student_t4,historical,equal_weight,signed_relative_error,80,0.006193312108458779,-0.016195435953362012,0.029301341156593955
student_t4,historical,equal_weight,true_es,80,1.321067399190103,1.2985908665886639,1.3439211566567768
student_t4,historical,equal_weight,relative_regret,80,0.0835755400877754,0.07527804951979694,0.09193984429354246
student_t4,historical,equal_weight,hhi,80,0.125,0.125,0.125
student_t4,historical_se_penalty,equal_weight,relative_error,80,0.07947930508811055,0.06523852725393814,0.09514943582734095
student_t4,historical_se_penalty,equal_weight,signed_relative_error,80,0.006193312108458779,-0.016195435953362012,0.029301341156593955
student_t4,historical_se_penalty,equal_weight,true_es,80,1.321067399190103,1.2985908665886639,1.3439211566567768
student_t4,historical_se_penalty,equal_weight,relative_regret,80,0.0835755400877754,0.07527804951979694,0.09193984429354246
student_t4,historical_se_penalty,equal_weight,hhi,80,0.125,0.125,0.125
student_t4,gmm_pooled,equal_weight,relative_error,80,0.10037610631295697,0.08073155843662778,0.12187905762312397
student_t4,gmm_pooled,equal_weight,signed_relative_error,80,0.021951351668570936,-0.006686528882284479,0.052248661150522895
student_t4,gmm_pooled,equal_weight,true_es,80,1.321067399190103,1.2985908665886639,1.3439211566567768
student_t4,gmm_pooled,equal_weight,relative_regret,80,0.0835755400877754,0.07527804951979694,0.09193984429354246
student_t4,gmm_pooled,equal_weight,hhi,80,0.125,0.125,0.125
student_t4,support_mix50,equal_weight,relative_error,80,0.09380647117431411,0.07531348907187185,0.11422703276339226
student_t4,support_mix50,equal_weight,signed_relative_error,80,0.014775564648057807,-0.012338692294792702,0.04363641886947968
student_t4,support_mix50,equal_weight,true_es,80,1.321067399190103,1.2985908665886639,1.3439211566567768
student_t4,support_mix50,equal_weight,relative_regret,80,0.0835755400877754,0.07527804951979694,0.09193984429354246
student_t4,support_mix50,equal_weight,hhi,80,0.125,0.125,0.125
student_t4,support_band50,equal_weight,relative_error,80,0.08183848418326337,0.06667045853842,0.0990701011126353
student_t4,support_band50,equal_weight,signed_relative_error,80,-0.004841327863830524,-0.028183566339693898,0.019973968189151908
student_t4,support_band50,equal_weight,true_es,80,1.321067399190103,1.2985908665886639,1.3439211566567768
student_t4,support_band50,equal_weight,relative_regret,80,0.0835755400877754,0.07527804951979694,0.09193984429354246
student_t4,support_band50,equal_weight,hhi,80,0.125,0.125,0.125
student_t4,historical,historical,relative_error,80,0.09801845038429743,0.08330328505803333,0.11284893771550339
student_t4,historical,historical,signed_relative_error,80,-0.06904058502786561,-0.08967635176794604,-0.04729386196803904
student_t4,historical,historical,true_es,80,1.2622893469919791,1.2360330804109008,1.2895296275102124
student_t4,historical,historical,relative_regret,80,0.033625694272532335,0.02717319786083935,0.040716529023736125
student_t4,historical,historical,hhi,80,0.22259335131063102,0.2106231095188723,0.23669221385747916
student_t4,historical_se_penalty,historical,relative_error,80,0.09801845038429743,0.08330328505803333,0.11284893771550339
student_t4,historical_se_penalty,historical,signed_relative_error,80,-0.06904058502786561,-0.08967635176794604,-0.04729386196803904
student_t4,historical_se_penalty,historical,true_es,80,1.2622893469919791,1.2360330804109008,1.2895296275102124
student_t4,historical_se_penalty,historical,relative_regret,80,0.033625694272532335,0.02717319786083935,0.040716529023736125
student_t4,historical_se_penalty,historical,hhi,80,0.22259335131063102,0.2106231095188723,0.23669221385747916
student_t4,gmm_pooled,historical,relative_error,80,0.11118196939874339,0.0950144394293597,0.12775896866372827
student_t4,gmm_pooled,historical,signed_relative_error,80,-0.03850840250940638,-0.06617528116307428,-0.009253369060506538
student_t4,gmm_pooled,historical,true_es,80,1.2622893469919791,1.2360330804109008,1.2895296275102124
student_t4,gmm_pooled,historical,relative_regret,80,0.033625694272532335,0.02717319786083935,0.040716529023736125
student_t4,gmm_pooled,historical,hhi,80,0.22259335131063102,0.2106231095188723,0.23669221385747916
student_t4,support_mix50,historical,relative_error,80,0.10112492482708349,0.085221724252748,0.11736292728554165
student_t4,support_mix50,historical,signed_relative_error,80,-0.05944958552924225,-0.08262511055434799,-0.034679337803765455
student_t4,support_mix50,historical,true_es,80,1.2622893469919791,1.2360330804109008,1.2895296275102124
student_t4,support_mix50,historical,relative_regret,80,0.033625694272532335,0.02717319786083935,0.040716529023736125
student_t4,support_mix50,historical,hhi,80,0.22259335131063102,0.2106231095188723,0.23669221385747916
student_t4,support_band50,historical,relative_error,80,0.0999326202574492,0.0845014046102929,0.11557604397033286
student_t4,support_band50,historical,signed_relative_error,80,-0.07061658691548371,-0.09210852418624828,-0.04814288390580389
student_t4,support_band50,historical,true_es,80,1.2622893469919791,1.2360330804109008,1.2895296275102124
student_t4,support_band50,historical,relative_regret,80,0.033625694272532335,0.02717319786083935,0.040716529023736125
student_t4,support_band50,historical,hhi,80,0.22259335131063102,0.2106231095188723,0.23669221385747916
student_t4,historical,historical_se_penalty,relative_error,80,0.10188763460207459,0.08666588462069531,0.11706915919487089
student_t4,historical,historical_se_penalty,signed_relative_error,80,-0.07512526558698762,-0.09581713766128555,-0.05342080238205732
student_t4,historical,historical_se_penalty,true_es,80,1.2740393876198086,1.248716555122897,1.3010403760248226
student_t4,historical,historical_se_penalty,relative_regret,80,0.04428669866294137,0.033937857820005364,0.05664866033724525
student_t4,historical,historical_se_penalty,hhi,80,0.2337301265248836,0.21788101995721768,0.2518145423668619
student_t4,historical_se_penalty,historical_se_penalty,relative_error,80,0.10188763460207459,0.08666588462069531,0.11706915919487089
student_t4,historical_se_penalty,historical_se_penalty,signed_relative_error,80,-0.07512526558698762,-0.09581713766128555,-0.05342080238205732
student_t4,historical_se_penalty,historical_se_penalty,true_es,80,1.2740393876198086,1.248716555122897,1.3010403760248226
student_t4,historical_se_penalty,historical_se_penalty,relative_regret,80,0.04428669866294137,0.033937857820005364,0.05664866033724525
student_t4,historical_se_penalty,historical_se_penalty,hhi,80,0.2337301265248836,0.21788101995721768,0.2518145423668619
student_t4,gmm_pooled,historical_se_penalty,relative_error,80,0.11339523557801104,0.09713150349232834,0.1296188009505039
student_t4,gmm_pooled,historical_se_penalty,signed_relative_error,80,-0.046955874002139256,-0.07369597680509664,-0.01820313412642147
student_t4,gmm_pooled,historical_se_penalty,true_es,80,1.2740393876198086,1.248716555122897,1.3010403760248226
student_t4,gmm_pooled,historical_se_penalty,relative_regret,80,0.04428669866294137,0.033937857820005364,0.05664866033724525
student_t4,gmm_pooled,historical_se_penalty,hhi,80,0.2337301265248836,0.21788101995721768,0.2518145423668619
student_t4,support_mix50,historical_se_penalty,relative_error,80,0.10366700666215448,0.08738842681400665,0.12019024556340364
student_t4,support_mix50,historical_se_penalty,signed_relative_error,80,-0.06707660963009618,-0.08988633899878545,-0.042101176092891344
student_t4,support_mix50,historical_se_penalty,true_es,80,1.2740393876198086,1.248716555122897,1.3010403760248226
student_t4,support_mix50,historical_se_penalty,relative_regret,80,0.04428669866294137,0.033937857820005364,0.05664866033724525
student_t4,support_mix50,historical_se_penalty,hhi,80,0.2337301265248836,0.21788101995721768,0.2518145423668619
student_t4,support_band50,historical_se_penalty,relative_error,80,0.10433771912631813,0.08840150625240607,0.12052516006361956
student_t4,support_band50,historical_se_penalty,signed_relative_error,80,-0.07716293957327702,-0.098772179339245,-0.0544948647380503
student_t4,support_band50,historical_se_penalty,true_es,80,1.2740393876198086,1.248716555122897,1.3010403760248226
student_t4,support_band50,historical_se_penalty,relative_regret,80,0.04428669866294137,0.033937857820005364,0.05664866033724525
student_t4,support_band50,historical_se_penalty,hhi,80,0.2337301265248836,0.21788101995721768,0.2518145423668619
student_t4,historical,gmm_pooled,relative_error,80,0.08933387652308543,0.07416291017541579,0.10459643581970286
student_t4,historical,gmm_pooled,signed_relative_error,80,-0.0543597712216497,-0.07528716840725443,-0.0323383560733138
student_t4,historical,gmm_pooled,true_es,80,1.2651532247973138,1.2402227136953914,1.290914178073949
student_t4,historical,gmm_pooled,relative_regret,80,0.036687376750834125,0.0286446321180654,0.04562492278939354
student_t4,historical,gmm_pooled,hhi,80,0.22515626508063752,0.21322721665044886,0.2388252767333749
student_t4,historical_se_penalty,gmm_pooled,relative_error,80,0.08933387652308543,0.07416291017541579,0.10459643581970286
student_t4,historical_se_penalty,gmm_pooled,signed_relative_error,80,-0.0543597712216497,-0.07528716840725443,-0.0323383560733138
student_t4,historical_se_penalty,gmm_pooled,true_es,80,1.2651532247973138,1.2402227136953914,1.290914178073949
student_t4,historical_se_penalty,gmm_pooled,relative_regret,80,0.036687376750834125,0.0286446321180654,0.04562492278939354
student_t4,historical_se_penalty,gmm_pooled,hhi,80,0.22515626508063752,0.21322721665044886,0.2388252767333749
student_t4,gmm_pooled,gmm_pooled,relative_error,80,0.11466779288657714,0.09915165642996168,0.1302821387838438
student_t4,gmm_pooled,gmm_pooled,signed_relative_error,80,-0.0633127770539432,-0.08853504327664008,-0.0359475623838521
student_t4,gmm_pooled,gmm_pooled,true_es,80,1.2651532247973138,1.2402227136953914,1.290914178073949
student_t4,gmm_pooled,gmm_pooled,relative_regret,80,0.036687376750834125,0.0286446321180654,0.04562492278939354
student_t4,gmm_pooled,gmm_pooled,hhi,80,0.22515626508063752,0.21322721665044886,0.2388252767333749
student_t4,support_mix50,gmm_pooled,relative_error,80,0.09121619390283923,0.07497493897648079,0.10774144207648927
student_t4,support_mix50,gmm_pooled,signed_relative_error,80,-0.05254654671167271,-0.07470961117131066,-0.028938235680067412
student_t4,support_mix50,gmm_pooled,true_es,80,1.2651532247973138,1.2402227136953914,1.290914178073949
student_t4,support_mix50,gmm_pooled,relative_regret,80,0.036687376750834125,0.0286446321180654,0.04562492278939354
student_t4,support_mix50,gmm_pooled,hhi,80,0.22515626508063752,0.21322721665044886,0.2388252767333749
student_t4,support_band50,gmm_pooled,relative_error,80,0.09303377720003896,0.07711790959954413,0.10912298963115108
student_t4,support_band50,gmm_pooled,signed_relative_error,80,-0.06229194614338819,-0.08359457343588328,-0.040050502014529685
student_t4,support_band50,gmm_pooled,true_es,80,1.2651532247973138,1.2402227136953914,1.290914178073949
student_t4,support_band50,gmm_pooled,relative_regret,80,0.036687376750834125,0.0286446321180654,0.04562492278939354
student_t4,support_band50,gmm_pooled,hhi,80,0.22515626508063752,0.21322721665044886,0.2388252767333749
student_t4,historical,support_mix50,relative_error,80,0.09520633018399402,0.08011254903037503,0.11044628762880102
student_t4,historical,support_mix50,signed_relative_error,80,-0.06462542575401764,-0.08553175682758611,-0.042519035530770674
student_t4,historical,support_mix50,true_es,80,1.2647673940618958,1.2385026360263778,1.2924589342260824
student_t4,historical,support_mix50,relative_regret,80,0.03598882632771507,0.027581076381461563,0.04490647666313268
student_t4,historical,support_mix50,hhi,80,0.22517416804651527,0.21327005373592264,0.2392223544636559
student_t4,historical_se_penalty,support_mix50,relative_error,80,0.09520633018399402,0.08011254903037503,0.11044628762880102
student_t4,historical_se_penalty,support_mix50,signed_relative_error,80,-0.06462542575401764,-0.08553175682758611,-0.042519035530770674
student_t4,historical_se_penalty,support_mix50,true_es,80,1.2647673940618958,1.2385026360263778,1.2924589342260824
student_t4,historical_se_penalty,support_mix50,relative_regret,80,0.03598882632771507,0.027581076381461563,0.04490647666313268
student_t4,historical_se_penalty,support_mix50,hhi,80,0.22517416804651527,0.21327005373592264,0.2392223544636559
student_t4,gmm_pooled,support_mix50,relative_error,80,0.1068429932665718,0.09091781562423061,0.12277136707125881
student_t4,gmm_pooled,support_mix50,signed_relative_error,80,-0.0423214279493931,-0.06807696048466343,-0.014898007827761569
student_t4,gmm_pooled,support_mix50,true_es,80,1.2647673940618958,1.2385026360263778,1.2924589342260824
student_t4,gmm_pooled,support_mix50,relative_regret,80,0.03598882632771507,0.027581076381461563,0.04490647666313268
student_t4,gmm_pooled,support_mix50,hhi,80,0.22517416804651527,0.21327005373592264,0.2392223544636559
student_t4,support_mix50,support_mix50,relative_error,80,0.10332860508491477,0.08767210436143694,0.11935051566357814
student_t4,support_mix50,support_mix50,signed_relative_error,80,-0.07065429348479493,-0.09296849138337868,-0.04744836183731948
student_t4,support_mix50,support_mix50,true_es,80,1.2647673940618958,1.2385026360263778,1.2924589342260824
student_t4,support_mix50,support_mix50,relative_regret,80,0.03598882632771507,0.027581076381461563,0.04490647666313268
student_t4,support_mix50,support_mix50,hhi,80,0.22517416804651527,0.21327005373592264,0.2392223544636559
student_t4,support_band50,support_mix50,relative_error,80,0.10570148411701677,0.08993561471289505,0.12177951923043868
student_t4,support_band50,support_mix50,signed_relative_error,80,-0.07953822738759334,-0.10111297871530261,-0.05686353307546375
student_t4,support_band50,support_mix50,true_es,80,1.2647673940618958,1.2385026360263778,1.2924589342260824
student_t4,support_band50,support_mix50,relative_regret,80,0.03598882632771507,0.027581076381461563,0.04490647666313268
student_t4,support_band50,support_mix50,hhi,80,0.22517416804651527,0.21327005373592264,0.2392223544636559
student_t4,historical,support_band50,relative_error,80,0.09700690528869434,0.08195408224968286,0.1123871606373873
student_t4,historical,support_band50,signed_relative_error,80,-0.06332565106245139,-0.08476623913049047,-0.040253111679787144
student_t4,historical,support_band50,true_es,80,1.263806841049794,1.237614446287855,1.2913583383490976
student_t4,historical,support_band50,relative_regret,80,0.03517130536969322,0.026920511826378026,0.04411733084994333
student_t4,historical,support_band50,hhi,80,0.22386904925894213,0.2120402860072452,0.23782137219958324
student_t4,historical_se_penalty,support_band50,relative_error,80,0.09700690528869434,0.08195408224968286,0.1123871606373873
student_t4,historical_se_penalty,support_band50,signed_relative_error,80,-0.06332565106245139,-0.08476623913049047,-0.040253111679787144
student_t4,historical_se_penalty,support_band50,true_es,80,1.263806841049794,1.237614446287855,1.2913583383490976
student_t4,historical_se_penalty,support_band50,relative_regret,80,0.03517130536969322,0.026920511826378026,0.04411733084994333
student_t4,historical_se_penalty,support_band50,hhi,80,0.22386904925894213,0.2120402860072452,0.23782137219958324
student_t4,gmm_pooled,support_band50,relative_error,80,0.10770184441523552,0.09162645810574045,0.12399204996103282
student_t4,gmm_pooled,support_band50,signed_relative_error,80,-0.04080674909575396,-0.06714686334099966,-0.012749779413005102
student_t4,gmm_pooled,support_band50,true_es,80,1.263806841049794,1.237614446287855,1.2913583383490976
student_t4,gmm_pooled,support_band50,relative_regret,80,0.03517130536969322,0.026920511826378026,0.04411733084994333
student_t4,gmm_pooled,support_band50,hhi,80,0.22386904925894213,0.2120402860072452,0.23782137219958324
student_t4,support_mix50,support_band50,relative_error,80,0.10474460422516865,0.0888267668437273,0.12116766031018823
student_t4,support_mix50,support_band50,signed_relative_error,80,-0.0687937028147793,-0.09167865295755667,-0.044481267577632655
student_t4,support_mix50,support_band50,true_es,80,1.263806841049794,1.237614446287855,1.2913583383490976
student_t4,support_mix50,support_band50,relative_regret,80,0.03517130536969322,0.026920511826378026,0.04411733084994333
student_t4,support_mix50,support_band50,hhi,80,0.22386904925894213,0.2120402860072452,0.23782137219958324
student_t4,support_band50,support_band50,relative_error,80,0.10538756329467,0.08986423466943011,0.12139778073781125
student_t4,support_band50,support_band50,signed_relative_error,80,-0.07922430656524658,-0.1008894814334188,-0.05667144154605257
student_t4,support_band50,support_band50,true_es,80,1.263806841049794,1.237614446287855,1.2913583383490976
student_t4,support_band50,support_band50,relative_regret,80,0.03517130536969322,0.026920511826378026,0.04411733084994333
student_t4,support_band50,support_band50,hhi,80,0.22386904925894213,0.2120402860072452,0.23782137219958324
student_t4,historical,fixed_bank,relative_error,80,0.08339735143771135,0.07269355728979508,0.09559671052508206
student_t4,historical,fixed_bank,signed_relative_error,80,0.008108538112765629,-0.011591983268288808,0.02871273610539782
student_t4,historical,fixed_bank,true_es,80,1.4732374402736212,1.4484482076057117,1.498791575675697
student_t4,historical,fixed_bank,relative_regret,80,0.20842800710841575,0.1991991590991286,0.21765047969031204
student_t4,historical,fixed_bank,hhi,80,0.24041774259681378,0.23995844833404614,0.24087004087464528
student_t4,historical_se_penalty,fixed_bank,relative_error,80,0.08339735143771135,0.07269355728979508,0.09559671052508206
student_t4,historical_se_penalty,fixed_bank,signed_relative_error,80,0.008108538112765629,-0.011591983268288808,0.02871273610539782
student_t4,historical_se_penalty,fixed_bank,true_es,80,1.4732374402736212,1.4484482076057117,1.498791575675697
student_t4,historical_se_penalty,fixed_bank,relative_regret,80,0.20842800710841575,0.1991991590991286,0.21765047969031204
student_t4,historical_se_penalty,fixed_bank,hhi,80,0.24041774259681378,0.23995844833404614,0.24087004087464528
student_t4,gmm_pooled,fixed_bank,relative_error,80,0.10471021505117925,0.08954500551736708,0.12199845859638289
student_t4,gmm_pooled,fixed_bank,signed_relative_error,80,0.022378635953386024,-0.002894553721958833,0.04913387964036834
student_t4,gmm_pooled,fixed_bank,true_es,80,1.4732374402736212,1.4484482076057117,1.498791575675697
student_t4,gmm_pooled,fixed_bank,relative_regret,80,0.20842800710841575,0.1991991590991286,0.21765047969031204
student_t4,gmm_pooled,fixed_bank,hhi,80,0.24041774259681378,0.23995844833404614,0.24087004087464528
student_t4,support_mix50,fixed_bank,relative_error,80,0.09294432022937472,0.07852924402867449,0.10926180512491883
student_t4,support_mix50,fixed_bank,signed_relative_error,80,0.013616786138906847,-0.010002857248382012,0.0386743233221105
student_t4,support_mix50,fixed_bank,true_es,80,1.4732374402736212,1.4484482076057117,1.498791575675697
student_t4,support_mix50,fixed_bank,relative_regret,80,0.20842800710841575,0.1991991590991286,0.21765047969031204
student_t4,support_mix50,fixed_bank,hhi,80,0.24041774259681378,0.23995844833404614,0.24087004087464528
student_t4,support_band50,fixed_bank,relative_error,80,0.08203989097481508,0.07094539105329235,0.09530273478632396
student_t4,support_band50,fixed_bank,signed_relative_error,80,-0.0033509618703524693,-0.023117806882386356,0.017577744687761722
student_t4,support_band50,fixed_bank,true_es,80,1.4732374402736212,1.4484482076057117,1.498791575675697
student_t4,support_band50,fixed_bank,relative_regret,80,0.20842800710841575,0.1991991590991286,0.21765047969031204
student_t4,support_band50,fixed_bank,hhi,80,0.24041774259681378,0.23995844833404614,0.24087004087464528
markov_volatility,historical,equal_weight,relative_error,80,0.47827054100609556,0.4125047232471332,0.5444602143443249
markov_volatility,historical,equal_weight,signed_relative_error,80,0.42141161100045216,0.3370195890347499,0.5039674970464199
markov_volatility,historical,equal_weight,true_es,80,1.4885193825217995,1.3581638262548268,1.652344200352078
markov_volatility,historical,equal_weight,relative_regret,80,0.09851570578216928,0.0874262493940189,0.10983816739273503
markov_volatility,historical,equal_weight,hhi,80,0.125,0.125,0.125
markov_volatility,historical_se_penalty,equal_weight,relative_error,80,0.47827054100609556,0.4125047232471332,0.5444602143443249
markov_volatility,historical_se_penalty,equal_weight,signed_relative_error,80,0.42141161100045216,0.3370195890347499,0.5039674970464199
markov_volatility,historical_se_penalty,equal_weight,true_es,80,1.4885193825217995,1.3581638262548268,1.652344200352078
markov_volatility,historical_se_penalty,equal_weight,relative_regret,80,0.09851570578216928,0.0874262493940189,0.10983816739273503
markov_volatility,historical_se_penalty,equal_weight,hhi,80,0.125,0.125,0.125
markov_volatility,gmm_pooled,equal_weight,relative_error,80,0.5222486706470478,0.4501370826906387,0.5955310431994946
markov_volatility,gmm_pooled,equal_weight,signed_relative_error,80,0.46557632883498085,0.37442345678280287,0.5542273585315424
markov_volatility,gmm_pooled,equal_weight,true_es,80,1.4885193825217995,1.3581638262548268,1.652344200352078
markov_volatility,gmm_pooled,equal_weight,relative_regret,80,0.09851570578216928,0.0874262493940189,0.10983816739273503
markov_volatility,gmm_pooled,equal_weight,hhi,80,0.125,0.125,0.125
markov_volatility,support_mix50,equal_weight,relative_error,80,0.4923006563349313,0.4236802636246742,0.5620878026024229
markov_volatility,support_mix50,equal_weight,signed_relative_error,80,0.43517214530655435,0.34737465583532473,0.5201208230922615
markov_volatility,support_mix50,equal_weight,true_es,80,1.4885193825217995,1.3581638262548268,1.652344200352078
markov_volatility,support_mix50,equal_weight,relative_regret,80,0.09851570578216928,0.0874262493940189,0.10983816739273503
markov_volatility,support_mix50,equal_weight,hhi,80,0.125,0.125,0.125
markov_volatility,support_band50,equal_weight,relative_error,80,0.46605375838297547,0.3972500388592267,0.5345191054503774
markov_volatility,support_band50,equal_weight,signed_relative_error,80,0.4089252473545987,0.32428416759330664,0.49166888217217913
markov_volatility,support_band50,equal_weight,true_es,80,1.4885193825217995,1.3581638262548268,1.652344200352078
markov_volatility,support_band50,equal_weight,relative_regret,80,0.09851570578216928,0.0874262493940189,0.10983816739273503
markov_volatility,support_band50,equal_weight,hhi,80,0.125,0.125,0.125
markov_volatility,historical,historical,relative_error,80,0.3311205698207342,0.2857700002519913,0.37730778883517324
markov_volatility,historical,historical,signed_relative_error,80,0.270038424477497,0.20614470246934008,0.3309254344879867
markov_volatility,historical,historical,true_es,80,1.3942634657436048,1.2899025729936262,1.5225277866059388
markov_volatility,historical,historical,relative_regret,80,0.04108880603332841,0.03131713151114821,0.05181045354836874
markov_volatility,historical,historical,hhi,80,0.33662082642196217,0.30710539856356006,0.3664307105919633
markov_volatility,historical_se_penalty,historical,relative_error,80,0.3311205698207342,0.2857700002519913,0.37730778883517324
markov_volatility,historical_se_penalty,historical,signed_relative_error,80,0.270038424477497,0.20614470246934008,0.3309254344879867
markov_volatility,historical_se_penalty,historical,true_es,80,1.3942634657436048,1.2899025729936262,1.5225277866059388
markov_volatility,historical_se_penalty,historical,relative_regret,80,0.04108880603332841,0.03131713151114821,0.05181045354836874
markov_volatility,historical_se_penalty,historical,hhi,80,0.33662082642196217,0.30710539856356006,0.3664307105919633
markov_volatility,gmm_pooled,historical,relative_error,80,0.3708802464789428,0.3196610206819444,0.4230173768394087
markov_volatility,gmm_pooled,historical,signed_relative_error,80,0.3130585408950769,0.24414141469719208,0.37961638240111023
markov_volatility,gmm_pooled,historical,true_es,80,1.3942634657436048,1.2899025729936262,1.5225277866059388
markov_volatility,gmm_pooled,historical,relative_regret,80,0.04108880603332841,0.03131713151114821,0.05181045354836874
markov_volatility,gmm_pooled,historical,hhi,80,0.33662082642196217,0.30710539856356006,0.3664307105919633
markov_volatility,support_mix50,historical,relative_error,80,0.34254079844591345,0.29471735045400277,0.3902771229247257
markov_volatility,support_mix50,historical,signed_relative_error,80,0.2817967185971479,0.21585673957491916,0.3448388888442837
markov_volatility,support_mix50,historical,true_es,80,1.3942634657436048,1.2899025729936262,1.5225277866059388
markov_volatility,support_mix50,historical,relative_regret,80,0.04108880603332841,0.03131713151114821,0.05181045354836874
markov_volatility,support_mix50,historical,hhi,80,0.33662082642196217,0.30710539856356006,0.3664307105919633
markov_volatility,support_band50,historical,relative_error,80,0.32437246615961846,0.27684788693163603,0.37183934840691213
markov_volatility,support_band50,historical,signed_relative_error,80,0.26232717590369015,0.19836080501588915,0.32339705367029387
markov_volatility,support_band50,historical,true_es,80,1.3942634657436048,1.2899025729936262,1.5225277866059388
markov_volatility,support_band50,historical,relative_regret,80,0.04108880603332841,0.03131713151114821,0.05181045354836874
markov_volatility,support_band50,historical,hhi,80,0.33662082642196217,0.30710539856356006,0.3664307105919633
markov_volatility,historical,historical_se_penalty,relative_error,80,0.31867472645031597,0.2748440411714568,0.36249168686191324
markov_volatility,historical,historical_se_penalty,signed_relative_error,80,0.257704059652396,0.1956810871734685,0.3166896946372175
markov_volatility,historical,historical_se_penalty,true_es,80,1.407045552960584,1.3035375078242035,1.5347417219418036
markov_volatility,historical,historical_se_penalty,relative_regret,80,0.05220917203175505,0.04124147686801598,0.06397240211639074
markov_volatility,historical,historical_se_penalty,hhi,80,0.3574117535633855,0.3271067940834736,0.38732083995500577
markov_volatility,historical_se_penalty,historical_se_penalty,relative_error,80,0.31867472645031597,0.2748440411714568,0.36249168686191324
markov_volatility,historical_se_penalty,historical_se_penalty,signed_relative_error,80,0.257704059652396,0.1956810871734685,0.3166896946372175
markov_volatility,historical_se_penalty,historical_se_penalty,true_es,80,1.407045552960584,1.3035375078242035,1.5347417219418036
markov_volatility,historical_se_penalty,historical_se_penalty,relative_regret,80,0.05220917203175505,0.04124147686801598,0.06397240211639074
markov_volatility,historical_se_penalty,historical_se_penalty,hhi,80,0.3574117535633855,0.3271067940834736,0.38732083995500577
markov_volatility,gmm_pooled,historical_se_penalty,relative_error,80,0.35496984028287526,0.30580867097474923,0.4041134451522325
markov_volatility,gmm_pooled,historical_se_penalty,signed_relative_error,80,0.29703091919209124,0.23035150092983384,0.3610812833534145
markov_volatility,gmm_pooled,historical_se_penalty,true_es,80,1.407045552960584,1.3035375078242035,1.5347417219418036
markov_volatility,gmm_pooled,historical_se_penalty,relative_regret,80,0.05220917203175505,0.04124147686801598,0.06397240211639074
markov_volatility,gmm_pooled,historical_se_penalty,hhi,80,0.3574117535633855,0.3271067940834736,0.38732083995500577
markov_volatility,support_mix50,historical_se_penalty,relative_error,80,0.3303281967341028,0.28423830163383096,0.37663304448727497
markov_volatility,support_mix50,historical_se_penalty,signed_relative_error,80,0.2695114823342969,0.20509170469093324,0.3301241347067434
markov_volatility,support_mix50,historical_se_penalty,true_es,80,1.407045552960584,1.3035375078242035,1.5347417219418036
markov_volatility,support_mix50,historical_se_penalty,relative_regret,80,0.05220917203175505,0.04124147686801598,0.06397240211639074
markov_volatility,support_mix50,historical_se_penalty,hhi,80,0.3574117535633855,0.3271067940834736,0.38732083995500577
markov_volatility,support_band50,historical_se_penalty,relative_error,80,0.3124704798183769,0.26714810111939086,0.357657035690466
markov_volatility,support_band50,historical_se_penalty,signed_relative_error,80,0.2503525550114083,0.18833696825960086,0.30958976680245065
markov_volatility,support_band50,historical_se_penalty,true_es,80,1.407045552960584,1.3035375078242035,1.5347417219418036
markov_volatility,support_band50,historical_se_penalty,relative_regret,80,0.05220917203175505,0.04124147686801598,0.06397240211639074
markov_volatility,support_band50,historical_se_penalty,hhi,80,0.3574117535633855,0.3271067940834736,0.38732083995500577
markov_volatility,historical,gmm_pooled,relative_error,80,0.3268947611446834,0.28336158789504967,0.37051514945845654
markov_volatility,historical,gmm_pooled,signed_relative_error,80,0.2664915952429376,0.2043775803711335,0.3254340671224159
markov_volatility,historical,gmm_pooled,true_es,80,1.4112845590157028,1.3075939544506952,1.5360173778806252
markov_volatility,historical,gmm_pooled,relative_regret,80,0.055931065543054215,0.043251959518905245,0.06916509064826665
markov_volatility,historical,gmm_pooled,hhi,80,0.3625205194708128,0.33313075489834926,0.3916063362265236
markov_volatility,historical_se_penalty,gmm_pooled,relative_error,80,0.3268947611446834,0.28336158789504967,0.37051514945845654
markov_volatility,historical_se_penalty,gmm_pooled,signed_relative_error,80,0.2664915952429376,0.2043775803711335,0.3254340671224159
markov_volatility,historical_se_penalty,gmm_pooled,true_es,80,1.4112845590157028,1.3075939544506952,1.5360173778806252
markov_volatility,historical_se_penalty,gmm_pooled,relative_regret,80,0.055931065543054215,0.043251959518905245,0.06916509064826665
markov_volatility,historical_se_penalty,gmm_pooled,hhi,80,0.3625205194708128,0.33313075489834926,0.3916063362265236
markov_volatility,gmm_pooled,gmm_pooled,relative_error,80,0.3354643166724963,0.28989456959486354,0.3816012474769721
markov_volatility,gmm_pooled,gmm_pooled,signed_relative_error,80,0.27576878334101573,0.21262059403058595,0.3365931920096338
markov_volatility,gmm_pooled,gmm_pooled,true_es,80,1.4112845590157028,1.3075939544506952,1.5360173778806252
markov_volatility,gmm_pooled,gmm_pooled,relative_regret,80,0.055931065543054215,0.043251959518905245,0.06916509064826665
markov_volatility,gmm_pooled,gmm_pooled,hhi,80,0.3625205194708128,0.33313075489834926,0.3916063362265236
markov_volatility,support_mix50,gmm_pooled,relative_error,80,0.33568671596050453,0.29093117338235375,0.3808951034439116
markov_volatility,support_mix50,gmm_pooled,signed_relative_error,80,0.27503676172755803,0.21152067741521816,0.3352689582301239
markov_volatility,support_mix50,gmm_pooled,true_es,80,1.4112845590157028,1.3075939544506952,1.5360173778806252
markov_volatility,support_mix50,gmm_pooled,relative_regret,80,0.055931065543054215,0.043251959518905245,0.06916509064826665
markov_volatility,support_mix50,gmm_pooled,hhi,80,0.3625205194708128,0.33313075489834926,0.3916063362265236
markov_volatility,support_band50,gmm_pooled,relative_error,80,0.32036797492853664,0.27535070709281345,0.3653450713509848
markov_volatility,support_band50,gmm_pooled,signed_relative_error,80,0.2584168102884275,0.19657717783439732,0.31717126849197813
markov_volatility,support_band50,gmm_pooled,true_es,80,1.4112845590157028,1.3075939544506952,1.5360173778806252
markov_volatility,support_band50,gmm_pooled,relative_regret,80,0.055931065543054215,0.043251959518905245,0.06916509064826665
markov_volatility,support_band50,gmm_pooled,hhi,80,0.3625205194708128,0.33313075489834926,0.3916063362265236
markov_volatility,historical,support_mix50,relative_error,80,0.3307006483427348,0.2863472969237569,0.3757780451413415
markov_volatility,historical,support_mix50,signed_relative_error,80,0.2705730403822151,0.2078815310489589,0.329698535241687
markov_volatility,historical,support_mix50,true_es,80,1.394578005697153,1.291396383041589,1.52031160485011
markov_volatility,historical,support_mix50,relative_regret,80,0.04224313230989722,0.031814147213828914,0.05357278887937127
markov_volatility,historical,support_mix50,hhi,80,0.3384250077915324,0.3082903449902052,0.36838978237140496
markov_volatility,historical_se_penalty,support_mix50,relative_error,80,0.3307006483427348,0.2863472969237569,0.3757780451413415
markov_volatility,historical_se_penalty,support_mix50,signed_relative_error,80,0.2705730403822151,0.2078815310489589,0.329698535241687
markov_volatility,historical_se_penalty,support_mix50,true_es,80,1.394578005697153,1.291396383041589,1.52031160485011
markov_volatility,historical_se_penalty,support_mix50,relative_regret,80,0.04224313230989722,0.031814147213828914,0.05357278887937127
markov_volatility,historical_se_penalty,support_mix50,hhi,80,0.3384250077915324,0.3082903449902052,0.36838978237140496
markov_volatility,gmm_pooled,support_mix50,relative_error,80,0.36827172547696846,0.3184480099362556,0.41915046973243775
markov_volatility,gmm_pooled,support_mix50,signed_relative_error,80,0.31039905266012924,0.24315159498864572,0.37541273102923256
markov_volatility,gmm_pooled,support_mix50,true_es,80,1.394578005697153,1.291396383041589,1.52031160485011
markov_volatility,gmm_pooled,support_mix50,relative_regret,80,0.04224313230989722,0.031814147213828914,0.05357278887937127
markov_volatility,gmm_pooled,support_mix50,hhi,80,0.3384250077915324,0.3082903449902052,0.36838978237140496
markov_volatility,support_mix50,support_mix50,relative_error,80,0.33661828934241733,0.290793672029414,0.38268616866595084
markov_volatility,support_mix50,support_mix50,signed_relative_error,80,0.27557063770830814,0.211217114845142,0.3365933716188469
markov_volatility,support_mix50,support_mix50,true_es,80,1.394578005697153,1.291396383041589,1.52031160485011
markov_volatility,support_mix50,support_mix50,relative_regret,80,0.04224313230989722,0.031814147213828914,0.05357278887937127
markov_volatility,support_mix50,support_mix50,hhi,80,0.3384250077915324,0.3082903449902052,0.36838978237140496
markov_volatility,support_band50,support_mix50,relative_error,80,0.3201940221724137,0.2738819881874342,0.36675329385113925
markov_volatility,support_band50,support_mix50,signed_relative_error,80,0.25784516013114195,0.1949063184604957,0.3187811028749962
markov_volatility,support_band50,support_mix50,true_es,80,1.394578005697153,1.291396383041589,1.52031160485011
markov_volatility,support_band50,support_mix50,relative_regret,80,0.04224313230989722,0.031814147213828914,0.05357278887937127
markov_volatility,support_band50,support_mix50,hhi,80,0.3384250077915324,0.3082903449902052,0.36838978237140496
markov_volatility,historical,support_band50,relative_error,80,0.33332722430790385,0.287961093302033,0.37977001427513163
markov_volatility,historical,support_band50,signed_relative_error,80,0.2731996163473841,0.20945447432371883,0.3341727637068726
markov_volatility,historical,support_band50,true_es,80,1.3940827200599293,1.2912210360654295,1.5195925147705267
markov_volatility,historical,support_band50,relative_regret,80,0.04182321017785276,0.03163283622131906,0.05292127869045162
markov_volatility,historical,support_band50,hhi,80,0.33363644406806625,0.30318702088539234,0.36312086589854964
markov_volatility,historical_se_penalty,support_band50,relative_error,80,0.33332722430790385,0.287961093302033,0.37977001427513163
markov_volatility,historical_se_penalty,support_band50,signed_relative_error,80,0.2731996163473841,0.20945447432371883,0.3341727637068726
markov_volatility,historical_se_penalty,support_band50,true_es,80,1.3940827200599293,1.2912210360654295,1.5195925147705267
markov_volatility,historical_se_penalty,support_band50,relative_regret,80,0.04182321017785276,0.03163283622131906,0.05292127869045162
markov_volatility,historical_se_penalty,support_band50,hhi,80,0.33363644406806625,0.30318702088539234,0.36312086589854964
markov_volatility,gmm_pooled,support_band50,relative_error,80,0.37144871037264526,0.3205762966820786,0.4235459011645946
markov_volatility,gmm_pooled,support_band50,signed_relative_error,80,0.31357603755580604,0.24517213790121026,0.3804119626058356
markov_volatility,gmm_pooled,support_band50,true_es,80,1.3940827200599293,1.2912210360654295,1.5195925147705267
markov_volatility,gmm_pooled,support_band50,relative_regret,80,0.04182321017785276,0.03163283622131906,0.05292127869045162
markov_volatility,gmm_pooled,support_band50,hhi,80,0.33363644406806625,0.30318702088539234,0.36312086589854964
markov_volatility,support_mix50,support_band50,relative_error,80,0.3395424939735444,0.2924730815229569,0.3874680831312015
markov_volatility,support_mix50,support_band50,signed_relative_error,80,0.27849484233943533,0.21301185708082032,0.34139643330180086
markov_volatility,support_mix50,support_band50,true_es,80,1.3940827200599293,1.2912210360654295,1.5195925147705267
markov_volatility,support_mix50,support_band50,relative_regret,80,0.04182321017785276,0.03163283622131906,0.05292127869045162
markov_volatility,support_mix50,support_band50,hhi,80,0.33363644406806625,0.30318702088539234,0.36312086589854964
markov_volatility,support_band50,support_band50,relative_error,80,0.3194216272191386,0.27319040920865406,0.36565118695047333
markov_volatility,support_band50,support_band50,signed_relative_error,80,0.25707276517786676,0.19442840179477214,0.3177262107393093
markov_volatility,support_band50,support_band50,true_es,80,1.3940827200599293,1.2912210360654295,1.5195925147705267
markov_volatility,support_band50,support_band50,relative_regret,80,0.04182321017785276,0.03163283622131906,0.05292127869045162
markov_volatility,support_band50,support_band50,hhi,80,0.33363644406806625,0.30318702088539234,0.36312086589854964
markov_volatility,historical,fixed_bank,relative_error,80,0.42082546127240333,0.36392775921749665,0.47853227966052075
markov_volatility,historical,fixed_bank,signed_relative_error,80,0.3647676572664568,0.28982079500776153,0.43795298363804186
markov_volatility,historical,fixed_bank,true_es,80,1.6192201865366536,1.4893723395752705,1.7815243028242103
markov_volatility,historical,fixed_bank,relative_regret,80,0.20317848834314178,0.19296580366657093,0.21344150239686677
markov_volatility,historical,fixed_bank,hhi,80,0.24041774259681378,0.23995844833404614,0.24087004087464528
markov_volatility,historical_se_penalty,fixed_bank,relative_error,80,0.42082546127240333,0.36392775921749665,0.47853227966052075
markov_volatility,historical_se_penalty,fixed_bank,signed_relative_error,80,0.3647676572664568,0.28982079500776153,0.43795298363804186
markov_volatility,historical_se_penalty,fixed_bank,true_es,80,1.6192201865366536,1.4893723395752705,1.7815243028242103
markov_volatility,historical_se_penalty,fixed_bank,relative_regret,80,0.20317848834314178,0.19296580366657093,0.21344150239686677
markov_volatility,historical_se_penalty,fixed_bank,hhi,80,0.24041774259681378,0.23995844833404614,0.24087004087464528
markov_volatility,gmm_pooled,fixed_bank,relative_error,80,0.4582381177811136,0.3958889196162809,0.5219105210331357
markov_volatility,gmm_pooled,fixed_bank,signed_relative_error,80,0.4024710384246064,0.32151186600827336,0.48132998773783353
markov_volatility,gmm_pooled,fixed_bank,true_es,80,1.6192201865366536,1.4893723395752705,1.7815243028242103
markov_volatility,gmm_pooled,fixed_bank,relative_regret,80,0.20317848834314178,0.19296580366657093,0.21344150239686677
markov_volatility,gmm_pooled,fixed_bank,hhi,80,0.24041774259681378,0.23995844833404614,0.24087004087464528
markov_volatility,support_mix50,fixed_bank,relative_error,80,0.4317950705923139,0.3722647862865353,0.4924322803257958
markov_volatility,support_mix50,fixed_bank,signed_relative_error,80,0.3760075776733722,0.2981437047620704,0.4510263692482969
markov_volatility,support_mix50,fixed_bank,true_es,80,1.6192201865366536,1.4893723395752705,1.7815243028242103
markov_volatility,support_mix50,fixed_bank,relative_regret,80,0.20317848834314178,0.19296580366657093,0.21344150239686677
markov_volatility,support_mix50,fixed_bank,hhi,80,0.24041774259681378,0.23995844833404614,0.24087004087464528
markov_volatility,support_band50,fixed_bank,relative_error,80,0.40929351180476825,0.3492583830545871,0.4684663525364974
markov_volatility,support_band50,fixed_bank,signed_relative_error,80,0.3532498331914467,0.2776780437900056,0.4263896326267344
markov_volatility,support_band50,fixed_bank,true_es,80,1.6192201865366536,1.4893723395752705,1.7815243028242103
markov_volatility,support_band50,fixed_bank,relative_regret,80,0.20317848834314178,0.19296580366657093,0.21344150239686677
markov_volatility,support_band50,fixed_bank,hhi,80,0.24041774259681378,0.23995844833404614,0.24087004087464528
