conditional_objective,conditional_signed_relative_error,conditional_squared_relative_error,estimate,hmm_converged,holding_horizon,information_n,information_start,information_stop,latent_information_gap,latent_objective,marginal_objective,marginal_squared_relative_error,method,origin,policy,seed,threshold,weights,world
1.8418661662513047,0.25298405519100453,0.06400093218088522,2.3078289381086687,True,1,512,384,896,-0.0015005353332533929,1.8391023809897207,2.4194314681352433,0.0021277540723269807,raw,896,full512,2026109999,1.710107076467821,"[0.20641225628609516, 0.2786282813956139, 0.09431209814933637, 0.16029913997435372, -4.621830993305606e-25, 0.11557170817381987, 7.025677096287723e-17, 0.14477651602078095]",markov_stationary
1.8418661662513047,0.3281254595123524,0.10766631718019241,2.446229348412769,True,1,512,384,896,-0.0015005353332533929,1.8391023809897207,2.4194314681352433,0.00012268013215048642,iid_oic,896,full512,2026109999,1.710107076467821,"[0.20641225628609516, 0.2786282813956139, 0.09431209814933637, 0.16029913997435372, -4.621830993305606e-25, 0.11557170817381987, 7.025677096287723e-17, 0.14477651602078095]",markov_stationary
1.8418661662513047,0.015601759886040067,0.00024341491154164898,1.8706025199193785,True,1,512,384,896,-0.0015005353332533929,1.8391023809897207,2.4194314681352433,0.051457344553841516,hmm_filtered,896,full512,2026109999,1.710107076467821,"[0.20641225628609516, 0.2786282813956139, 0.09431209814933637, 0.16029913997435372, -4.621830993305606e-25, 0.11557170817381987, 7.025677096287723e-17, 0.14477651602078095]",markov_stationary
1.8418661662513047,0.3080655524903446,0.09490438463118128,2.409281684370786,True,1,512,384,896,-0.0015005353332533929,1.8391023809897207,2.4194314681352433,1.759895699151146e-05,hmm_stationary,896,full512,2026109999,1.710107076467821,"[0.20641225628609516, 0.2786282813956139, 0.09431209814933637, 0.16029913997435372, -4.621830993305606e-25, 0.11557170817381987, 7.025677096287723e-17, 0.14477651602078095]",markov_stationary
1.8418661662513047,0.13372439589990393,0.01788221405879424,2.0881686066617324,True,1,512,384,896,-0.0015005353332533929,1.8391023809897207,2.4194314681352433,0.018746441808603666,gaussian_iid,896,full512,2026109999,1.710107076467821,"[0.20641225628609516, 0.2786282813956139, 0.09431209814933637, 0.16029913997435372, -4.621830993305606e-25, 0.11557170817381987, 7.025677096287723e-17, 0.14477651602078095]",markov_stationary
1.8418661662513047,0.011550698125431413,0.00013341862718484478,1.8631410063251193,True,1,512,384,896,-0.0015005353332533929,1.8391023809897207,2.4194314681352433,0.052866015286200316,ewma_gaussian,896,full512,2026109999,1.710107076467821,"[0.20641225628609516, 0.2786282813956139, 0.09431209814933637, 0.16029913997435372, -4.621830993305606e-25, 0.11557170817381987, 7.025677096287723e-17, 0.14477651602078095]",markov_stationary
1.8418661662513047,0.11838416946544617,0.014014811580023476,2.0599139626094707,True,1,512,384,896,-0.0015005353332533929,1.8391023809897207,2.4194314681352433,0.022080730322463382,ar_gaussian,896,full512,2026109999,1.710107076467821,"[0.20641225628609516, 0.2786282813956139, 0.09431209814933637, 0.16029913997435372, -4.621830993305606e-25, 0.11557170817381987, 7.025677096287723e-17, 0.14477651602078095]",markov_stationary
1.9243139355135386,0.3329948488014829,0.11088556932832246,2.565100563516456,True,1,512,384,896,-0.0014385529676733285,1.9215457079908704,2.502807564174368,0.0006194746894960039,raw,896,equal512,2026109999,1.7942509345098558,"[0.125, 0.125, 0.125, 0.125, 0.125, 0.125, 0.125, 0.125]",markov_stationary
1.9243139355135386,0.3471155368921097,0.12048919595189758,2.592273200388289,True,1,512,384,896,-0.0014385529676733285,1.9215457079908704,2.502807564174368,0.0012777844291525216,iid_oic,896,equal512,2026109999,1.7942509345098558,"[0.125, 0.125, 0.125, 0.125, 0.125, 0.125, 0.125, 0.125]",markov_stationary
1.9243139355135386,0.018529594947437555,0.0003433458889161034,1.9599706932903138,True,1,512,384,896,-0.0014385529676733285,1.9215457079908704,2.502807564174368,0.047041781358092186,hmm_filtered,896,equal512,2026109999,1.7942509345098558,"[0.125, 0.125, 0.125, 0.125, 0.125, 0.125, 0.125, 0.125]",markov_stationary
1.9243139355135386,0.3145967530931264,0.09897111705673754,2.5296968515579534,True,1,512,384,896,-0.0014385529676733285,1.9215457079908704,2.502807564174368,0.00011542600585073464,hmm_stationary,896,equal512,2026109999,1.7942509345098558,"[0.125, 0.125, 0.125, 0.125, 0.125, 0.125, 0.125, 0.125]",markov_stationary
1.9243139355135386,0.1274273138445705,0.01623772031364267,2.169524091309703,True,1,512,384,896,-0.0014385529676733285,1.9215457079908704,2.502807564174368,0.017732609011204926,gaussian_iid,896,equal512,2026109999,1.7942509345098558,"[0.125, 0.125, 0.125, 0.125, 0.125, 0.125, 0.125, 0.125]",markov_stationary
1.9243139355135386,0.0760252297921562,0.005779835564950155,2.0706103446532036,True,1,512,384,896,-0.0014385529676733285,1.9215457079908704,2.502807564174368,0.02982009477736796,ewma_gaussian,896,equal512,2026109999,1.7942509345098558,"[0.125, 0.125, 0.125, 0.125, 0.125, 0.125, 0.125, 0.125]",markov_stationary
1.9243139355135386,0.12208936685913874,0.014905813500065365,2.159252205538604,True,1,512,384,896,-0.0014385529676733285,1.9215457079908704,2.502807564174368,0.018842500524123923,ar_gaussian,896,equal512,2026109999,1.7942509345098558,"[0.125, 0.125, 0.125, 0.125, 0.125, 0.125, 0.125, 0.125]",markov_stationary
2.3042455173004277,-0.06693904813707108,0.004480836165497119,2.150001515698224,True,1,512,128,640,-0.2682557288181919,1.68611845668095,2.354649137954259,0.007553722052433474,raw,640,full512,2026109999,1.517237054672615,"[0.32767034365120434, 0.3209500808476418, 0.035149355447456496, 0.07640125872615561, 1.0800377772149942e-26, 0.07838460770141219, 0.02149492242851553, 0.13994943119761455]",markov_stationary
2.3042455173004277,0.042508238764760176,0.0018069503628818596,2.4021949359224624,True,1,512,128,640,-0.2682557288181919,1.68611845668095,2.354649137954259,0.0004077292567914263,iid_oic,640,full512,2026109999,1.517237054672615,"[0.32767034365120434, 0.3209500808476418, 0.035149355447456496, 0.07640125872615561, 1.0800377772149942e-26, 0.07838460770141219, 0.02149492242851553, 0.13994943119761455]",markov_stationary
2.3042455173004277,0.20307099404420503,0.041237828622101555,2.772170945020529,True,1,512,128,640,-0.2682557288181919,1.68611845668095,2.354649137954259,0.03144169288755116,hmm_filtered,640,full512,2026109999,1.517237054672615,"[0.32767034365120434, 0.3209500808476418, 0.035149355447456496, 0.07640125872615561, 1.0800377772149942e-26, 0.07838460770141219, 0.02149492242851553, 0.13994943119761455]",markov_stationary
2.3042455173004277,-0.021340852443974323,0.00045543198303548484,2.25507095372103,True,1,512,128,640,-0.2682557288181919,1.68611845668095,2.354649137954259,0.001788446693065714,hmm_stationary,640,full512,2026109999,1.517237054672615,"[0.32767034365120434, 0.3209500808476418, 0.035149355447456496, 0.07640125872615561, 1.0800377772149942e-26, 0.07838460770141219, 0.02149492242851553, 0.13994943119761455]",markov_stationary
2.3042455173004277,-0.1860755194601611,0.03462409894236879,1.875481835705003,True,1,512,128,640,-0.2682557288181919,1.68611845668095,2.354649137954259,0.04141159363685166,gaussian_iid,640,full512,2026109999,1.517237054672615,"[0.32767034365120434, 0.3209500808476418, 0.035149355447456496, 0.07640125872615561, 1.0800377772149942e-26, 0.07838460770141219, 0.02149492242851553, 0.13994943119761455]",markov_stationary
2.3042455173004277,0.18090559946808016,0.03272683591890544,2.721096433929298,True,1,512,128,640,-0.2682557288181919,1.68611845668095,2.354649137954259,0.024219804712751404,ewma_gaussian,640,full512,2026109999,1.517237054672615,"[0.32767034365120434, 0.3209500808476418, 0.035149355447456496, 0.07640125872615561, 1.0800377772149942e-26, 0.07838460770141219, 0.02149492242851553, 0.13994943119761455]",markov_stationary
2.3042455173004277,-0.18438553350898368,0.03399802496739254,1.8793759782573043,True,1,512,128,640,-0.2682557288181919,1.68611845668095,2.354649137954259,0.04074123334371513,ar_gaussian,640,full512,2026109999,1.517237054672615,"[0.32767034365120434, 0.3209500808476418, 0.035149355447456496, 0.07640125872615561, 1.0800377772149942e-26, 0.07838460770141219, 0.02149492242851553, 0.13994943119761455]",markov_stationary
2.438826979820494,-0.012521143046891892,0.00015677902320072916,2.408290078339542,True,1,512,128,640,-0.24948680307674284,1.8303718333677708,2.4884419284945394,0.001037461723794615,raw,640,equal512,2026109999,1.6725428346399747,"[0.125, 0.125, 0.125, 0.125, 0.125, 0.125, 0.125, 0.125]",markov_stationary
2.438826979820494,-0.00231140708580313,5.342602716300917e-06,2.433189857858289,True,1,512,128,640,-0.24948680307674284,1.8303718333677708,2.4884419284945394,0.0004929945249270099,iid_oic,640,equal512,2026109999,1.6725428346399747,"[0.125, 0.125, 0.125, 0.125, 0.125, 0.125, 0.125, 0.125]",markov_stationary
2.438826979820494,0.1996994055581227,0.03987985258026757,2.925859277949758,True,1,512,128,640,-0.24948680307674284,1.8303718333677708,2.4884419284945394,0.03089847097483996,hmm_filtered,640,equal512,2026109999,1.6725428346399747,"[0.125, 0.125, 0.125, 0.125, 0.125, 0.125, 0.125, 0.125]",markov_stationary
2.438826979820494,-0.010613056662370335,0.00011263697171868335,2.4129435708939413,True,1,512,128,640,-0.24948680307674284,1.8303718333677708,2.4884419284945394,0.0009204919345235664,hmm_stationary,640,equal512,2026109999,1.6725428346399747,"[0.125, 0.125, 0.125, 0.125, 0.125, 0.125, 0.125, 0.125]",markov_stationary
2.438826979820494,-0.162784890786013,0.026498920668214177,2.041822796264433,True,1,512,128,640,-0.24948680307674284,1.8303718333677708,2.4884419284945394,0.032212143580741,gaussian_iid,640,equal512,2026109999,1.6725428346399747,"[0.125, 0.125, 0.125, 0.125, 0.125, 0.125, 0.125, 0.125]",markov_stationary
2.438826979820494,0.1293228292250086,0.016724394158760737,2.754222984841163,True,1,512,128,640,-0.24948680307674284,1.8303718333677708,2.4884419284945394,0.01140756693742477,ewma_gaussian,640,equal512,2026109999,1.6725428346399747,"[0.125, 0.125, 0.125, 0.125, 0.125, 0.125, 0.125, 0.125]",markov_stationary
2.438826979820494,-0.16034029658929594,0.025709010710343386,2.047784738546099,True,1,512,128,640,-0.24948680307674284,1.8303718333677708,2.4884419284945394,0.03135788049761325,ar_gaussian,640,equal512,2026109999,1.6725428346399747,"[0.125, 0.125, 0.125, 0.125, 0.125, 0.125, 0.125, 0.125]",markov_stationary
4.800926576127368,-0.5362670891696,0.28758239092643567,2.22634765583057,True,1,512,192,704,1.867820603707371e-07,4.800927472854325,2.4071690973084454,0.005642696025919832,raw,704,full512,2026109999,1.6727102416748234,"[0.2697153120331659, 0.28837024082299356, 0.04524843289140969, 0.12237100249446416, 3.670962758741374e-16, 0.13214500485152533, -1.850790893092735e-24, 0.142150006906441]",markov_stationary
4.800926576127368,-0.4952614270934649,0.24528388116665542,2.4232128286635852,True,1,512,192,704,1.867820603707371e-07,4.800927472854325,2.4071690973084454,4.442194436234781e-05,iid_oic,704,full512,2026109999,1.6727102416748234,"[0.2697153120331659, 0.28837024082299356, 0.04524843289140969, 0.12237100249446416, 3.670962758741374e-16, 0.13214500485152533, -1.850790893092735e-24, 0.142150006906441]",markov_stationary
4.800926576127368,-0.18975743786041743,0.03600788522335018,3.889915049685452,True,1,512,192,704,1.867820603707371e-07,4.800927472854325,2.4071690973084454,0.37942006625514496,hmm_filtered,704,full512,2026109999,1.6727102416748234,"[0.2697153120331659, 0.28837024082299356, 0.04524843289140969, 0.12237100249446416, 3.670962758741374e-16, 0.13214500485152533, -1.850790893092735e-24, 0.142150006906441]",markov_stationary
4.800926576127368,-0.5195702098043153,0.26995320291610025,2.306508147713758,True,1,512,192,704,1.867820603707371e-07,4.800927472854325,2.4071690973084454,0.0017486739777393425,hmm_stationary,704,full512,2026109999,1.6727102416748234,"[0.2697153120331659, 0.28837024082299356, 0.04524843289140969, 0.12237100249446416, 3.670962758741374e-16, 0.13214500485152533, -1.850790893092735e-24, 0.142150006906441]",markov_stationary
4.800926576127368,-0.5950911523720075,0.3541334796314438,1.943937647486336,True,1,512,192,704,1.867820603707371e-07,4.800927472854325,2.4071690973084454,0.03703248666354167,gaussian_iid,704,full512,2026109999,1.6727102416748234,"[0.2697153120331659, 0.28837024082299356, 0.04524843289140969, 0.12237100249446416, 3.670962758741374e-16, 0.13214500485152533, -1.850790893092735e-24, 0.142150006906441]",markov_stationary
4.800926576127368,-0.5019755272426183,0.2519794299505046,2.390978926822734,True,1,512,192,704,1.867820603707371e-07,4.800927472854325,2.4071690973084454,4.523656765170969e-05,ewma_gaussian,704,full512,2026109999,1.6727102416748234,"[0.2697153120331659, 0.28837024082299356, 0.04524843289140969, 0.12237100249446416, 3.670962758741374e-16, 0.13214500485152533, -1.850790893092735e-24, 0.142150006906441]",markov_stationary
4.800926576127368,-0.5873003993026821,0.3449217590210898,1.9813404809449062,True,1,512,192,704,1.867820603707371e-07,4.800927472854325,2.4071690973084454,0.03129366923931256,ar_gaussian,704,full512,2026109999,1.6727102416748234,"[0.2697153120331659, 0.28837024082299356, 0.04524843289140969, 0.12237100249446416, 3.670962758741374e-16, 0.13214500485152533, -1.850790893092735e-24, 0.142150006906441]",markov_stationary
4.992562063394852,-0.5039218639522979,0.2539372449691582,2.476700882511388,True,1,512,192,704,1.8758619326124247e-07,4.9925629999305645,2.4925375603738398,4.036869800400152e-05,raw,704,equal512,2026109999,1.7236588110476854,"[0.125, 0.125, 0.125, 0.125, 0.125, 0.125, 0.125, 0.125]",markov_stationary
4.992562063394852,-0.498269392837684,0.24827238783883426,2.5049211953626442,True,1,512,192,704,1.8758619326124247e-07,4.9925629999305645,2.4925375603738398,2.468384793061026e-05,iid_oic,704,equal512,2026109999,1.7236588110476854,"[0.125, 0.125, 0.125, 0.125, 0.125, 0.125, 0.125, 0.125]",markov_stationary
4.992562063394852,-0.14462041918256385,0.020915065644540484,4.270535644991723,True,1,512,192,704,1.8758619326124247e-07,4.9925629999305645,2.4925375603738398,0.5088375520504202,hmm_filtered,704,equal512,2026109999,1.7236588110476854,"[0.125, 0.125, 0.125, 0.125, 0.125, 0.125, 0.125, 0.125]",markov_stationary
4.992562063394852,-0.5076024143124499,0.25766021101582803,2.458325506410879,True,1,512,192,704,1.8758619326124247e-07,4.9925629999305645,2.4925375603738398,0.0001883973864802541,hmm_stationary,704,equal512,2026109999,1.7236588110476854,"[0.125, 0.125, 0.125, 0.125, 0.125, 0.125, 0.125, 0.125]",markov_stationary
4.992562063394852,-0.5861295437739373,0.3435478420846439,2.0662739389141604,True,1,512,192,704,1.8758619326124247e-07,4.9925629999305645,2.4925375603738398,0.029246447286301047,gaussian_iid,704,equal512,2026109999,1.7236588110476854,"[0.125, 0.125, 0.125, 0.125, 0.125, 0.125, 0.125, 0.125]",markov_stationary
4.992562063394852,-0.5939990942901192,0.35283492401748195,2.026984719551101,True,1,512,192,704,1.8758619326124247e-07,4.9925629999305645,2.4925375603738398,0.03488627012387805,ewma_gaussian,704,equal512,2026109999,1.7236588110476854,"[0.125, 0.125, 0.125, 0.125, 0.125, 0.125, 0.125, 0.125]",markov_stationary
4.992562063394852,-0.5742447806015213,0.3297570680480893,2.125609356661197,True,1,512,192,704,1.8758619326124247e-07,4.9925629999305645,2.4925375603738398,0.021670990746554895,ar_gaussian,704,equal512,2026109999,1.7236588110476854,"[0.125, 0.125, 0.125, 0.125, 0.125, 0.125, 0.125, 0.125]",markov_stationary
4.475551920577462,-0.4160296247839673,0.17308064869788864,2.613589734358456,True,1,512,320,832,3.83141006121515e-08,4.475552092054208,2.6215793549045356,9.288087344308435e-06,raw,832,full512,2026109999,1.9307469787455194,"[0.21422985453403642, 0.23835689337231708, 0.11168173223543873, 0.1400951817012703, 0.005362941127780208, 0.12132819852292671, 8.145552658890718e-17, 0.16894519850623047]",markov_shift
4.475551920577462,-0.3776041551009506,0.14258489794950274,2.7855649189973724,True,1,512,320,832,3.83141006121515e-08,4.475552092054208,2.6215793549045356,0.003912778105127617,iid_oic,832,full512,2026109999,1.9307469787455194,"[0.21422985453403642, 0.23835689337231708, 0.11168173223543873, 0.1400951817012703, 0.005362941127780208, 0.12132819852292671, 8.145552658890718e-17, 0.16894519850623047]",markov_shift
4.475551920577462,-0.0787936433689922,0.006208438235359928,4.122906878668073,True,1,512,320,832,3.83141006121515e-08,4.475552092054208,2.6215793549045356,0.3279630197441722,hmm_filtered,832,full512,2026109999,1.9307469787455194,"[0.21422985453403642, 0.23835689337231708, 0.11168173223543873, 0.1400951817012703, 0.005362941127780208, 0.12132819852292671, 8.145552658890718e-17, 0.16894519850623047]",markov_shift
4.475551920577462,-0.376320287140704,0.1416169585136619,2.7913109367126223,True,1,512,320,832,3.83141006121515e-08,4.475552092054208,2.6215793549045356,0.004191787909544917,hmm_stationary,832,full512,2026109999,1.9307469787455194,"[0.21422985453403642, 0.23835689337231708, 0.11168173223543873, 0.1400951817012703, 0.005362941127780208, 0.12132819852292671, 8.145552658890718e-17, 0.16894519850623047]",markov_shift
4.475551920577462,-0.47656891785250466,0.22711793346310732,2.342642984995162,True,1,512,320,832,3.83141006121515e-08,4.475552092054208,2.6215793549045356,0.011320986506676267,gaussian_iid,832,full512,2026109999,1.9307469787455194,"[0.21422985453403642, 0.23835689337231708, 0.11168173223543873, 0.1400951817012703, 0.005362941127780208, 0.12132819852292671, 8.145552658890718e-17, 0.16894519850623047]",markov_shift
4.475551920577462,0.1215354586312749,0.014770867704714334,5.019490175872927,True,1,512,320,832,3.83141006121515e-08,4.475552092054208,2.6215793549045356,0.8366427239221572,ewma_gaussian,832,full512,2026109999,1.9307469787455194,"[0.21422985453403642, 0.23835689337231708, 0.11168173223543873, 0.1400951817012703, 0.005362941127780208, 0.12132819852292671, 8.145552658890718e-17, 0.16894519850623047]",markov_shift
4.475551920577462,-0.4759659128481084,0.22654355019333314,2.3453417652007054,True,1,512,320,832,3.83141006121515e-08,4.475552092054208,2.6215793549045356,0.011102979432233144,ar_gaussian,832,full512,2026109999,1.9307469787455194,"[0.21422985453403642, 0.23835689337231708, 0.11168173223543873, 0.1400951817012703, 0.005362941127780208, 0.12132819852292671, 8.145552658890718e-17, 0.16894519850623047]",markov_shift
4.503137221306583,-0.3809535550475386,0.145125611103358,2.7876510879829453,True,1,512,320,832,3.63446816184944e-08,4.503137384971671,2.733622750999869,0.00039063040091085133,raw,832,equal512,2026109999,2.0761928390460036,"[0.125, 0.125, 0.125, 0.125, 0.125, 0.125, 0.125, 0.125]",markov_shift
4.503137221306583,-0.3752239587728402,0.1407930192371621,2.8134522462305993,True,1,512,320,832,3.63446816184944e-08,4.503137384971671,2.733622750999869,0.000852804740507835,iid_oic,832,equal512,2026109999,2.0761928390460036,"[0.125, 0.125, 0.125, 0.125, 0.125, 0.125, 0.125, 0.125]",markov_shift
4.503137221306583,-0.077197754839332,0.0059594933522336075,4.155505138088286,True,1,512,320,832,3.63446816184944e-08,4.503137384971671,2.733622750999869,0.27055165111564866,hmm_filtered,832,equal512,2026109999,2.0761928390460036,"[0.125, 0.125, 0.125, 0.125, 0.125, 0.125, 0.125, 0.125]",markov_shift
4.503137221306583,-0.3578325234336931,0.12804411482692452,2.8917682660382593,True,1,512,320,832,3.63446816184944e-08,4.503137384971671,2.733622750999869,0.0033468527039470556,hmm_stationary,832,equal512,2026109999,2.0761928390460036,"[0.125, 0.125, 0.125, 0.125, 0.125, 0.125, 0.125, 0.125]",markov_shift
4.503137221306583,-0.4589789614723786,0.2106616870742632,2.4362919761036745,True,1,512,320,832,3.63446816184944e-08,4.503137384971671,2.733622750999869,0.011830485424920888,gaussian_iid,832,equal512,2026109999,2.0761928390460036,"[0.125, 0.125, 0.125, 0.125, 0.125, 0.125, 0.125, 0.125]",markov_shift
4.503137221306583,0.014262336408302101,0.00020341423982357968,4.567362479249604,True,1,512,320,832,3.63446816184944e-08,4.503137384971671,2.733622750999869,0.4499851975470789,ewma_gaussian,832,equal512,2026109999,2.0761928390460036,"[0.125, 0.125, 0.125, 0.125, 0.125, 0.125, 0.125, 0.125]",markov_shift
4.503137221306583,-0.45583410206943065,0.2077847286094441,2.4504537095368657,True,1,512,320,832,3.63446816184944e-08,4.503137384971671,2.733622750999869,0.01073036217912577,ar_gaussian,832,equal512,2026109999,2.0761928390460036,"[0.125, 0.125, 0.125, 0.125, 0.125, 0.125, 0.125, 0.125]",markov_shift
4.800926576127368,-0.5362670891696,0.28758239092643567,2.22634765583057,True,1,512,192,704,1.867820603707371e-07,4.800927472854325,2.4071690973084454,0.005642696025919832,raw,704,full512,2026109999,1.6727102416748234,"[0.2697153120331659, 0.28837024082299356, 0.04524843289140969, 0.12237100249446416, 3.670962758741374e-16, 0.13214500485152533, -1.850790893092735e-24, 0.142150006906441]",markov_shift
4.800926576127368,-0.4952614270934649,0.24528388116665542,2.4232128286635852,True,1,512,192,704,1.867820603707371e-07,4.800927472854325,2.4071690973084454,4.442194436234781e-05,iid_oic,704,full512,2026109999,1.6727102416748234,"[0.2697153120331659, 0.28837024082299356, 0.04524843289140969, 0.12237100249446416, 3.670962758741374e-16, 0.13214500485152533, -1.850790893092735e-24, 0.142150006906441]",markov_shift
4.800926576127368,-0.18975743786041743,0.03600788522335018,3.889915049685452,True,1,512,192,704,1.867820603707371e-07,4.800927472854325,2.4071690973084454,0.37942006625514496,hmm_filtered,704,full512,2026109999,1.6727102416748234,"[0.2697153120331659, 0.28837024082299356, 0.04524843289140969, 0.12237100249446416, 3.670962758741374e-16, 0.13214500485152533, -1.850790893092735e-24, 0.142150006906441]",markov_shift
4.800926576127368,-0.5195702098043153,0.26995320291610025,2.306508147713758,True,1,512,192,704,1.867820603707371e-07,4.800927472854325,2.4071690973084454,0.0017486739777393425,hmm_stationary,704,full512,2026109999,1.6727102416748234,"[0.2697153120331659, 0.28837024082299356, 0.04524843289140969, 0.12237100249446416, 3.670962758741374e-16, 0.13214500485152533, -1.850790893092735e-24, 0.142150006906441]",markov_shift
4.800926576127368,-0.5950911523720075,0.3541334796314438,1.943937647486336,True,1,512,192,704,1.867820603707371e-07,4.800927472854325,2.4071690973084454,0.03703248666354167,gaussian_iid,704,full512,2026109999,1.6727102416748234,"[0.2697153120331659, 0.28837024082299356, 0.04524843289140969, 0.12237100249446416, 3.670962758741374e-16, 0.13214500485152533, -1.850790893092735e-24, 0.142150006906441]",markov_shift
4.800926576127368,-0.5019755272426183,0.2519794299505046,2.390978926822734,True,1,512,192,704,1.867820603707371e-07,4.800927472854325,2.4071690973084454,4.523656765170969e-05,ewma_gaussian,704,full512,2026109999,1.6727102416748234,"[0.2697153120331659, 0.28837024082299356, 0.04524843289140969, 0.12237100249446416, 3.670962758741374e-16, 0.13214500485152533, -1.850790893092735e-24, 0.142150006906441]",markov_shift
4.800926576127368,-0.5873003993026821,0.3449217590210898,1.9813404809449062,True,1,512,192,704,1.867820603707371e-07,4.800927472854325,2.4071690973084454,0.03129366923931256,ar_gaussian,704,full512,2026109999,1.6727102416748234,"[0.2697153120331659, 0.28837024082299356, 0.04524843289140969, 0.12237100249446416, 3.670962758741374e-16, 0.13214500485152533, -1.850790893092735e-24, 0.142150006906441]",markov_shift
4.992562063394852,-0.5039218639522979,0.2539372449691582,2.476700882511388,True,1,512,192,704,1.8758619326124247e-07,4.9925629999305645,2.4925375603738398,4.036869800400152e-05,raw,704,equal512,2026109999,1.7236588110476854,"[0.125, 0.125, 0.125, 0.125, 0.125, 0.125, 0.125, 0.125]",markov_shift
4.992562063394852,-0.498269392837684,0.24827238783883426,2.5049211953626442,True,1,512,192,704,1.8758619326124247e-07,4.9925629999305645,2.4925375603738398,2.468384793061026e-05,iid_oic,704,equal512,2026109999,1.7236588110476854,"[0.125, 0.125, 0.125, 0.125, 0.125, 0.125, 0.125, 0.125]",markov_shift
4.992562063394852,-0.14462041918256385,0.020915065644540484,4.270535644991723,True,1,512,192,704,1.8758619326124247e-07,4.9925629999305645,2.4925375603738398,0.5088375520504202,hmm_filtered,704,equal512,2026109999,1.7236588110476854,"[0.125, 0.125, 0.125, 0.125, 0.125, 0.125, 0.125, 0.125]",markov_shift
4.992562063394852,-0.5076024143124499,0.25766021101582803,2.458325506410879,True,1,512,192,704,1.8758619326124247e-07,4.9925629999305645,2.4925375603738398,0.0001883973864802541,hmm_stationary,704,equal512,2026109999,1.7236588110476854,"[0.125, 0.125, 0.125, 0.125, 0.125, 0.125, 0.125, 0.125]",markov_shift
4.992562063394852,-0.5861295437739373,0.3435478420846439,2.0662739389141604,True,1,512,192,704,1.8758619326124247e-07,4.9925629999305645,2.4925375603738398,0.029246447286301047,gaussian_iid,704,equal512,2026109999,1.7236588110476854,"[0.125, 0.125, 0.125, 0.125, 0.125, 0.125, 0.125, 0.125]",markov_shift
4.992562063394852,-0.5939990942901192,0.35283492401748195,2.026984719551101,True,1,512,192,704,1.8758619326124247e-07,4.9925629999305645,2.4925375603738398,0.03488627012387805,ewma_gaussian,704,equal512,2026109999,1.7236588110476854,"[0.125, 0.125, 0.125, 0.125, 0.125, 0.125, 0.125, 0.125]",markov_shift
4.992562063394852,-0.5742447806015213,0.3297570680480893,2.125609356661197,True,1,512,192,704,1.8758619326124247e-07,4.9925629999305645,2.4925375603738398,0.021670990746554895,ar_gaussian,704,equal512,2026109999,1.7236588110476854,"[0.125, 0.125, 0.125, 0.125, 0.125, 0.125, 0.125, 0.125]",markov_shift
1.711124991489117,0.3029444718764558,0.09177535304050471,2.2295008483503924,True,1,512,192,704,-0.0020158701296334714,1.7076755857307047,2.3319380057127175,0.0019296610705766876,raw,704,full512,2026109998,1.55805970490603,"[0.2767917445762357, 0.2960555414759068, 0.1293452847855184, 0.06293661375470568, 6.480883508666588e-24, 4.410686418203781e-17, 0.1329282804915995, 0.10194253491603397]",markov_shift
1.711124991489117,0.37460990430969265,0.1403325804069171,2.3521293608127785,True,1,512,192,704,-0.0020158701296334714,1.7076755857307047,2.3319380057127175,7.4971626377717e-05,iid_oic,704,full512,2026109998,1.55805970490603,"[0.2767917445762357, 0.2960555414759068, 0.1293452847855184, 0.06293661375470568, 6.480883508666588e-24, 4.410686418203781e-17, 0.1329282804915995, 0.10194253491603397]",markov_shift
1.711124991489117,0.011632469228966436,0.00013531434036285098,1.7310296002995293,True,1,512,192,704,-0.0020158701296334714,1.7076755857307047,2.3319380057127175,0.06640221349232032,hmm_filtered,704,full512,2026109998,1.55805970490603,"[0.2767917445762357, 0.2960555414759068, 0.1293452847855184, 0.06293661375470568, 6.480883508666588e-24, 4.410686418203781e-17, 0.1329282804915995, 0.10194253491603397]",markov_shift
1.711124991489117,0.35635396599425784,0.12698814907983666,2.3208911685181546,True,1,512,192,704,-0.0020158701296334714,1.7076755857307047,2.3319380057127175,2.244098450773946e-05,hmm_stationary,704,full512,2026109998,1.55805970490603,"[0.2767917445762357, 0.2960555414759068, 0.1293452847855184, 0.06293661375470568, 6.480883508666588e-24, 4.410686418203781e-17, 0.1329282804915995, 0.10194253491603397]",markov_shift
1.711124991489117,0.14650908091148818,0.021464910789528988,1.9618203413168656,True,1,512,192,704,-0.0020158701296334714,1.7076755857307047,2.3319380057127175,0.025191012574060197,gaussian_iid,704,full512,2026109998,1.55805970490603,"[0.2767917445762357, 0.2960555414759068, 0.1293452847855184, 0.06293661375470568, 6.480883508666588e-24, 4.410686418203781e-17, 0.1329282804915995, 0.10194253491603397]",markov_shift
1.711124991489117,0.7351695981060007,0.5404743379793385,2.969092063791305,True,1,512,192,704,-0.0020158701296334714,1.7076755857307047,2.3319380057127175,0.07465431344654178,ewma_gaussian,704,full512,2026109998,1.55805970490603,"[0.2767917445762357, 0.2960555414759068, 0.1293452847855184, 0.06293661375470568, 6.480883508666588e-24, 4.410686418203781e-17, 0.1329282804915995, 0.10194253491603397]",markov_shift
1.711124991489117,0.15161365633377777,0.022986700786896873,1.9705549078928861,True,1,512,192,704,-0.0020158701296334714,1.7076755857307047,2.3319380057127175,0.024016055118784588,ar_gaussian,704,full512,2026109998,1.55805970490603,"[0.2767917445762357, 0.2960555414759068, 0.1293452847855184, 0.06293661375470568, 6.480883508666588e-24, 4.410686418203781e-17, 0.1329282804915995, 0.10194253491603397]",markov_shift
1.8574459911957328,0.35435772049588676,0.125569394075041,2.5156463185800755,True,1,512,192,704,-0.0018943467523694205,1.8539273444146096,2.4907207831943605,0.00010014722081180266,raw,704,equal512,2026109998,1.7052291624511537,"[0.125, 0.125, 0.125, 0.125, 0.125, 0.125, 0.125, 0.125]",markov_shift
1.8574459911957328,0.3677562297673356,0.1352446445326853,2.540533325914327,True,1,512,192,704,-0.0018943467523694205,1.8539273444146096,2.4907207831943605,0.00039996992181984774,iid_oic,704,equal512,2026109998,1.7052291624511537,"[0.125, 0.125, 0.125, 0.125, 0.125, 0.125, 0.125, 0.125]",markov_shift
1.8574459911957328,0.01495401436553001,0.00022362254564447793,1.88522226523127,True,1,512,192,704,-0.0018943467523694205,1.8539273444146096,2.4907207831943605,0.05909844851744734,hmm_filtered,704,equal512,2026109998,1.7052291624511537,"[0.125, 0.125, 0.125, 0.125, 0.125, 0.125, 0.125, 0.125]",markov_shift
1.8574459911957328,0.369553162074294,0.13656953959910942,2.543871030624337,True,1,512,192,704,-0.0018943467523694205,1.8539273444146096,2.4907207831943605,0.0004553658859219153,hmm_stationary,704,equal512,2026109998,1.7052291624511537,"[0.125, 0.125, 0.125, 0.125, 0.125, 0.125, 0.125, 0.125]",markov_shift
1.8574459911957328,0.13843258319123009,0.019163580088996837,2.114577037895153,True,1,512,192,704,-0.0018943467523694205,1.8539273444146096,2.4907207831943605,0.022806445305184327,gaussian_iid,704,equal512,2026109998,1.7052291624511537,"[0.125, 0.125, 0.125, 0.125, 0.125, 0.125, 0.125, 0.125]",markov_shift
1.8574459911957328,0.8476094770677067,0.7184418256149913,3.431834816474656,True,1,512,192,704,-0.0018943467523694205,1.8539273444146096,2.4907207831943605,0.14276916170941648,ewma_gaussian,704,equal512,2026109998,1.7052291624511537,"[0.125, 0.125, 0.125, 0.125, 0.125, 0.125, 0.125, 0.125]",markov_shift
1.8574459911957328,0.14288629315061074,0.02041649277032227,2.122849563605153,True,1,512,192,704,-0.0018943467523694205,1.8539273444146096,2.4907207831943605,0.021814312734732874,ar_gaussian,704,equal512,2026109998,1.7052291624511537,"[0.125, 0.125, 0.125, 0.125, 0.125, 0.125, 0.125, 0.125]",markov_shift
2.1330737203395866,0.01621159737884037,0.000262815889573624,2.1676542526731173,True,1,512,448,960,-0.18839773315636774,1.7312074667721886,2.485005021946768,0.016308896226970748,raw,960,full512,2026109998,1.5249443258769384,"[0.23733583944854622, 0.2360175701300657, 0.10450038015424072, 0.1190760719295382, -4.9741769780569495e-24, 2.6356960374149472e-24, 0.30307013833760926, -6.794543842474569e-26]",markov_stationary
2.1330737203395866,0.09169002106528823,0.008407059962953,2.328655294691336,True,1,512,448,960,-0.18839773315636774,1.7312074667721886,2.485005021946768,0.003958582628193412,iid_oic,960,full512,2026109998,1.5249443258769384,"[0.23733583944854622, 0.2360175701300657, 0.10450038015424072, 0.1190760719295382, -4.9741769780569495e-24, 2.6356960374149472e-24, 0.30307013833760926, -6.794543842474569e-26]",markov_stationary
2.1330737203395866,-0.1506336299763581,0.02269049047985437,1.8117610828376598,True,1,512,448,960,-0.18839773315636774,1.7312074667721886,2.485005021946768,0.07339903721292597,hmm_filtered,960,full512,2026109998,1.5249443258769384,"[0.23733583944854622, 0.2360175701300657, 0.10450038015424072, 0.1190760719295382, -4.9741769780569495e-24, 2.6356960374149472e-24, 0.30307013833760926, -6.794543842474569e-26]",markov_stationary
2.1330737203395866,0.029400201871093712,0.0008643718700610622,2.1957865183234953,True,1,512,448,960,-0.18839773315636774,1.7312074667721886,2.485005021946768,0.0135455800804972,hmm_stationary,960,full512,2026109998,1.5249443258769384,"[0.23733583944854622, 0.2360175701300657, 0.10450038015424072, 0.1190760719295382, -4.9741769780569495e-24, 2.6356960374149472e-24, 0.30307013833760926, -6.794543842474569e-26]",markov_stationary
2.1330737203395866,-0.07516373429725909,0.005649586953508963,1.972743933987516,True,1,512,448,960,-0.18839773315636774,1.7312074667721886,2.485005021946768,0.04249405675481571,gaussian_iid,960,full512,2026109998,1.5249443258769384,"[0.23733583944854622, 0.2360175701300657, 0.10450038015424072, 0.1190760719295382, -4.9741769780569495e-24, 2.6356960374149472e-24, 0.30307013833760926, -6.794543842474569e-26]",markov_stationary
2.1330737203395866,-0.07984703147722105,0.00637554843572433,1.9627541158483988,True,1,512,448,960,-0.18839773315636774,1.7312074667721886,2.485005021946768,0.044167606287517744,ewma_gaussian,960,full512,2026109998,1.5249443258769384,"[0.23733583944854622, 0.2360175701300657, 0.10450038015424072, 0.1190760719295382, -4.9741769780569495e-24, 2.6356960374149472e-24, 0.30307013833760926, -6.794543842474569e-26]",markov_stationary
2.1330737203395866,-0.09334409499472374,0.008713120070384009,1.9339638843574596,True,1,512,448,960,-0.18839773315636774,1.7312074667721886,2.485005021946768,0.04917150517417132,ar_gaussian,960,full512,2026109998,1.5249443258769384,"[0.23733583944854622, 0.2360175701300657, 0.10450038015424072, 0.1190760719295382, -4.9741769780569495e-24, 2.6356960374149472e-24, 0.30307013833760926, -6.794543842474569e-26]",markov_stationary
2.1546927282475394,0.1618844657155123,0.026206580239996877,2.503504009340992,True,1,512,448,960,-0.17695939231185911,1.773399612438073,2.4886072616264365,3.5831929709948347e-05,raw,960,equal512,2026109998,1.5881044998359792,"[0.125, 0.125, 0.125, 0.125, 0.125, 0.125, 0.125, 0.125]",markov_stationary
2.1546927282475394,0.1764923068752693,0.031149534386154226,2.5349794184633154,True,1,512,448,960,-0.17695939231185911,1.773399612438073,2.4886072616264365,0.00034721770643200743,iid_oic,960,equal512,2026109998,1.5881044998359792,"[0.125, 0.125, 0.125, 0.125, 0.125, 0.125, 0.125, 0.125]",markov_stationary
2.1546927282475394,-0.11682270941756523,0.013647545435660883,1.9029756857713362,True,1,512,448,960,-0.17695939231185911,1.773399612438073,2.4886072616264365,0.0553778692442057,hmm_filtered,960,equal512,2026109998,1.5881044998359792,"[0.125, 0.125, 0.125, 0.125, 0.125, 0.125, 0.125, 0.125]",markov_stationary
2.1546927282475394,0.11056129304336726,0.01222379951942133,2.3929183423937284,True,1,512,448,960,-0.17695939231185911,1.773399612438073,2.4886072616264365,0.0014784633759540936,hmm_stationary,960,equal512,2026109998,1.5881044998359792,"[0.125, 0.125, 0.125, 0.125, 0.125, 0.125, 0.125, 0.125]",markov_stationary
2.1546927282475394,-0.040199171379113774,0.00161597337956736,2.0680758659953864,True,1,512,448,960,-0.17695939231185911,1.773399612438073,2.4886072616264365,0.028555128633896854,gaussian_iid,960,equal512,2026109998,1.5881044998359792,"[0.125, 0.125, 0.125, 0.125, 0.125, 0.125, 0.125, 0.125]",markov_stationary
2.1546927282475394,-0.12254329982990053,0.015016860333200899,1.890649571208595,True,1,512,448,960,-0.17695939231185911,1.773399612438073,2.4886072616264365,0.05773353945384851,ewma_gaussian,960,equal512,2026109998,1.5881044998359792,"[0.125, 0.125, 0.125, 0.125, 0.125, 0.125, 0.125, 0.125]",markov_stationary
2.1546927282475394,-0.04371689183163918,0.0019111666314192406,2.0604962593163223,True,1,512,448,960,-0.17695939231185911,1.773399612438073,2.4886072616264365,0.02959375338269065,ar_gaussian,960,equal512,2026109998,1.5881044998359792,"[0.125, 0.125, 0.125, 0.125, 0.125, 0.125, 0.125, 0.125]",markov_stationary
1.5923441383337753,0.33898625384724523,0.11491168029738899,2.1321269126231615,True,1,512,64,576,-0.002777067328745761,1.5879220914510888,2.3592232367037314,0.00926578321103021,raw,576,full512,2026109998,1.3571954348646391,"[0.3916640284155125, 0.16332728041249628, 0.05318993815271338, 0.16438175999774496, 6.367897531119477e-17, -5.5446538549550585e-25, 0.07282141772454612, 0.15461557529698694]",markov_shift
1.5923441383337753,0.5103868821700881,0.2604947694913034,2.4050556984397664,True,1,512,64,576,-0.002777067328745761,1.5879220914510888,2.3592232367037314,0.00037740556084280295,iid_oic,576,full512,2026109998,1.3571954348646391,"[0.3916640284155125, 0.16332728041249628, 0.05318993815271338, 0.16438175999774496, 6.367897531119477e-17, -5.5446538549550585e-25, 0.07282141772454612, 0.15461557529698694]",markov_shift
1.5923441383337753,-0.010778080834694226,0.00011616702647920299,1.5751817244941624,True,1,512,64,576,-0.002777067328745761,1.5879220914510888,2.3592232367037314,0.11044346948366933,hmm_filtered,576,full512,2026109998,1.3571954348646391,"[0.3916640284155125, 0.16332728041249628, 0.05318993815271338, 0.16438175999774496, 6.367897531119477e-17, -5.5446538549550585e-25, 0.07282141772454612, 0.15461557529698694]",markov_shift
1.5923441383337753,0.3192290753850464,0.10190720257119165,2.1006666853088647,True,1,512,64,576,-0.002777067328745761,1.5879220914510888,2.3592232367037314,0.012010829970124235,hmm_stationary,576,full512,2026109998,1.3571954348646391,"[0.3916640284155125, 0.16332728041249628, 0.05318993815271338, 0.16438175999774496, 6.367897531119477e-17, -5.5446538549550585e-25, 0.07282141772454612, 0.15461557529698694]",markov_shift
1.5923441383337753,0.16779538460786902,0.028155291095702688,1.859532135453577,True,1,512,64,576,-0.002777067328745761,1.5879220914510888,2.3592232367037314,0.04486060813523451,gaussian_iid,576,full512,2026109998,1.3571954348646391,"[0.3916640284155125, 0.16332728041249628, 0.05318993815271338, 0.16438175999774496, 6.367897531119477e-17, -5.5446538549550585e-25, 0.07282141772454612, 0.15461557529698694]",markov_shift
1.5923441383337753,0.28940734916387,0.08375661375005818,2.05318023436558,True,1,512,64,576,-0.002777067328745761,1.5879220914510888,2.3592232367037314,0.01682778030753274,ewma_gaussian,576,full512,2026109998,1.3571954348646391,"[0.3916640284155125, 0.16332728041249628, 0.05318993815271338, 0.16438175999774496, 6.367897531119477e-17, -5.5446538549550585e-25, 0.07282141772454612, 0.15461557529698694]",markov_shift
1.5923441383337753,0.17178491242019867,0.029510056135215325,1.8658848366802596,True,1,512,64,576,-0.002777067328745761,1.5879220914510888,2.3592232367037314,0.04372720996471396,ar_gaussian,576,full512,2026109998,1.3571954348646391,"[0.3916640284155125, 0.16332728041249628, 0.05318993815271338, 0.16438175999774496, 6.367897531119477e-17, -5.5446538549550585e-25, 0.07282141772454612, 0.15461557529698694]",markov_shift
1.7844686936870169,0.3670852089946799,0.1347515506626678,2.439520757053579,True,1,512,64,576,-0.0022735779757130066,1.7804115649667007,2.488063046607289,0.00038064291530845115,raw,576,equal512,2026109998,1.5990135803714416,"[0.125, 0.125, 0.125, 0.125, 0.125, 0.125, 0.125, 0.125]",markov_shift
1.7844686936870169,0.37982616876007835,0.1442679184749595,2.4622566008824585,True,1,512,64,576,-0.0022735779757130066,1.7804115649667007,2.488063046607289,0.00010758051676505801,iid_oic,576,equal512,2026109998,1.5990135803714416,"[0.125, 0.125, 0.125, 0.125, 0.125, 0.125, 0.125, 0.125]",markov_shift
1.7844686936870169,0.012778693736132274,0.0001632950136018662,1.8072718726053594,True,1,512,64,576,-0.0022735779757130066,1.7804115649667007,2.488063046607289,0.07486952391421516,hmm_filtered,576,equal512,2026109998,1.5990135803714416,"[0.125, 0.125, 0.125, 0.125, 0.125, 0.125, 0.125, 0.125]",markov_shift
1.7844686936870169,0.3519376463507764,0.12386010691892416,2.41249040572987,True,1,512,64,576,-0.0022735779757130066,1.7804115649667007,2.488063046607289,0.000922585098537097,hmm_stationary,576,equal512,2026109998,1.5990135803714416,"[0.125, 0.125, 0.125, 0.125, 0.125, 0.125, 0.125, 0.125]",markov_shift
1.7844686936870169,0.15265352785563402,0.023303099566770832,2.0568741351262747,True,1,512,64,576,-0.0022735779757130066,1.7804115649667007,2.488063046607289,0.03003394670907592,gaussian_iid,576,equal512,2026109998,1.5990135803714416,"[0.125, 0.125, 0.125, 0.125, 0.125, 0.125, 0.125, 0.125]",markov_shift
1.7844686936870169,0.04887672611978311,0.0023889343561882886,1.8716876812976841,True,1,512,64,576,-0.0022735779757130066,1.7804115649667007,2.488063046607289,0.06137164776914829,ewma_gaussian,576,equal512,2026109998,1.5990135803714416,"[0.125, 0.125, 0.125, 0.125, 0.125, 0.125, 0.125, 0.125]",markov_shift
1.7844686936870169,0.14672757277493997,0.021528980612425305,2.046299453804581,True,1,512,64,576,-0.0022735779757130066,1.7804115649667007,2.488063046607289,0.031525144121853,ar_gaussian,576,equal512,2026109998,1.5990135803714416,"[0.125, 0.125, 0.125, 0.125, 0.125, 0.125, 0.125, 0.125]",markov_shift
2.0777670105880155,0.08272014352641421,0.006842622145030567,2.2496401959183046,True,1,512,256,768,-0.0014621974285878919,2.074728905007929,2.406971031810276,0.004272538384116999,raw,768,full512,2026109999,1.7184122820660837,"[0.25853137392023884, 0.2935260832904134, 0.050466403210604555, 0.11053438942781674, 1.175963580628559e-16, 0.12453045633846692, 0.004064889315394733, 0.15834640449706475]",markov_shift
2.0777670105880155,0.1793217607698372,0.03215629388559472,2.4503558493961393,True,1,512,256,768,-0.0014621974285878919,2.074728905007929,2.406971031810276,0.0003248881151178738,iid_oic,768,full512,2026109999,1.7184122820660837,"[0.25853137392023884, 0.2935260832904134, 0.050466403210604555, 0.11053438942781674, 1.175963580628559e-16, 0.12453045633846692, 0.004064889315394733, 0.15834640449706475]",markov_shift
2.0777670105880155,-0.1219233031879221,0.014865291860253977,1.8244387934022304,True,1,512,256,768,-0.0014621974285878919,2.074728905007929,2.406971031810276,0.058573099081776395,hmm_filtered,768,full512,2026109999,1.7184122820660837,"[0.25853137392023884, 0.2935260832904134, 0.050466403210604555, 0.11053438942781674, 1.175963580628559e-16, 0.12453045633846692, 0.004064889315394733, 0.15834640449706475]",markov_shift
2.0777670105880155,0.13124954162724412,0.017226442177361686,2.350472978335902,True,1,512,256,768,-0.0014621974285878919,2.074728905007929,2.406971031810276,0.0005509665635244554,hmm_stationary,768,full512,2026109999,1.7184122820660837,"[0.25853137392023884, 0.2935260832904134, 0.050466403210604555, 0.11053438942781674, 1.175963580628559e-16, 0.12453045633846692, 0.004064889315394733, 0.15834640449706475]",markov_shift
2.0777670105880155,-0.01948623633850821,0.0003797134066401979,2.0372791515633417,True,1,512,256,768,-0.0014621974285878919,2.074728905007929,2.406971031810276,0.02359055166627148,gaussian_iid,768,full512,2026109999,1.7184122820660837,"[0.25853137392023884, 0.2935260832904134, 0.050466403210604555, 0.11053438942781674, 1.175963580628559e-16, 0.12453045633846692, 0.004064889315394733, 0.15834640449706475]",markov_shift
2.0777670105880155,-0.13673983599698458,0.01869778274848224,1.7936534903202652,True,1,512,256,768,-0.0014621974285878919,2.074728905007929,2.406971031810276,0.06492755446151047,ewma_gaussian,768,full512,2026109999,1.7184122820660837,"[0.25853137392023884, 0.2935260832904134, 0.050466403210604555, 0.11053438942781674, 1.175963580628559e-16, 0.12453045633846692, 0.004064889315394733, 0.15834640449706475]",markov_shift
2.0777670105880155,-0.02234480924378246,0.000499290500141026,2.031339703083402,True,1,512,256,768,-0.0014621974285878919,2.074728905007929,2.406971031810276,0.024354649621741546,ar_gaussian,768,full512,2026109999,1.7184122820660837,"[0.25853137392023884, 0.2935260832904134, 0.050466403210604555, 0.11053438942781674, 1.175963580628559e-16, 0.12453045633846692, 0.004064889315394733, 0.15834640449706475]",markov_shift
2.1838973043015075,0.162146942310049,0.02629163090049836,2.5380095745131555,True,1,512,256,768,-0.0013781609790454344,2.1808875422544767,2.510030067856269,0.00012425739863801264,raw,768,equal512,2026109999,1.8307105932299994,"[0.125, 0.125, 0.125, 0.125, 0.125, 0.125, 0.125, 0.125]",markov_shift
2.1838973043015075,0.17456259749370107,0.03047210044374789,2.56512409039987,True,1,512,256,768,-0.0013781609790454344,2.1808875422544767,2.510030067856269,0.00048178260647054153,iid_oic,768,equal512,2026109999,1.8307105932299994,"[0.125, 0.125, 0.125, 0.125, 0.125, 0.125, 0.125, 0.125]",markov_shift
2.1838973043015075,-0.10839969537174854,0.011750493956687882,1.9471635017920412,True,1,512,256,768,-0.0013781609790454344,2.1808875422544767,2.510030067856269,0.05028669082113831,hmm_filtered,768,equal512,2026109999,1.8307105932299994,"[0.125, 0.125, 0.125, 0.125, 0.125, 0.125, 0.125, 0.125]",markov_shift
2.1838973043015075,0.1581778752688232,0.025020240224559395,2.5293415397012304,True,1,512,256,768,-0.0013781609790454344,2.1808875422544767,2.510030067856269,5.919334773789676e-05,hmm_stationary,768,equal512,2026109999,1.8307105932299994,"[0.125, 0.125, 0.125, 0.125, 0.125, 0.125, 0.125, 0.125]",markov_shift
2.1838973043015075,-0.007166030675160973,5.135199563734802e-05,2.1682474292274816,True,1,512,256,768,-0.0013781609790454344,2.1808875422544767,2.510030067856269,0.018541384010246336,gaussian_iid,768,equal512,2026109999,1.8307105932299994,"[0.125, 0.125, 0.125, 0.125, 0.125, 0.125, 0.125, 0.125]",markov_shift
2.1838973043015075,-0.144465889321292,0.020870393177391793,1.868398638049218,True,1,512,256,768,-0.0013781609790454344,2.1808875422544767,2.510030067856269,0.06534515776215141,ewma_gaussian,768,equal512,2026109999,1.8307105932299994,"[0.125, 0.125, 0.125, 0.125, 0.125, 0.125, 0.125, 0.125]",markov_shift
2.1838973043015075,-0.01101724494446954,0.00012137968616643963,2.159836772766451,True,1,512,256,768,-0.0013781609790454344,2.1808875422544767,2.510030067856269,0.01946515227151229,ar_gaussian,768,equal512,2026109999,1.8307105932299994,"[0.125, 0.125, 0.125, 0.125, 0.125, 0.125, 0.125, 0.125]",markov_shift
2.261770958218882,0.2636660025948536,0.06951976092434936,2.858123065557586,True,1,512,384,896,-0.002961915323479487,2.2550717841595325,2.744888307075698,0.0017018064366050322,raw,896,full512,2026109999,2.030501081352934,"[0.4077038812480309, 0.1607094292610735, 0.09612587749328617, 0.13878851007219262, 0.01055528347360313, 0.07285323831103631, 1.6388753772082736e-24, 0.11326378014077745]",markov_shift
2.261770958218882,0.37948331739444163,0.14400758818069054,3.120075304630188,True,1,512,384,896,-0.002961915323479487,2.2550717841595325,2.744888307075698,0.018682982365214505,iid_oic,896,full512,2026109999,2.030501081352934,"[0.4077038812480309, 0.1607094292610735, 0.09612587749328617, 0.13878851007219262, 0.01055528347360313, 0.07285323831103631, 1.6388753772082736e-24, 0.11326378014077745]",markov_shift
2.261770958218882,-0.054325975649335057,0.0029513116302521455,2.1388980442183096,True,1,512,384,896,-0.002961915323479487,2.2550717841595325,2.744888307075698,0.04873959740095625,hmm_filtered,896,full512,2026109999,2.030501081352934,"[0.4077038812480309, 0.1607094292610735, 0.09612587749328617, 0.13878851007219262, 0.01055528347360313, 0.07285323831103631, 1.6388753772082736e-24, 0.11326378014077745]",markov_shift
2.261770958218882,0.2959883798333889,0.0876091209963945,2.9312288796963,True,1,512,384,896,-0.002961915323479487,2.2550717841595325,2.744888307075698,0.004608562664459219,hmm_stationary,896,full512,2026109999,2.030501081352934,"[0.4077038812480309, 0.1607094292610735, 0.09612587749328617, 0.13878851007219262, 0.01055528347360313, 0.07285323831103631, 1.6388753772082736e-24, 0.11326378014077745]",markov_shift
2.261770958218882,0.11450532384698109,0.013111469189302016,2.520755774257432,True,1,512,384,896,-0.002961915323479487,2.2550717841595325,2.744888307075698,0.0066674603776471905,gaussian_iid,896,full512,2026109999,2.030501081352934,"[0.4077038812480309, 0.1607094292610735, 0.09612587749328617, 0.13878851007219262, 0.01055528347360313, 0.07285323831103631, 1.6388753772082736e-24, 0.11326378014077745]",markov_shift
2.261770958218882,0.5675180787179941,0.32207676967176335,3.5453668669274183,True,1,512,384,896,-0.002961915323479487,2.2550717841595325,2.744888307075698,0.08504524841928324,ewma_gaussian,896,full512,2026109999,2.030501081352934,"[0.4077038812480309, 0.1607094292610735, 0.09612587749328617, 0.13878851007219262, 0.01055528347360313, 0.07285323831103631, 1.6388753772082736e-24, 0.11326378014077745]",markov_shift
2.261770958218882,0.11043876333956448,0.012196720447972332,2.511558145801917,True,1,512,384,896,-0.002961915323479487,2.2550717841595325,2.744888307075698,0.007225907671739368,ar_gaussian,896,full512,2026109999,2.030501081352934,"[0.4077038812480309, 0.1607094292610735, 0.09612587749328617, 0.13878851007219262, 0.01055528347360313, 0.07285323831103631, 1.6388753772082736e-24, 0.11326378014077745]",markov_shift
2.4540649547643554,0.26133514999954355,0.06829606062528393,3.095398387826321,True,1,512,384,896,-0.002608684730337609,2.447663072989605,2.9157427859883214,0.0037964974052267504,raw,896,equal512,2026109999,2.234158209637735,"[0.125, 0.125, 0.125, 0.125, 0.125, 0.125, 0.125, 0.125]",markov_shift
2.4540649547643554,0.2730936441180596,0.07458013845768138,3.1242544961633745,True,1,512,384,896,-0.002608684730337609,2.447663072989605,2.9157427859883214,0.005114020693457756,iid_oic,896,equal512,2026109999,2.234158209637735,"[0.125, 0.125, 0.125, 0.125, 0.125, 0.125, 0.125, 0.125]",markov_shift
2.4540649547643554,-0.04834386387347722,0.0023371291742172963,2.3354259726545563,True,1,512,384,896,-0.002608684730337609,2.447663072989605,2.9157427859883214,0.039612466714779006,hmm_filtered,896,equal512,2026109999,2.234158209637735,"[0.125, 0.125, 0.125, 0.125, 0.125, 0.125, 0.125, 0.125]",markov_shift
2.4540649547643554,0.25979403454934835,0.06749294038742801,3.0916163904087512,True,1,512,384,896,-0.002608684730337609,2.447663072989605,2.9157427859883214,0.0036383368825080547,hmm_stationary,896,equal512,2026109999,2.234158209637735,"[0.125, 0.125, 0.125, 0.125, 0.125, 0.125, 0.125, 0.125]",markov_shift
2.4540649547643554,0.08525706223943863,0.007268766661699512,2.6632913233523254,True,1,512,384,896,-0.002608684730337609,2.447663072989605,2.9157427859883214,0.007496479589349372,gaussian_iid,896,equal512,2026109999,2.234158209637735,"[0.125, 0.125, 0.125, 0.125, 0.125, 0.125, 0.125, 0.125]",markov_shift
2.4540649547643554,0.6392844797437878,0.4086846460412854,4.022910592628349,True,1,512,384,896,-0.002608684730337609,2.447663072989605,2.9157427859883214,0.14418778784954475,ewma_gaussian,896,equal512,2026109999,2.234158209637735,"[0.125, 0.125, 0.125, 0.125, 0.125, 0.125, 0.125, 0.125]",markov_shift
2.4540649547643554,0.086167269143818,0.00742479827170317,2.665525030217947,True,1,512,384,896,-0.002608684730337609,2.447663072989605,2.9157427859883214,0.007364407803304832,ar_gaussian,896,equal512,2026109999,2.234158209637735,"[0.125, 0.125, 0.125, 0.125, 0.125, 0.125, 0.125, 0.125]",markov_shift
3.819629811270064,-0.22456949320148223,0.05043145727677057,2.9618574803358726,True,1,512,448,960,1.2789148555541263e-15,3.819629811270069,2.9327393224961344,9.85781962146272e-05,raw,960,full512,2026109998,2.3336603804709126,"[0.3781440609357919, 0.10247781502336842, 0.17702252509887106, 0.0032338617747418273, 0.021719656774605824, 2.122314771678322e-16, 0.19265798830737982, 0.12474409208524087]",markov_shift
3.819629811270064,-0.16712215715069623,0.027929815410702007,3.1812850376935042,True,1,512,448,960,1.2789148555541263e-15,3.819629811270069,2.9327393224961344,0.007182334648580201,iid_oic,960,full512,2026109998,2.3336603804709126,"[0.3781440609357919, 0.10247781502336842, 0.17702252509887106, 0.0032338617747418273, 0.021719656774605824, 2.122314771678322e-16, 0.19265798830737982, 0.12474409208524087]",markov_shift
3.819629811270064,0.027609958875985496,0.0007623098291336103,3.925089633280719,True,1,512,448,960,1.2789148555541263e-15,3.819629811270069,2.9327393224961344,0.11449409681052963,hmm_filtered,960,full512,2026109998,2.3336603804709126,"[0.3781440609357919, 0.10247781502336842, 0.17702252509887106, 0.0032338617747418273, 0.021719656774605824, 2.122314771678322e-16, 0.19265798830737982, 0.12474409208524087]",markov_shift
3.819629811270064,-0.2004267745969356,0.04017089197533082,3.054073728042903,True,1,512,448,960,1.2789148555541263e-15,3.819629811270069,2.9327393224961344,0.0017116738227879109,hmm_stationary,960,full512,2026109998,2.3336603804709126,"[0.3781440609357919, 0.10247781502336842, 0.17702252509887106, 0.0032338617747418273, 0.021719656774605824, 2.122314771678322e-16, 0.19265798830737982, 0.12474409208524087]",markov_shift
3.819629811270064,-0.307614823290695,0.09462687950816552,2.6446550618403526,True,1,512,448,960,1.2789148555541263e-15,3.819629811270069,2.9327393224961344,0.00964921844505568,gaussian_iid,960,full512,2026109998,2.3336603804709126,"[0.3781440609357919, 0.10247781502336842, 0.17702252509887106, 0.0032338617747418273, 0.021719656774605824, 2.122314771678322e-16, 0.19265798830737982, 0.12474409208524087]",markov_shift
3.819629811270064,0.19257534089345785,0.037085261920231496,4.55519632426221,True,1,512,448,960,1.2789148555541263e-15,3.819629811270069,2.9327393224961344,0.3060549918691162,ewma_gaussian,960,full512,2026109998,2.3336603804709126,"[0.3781440609357919, 0.10247781502336842, 0.17702252509887106, 0.0032338617747418273, 0.021719656774605824, 2.122314771678322e-16, 0.19265798830737982, 0.12474409208524087]",markov_shift
3.819629811270064,-0.30609755571684316,0.0936957136158259,2.6504504622971106,True,1,512,448,960,1.2789148555541263e-15,3.819629811270069,2.9327393224961344,0.009264896151893147,ar_gaussian,960,full512,2026109998,2.3336603804709126,"[0.3781440609357919, 0.10247781502336842, 0.17702252509887106, 0.0032338617747418273, 0.021719656774605824, 2.122314771678322e-16, 0.19265798830737982, 0.12474409208524087]",markov_shift
3.8953824445005503,-0.16870662925266589,0.02846192675379646,3.2382056026388524,True,1,512,448,960,1.1400400761086295e-15,3.8953824445005547,3.1233806821247225,0.0013515199697838394,raw,960,equal512,2026109998,2.6022739306160294,"[0.125, 0.125, 0.125, 0.125, 0.125, 0.125, 0.125, 0.125]",markov_shift
3.8953824445005503,-0.1615487416724516,0.0260979959359525,3.266088312258528,True,1,512,448,960,1.1400400761086295e-15,3.8953824445005547,3.1233806821247225,0.0020875868304434104,iid_oic,960,equal512,2026109998,2.6022739306160294,"[0.125, 0.125, 0.125, 0.125, 0.125, 0.125, 0.125, 0.125]",markov_shift
3.8953824445005503,0.07309349557093436,0.005342659094778201,4.180109563954747,True,1,512,448,960,1.1400400761086295e-15,3.8953824445005547,3.1233806821247225,0.11446621306340721,hmm_filtered,960,equal512,2026109998,2.6022739306160294,"[0.125, 0.125, 0.125, 0.125, 0.125, 0.125, 0.125, 0.125]",markov_shift
3.8953824445005503,-0.14869741470002718,0.022110921138471858,3.316149145735446,True,1,512,448,960,1.1400400761086295e-15,3.8953824445005547,3.1233806821247225,0.003809097876624477,hmm_stationary,960,equal512,2026109998,2.6022739306160294,"[0.125, 0.125, 0.125, 0.125, 0.125, 0.125, 0.125, 0.125]",markov_shift
3.8953824445005503,-0.2624215447960938,0.06886506717316827,2.8731501658431315,True,1,512,448,960,1.1400400761086295e-15,3.8953824445005547,3.1233806821247225,0.0064184580067092566,gaussian_iid,960,equal512,2026109998,2.6022739306160294,"[0.125, 0.125, 0.125, 0.125, 0.125, 0.125, 0.125, 0.125]",markov_shift
3.8953824445005503,0.18662568875094432,0.034829147701764346,4.622360876153802,True,1,512,448,960,1.1400400761086295e-15,3.8953824445005547,3.1233806821247225,0.23032546114421898,ewma_gaussian,960,equal512,2026109998,2.6022739306160294,"[0.125, 0.125, 0.125, 0.125, 0.125, 0.125, 0.125, 0.125]",markov_shift
3.8953824445005503,-0.2576678343667297,0.06639271286724044,2.891667685995916,True,1,512,448,960,1.1400400761086295e-15,3.8953824445005547,3.1233806821247225,0.005503651753345272,ar_gaussian,960,equal512,2026109998,2.6022739306160294,"[0.125, 0.125, 0.125, 0.125, 0.125, 0.125, 0.125, 0.125]",markov_shift
4.616457377731315,-0.4966938613841946,0.2467047919367415,2.323491336870395,True,1,512,448,960,6.488765755241762e-07,4.6164603732423695,2.381752839832955,0.00059837023804461,raw,960,full512,2026109999,1.700791573054195,"[0.24916748736846797, 0.31632365251191136, 0.08729107400785849, 0.09248207031570473, 0.011672602745453758, 0.09288650329072343, 0.009715827565452442, 0.1404607821944279]",markov_stationary
4.616457377731315,-0.4662939777854159,0.21743007371894596,2.46383110379215,True,1,512,448,960,6.488765755241762e-07,4.6164603732423695,2.381752839832955,0.0011875801796556468,iid_oic,960,full512,2026109999,1.700791573054195,"[0.24916748736846797, 0.31632365251191136, 0.08729107400785849, 0.09248207031570473, 0.011672602745453758, 0.09288650329072343, 0.009715827565452442, 0.1404607821944279]",markov_stationary
4.616457377731315,-0.07785679409541502,0.006061680386815851,4.257034806223029,True,1,512,448,960,6.488765755241762e-07,4.6164603732423695,2.381752839832955,0.619925885572719,hmm_filtered,960,full512,2026109999,1.700791573054195,"[0.24916748736846797, 0.31632365251191136, 0.08729107400785849, 0.09248207031570473, 0.011672602745453758, 0.09288650329072343, 0.009715827565452442, 0.1404607821944279]",markov_stationary
4.616457377731315,-0.45294275270597983,0.2051571372288704,2.525466465311864,True,1,512,448,960,6.488765755241762e-07,4.6164603732423695,2.381752839832955,0.0036408476600223966,hmm_stationary,960,full512,2026109999,1.700791573054195,"[0.24916748736846797, 0.31632365251191136, 0.08729107400785849, 0.09248207031570473, 0.011672602745453758, 0.09288650329072343, 0.009715827565452442, 0.1404607821944279]",markov_stationary
4.616457377731315,-0.5368883336647647,0.28824908282532774,2.1379352687667397,True,1,512,448,960,6.488765755241762e-07,4.6164603732423695,2.381752839832955,0.010479404820387075,gaussian_iid,960,full512,2026109999,1.700791573054195,"[0.24916748736846797, 0.31632365251191136, 0.08729107400785849, 0.09248207031570473, 0.011672602745453758, 0.09288650329072343, 0.009715827565452442, 0.1404607821944279]",markov_stationary
4.616457377731315,-0.4285449201509086,0.18365074858714864,2.638098019411376,True,1,512,448,960,6.488765755241762e-07,4.6164603732423695,2.381752839832955,0.011583956739461271,ewma_gaussian,960,full512,2026109999,1.700791573054195,"[0.24916748736846797, 0.31632365251191136, 0.08729107400785849, 0.09248207031570473, 0.011672602745453758, 0.09288650329072343, 0.009715827565452442, 0.1404607821944279]",markov_stationary
4.616457377731315,-0.5370740760990862,0.288448563217687,2.137077796735459,True,1,512,448,960,6.488765755241762e-07,4.6164603732423695,2.381752839832955,0.010553243612140441,ar_gaussian,960,full512,2026109999,1.700791573054195,"[0.24916748736846797, 0.31632365251191136, 0.08729107400785849, 0.09248207031570473, 0.011672602745453758, 0.09288650329072343, 0.009715827565452442, 0.1404607821944279]",markov_stationary
4.8138427366159275,-0.4654238591674693,0.2166193686823403,2.573365472714851,True,1,512,448,960,6.432028149830836e-07,4.813845832893127,2.5039648622010735,0.0007681926039205783,raw,960,equal512,2026109999,1.8005444094249792,"[0.125, 0.125, 0.125, 0.125, 0.125, 0.125, 0.125, 0.125]",markov_stationary
4.8138427366159275,-0.4602129300015724,0.21179594094063214,2.598450066231124,True,1,512,448,960,6.432028149830836e-07,4.813845832893127,2.5039648622010735,0.0014238726564416702,iid_oic,960,equal512,2026109999,1.8005444094249792,"[0.125, 0.125, 0.125, 0.125, 0.125, 0.125, 0.125, 0.125]",markov_stationary
4.8138427366159275,-0.08674941218569443,0.007525460514563509,4.396244708860121,True,1,512,448,960,6.432028149830836e-07,4.813845832893127,2.5039648622010735,0.5711027714087116,hmm_filtered,960,equal512,2026109999,1.8005444094249792,"[0.125, 0.125, 0.125, 0.125, 0.125, 0.125, 0.125, 0.125]",markov_stationary
4.8138427366159275,-0.4521444903070184,0.2044346401149935,2.6372902660505764,True,1,512,448,960,6.432028149830836e-07,4.813845832893127,2.5039648622010735,0.002835106354126188,hmm_stationary,960,equal512,2026109999,1.8005444094249792,"[0.125, 0.125, 0.125, 0.125, 0.125, 0.125, 0.125, 0.125]",markov_stationary
4.8138427366159275,-0.5360845629793247,0.28738665866473356,2.2332159569059815,True,1,512,448,960,6.432028149830836e-07,4.813845832893127,2.5039648622010735,0.011691681024466216,gaussian_iid,960,equal512,2026109999,1.8005444094249792,"[0.125, 0.125, 0.125, 0.125, 0.125, 0.125, 0.125, 0.125]",markov_stationary
4.8138427366159275,-0.38800122377110824,0.1505449496478776,2.946065863767287,True,1,512,448,960,6.432028149830836e-07,4.813845832893127,2.5039648622010735,0.031173569758586733,ewma_gaussian,960,equal512,2026109999,1.8005444094249792,"[0.125, 0.125, 0.125, 0.125, 0.125, 0.125, 0.125, 0.125]",markov_stationary
4.8138427366159275,-0.5374719151055465,0.2888760595272238,2.22653746195004,True,1,512,448,960,6.432028149830836e-07,4.813845832893127,2.5039648622010735,0.012275586303289144,ar_gaussian,960,equal512,2026109999,1.8005444094249792,"[0.125, 0.125, 0.125, 0.125, 0.125, 0.125, 0.125, 0.125]",markov_stationary
5.033422623638991,-0.5294453777828625,0.280312408055638,2.3685002811256384,True,1,512,256,768,4.292366635200909e-11,5.033422623855044,2.418197170738632,0.0004223524319380301,raw,768,full512,2026109998,1.6057117762280069,"[0.23558570461371955, 0.26229505647368534, 0.1291112991641903, 0.09170564725986416, 1.199955596815962e-16, 1.1773474633860705e-24, 0.2495728175071454, 0.0317294749813953]",markov_stationary
5.033422623638991,-0.4886767042386624,0.2388049212655611,2.573706244878768,True,1,512,256,768,4.292366635200909e-11,5.033422623855044,2.418197170738632,0.0041355002744224625,iid_oic,768,full512,2026109998,1.6057117762280069,"[0.23558570461371955, 0.26229505647368534, 0.1291112991641903, 0.09170564725986416, 1.199955596815962e-16, 1.1773474633860705e-24, 0.2495728175071454, 0.0317294749813953]",markov_stationary
5.033422623638991,-0.00417385625204747,1.7421076012755753e-05,5.012413841152118,True,1,512,256,768,4.292366635200909e-11,5.033422623855044,2.418197170738632,1.150877432612867,hmm_filtered,768,full512,2026109998,1.6057117762280069,"[0.23558570461371955, 0.26229505647368534, 0.1291112991641903, 0.09170564725986416, 1.199955596815962e-16, 1.1773474633860705e-24, 0.2495728175071454, 0.0317294749813953]",markov_stationary
5.033422623638991,-0.5120420791321094,0.2621870908019334,2.456098438280285,True,1,512,256,768,4.292366635200909e-11,5.033422623855044,2.418197170738632,0.00024565411949747804,hmm_stationary,768,full512,2026109998,1.6057117762280069,"[0.23558570461371955, 0.26229505647368534, 0.1291112991641903, 0.09170564725986416, 1.199955596815962e-16, 1.1773474633860705e-24, 0.2495728175071454, 0.0317294749813953]",markov_stationary
5.033422623638991,-0.5957255048493011,0.35488887712795464,2.0348843900517597,True,1,512,256,768,4.292366635200909e-11,5.033422623855044,2.418197170738632,0.0251259900048467,gaussian_iid,768,full512,2026109998,1.6057117762280069,"[0.23558570461371955, 0.26229505647368534, 0.1291112991641903, 0.09170564725986416, 1.199955596815962e-16, 1.1773474633860705e-24, 0.2495728175071454, 0.0317294749813953]",markov_stationary
5.033422623638991,-0.5399712947335407,0.29156899913621626,2.31551889261155,True,1,512,256,768,4.292366635200909e-11,5.033422623855044,2.418197170738632,0.0018029087098518793,ewma_gaussian,768,full512,2026109998,1.6057117762280069,"[0.23558570461371955, 0.26229505647368534, 0.1291112991641903, 0.09170564725986416, 1.199955596815962e-16, 1.1773474633860705e-24, 0.2495728175071454, 0.0317294749813953]",markov_stationary
5.033422623638991,-0.5997800170895473,0.35973606889993764,2.014476316413883,True,1,512,256,768,4.292366635200909e-11,5.033422623855044,2.418197170738632,0.02787269418328791,ar_gaussian,768,full512,2026109998,1.6057117762280069,"[0.23558570461371955, 0.26229505647368534, 0.1291112991641903, 0.09170564725986416, 1.199955596815962e-16, 1.1773474633860705e-24, 0.2495728175071454, 0.0317294749813953]",markov_stationary
5.171477194064122,-0.49425702232272817,0.2442900041153298,2.615438275116092,True,1,512,256,768,4.2873367729339e-11,5.171477194285841,2.487682758671431,0.002637359491710016,raw,768,equal512,2026109998,1.6531025458953437,"[0.125, 0.125, 0.125, 0.125, 0.125, 0.125, 0.125, 0.125]",markov_stationary
5.171477194064122,-0.4893476716759805,0.23946114377470318,2.6408268700234117,True,1,512,256,768,4.2873367729339e-11,5.171477194285841,2.487682758671431,0.0037897504376840797,iid_oic,768,equal512,2026109998,1.6531025458953437,"[0.125, 0.125, 0.125, 0.125, 0.125, 0.125, 0.125, 0.125]",markov_stationary
5.171477194064122,0.10337379029545724,0.010686140520049169,5.706072393041047,True,1,512,256,768,4.2873367729339e-11,5.171477194285841,2.487682758671431,1.6737371246337356,hmm_filtered,768,equal512,2026109998,1.6531025458953437,"[0.125, 0.125, 0.125, 0.125, 0.125, 0.125, 0.125, 0.125]",markov_stationary
5.171477194064122,-0.48642203785572324,0.23660639891171464,2.6559567186030546,True,1,512,256,768,4.2873367729339e-11,5.171477194285841,2.487682758671431,0.0045755556041898815,hmm_stationary,768,equal512,2026109998,1.6531025458953437,"[0.125, 0.125, 0.125, 0.125, 0.125, 0.125, 0.125, 0.125]",markov_stationary
5.171477194064122,-0.5849059652380744,0.34211498817108343,2.1466493341633583,True,1,512,256,768,4.2873367729339e-11,5.171477194285841,2.487682758671431,0.01879333691875484,gaussian_iid,768,equal512,2026109998,1.6531025458953437,"[0.125, 0.125, 0.125, 0.125, 0.125, 0.125, 0.125, 0.125]",markov_stationary
5.171477194064122,-0.5165822512653282,0.26685722232235465,2.4999838627871753,True,1,512,256,768,4.2873367729339e-11,5.171477194285841,2.487682758671431,2.4451088426853673e-05,ewma_gaussian,768,equal512,2026109998,1.6531025458953437,"[0.125, 0.125, 0.125, 0.125, 0.125, 0.125, 0.125, 0.125]",markov_stationary
5.171477194064122,-0.5741173144182055,0.3296106907147726,2.2024425958330314,True,1,512,256,768,4.2873367729339e-11,5.171477194285841,2.487682758671431,0.013147142159785814,ar_gaussian,768,equal512,2026109998,1.6531025458953437,"[0.125, 0.125, 0.125, 0.125, 0.125, 0.125, 0.125, 0.125]",markov_stationary
1.756315494832901,0.2435496645353119,0.05931643909526296,2.1840655444176242,True,1,512,384,896,-0.0005690945113870666,1.7553159853245275,2.5126597012097784,0.017102213500019114,raw,896,full512,2026109998,1.549188185490537,"[0.23478870783029407, 0.17636013367487705, 0.14716571641471618, 0.11154171953414461, 1.0040968427296496e-16, 1.0120194316923992e-16, 0.3301437225459679, 4.6994597104053756e-17]",markov_stationary
1.756315494832901,0.4088472034841468,0.16715603579680735,2.474380173331208,True,1,512,384,896,-0.0005690945113870666,1.7553159853245275,2.5126597012097784,0.0002320950064046211,iid_oic,896,full512,2026109998,1.549188185490537,"[0.23478870783029407, 0.17636013367487705, 0.14716571641471618, 0.11154171953414461, 1.0040968427296496e-16, 1.0120194316923992e-16, 0.3301437225459679, 4.6994597104053756e-17]",markov_stationary
1.756315494832901,-0.018118540919887294,0.0003282815250656303,1.7244936206715389,True,1,512,384,896,-0.0005690945113870666,1.7553159853245275,2.5126597012097784,0.09839389037606848,hmm_filtered,896,full512,2026109998,1.549188185490537,"[0.23478870783029407, 0.17636013367487705, 0.14716571641471618, 0.11154171953414461, 1.0040968427296496e-16, 1.0120194316923992e-16, 0.3301437225459679, 4.6994597104053756e-17]",markov_stationary
1.756315494832901,0.25241094171167777,0.063711283495776,2.199628742826485,True,1,512,384,896,-0.0005690945113870666,1.7553159853245275,2.5126597012097784,0.015520554487280411,hmm_stationary,896,full512,2026109998,1.549188185490537,"[0.23478870783029407, 0.17636013367487705, 0.14716571641471618, 0.11154171953414461, 1.0040968427296496e-16, 1.0120194316923992e-16, 0.3301437225459679, 4.6994597104053756e-17]",markov_stationary
1.756315494832901,0.11498875063086733,0.013222412771647792,1.95827201929737,True,1,512,384,896,-0.0005690945113870666,1.7553159853245275,2.5126597012097784,0.048681034097799177,gaussian_iid,896,full512,2026109998,1.549188185490537,"[0.23478870783029407, 0.17636013367487705, 0.14716571641471618, 0.11154171953414461, 1.0040968427296496e-16, 1.0120194316923992e-16, 0.3301437225459679, 4.6994597104053756e-17]",markov_stationary
1.756315494832901,-0.0695470148938141,0.004836787280640399,1.6341689949555207,True,1,512,384,896,-0.0005690945113870666,1.7553159853245275,2.5126597012097784,0.12223821340896013,ewma_gaussian,896,full512,2026109998,1.549188185490537,"[0.23478870783029407, 0.17636013367487705, 0.14716571641471618, 0.11154171953414461, 1.0040968427296496e-16, 1.0120194316923992e-16, 0.3301437225459679, 4.6994597104053756e-17]",markov_stationary
1.756315494832901,0.09517477598152846,0.009058237983134126,1.9234724286065097,True,1,512,384,896,-0.0005690945113870666,1.7553159853245275,2.5126597012097784,0.05498438409428996,ar_gaussian,896,full512,2026109998,1.549188185490537,"[0.23478870783029407, 0.17636013367487705, 0.14716571641471618, 0.11154171953414461, 1.0040968427296496e-16, 1.0120194316923992e-16, 0.3301437225459679, 4.6994597104053756e-17]",markov_stationary
1.7704303743506862,0.4136671957119342,0.17112054880817568,2.5027993425115644,True,1,512,384,896,-0.0005363522783279235,1.7694807999857822,2.4889878902144433,3.079166181740109e-05,raw,896,equal512,2026109998,1.581929918851217,"[0.125, 0.125, 0.125, 0.125, 0.125, 0.125, 0.125, 0.125]",markov_stationary
1.7704303743506862,0.4323928515654385,0.18696357808489134,2.535951812414246,True,1,512,384,896,-0.0005363522783279235,1.7694807999857822,2.4889878902144433,0.0003560271785732306,iid_oic,896,equal512,2026109998,1.581929918851217,"[0.125, 0.125, 0.125, 0.125, 0.125, 0.125, 0.125, 0.125]",markov_stationary
1.7704303743506862,0.003058547764331454,9.354714426696935e-06,1.7758453202140612,True,1,512,384,896,-0.0005363522783279235,1.7694807999857822,2.4889878902144433,0.08209319461536618,hmm_filtered,896,equal512,2026109998,1.581929918851217,"[0.125, 0.125, 0.125, 0.125, 0.125, 0.125, 0.125, 0.125]",markov_stationary
1.7704303743506862,0.34832724280411465,0.12133186807951664,2.3871195052249172,True,1,512,384,896,-0.0005363522783279235,1.7694807999857822,2.4889878902144433,0.0016750712113015908,hmm_stationary,896,equal512,2026109998,1.581929918851217,"[0.125, 0.125, 0.125, 0.125, 0.125, 0.125, 0.125, 0.125]",markov_stationary
1.7704303743506862,0.15538713957451922,0.024145163145151118,2.0455324860368846,True,1,512,384,896,-0.0005363522783279235,1.7694807999857822,2.4889878902144433,0.031743465392439676,gaussian_iid,896,equal512,2026109998,1.581929918851217,"[0.125, 0.125, 0.125, 0.125, 0.125, 0.125, 0.125, 0.125]",markov_stationary
1.7704303743506862,-0.06300966113351325,0.0039702173961601705,1.6588761564023704,True,1,512,384,896,-0.0005363522783279235,1.7694807999857822,2.4889878902144433,0.11123143452831936,ewma_gaussian,896,equal512,2026109998,1.581929918851217,"[0.125, 0.125, 0.125, 0.125, 0.125, 0.125, 0.125, 0.125]",markov_stationary
1.7704303743506862,0.14098934272600205,0.01987799476231007,2.020042189172539,True,1,512,384,896,-0.0005363522783279235,1.7694807999857822,2.4889878902144433,0.03549764571309406,ar_gaussian,896,equal512,2026109998,1.581929918851217,"[0.125, 0.125, 0.125, 0.125, 0.125, 0.125, 0.125, 0.125]",markov_stationary
5.341096206356028,-0.5565516535150465,0.3097497430303324,2.3685002811256384,True,1,512,256,768,4.092714298259628e-11,5.3410962065746235,2.418197170738632,0.0004223524319380301,raw,768,full512,2026109998,1.6057117762280069,"[0.23558570461371955, 0.26229505647368534, 0.1291112991641903, 0.09170564725986416, 1.199955596815962e-16, 1.1773474633860705e-24, 0.2495728175071454, 0.0317294749813953]",markov_shift
5.341096206356028,-0.5181314573933347,0.268460207140541,2.573706244878768,True,1,512,256,768,4.092714298259628e-11,5.3410962065746235,2.418197170738632,0.0041355002744224625,iid_oic,768,full512,2026109998,1.6057117762280069,"[0.23558570461371955, 0.26229505647368534, 0.1291112991641903, 0.09170564725986416, 1.199955596815962e-16, 1.1773474633860705e-24, 0.2495728175071454, 0.0317294749813953]",markov_shift
5.341096206356028,-0.061538371994267704,0.0037869712277048715,5.012413841152118,True,1,512,256,768,4.092714298259628e-11,5.3410962065746235,2.418197170738632,1.150877432612867,hmm_filtered,768,full512,2026109998,1.6057117762280069,"[0.23558570461371955, 0.26229505647368534, 0.1291112991641903, 0.09170564725986416, 1.199955596815962e-16, 1.1773474633860705e-24, 0.2495728175071454, 0.0317294749813953]",markov_shift
5.341096206356028,-0.540150871022044,0.29176296346587277,2.456098438280285,True,1,512,256,768,4.092714298259628e-11,5.3410962065746235,2.418197170738632,0.00024565411949747804,hmm_stationary,768,full512,2026109998,1.6057117762280069,"[0.23558570461371955, 0.26229505647368534, 0.1291112991641903, 0.09170564725986416, 1.199955596815962e-16, 1.1773474633860705e-24, 0.2495728175071454, 0.0317294749813953]",markov_shift
5.341096206356028,-0.6190137171410243,0.383177982008748,2.0348843900517597,True,1,512,256,768,4.092714298259628e-11,5.3410962065746235,2.418197170738632,0.0251259900048467,gaussian_iid,768,full512,2026109998,1.6057117762280069,"[0.23558570461371955, 0.26229505647368534, 0.1291112991641903, 0.09170564725986416, 1.199955596815962e-16, 1.1773474633860705e-24, 0.2495728175071454, 0.0317294749813953]",markov_shift
5.341096206356028,-0.5664712255405493,0.32088964936541187,2.31551889261155,True,1,512,256,768,4.092714298259628e-11,5.3410962065746235,2.418197170738632,0.0018029087098518793,ewma_gaussian,768,full512,2026109998,1.6057117762280069,"[0.23558570461371955, 0.26229505647368534, 0.1291112991641903, 0.09170564725986416, 1.199955596815962e-16, 1.1773474633860705e-24, 0.2495728175071454, 0.0317294749813953]",markov_shift
5.341096206356028,-0.6228346694042677,0.3879230254119234,2.014476316413883,True,1,512,256,768,4.092714298259628e-11,5.3410962065746235,2.418197170738632,0.02787269418328791,ar_gaussian,768,full512,2026109998,1.6057117762280069,"[0.23558570461371955, 0.26229505647368534, 0.1291112991641903, 0.09170564725986416, 1.199955596815962e-16, 1.1773474633860705e-24, 0.2495728175071454, 0.0317294749813953]",markov_shift
5.487217715898503,-0.5233580275959895,0.2739036250491645,2.615438275116092,True,1,512,256,768,4.088210299557384e-11,5.487217716122832,2.487682758671431,0.002637359491710016,raw,768,equal512,2026109998,1.6531025458953437,"[0.125, 0.125, 0.125, 0.125, 0.125, 0.125, 0.125, 0.125]",markov_shift
5.487217715898503,-0.5187311663665253,0.26908202295997574,2.6408268700234117,True,1,512,256,768,4.088210299557384e-11,5.487217716122832,2.487682758671431,0.0037897504376840797,iid_oic,768,equal512,2026109998,1.6531025458953437,"[0.125, 0.125, 0.125, 0.125, 0.125, 0.125, 0.125, 0.125]",markov_shift
5.487217715898503,0.039884453009480625,0.001590769591865468,5.706072393041047,True,1,512,256,768,4.088210299557384e-11,5.487217716122832,2.487682758671431,1.6737371246337356,hmm_filtered,768,equal512,2026109998,1.6531025458953437,"[0.125, 0.125, 0.125, 0.125, 0.125, 0.125, 0.125, 0.125]",markov_shift
5.487217715898503,-0.5159738767230315,0.2662290414605941,2.6559567186030546,True,1,512,256,768,4.088210299557384e-11,5.487217716122832,2.487682758671431,0.0045755556041898815,hmm_stationary,768,equal512,2026109998,1.6531025458953437,"[0.125, 0.125, 0.125, 0.125, 0.125, 0.125, 0.125, 0.125]",markov_shift
5.487217715898503,-0.608790930976965,0.37062639763979977,2.1466493341633583,True,1,512,256,768,4.088210299557384e-11,5.487217716122832,2.487682758671431,0.01879333691875484,gaussian_iid,768,equal512,2026109998,1.6531025458953437,"[0.125, 0.125, 0.125, 0.125, 0.125, 0.125, 0.125, 0.125]",markov_shift
5.487217715898503,-0.5443986383948654,0.2963698774861834,2.4999838627871753,True,1,512,256,768,4.088210299557384e-11,5.487217716122832,2.487682758671431,2.4451088426853673e-05,ewma_gaussian,768,equal512,2026109998,1.6531025458953437,"[0.125, 0.125, 0.125, 0.125, 0.125, 0.125, 0.125, 0.125]",markov_shift
5.487217715898503,-0.5986230709505587,0.3583495810742776,2.2024425958330314,True,1,512,256,768,4.088210299557384e-11,5.487217716122832,2.487682758671431,0.013147142159785814,ar_gaussian,768,equal512,2026109998,1.6531025458953437,"[0.125, 0.125, 0.125, 0.125, 0.125, 0.125, 0.125, 0.125]",markov_shift
1.5923441383337753,0.33898625384724523,0.11491168029738899,2.1321269126231615,True,1,512,64,576,-0.002777067328745761,1.5879220914510888,2.3592232367037314,0.00926578321103021,raw,576,full512,2026109998,1.3571954348646391,"[0.3916640284155125, 0.16332728041249628, 0.05318993815271338, 0.16438175999774496, 6.367897531119477e-17, -5.5446538549550585e-25, 0.07282141772454612, 0.15461557529698694]",markov_stationary
1.5923441383337753,0.5103868821700881,0.2604947694913034,2.4050556984397664,True,1,512,64,576,-0.002777067328745761,1.5879220914510888,2.3592232367037314,0.00037740556084280295,iid_oic,576,full512,2026109998,1.3571954348646391,"[0.3916640284155125, 0.16332728041249628, 0.05318993815271338, 0.16438175999774496, 6.367897531119477e-17, -5.5446538549550585e-25, 0.07282141772454612, 0.15461557529698694]",markov_stationary
1.5923441383337753,-0.010778080834694226,0.00011616702647920299,1.5751817244941624,True,1,512,64,576,-0.002777067328745761,1.5879220914510888,2.3592232367037314,0.11044346948366933,hmm_filtered,576,full512,2026109998,1.3571954348646391,"[0.3916640284155125, 0.16332728041249628, 0.05318993815271338, 0.16438175999774496, 6.367897531119477e-17, -5.5446538549550585e-25, 0.07282141772454612, 0.15461557529698694]",markov_stationary
1.5923441383337753,0.3192290753850464,0.10190720257119165,2.1006666853088647,True,1,512,64,576,-0.002777067328745761,1.5879220914510888,2.3592232367037314,0.012010829970124235,hmm_stationary,576,full512,2026109998,1.3571954348646391,"[0.3916640284155125, 0.16332728041249628, 0.05318993815271338, 0.16438175999774496, 6.367897531119477e-17, -5.5446538549550585e-25, 0.07282141772454612, 0.15461557529698694]",markov_stationary
1.5923441383337753,0.16779538460786902,0.028155291095702688,1.859532135453577,True,1,512,64,576,-0.002777067328745761,1.5879220914510888,2.3592232367037314,0.04486060813523451,gaussian_iid,576,full512,2026109998,1.3571954348646391,"[0.3916640284155125, 0.16332728041249628, 0.05318993815271338, 0.16438175999774496, 6.367897531119477e-17, -5.5446538549550585e-25, 0.07282141772454612, 0.15461557529698694]",markov_stationary
1.5923441383337753,0.28940734916387,0.08375661375005818,2.05318023436558,True,1,512,64,576,-0.002777067328745761,1.5879220914510888,2.3592232367037314,0.01682778030753274,ewma_gaussian,576,full512,2026109998,1.3571954348646391,"[0.3916640284155125, 0.16332728041249628, 0.05318993815271338, 0.16438175999774496, 6.367897531119477e-17, -5.5446538549550585e-25, 0.07282141772454612, 0.15461557529698694]",markov_stationary
1.5923441383337753,0.17178491242019867,0.029510056135215325,1.8658848366802596,True,1,512,64,576,-0.002777067328745761,1.5879220914510888,2.3592232367037314,0.04372720996471396,ar_gaussian,576,full512,2026109998,1.3571954348646391,"[0.3916640284155125, 0.16332728041249628, 0.05318993815271338, 0.16438175999774496, 6.367897531119477e-17, -5.5446538549550585e-25, 0.07282141772454612, 0.15461557529698694]",markov_stationary
1.7844686936870169,0.3670852089946799,0.1347515506626678,2.439520757053579,True,1,512,64,576,-0.0022735779757130066,1.7804115649667007,2.488063046607289,0.00038064291530845115,raw,576,equal512,2026109998,1.5990135803714416,"[0.125, 0.125, 0.125, 0.125, 0.125, 0.125, 0.125, 0.125]",markov_stationary
1.7844686936870169,0.37982616876007835,0.1442679184749595,2.4622566008824585,True,1,512,64,576,-0.0022735779757130066,1.7804115649667007,2.488063046607289,0.00010758051676505801,iid_oic,576,equal512,2026109998,1.5990135803714416,"[0.125, 0.125, 0.125, 0.125, 0.125, 0.125, 0.125, 0.125]",markov_stationary
1.7844686936870169,0.012778693736132274,0.0001632950136018662,1.8072718726053594,True,1,512,64,576,-0.0022735779757130066,1.7804115649667007,2.488063046607289,0.07486952391421516,hmm_filtered,576,equal512,2026109998,1.5990135803714416,"[0.125, 0.125, 0.125, 0.125, 0.125, 0.125, 0.125, 0.125]",markov_stationary
1.7844686936870169,0.3519376463507764,0.12386010691892416,2.41249040572987,True,1,512,64,576,-0.0022735779757130066,1.7804115649667007,2.488063046607289,0.000922585098537097,hmm_stationary,576,equal512,2026109998,1.5990135803714416,"[0.125, 0.125, 0.125, 0.125, 0.125, 0.125, 0.125, 0.125]",markov_stationary
1.7844686936870169,0.15265352785563402,0.023303099566770832,2.0568741351262747,True,1,512,64,576,-0.0022735779757130066,1.7804115649667007,2.488063046607289,0.03003394670907592,gaussian_iid,576,equal512,2026109998,1.5990135803714416,"[0.125, 0.125, 0.125, 0.125, 0.125, 0.125, 0.125, 0.125]",markov_stationary
1.7844686936870169,0.04887672611978311,0.0023889343561882886,1.8716876812976841,True,1,512,64,576,-0.0022735779757130066,1.7804115649667007,2.488063046607289,0.06137164776914829,ewma_gaussian,576,equal512,2026109998,1.5990135803714416,"[0.125, 0.125, 0.125, 0.125, 0.125, 0.125, 0.125, 0.125]",markov_stationary
1.7844686936870169,0.14672757277493997,0.021528980612425305,2.046299453804581,True,1,512,64,576,-0.0022735779757130066,1.7804115649667007,2.488063046607289,0.031525144121853,ar_gaussian,576,equal512,2026109998,1.5990135803714416,"[0.125, 0.125, 0.125, 0.125, 0.125, 0.125, 0.125, 0.125]",markov_stationary
4.6928186351457795,-0.5004757245286781,0.25047595084250524,2.3441768286395135,True,1,512,320,832,1.495979256749309e-07,4.692819337181713,2.422532476178168,0.001046167904929821,raw,832,full512,2026109999,1.7305903924792951,"[0.19850899286583565, 0.29855397299564235, 0.08535293034787599, 0.12526031602837345, 1.6645291459704773e-23, 0.12168237218916887, 5.3115157484704804e-17, 0.17064141557310372]",markov_stationary
4.6928186351457795,-0.46774850964698855,0.21878866827697893,2.497759712512726,True,1,512,320,832,1.495979256749309e-07,4.692819337181713,2.422532476178168,0.0009642974063688166,iid_oic,832,full512,2026109999,1.7305903924792951,"[0.19850899286583565, 0.29855397299564235, 0.08535293034787599, 0.12526031602837345, 1.6645291459704773e-23, 0.12168237218916887, 5.3115157484704804e-17, 0.17064141557310372]",markov_stationary
4.6928186351457795,-0.11121850403993139,0.012369555640880235,4.170890366814153,True,1,512,320,832,1.495979256749309e-07,4.692819337181713,2.422532476178168,0.5208605439096889,hmm_filtered,832,full512,2026109999,1.7305903924792951,"[0.19850899286583565, 0.29855397299564235, 0.08535293034787599, 0.12526031602837345, 1.6645291459704773e-23, 0.12168237218916887, 5.3115157484704804e-17, 0.17064141557310372]",markov_stationary
4.6928186351457795,-0.47309035903328434,0.22381448781024188,2.4726913821665755,True,1,512,320,832,1.495979256749309e-07,4.692819337181713,2.422532476178168,0.00042870336796135437,hmm_stationary,832,full512,2026109999,1.7305903924792951,"[0.19850899286583565, 0.29855397299564235, 0.08535293034787599, 0.12526031602837345, 1.6645291459704773e-23, 0.12168237218916887, 5.3115157484704804e-17, 0.17064141557310372]",markov_stationary
4.6928186351457795,-0.5526445137038607,0.30541595852697667,2.099358162625225,True,1,512,320,832,1.495979256749309e-07,4.692819337181713,2.422532476178168,0.017796494072952886,gaussian_iid,832,full512,2026109999,1.7305903924792951,"[0.19850899286583565, 0.29855397299564235, 0.08535293034787599, 0.12526031602837345, 1.6645291459704773e-23, 0.12168237218916887, 5.3115157484704804e-17, 0.17064141557310372]",markov_stationary
4.6928186351457795,-0.30409352157611735,0.09247286986456454,3.265762890266271,True,1,512,320,832,1.495979256749309e-07,4.692819337181713,2.422532476178168,0.12115833858134237,ewma_gaussian,832,full512,2026109999,1.7305903924792951,"[0.19850899286583565, 0.29855397299564235, 0.08535293034787599, 0.12526031602837345, 1.6645291459704773e-23, 0.12168237218916887, 5.3115157484704804e-17, 0.17064141557310372]",markov_stationary
4.6928186351457795,-0.5536292242038316,0.3065053178925365,2.094737094840738,True,1,512,320,832,1.495979256749309e-07,4.692819337181713,2.422532476178168,0.01830907671386107,ar_gaussian,832,full512,2026109999,1.7305903924792951,"[0.19850899286583565, 0.29855397299564235, 0.08535293034787599, 0.12526031602837345, 1.6645291459704773e-23, 0.12168237218916887, 5.3115157484704804e-17, 0.17064141557310372]",markov_stationary
4.7517485774829415,-0.45214488321898927,0.20443499542111343,2.6032697718309183,True,1,512,320,832,1.45906719324671e-07,4.7517492707949875,2.509674253620296,0.0013908343103957463,raw,832,equal512,2026109999,1.8290497460366832,"[0.125, 0.125, 0.125, 0.125, 0.125, 0.125, 0.125, 0.125]",markov_stationary
4.7517485774829415,-0.4462360736843378,0.19912663345721376,2.6313469491318164,True,1,512,320,832,1.45906719324671e-07,4.7517492707949875,2.509674253620296,0.002350452874435932,iid_oic,832,equal512,2026109999,1.8290497460366832,"[0.125, 0.125, 0.125, 0.125, 0.125, 0.125, 0.125, 0.125]",markov_stationary
4.7517485774829415,-0.069567022855207,0.0048395706689368925,4.421183575590988,True,1,512,320,832,1.45906719324671e-07,4.7517492707949875,2.509674253620296,0.5801203895890088,hmm_filtered,832,equal512,2026109999,1.8290497460366832,"[0.125, 0.125, 0.125, 0.125, 0.125, 0.125, 0.125, 0.125]",markov_stationary
4.7517485774829415,-0.4496244181332315,0.202162117381647,2.6152463882167636,True,1,512,320,832,1.45906719324671e-07,4.7517492707949875,2.509674253620296,0.0017695543044627868,hmm_stationary,832,equal512,2026109999,1.8290497460366832,"[0.125, 0.125, 0.125, 0.125, 0.125, 0.125, 0.125, 0.125]",markov_stationary
4.7517485774829415,-0.5378517106185203,0.2892844626152685,2.1960124766546207,True,1,512,320,832,1.45906719324671e-07,4.7517492707949875,2.509674253620296,0.015620268196660196,gaussian_iid,832,equal512,2026109999,1.8290497460366832,"[0.125, 0.125, 0.125, 0.125, 0.125, 0.125, 0.125, 0.125]",markov_stationary
4.7517485774829415,-0.3697206031016226,0.13669332435782752,2.994929227628671,True,1,512,320,832,1.45906719324671e-07,4.7517492707949875,2.509674253620296,0.03738567969507017,ewma_gaussian,832,equal512,2026109999,1.8290497460366832,"[0.125, 0.125, 0.125, 0.125, 0.125, 0.125, 0.125, 0.125]",markov_stationary
4.7517485774829415,-0.5343754611234063,0.2855571334508531,2.212530740248005,True,1,512,320,832,1.45906719324671e-07,4.7517492707949875,2.509674253620296,0.014018379003746296,ar_gaussian,832,equal512,2026109999,1.8290497460366832,"[0.125, 0.125, 0.125, 0.125, 0.125, 0.125, 0.125, 0.125]",markov_stationary
1.6761470336548812,0.2376006979438927,0.056454091663424945,2.0744007387078662,True,1,512,0,512,-0.0014505046972867574,1.6737157745092215,2.3901894033653392,0.017455345133427395,raw,512,full512,2026109999,1.4821851708627833,"[0.43190638608911935, 0.23728538896645074, 5.118717319127603e-18, 0.049240156402499256, 4.9500492472972843e-17, 0.09227957416563914, 0.13493340895194098, 0.05435508542435056]",markov_stationary
1.6761470336548812,0.35918671352662246,0.12901509517405596,2.278196778060775,True,1,512,0,512,-0.0014505046972867574,1.6737157745092215,2.3901894033653392,0.0021954028185975326,iid_oic,512,full512,2026109999,1.4821851708627833,"[0.43190638608911935, 0.23728538896645074, 5.118717319127603e-18, 0.049240156402499256, 4.9500492472972843e-17, 0.09227957416563914, 0.13493340895194098, 0.05435508542435056]",markov_stationary
1.6761470336548812,-0.015781765535654912,0.00024906412342238517,1.6496944741664563,True,1,512,0,512,-0.0014505046972867574,1.6737157745092215,2.3901894033653392,0.09597973453845815,hmm_filtered,512,full512,2026109999,1.4821851708627833,"[0.43190638608911935, 0.23728538896645074, 5.118717319127603e-18, 0.049240156402499256, 4.9500492472972843e-17, 0.09227957416563914, 0.13493340895194098, 0.05435508542435056]",markov_stationary
1.6761470336548812,0.2960273146877972,0.08763217104126811,2.1723323390496523,True,1,512,0,512,-0.0014505046972867574,1.6737157745092215,2.3901894033653392,0.008307658978495728,hmm_stationary,512,full512,2026109999,1.4821851708627833,"[0.43190638608911935, 0.23728538896645074, 5.118717319127603e-18, 0.049240156402499256, 4.9500492472972843e-17, 0.09227957416563914, 0.13493340895194098, 0.05435508542435056]",markov_stationary
1.6761470336548812,0.09094586808433869,0.008271150921613934,1.8285856806676135,True,1,512,0,512,-0.0014505046972867574,1.6737157745092215,2.3901894033653392,0.05520714932869995,gaussian_iid,512,full512,2026109999,1.4821851708627833,"[0.43190638608911935, 0.23728538896645074, 5.118717319127603e-18, 0.049240156402499256, 4.9500492472972843e-17, 0.09227957416563914, 0.13493340895194098, 0.05435508542435056]",markov_stationary
1.6761470336548812,-0.052467826247706295,0.0027528727911594977,1.5882032423274686,True,1,512,0,512,-0.0014505046972867574,1.6737157745092215,2.3901894033653392,0.11258204032190874,ewma_gaussian,512,full512,2026109999,1.4821851708627833,"[0.43190638608911935, 0.23728538896645074, 5.118717319127603e-18, 0.049240156402499256, 4.9500492472972843e-17, 0.09227957416563914, 0.13493340895194098, 0.05435508542435056]",markov_stationary
1.6761470336548812,0.11276493002344457,0.01271592944319235,1.865157636613978,True,1,512,0,512,-0.0014505046972867574,1.6737157745092215,2.3901894033653392,0.04825102333563421,ar_gaussian,512,full512,2026109999,1.4821851708627833,"[0.43190638608911935, 0.23728538896645074, 5.118717319127603e-18, 0.049240156402499256, 4.9500492472972843e-17, 0.09227957416563914, 0.13493340895194098, 0.05435508542435056]",markov_stationary
1.7590703283886988,0.33177602611520274,0.11007533150479569,2.342687691598666,True,1,512,0,512,-0.001416095638671804,1.7565793165685506,2.4906616053656996,0.003529724986894139,raw,512,equal512,2026109999,1.5611690783291605,"[0.125, 0.125, 0.125, 0.125, 0.125, 0.125, 0.125, 0.125]",markov_stationary
1.7590703283886988,0.3414864899567158,0.11661302282295817,2.359769080417163,True,1,512,0,512,-0.001416095638671804,1.7565793165685506,2.4906616053656996,0.002761850961518773,iid_oic,512,equal512,2026109999,1.5611690783291605,"[0.125, 0.125, 0.125, 0.125, 0.125, 0.125, 0.125, 0.125]",markov_stationary
1.7590703283886988,0.004016448612464529,1.6131859456568243e-05,1.766135543968383,True,1,512,0,512,-0.001416095638671804,1.7565793165685506,2.4906616053656996,0.08462108151654754,hmm_filtered,512,equal512,2026109999,1.5611690783291605,"[0.125, 0.125, 0.125, 0.125, 0.125, 0.125, 0.125, 0.125]",markov_stationary
1.7590703283886988,0.33849892392625747,0.11458152149923424,2.3545137416588817,True,1,512,0,512,-0.001416095638671804,1.7565793165685506,2.4906616053656996,0.0029880799300016298,hmm_stationary,512,equal512,2026109999,1.5611690783291605,"[0.125, 0.125, 0.125, 0.125, 0.125, 0.125, 0.125, 0.125]",markov_stationary
1.7590703283886988,0.13478423778640125,0.018166790755661154,1.9961652818132443,True,1,512,0,512,-0.001416095638671804,1.7565793165685506,2.4906616053656996,0.039418190336810474,gaussian_iid,512,equal512,2026109999,1.5611690783291605,"[0.125, 0.125, 0.125, 0.125, 0.125, 0.125, 0.125, 0.125]",markov_stationary
1.7590703283886988,-0.01893138419117235,0.0003583973073937704,1.7257686921826807,True,1,512,0,512,-0.001416095638671804,1.7565793165685506,2.4906616053656996,0.09431305707845622,ewma_gaussian,512,equal512,2026109999,1.5611690783291605,"[0.125, 0.125, 0.125, 0.125, 0.125, 0.125, 0.125, 0.125]",markov_stationary
1.7590703283886988,0.15356363270085716,0.023581789288283764,2.029199558192357,True,1,512,0,512,-0.001416095638671804,1.7565793165685506,2.4906616053656996,0.03432752758807463,ar_gaussian,512,equal512,2026109999,1.5611690783291605,"[0.125, 0.125, 0.125, 0.125, 0.125, 0.125, 0.125, 0.125]",markov_stationary
1.5642600755032632,0.3170002794141389,0.10048917714864213,2.0601309565141794,True,1,512,128,640,-0.00017865203738545512,1.5639806172537738,2.32712420899018,0.013163198895524872,raw,640,full512,2026109998,1.3355473146792571,"[0.39524298098221816, 0.20380532545064758, 0.09415386887170167, 0.08565951952718304, -8.60480138690558e-24, 5.550769008472196e-17, 0.07184577152306357, 0.149292533645186]",markov_shift
1.5642600755032632,0.39677431208838443,0.1574298547332107,2.184918290888395,True,1,512,128,640,-0.00017865203738545512,1.5639806172537738,2.32712420899018,0.0037341882910030765,iid_oic,640,full512,2026109998,1.3355473146792571,"[0.39524298098221816, 0.20380532545064758, 0.09415386887170167, 0.08565951952718304, -8.60480138690558e-24, 5.550769008472196e-17, 0.07184577152306357, 0.149292533645186]",markov_shift
1.5642600755032632,-0.003839361215035031,1.4740694539515269e-05,1.5582543160391482,True,1,512,128,640,-0.00017865203738545512,1.5639806172537738,2.32712420899018,0.10916076797787994,hmm_filtered,640,full512,2026109998,1.3355473146792571,"[0.39524298098221816, 0.20380532545064758, 0.09415386887170167, 0.08565951952718304, -8.60480138690558e-24, 5.550769008472196e-17, 0.07184577152306357, 0.149292533645186]",markov_shift
1.5642600755032632,0.33808803784120256,0.11430352133131441,2.093117695103493,True,1,512,128,640,-0.00017865203738545512,1.5639806172537738,2.32712420899018,0.010111527450955667,hmm_stationary,640,full512,2026109998,1.3355473146792571,"[0.39524298098221816, 0.20380532545064758, 0.09415386887170167, 0.08565951952718304, -8.60480138690558e-24, 5.550769008472196e-17, 0.07184577152306357, 0.149292533645186]",markov_shift
1.5642600755032632,0.1740467387124638,0.03029226725644464,1.8365144401427185,True,1,512,128,640,-0.00017865203738545512,1.5639806172537738,2.32712420899018,0.044446058615021766,gaussian_iid,640,full512,2026109998,1.3355473146792571,"[0.39524298098221816, 0.20380532545064758, 0.09415386887170167, 0.08565951952718304, -8.60480138690558e-24, 5.550769008472196e-17, 0.07184577152306357, 0.149292533645186]",markov_shift
1.5642600755032632,-0.08777056838613706,0.007703672674825563,1.4269640795726002,True,1,512,128,640,-0.00017865203738545512,1.5639806172537738,2.32712420899018,0.14962370947253553,ewma_gaussian,640,full512,2026109998,1.3355473146792571,"[0.39524298098221816, 0.20380532545064758, 0.09415386887170167, 0.08565951952718304, -8.60480138690558e-24, 5.550769008472196e-17, 0.07184577152306357, 0.149292533645186]",markov_shift
1.5642600755032632,0.14161152596258297,0.020053824285451313,1.7857773317976255,True,1,512,128,640,-0.00017865203738545512,1.5639806172537738,2.32712420899018,0.054114312269717184,ar_gaussian,640,full512,2026109998,1.3355473146792571,"[0.39524298098221816, 0.20380532545064758, 0.09415386887170167, 0.08565951952718304, -8.60480138690558e-24, 5.550769008472196e-17, 0.07184577152306357, 0.149292533645186]",markov_shift
1.7331315848014461,0.3569814882808515,0.12743578297521174,2.351827477330417,True,1,512,128,640,-0.0001611843736933788,1.7328522310724217,2.4957103986955738,0.003323763520436706,raw,640,equal512,2026109998,1.5209167242724346,"[0.125, 0.125, 0.125, 0.125, 0.125, 0.125, 0.125, 0.125]",markov_shift
1.7331315848014461,0.3705051763874794,0.1372740857299172,2.3752658083310174,True,1,512,128,640,-0.0001611843736933788,1.7328522310724217,2.4957103986955738,0.002329089731681307,iid_oic,640,equal512,2026109998,1.5209167242724346,"[0.125, 0.125, 0.125, 0.125, 0.125, 0.125, 0.125, 0.125]",markov_shift
1.7331315848014461,0.006398805005228381,4.094470549493578e-05,1.744221555860993,True,1,512,128,640,-0.0001611843736933788,1.7328522310724217,2.4957103986955738,0.09066855557008938,hmm_filtered,640,equal512,2026109998,1.5209167242724346,"[0.125, 0.125, 0.125, 0.125, 0.125, 0.125, 0.125, 0.125]",markov_shift
1.7331315848014461,0.36616782064624154,0.1340788728768181,2.3677486001013586,True,1,512,128,640,-0.0001611843736933788,1.7328522310724217,2.4957103986955738,0.0026288892736648765,hmm_stationary,640,equal512,2026109998,1.5209167242724346,"[0.125, 0.125, 0.125, 0.125, 0.125, 0.125, 0.125, 0.125]",markov_shift
1.7331315848014461,0.15899337037625005,0.02527889182359943,2.0086880167745598,True,1,512,128,640,-0.0001611843736933788,1.7328522310724217,2.4957103986955738,0.038081098146457076,gaussian_iid,640,equal512,2026109998,1.5209167242724346,"[0.125, 0.125, 0.125, 0.125, 0.125, 0.125, 0.125, 0.125]",markov_shift
1.7331315848014461,-0.08794290733815135,0.007733954951086675,1.5807149544344292,True,1,512,128,640,-0.0001611843736933788,1.7328522310724217,2.4957103986955738,0.1344155416151369,ewma_gaussian,640,equal512,2026109998,1.5209167242724346,"[0.125, 0.125, 0.125, 0.125, 0.125, 0.125, 0.125, 0.125]",markov_shift
1.7331315848014461,0.1406241682193552,0.019775156687385508,1.9768517723288423,True,1,512,128,640,-0.0001611843736933788,1.7328522310724217,2.4957103986955738,0.04322248238660206,ar_gaussian,640,equal512,2026109998,1.5209167242724346,"[0.125, 0.125, 0.125, 0.125, 0.125, 0.125, 0.125, 0.125]",markov_shift
1.5642600755032632,0.3170002794141389,0.10048917714864213,2.0601309565141794,True,1,512,128,640,-0.00017865203738545512,1.5639806172537738,2.32712420899018,0.013163198895524872,raw,640,full512,2026109998,1.3355473146792571,"[0.39524298098221816, 0.20380532545064758, 0.09415386887170167, 0.08565951952718304, -8.60480138690558e-24, 5.550769008472196e-17, 0.07184577152306357, 0.149292533645186]",markov_stationary
1.5642600755032632,0.39677431208838443,0.1574298547332107,2.184918290888395,True,1,512,128,640,-0.00017865203738545512,1.5639806172537738,2.32712420899018,0.0037341882910030765,iid_oic,640,full512,2026109998,1.3355473146792571,"[0.39524298098221816, 0.20380532545064758, 0.09415386887170167, 0.08565951952718304, -8.60480138690558e-24, 5.550769008472196e-17, 0.07184577152306357, 0.149292533645186]",markov_stationary
1.5642600755032632,-0.003839361215035031,1.4740694539515269e-05,1.5582543160391482,True,1,512,128,640,-0.00017865203738545512,1.5639806172537738,2.32712420899018,0.10916076797787994,hmm_filtered,640,full512,2026109998,1.3355473146792571,"[0.39524298098221816, 0.20380532545064758, 0.09415386887170167, 0.08565951952718304, -8.60480138690558e-24, 5.550769008472196e-17, 0.07184577152306357, 0.149292533645186]",markov_stationary
1.5642600755032632,0.33808803784120256,0.11430352133131441,2.093117695103493,True,1,512,128,640,-0.00017865203738545512,1.5639806172537738,2.32712420899018,0.010111527450955667,hmm_stationary,640,full512,2026109998,1.3355473146792571,"[0.39524298098221816, 0.20380532545064758, 0.09415386887170167, 0.08565951952718304, -8.60480138690558e-24, 5.550769008472196e-17, 0.07184577152306357, 0.149292533645186]",markov_stationary
1.5642600755032632,0.1740467387124638,0.03029226725644464,1.8365144401427185,True,1,512,128,640,-0.00017865203738545512,1.5639806172537738,2.32712420899018,0.044446058615021766,gaussian_iid,640,full512,2026109998,1.3355473146792571,"[0.39524298098221816, 0.20380532545064758, 0.09415386887170167, 0.08565951952718304, -8.60480138690558e-24, 5.550769008472196e-17, 0.07184577152306357, 0.149292533645186]",markov_stationary
1.5642600755032632,-0.08777056838613706,0.007703672674825563,1.4269640795726002,True,1,512,128,640,-0.00017865203738545512,1.5639806172537738,2.32712420899018,0.14962370947253553,ewma_gaussian,640,full512,2026109998,1.3355473146792571,"[0.39524298098221816, 0.20380532545064758, 0.09415386887170167, 0.08565951952718304, -8.60480138690558e-24, 5.550769008472196e-17, 0.07184577152306357, 0.149292533645186]",markov_stationary
1.5642600755032632,0.14161152596258297,0.020053824285451313,1.7857773317976255,True,1,512,128,640,-0.00017865203738545512,1.5639806172537738,2.32712420899018,0.054114312269717184,ar_gaussian,640,full512,2026109998,1.3355473146792571,"[0.39524298098221816, 0.20380532545064758, 0.09415386887170167, 0.08565951952718304, -8.60480138690558e-24, 5.550769008472196e-17, 0.07184577152306357, 0.149292533645186]",markov_stationary
1.7331315848014461,0.3569814882808515,0.12743578297521174,2.351827477330417,True,1,512,128,640,-0.0001611843736933788,1.7328522310724217,2.4957103986955738,0.003323763520436706,raw,640,equal512,2026109998,1.5209167242724346,"[0.125, 0.125, 0.125, 0.125, 0.125, 0.125, 0.125, 0.125]",markov_stationary
1.7331315848014461,0.3705051763874794,0.1372740857299172,2.3752658083310174,True,1,512,128,640,-0.0001611843736933788,1.7328522310724217,2.4957103986955738,0.002329089731681307,iid_oic,640,equal512,2026109998,1.5209167242724346,"[0.125, 0.125, 0.125, 0.125, 0.125, 0.125, 0.125, 0.125]",markov_stationary
1.7331315848014461,0.006398805005228381,4.094470549493578e-05,1.744221555860993,True,1,512,128,640,-0.0001611843736933788,1.7328522310724217,2.4957103986955738,0.09066855557008938,hmm_filtered,640,equal512,2026109998,1.5209167242724346,"[0.125, 0.125, 0.125, 0.125, 0.125, 0.125, 0.125, 0.125]",markov_stationary
1.7331315848014461,0.36616782064624154,0.1340788728768181,2.3677486001013586,True,1,512,128,640,-0.0001611843736933788,1.7328522310724217,2.4957103986955738,0.0026288892736648765,hmm_stationary,640,equal512,2026109998,1.5209167242724346,"[0.125, 0.125, 0.125, 0.125, 0.125, 0.125, 0.125, 0.125]",markov_stationary
1.7331315848014461,0.15899337037625005,0.02527889182359943,2.0086880167745598,True,1,512,128,640,-0.0001611843736933788,1.7328522310724217,2.4957103986955738,0.038081098146457076,gaussian_iid,640,equal512,2026109998,1.5209167242724346,"[0.125, 0.125, 0.125, 0.125, 0.125, 0.125, 0.125, 0.125]",markov_stationary
1.7331315848014461,-0.08794290733815135,0.007733954951086675,1.5807149544344292,True,1,512,128,640,-0.0001611843736933788,1.7328522310724217,2.4957103986955738,0.1344155416151369,ewma_gaussian,640,equal512,2026109998,1.5209167242724346,"[0.125, 0.125, 0.125, 0.125, 0.125, 0.125, 0.125, 0.125]",markov_stationary
1.7331315848014461,0.1406241682193552,0.019775156687385508,1.9768517723288423,True,1,512,128,640,-0.0001611843736933788,1.7328522310724217,2.4957103986955738,0.04322248238660206,ar_gaussian,640,equal512,2026109998,1.5209167242724346,"[0.125, 0.125, 0.125, 0.125, 0.125, 0.125, 0.125, 0.125]",markov_stationary
4.986523661818569,-0.5108978341338126,0.2610165969226207,2.4389195231384537,True,1,512,320,832,0.007946080936356138,5.026146982426434,2.517863043672859,0.000983034530522693,raw,832,full512,2026109998,1.7474069445695521,"[0.20479968648723, 0.21460682154742253, 0.13811222331470654, 0.11464839419668836, -2.7349654745676267e-26, 1.1404870735446407e-16, 0.3278328744539526, 1.2844746924406452e-17]",markov_stationary
4.986523661818569,-0.4826232943843748,0.2329252442824269,2.5799111846260554,True,1,512,320,832,0.007946080936356138,5.026146982426434,2.517863043672859,0.0006072861003485368,iid_oic,832,full512,2026109998,1.7474069445695521,"[0.20479968648723, 0.21460682154742253, 0.13811222331470654, 0.11464839419668836, -2.7349654745676267e-26, 1.1404870735446407e-16, 0.3278328744539526, 1.2844746924406452e-17]",markov_stationary
4.986523661818569,-0.04891873140546532,0.002393042282320059,4.742589250159069,True,1,512,320,832,0.007946080936356138,5.026146982426434,2.517863043672859,0.7807085479048548,hmm_filtered,832,full512,2026109998,1.7474069445695521,"[0.20479968648723, 0.21460682154742253, 0.13811222331470654, 0.11464839419668836, -2.7349654745676267e-26, 1.1404870735446407e-16, 0.3278328744539526, 1.2844746924406452e-17]",markov_stationary
4.986523661818569,-0.48111790269305743,0.23147443629176628,2.587417855915114,True,1,512,320,832,0.007946080936356138,5.026146982426434,2.517863043672859,0.000763115295301408,hmm_stationary,832,full512,2026109998,1.7474069445695521,"[0.20479968648723, 0.21460682154742253, 0.13811222331470654, 0.11464839419668836, -2.7349654745676267e-26, 1.1404870735446407e-16, 0.3278328744539526, 1.2844746924406452e-17]",markov_stationary
4.986523661818569,-0.5646462216874006,0.3188253556658572,2.1709019168178925,True,1,512,320,832,0.007946080936356138,5.026146982426434,2.517863043672859,0.018988796155223905,gaussian_iid,832,full512,2026109998,1.7474069445695521,"[0.20479968648723, 0.21460682154742253, 0.13811222331470654, 0.11464839419668836, -2.7349654745676267e-26, 1.1404870735446407e-16, 0.3278328744539526, 1.2844746924406452e-17]",markov_stationary
4.986523661818569,-0.21497749538169508,0.04621532352058673,3.9145332943392543,True,1,512,320,832,0.007946080936356138,5.026146982426434,2.517863043672859,0.3076972100799164,ewma_gaussian,832,full512,2026109998,1.7474069445695521,"[0.20479968648723, 0.21460682154742253, 0.13811222331470654, 0.11464839419668836, -2.7349654745676267e-26, 1.1404870735446407e-16, 0.3278328744539526, 1.2844746924406452e-17]",markov_stationary
4.986523661818569,-0.5722768561983211,0.3275008001402339,2.1328515772744976,True,1,512,320,832,0.007946080936356138,5.026146982426434,2.517863043672859,0.02338207885298798,ar_gaussian,832,full512,2026109998,1.7474069445695521,"[0.20479968648723, 0.21460682154742253, 0.13811222331470654, 0.11464839419668836, -2.7349654745676267e-26, 1.1404870735446407e-16, 0.3278328744539526, 1.2844746924406452e-17]",markov_stationary
4.839255930464259,-0.42410850218928553,0.1798680216292392,2.7868863460844446,True,1,512,320,832,0.00776159598148008,4.876816279847504,2.499125070563366,0.01325832672670677,raw,832,equal512,2026109998,1.7726302104665674,"[0.125, 0.125, 0.125, 0.125, 0.125, 0.125, 0.125, 0.125]",markov_stationary
4.839255930464259,-0.4179263061517111,0.17466239737361378,2.8168035749225693,True,1,512,320,832,0.00776159598148008,4.876816279847504,2.499125070563366,0.01615844916427261,iid_oic,832,equal512,2026109998,1.7726302104665674,"[0.125, 0.125, 0.125, 0.125, 0.125, 0.125, 0.125, 0.125]",markov_stationary
4.839255930464259,0.1362896690498907,0.018574873889728737,5.498796519674953,True,1,512,320,832,0.00776159598148008,4.876816279847504,2.499125070563366,1.4406928356188493,hmm_filtered,832,equal512,2026109998,1.7726302104665674,"[0.125, 0.125, 0.125, 0.125, 0.125, 0.125, 0.125, 0.125]",markov_stationary
4.839255930464259,-0.42009200423917425,0.1764772920256864,2.8063232076092186,True,1,512,320,832,0.00776159598148008,4.876816279847504,2.499125070563366,0.015109885480921494,hmm_stationary,832,equal512,2026109998,1.7726302104665674,"[0.125, 0.125, 0.125, 0.125, 0.125, 0.125, 0.125, 0.125]",markov_stationary
4.839255930464259,-0.5348451033059836,0.2860592845303882,2.251003592411009,True,1,512,320,832,0.00776159598148008,4.876816279847504,2.499125070563366,0.00985718113031828,gaussian_iid,832,equal512,2026109998,1.7726302104665674,"[0.125, 0.125, 0.125, 0.125, 0.125, 0.125, 0.125, 0.125]",markov_stationary
4.839255930464259,-0.023487967021458833,0.0005516845948011377,4.725591646761115,True,1,512,320,832,0.00776159598148008,4.876816279847504,2.499125070563366,0.7936999943666904,ewma_gaussian,832,equal512,2026109998,1.7726302104665674,"[0.125, 0.125, 0.125, 0.125, 0.125, 0.125, 0.125, 0.125]",markov_stationary
4.839255930464259,-0.5196816554348065,0.27006902299546093,2.324383397447888,True,1,512,320,832,0.00776159598148008,4.876816279847504,2.499125070563366,0.0048889657729653145,ar_gaussian,832,equal512,2026109998,1.7726302104665674,"[0.125, 0.125, 0.125, 0.125, 0.125, 0.125, 0.125, 0.125]",markov_stationary
4.755297052518631,-0.5191207003140452,0.2694863014945448,2.2867239164138438,True,1,512,0,512,0.0022932981092279488,4.766202366257989,2.3381418637728255,0.0004836016287086946,raw,512,full512,2026109998,1.5889963845999324,"[0.3805792606640842, 0.15142029055105005, 0.03841753565199206, 0.07849896665305153, 1.2654470240513126e-17, -5.505364206328722e-25, 0.11905751033509565, 0.23202643614472646]",markov_stationary
4.755297052518631,-0.47260615437543585,0.2233565771535383,2.5079143996149558,True,1,512,0,512,0.0022932981092279488,4.766202366257989,2.3381418637728255,0.005272215523058418,iid_oic,512,full512,2026109998,1.5889963845999324,"[0.3805792606640842, 0.15142029055105005, 0.03841753565199206, 0.07849896665305153, 1.2654470240513126e-17, -5.505364206328722e-25, 0.11905751033509565, 0.23202643614472646]",markov_stationary
4.755297052518631,-0.06686354294825614,0.004470733375593293,4.437341043815835,True,1,512,0,512,0.0022932981092279488,4.766202366257989,2.3381418637728255,0.8060566779569455,hmm_filtered,512,full512,2026109998,1.5889963845999324,"[0.3805792606640842, 0.15142029055105005, 0.03841753565199206, 0.07849896665305153, 1.2654470240513126e-17, -5.505364206328722e-25, 0.11905751033509565, 0.23202643614472646]",markov_stationary
4.755297052518631,-0.5059699953701455,0.2560056362148651,2.349259424872112,True,1,512,0,512,0.0022932981092279488,4.766202366257989,2.3381418637728255,2.260879073216406e-05,hmm_stationary,512,full512,2026109998,1.5889963845999324,"[0.3805792606640842, 0.15142029055105005, 0.03841753565199206, 0.07849896665305153, 1.2654470240513126e-17, -5.505364206328722e-25, 0.11905751033509565, 0.23202643614472646]",markov_stationary
4.755297052518631,-0.5858817043428505,0.34325737148368324,1.969255510732482,True,1,512,0,512,0.0022932981092279488,4.766202366257989,2.3381418637728255,0.02489106401884889,gaussian_iid,512,full512,2026109998,1.5889963845999324,"[0.3805792606640842, 0.15142029055105005, 0.03841753565199206, 0.07849896665305153, 1.2654470240513126e-17, -5.505364206328722e-25, 0.11905751033509565, 0.23202643614472646]",markov_stationary
4.755297052518631,-0.6092919145706929,0.3712366371612205,1.8579330070371816,True,1,512,0,512,0.0022932981092279488,4.766202366257989,2.3381418637728255,0.04218116940055062,ewma_gaussian,512,full512,2026109998,1.5889963845999324,"[0.3805792606640842, 0.15142029055105005, 0.03841753565199206, 0.07849896665305153, 1.2654470240513126e-17, -5.505364206328722e-25, 0.11905751033509565, 0.23202643614472646]",markov_stationary
4.755297052518631,-0.589036889696246,0.3469644574230275,1.9542516671213304,True,1,512,0,512,0.0022932981092279488,4.766202366257989,2.3381418637728255,0.02695704773701207,ar_gaussian,512,full512,2026109998,1.5889963845999324,"[0.3805792606640842, 0.15142029055105005, 0.03841753565199206, 0.07849896665305153, 1.2654470240513126e-17, -5.505364206328722e-25, 0.11905751033509565, 0.23202643614472646]",markov_stationary
4.899473685436645,-0.45085469489041896,0.20326995590473276,2.6905229718654695,True,1,512,0,512,0.002212367462185756,4.91031312160014,2.4969202154607912,0.006011927595554617,raw,512,equal512,2026109998,1.7581597043287993,"[0.125, 0.125, 0.125, 0.125, 0.125, 0.125, 0.125, 0.125]",markov_stationary
4.899473685436645,-0.44574582185285816,0.19868933769927996,2.7155537608752356,True,1,512,0,512,0.002212367462185756,4.91031312160014,2.4969202154607912,0.007666978827666722,iid_oic,512,equal512,2026109998,1.7581597043287993,"[0.125, 0.125, 0.125, 0.125, 0.125, 0.125, 0.125, 0.125]",markov_stationary
4.899473685436645,0.07418538937607289,0.005503471996879548,5.262943048528585,True,1,512,0,512,0.002212367462185756,4.91031312160014,2.4969202154607912,1.2271628254092108,hmm_filtered,512,equal512,2026109998,1.7581597043287993,"[0.125, 0.125, 0.125, 0.125, 0.125, 0.125, 0.125, 0.125]",markov_stationary
4.899473685436645,-0.45182289198463843,0.20414392572136225,2.6857793156800254,True,1,512,0,512,0.002212367462185756,4.91031312160014,2.4969202154607912,0.005720928256667486,hmm_stationary,512,equal512,2026109998,1.7581597043287993,"[0.125, 0.125, 0.125, 0.125, 0.125, 0.125, 0.125, 0.125]",markov_stationary
4.899473685436645,-0.5503430562011512,0.3028774795088235,2.203082363616324,True,1,512,0,512,0.002212367462185756,4.91031312160014,2.4969202154607912,0.013848608876647506,gaussian_iid,512,equal512,2026109998,1.7581597043287993,"[0.125, 0.125, 0.125, 0.125, 0.125, 0.125, 0.125, 0.125]",markov_stationary
4.899473685436645,-0.5833268858751806,0.34027025578483594,2.041478958083493,True,1,512,0,512,0.002212367462185756,4.91031312160014,2.4969202154607912,0.033270199773687045,ewma_gaussian,512,equal512,2026109998,1.7581597043287993,"[0.125, 0.125, 0.125, 0.125, 0.125, 0.125, 0.125, 0.125]",markov_stationary
4.899473685436645,-0.5552981048944718,0.30835598529939184,2.178805232933342,True,1,512,0,512,0.002212367462185756,4.91031312160014,2.4969202154607912,0.01623150974643407,ar_gaussian,512,equal512,2026109998,1.7581597043287993,"[0.125, 0.125, 0.125, 0.125, 0.125, 0.125, 0.125, 0.125]",markov_stationary
1.8451621950173058,0.21920999790330353,0.04805302318076634,2.2496401959183046,True,1,512,256,768,-0.001627379305258139,1.84215941624629,2.406971031810276,0.004272538384116999,raw,768,full512,2026109999,1.7184122820660837,"[0.25853137392023884, 0.2935260832904134, 0.050466403210604555, 0.11053438942781674, 1.175963580628559e-16, 0.12453045633846692, 0.004064889315394733, 0.15834640449706475]",markov_stationary
1.8451621950173058,0.3279894071172196,0.10757705118110521,2.4503558493961393,True,1,512,256,768,-0.001627379305258139,1.84215941624629,2.406971031810276,0.0003248881151178738,iid_oic,768,full512,2026109999,1.7184122820660837,"[0.25853137392023884, 0.2935260832904134, 0.050466403210604555, 0.11053438942781674, 1.175963580628559e-16, 0.12453045633846692, 0.004064889315394733, 0.15834640449706475]",markov_stationary
1.8451621950173058,-0.011231208655280933,0.00012614004785845736,1.8244387934022304,True,1,512,256,768,-0.001627379305258139,1.84215941624629,2.406971031810276,0.058573099081776395,hmm_filtered,768,full512,2026109999,1.7184122820660837,"[0.25853137392023884, 0.2935260832904134, 0.050466403210604555, 0.11053438942781674, 1.175963580628559e-16, 0.12453045633846692, 0.004064889315394733, 0.15834640449706475]",markov_stationary
1.8451621950173058,0.27385710843368805,0.07499771583966078,2.350472978335902,True,1,512,256,768,-0.001627379305258139,1.84215941624629,2.406971031810276,0.0005509665635244554,hmm_stationary,768,full512,2026109999,1.7184122820660837,"[0.25853137392023884, 0.2935260832904134, 0.050466403210604555, 0.11053438942781674, 1.175963580628559e-16, 0.12453045633846692, 0.004064889315394733, 0.15834640449706475]",markov_stationary
1.8451621950173058,0.10411927854626035,0.010840824164993752,2.0372791515633417,True,1,512,256,768,-0.001627379305258139,1.84215941624629,2.406971031810276,0.02359055166627148,gaussian_iid,768,full512,2026109999,1.7184122820660837,"[0.25853137392023884, 0.2935260832904134, 0.050466403210604555, 0.11053438942781674, 1.175963580628559e-16, 0.12453045633846692, 0.004064889315394733, 0.15834640449706475]",markov_stationary
1.8451621950173058,-0.02791554305422861,0.0007792775440124911,1.7936534903202652,True,1,512,256,768,-0.001627379305258139,1.84215941624629,2.406971031810276,0.06492755446151047,ewma_gaussian,768,full512,2026109999,1.7184122820660837,"[0.25853137392023884, 0.2935260832904134, 0.050466403210604555, 0.11053438942781674, 1.175963580628559e-16, 0.12453045633846692, 0.004064889315394733, 0.15834640449706475]",markov_stationary
1.8451621950173058,0.10090034825602423,0.010180880278186972,2.031339703083402,True,1,512,256,768,-0.001627379305258139,1.84215941624629,2.406971031810276,0.024354649621741546,ar_gaussian,768,full512,2026109999,1.7184122820660837,"[0.25853137392023884, 0.2935260832904134, 0.050466403210604555, 0.11053438942781674, 1.175963580628559e-16, 0.12453045633846692, 0.004064889315394733, 0.15834640449706475]",markov_stationary
1.9534625391471516,0.29923636806529563,0.08954240397290908,2.5380095745131555,True,1,512,256,768,-0.0015228164115319838,1.9504877743332254,2.510030067856269,0.00012425739863801264,raw,768,equal512,2026109999,1.8307105932299994,"[0.125, 0.125, 0.125, 0.125, 0.125, 0.125, 0.125, 0.125]",markov_stationary
1.9534625391471516,0.3131166014167641,0.09804200608278472,2.56512409039987,True,1,512,256,768,-0.0015228164115319838,1.9504877743332254,2.510030067856269,0.00048178260647054153,iid_oic,768,equal512,2026109999,1.8307105932299994,"[0.125, 0.125, 0.125, 0.125, 0.125, 0.125, 0.125, 0.125]",markov_stationary
1.9534625391471516,-0.0032245498589701382,1.0397721792984339e-05,1.9471635017920412,True,1,512,256,768,-0.0015228164115319838,1.9504877743332254,2.510030067856269,0.05028669082113831,hmm_filtered,768,equal512,2026109999,1.8307105932299994,"[0.125, 0.125, 0.125, 0.125, 0.125, 0.125, 0.125, 0.125]",markov_stationary
1.9534625391471516,0.29479910109026086,0.08690651000362584,2.5293415397012304,True,1,512,256,768,-0.0015228164115319838,1.9504877743332254,2.510030067856269,5.919334773789676e-05,hmm_stationary,768,equal512,2026109999,1.8307105932299994,"[0.125, 0.125, 0.125, 0.125, 0.125, 0.125, 0.125, 0.125]",markov_stationary
1.9534625391471516,0.1099508620083911,0.012089192056388262,2.1682474292274816,True,1,512,256,768,-0.0015228164115319838,1.9504877743332254,2.510030067856269,0.018541384010246336,gaussian_iid,768,equal512,2026109999,1.8307105932299994,"[0.125, 0.125, 0.125, 0.125, 0.125, 0.125, 0.125, 0.125]",markov_stationary
1.9534625391471516,-0.04354519188019401,0.0018961837358829146,1.868398638049218,True,1,512,256,768,-0.0015228164115319838,1.9504877743332254,2.510030067856269,0.06534515776215141,ewma_gaussian,768,equal512,2026109999,1.8307105932299994,"[0.125, 0.125, 0.125, 0.125, 0.125, 0.125, 0.125, 0.125]",markov_stationary
1.9534625391471516,0.10564534997911923,0.011160939972210588,2.159836772766451,True,1,512,256,768,-0.0015228164115319838,1.9504877743332254,2.510030067856269,0.01946515227151229,ar_gaussian,768,equal512,2026109999,1.8307105932299994,"[0.125, 0.125, 0.125, 0.125, 0.125, 0.125, 0.125, 0.125]",markov_stationary
3.9940455353264572,-0.2754316800700696,0.07586261038622116,2.8939588632551305,True,1,512,448,960,1.4007428447901228e-07,3.9940460947895278,2.8557935532166256,0.00017860103518797663,raw,960,full512,2026109999,2.0852341111178467,"[0.3843019109652618, 0.2696677585300614, 0.11910411258382328, 0.07240200488486945, 0.03085225761979449, 0.0353697527857043, 0.028059495791512023, 0.060242706838973245]",markov_shift
3.9940455353264572,-0.19652434509387018,0.038621818214574576,3.209118352221329,True,1,512,448,960,1.4007428447901228e-07,3.9940460947895278,2.8557935532166256,0.015307160058905867,iid_oic,960,full512,2026109999,2.0852341111178467,"[0.3843019109652618, 0.2696677585300614, 0.11910411258382328, 0.07240200488486945, 0.03085225761979449, 0.0353697527857043, 0.028059495791512023, 0.060242706838973245]",markov_shift
3.9940455353264572,-0.047923041783148546,0.0022966179337494015,3.8026387242532094,True,1,512,448,960,1.4007428447901228e-07,3.9940460947895278,2.8557935532166256,0.10992698571743803,hmm_filtered,960,full512,2026109999,2.0852341111178467,"[0.3843019109652618, 0.2696677585300614, 0.11910411258382328, 0.07240200488486945, 0.03085225761979449, 0.0353697527857043, 0.028059495791512023, 0.060242706838973245]",markov_shift
3.9940455353264572,-0.2550204746953061,0.06503544251381925,2.975482146952836,True,1,512,448,960,1.4007428447901228e-07,3.9940460947895278,2.8557935532166256,0.001756515194387653,hmm_stationary,960,full512,2026109999,2.0852341111178467,"[0.3843019109652618, 0.2696677585300614, 0.11910411258382328, 0.07240200488486945, 0.03085225761979449, 0.0353697527857043, 0.028059495791512023, 0.060242706838973245]",markov_shift
3.9940455353264572,-0.35475517652314226,0.12585123526996583,2.5771372064002516,True,1,512,448,960,1.4007428447901228e-07,3.9940460947895278,2.8557935532166256,0.009521037171124432,gaussian_iid,960,full512,2026109999,2.0852341111178467,"[0.3843019109652618, 0.2696677585300614, 0.11910411258382328, 0.07240200488486945, 0.03085225761979449, 0.0353697527857043, 0.028059495791512023, 0.060242706838973245]",markov_shift
3.9940455353264572,-0.26466603516479126,0.07004811016985052,2.9369573392239676,True,1,512,448,960,1.4007428447901228e-07,3.9940460947895278,2.8557935532166256,0.0008077388589859169,ewma_gaussian,960,full512,2026109999,2.0852341111178467,"[0.3843019109652618, 0.2696677585300614, 0.11910411258382328, 0.07240200488486945, 0.03085225761979449, 0.0353697527857043, 0.028059495791512023, 0.060242706838973245]",markov_shift
3.9940455353264572,-0.3421831598335504,0.1170893148736731,2.6273504135293657,True,1,512,448,960,1.4007428447901228e-07,3.9940460947895278,2.8557935532166256,0.006398860216532964,ar_gaussian,960,full512,2026109999,2.0852341111178467,"[0.3843019109652618, 0.2696677585300614, 0.11910411258382328, 0.07240200488486945, 0.03085225761979449, 0.0353697527857043, 0.028059495791512023, 0.060242706838973245]",markov_shift
4.21541495513686,-0.2538597880555533,0.06444479199161045,3.1452906080596073,True,1,512,448,960,1.355721623196471e-07,4.215415526629781,3.052687716022101,0.0009202044774612331,raw,960,equal512,2026109999,2.26587434168378,"[0.125, 0.125, 0.125, 0.125, 0.125, 0.125, 0.125, 0.125]",markov_shift
4.21541495513686,-0.24710394828252147,0.061060361256811045,3.173769276073354,True,1,512,448,960,1.355721623196471e-07,4.215415526629781,3.052687716022101,0.0015732265159315454,iid_oic,960,equal512,2026109999,2.26587434168378,"[0.125, 0.125, 0.125, 0.125, 0.125, 0.125, 0.125, 0.125]",markov_shift
4.21541495513686,-0.04720507488470105,0.0022283190948702335,4.016425976509536,True,1,512,448,960,1.355721623196471e-07,4.215415526629781,3.052687716022101,0.09966747216239359,hmm_filtered,960,equal512,2026109999,2.26587434168378,"[0.125, 0.125, 0.125, 0.125, 0.125, 0.125, 0.125, 0.125]",markov_shift
4.21541495513686,-0.2473567568645908,0.061185365166568285,3.172703582995712,True,1,512,448,960,1.355721623196471e-07,4.215415526629781,3.052687716022101,0.0015456550433504302,hmm_stationary,960,equal512,2026109999,2.26587434168378,"[0.125, 0.125, 0.125, 0.125, 0.125, 0.125, 0.125, 0.125]",markov_shift
4.21541495513686,-0.3460185803112077,0.11972885792058369,2.7568030569377706,True,1,512,448,960,1.355721623196471e-07,4.215415526629781,3.052687716022101,0.009394639920284834,gaussian_iid,960,equal512,2026109999,2.26587434168378,"[0.125, 0.125, 0.125, 0.125, 0.125, 0.125, 0.125, 0.125]",markov_shift
4.21541495513686,-0.1687188767888782,0.028466059384900665,3.5041948787071298,True,1,512,448,960,1.355721623196471e-07,4.215415526629781,3.052687716022101,0.021875829532056267,ewma_gaussian,960,equal512,2026109999,2.26587434168378,"[0.125, 0.125, 0.125, 0.125, 0.125, 0.125, 0.125, 0.125]",markov_shift
4.21541495513686,-0.3439766448511622,0.11831993220306257,2.765410662213471,True,1,512,448,960,1.355721623196471e-07,4.215415526629781,3.052687716022101,0.008855990015023527,ar_gaussian,960,equal512,2026109999,2.26587434168378,"[0.125, 0.125, 0.125, 0.125, 0.125, 0.125, 0.125, 0.125]",markov_shift
4.569320979900792,-0.4159785299176466,0.17303813735244641,2.6685815559598,True,1,512,320,832,0.0020601726998005893,4.57873457024021,2.606584482086274,0.000565716405976689,raw,832,full512,2026109998,1.8695642124637166,"[0.3712251406926635, 0.1696869005095385, 0.17110480797235686, 0.02603336226724433, 1.1080266379722313e-16, -7.462525294833545e-26, 0.23199028175075562, 0.029959506807441253]",markov_shift
4.569320979900792,-0.36669858386912213,0.1344678514116196,2.893757447327702,True,1,512,320,832,0.0020601726998005893,4.57873457024021,2.606584482086274,0.012137898298480304,iid_oic,832,full512,2026109998,1.8695642124637166,"[0.3712251406926635, 0.1696869005095385, 0.17110480797235686, 0.02603336226724433, 1.1080266379722313e-16, -7.462525294833545e-26, 0.23199028175075562, 0.029959506807441253]",markov_shift
4.569320979900792,-0.049817003976750374,0.0024817338852195624,4.341691098474025,True,1,512,320,832,0.0020601726998005893,4.57873457024021,2.606584482086274,0.4431071122428464,hmm_filtered,832,full512,2026109998,1.8695642124637166,"[0.3712251406926635, 0.1696869005095385, 0.17110480797235686, 0.02603336226724433, 1.1080266379722313e-16, -7.462525294833545e-26, 0.23199028175075562, 0.029959506807441253]",markov_shift
4.569320979900792,-0.4037450030889812,0.16301002751932145,2.7244804667562,True,1,512,320,832,0.0020601726998005893,4.57873457024021,2.606584482086274,0.0020457587492661803,hmm_stationary,832,full512,2026109998,1.8695642124637166,"[0.3712251406926635, 0.1696869005095385, 0.17110480797235686, 0.02603336226724433, 1.1080266379722313e-16, -7.462525294833545e-26, 0.23199028175075562, 0.029959506807441253]",markov_shift
4.569320979900792,-0.5071936709635696,0.2572454198655017,2.251790298294054,True,1,512,320,832,0.0020601726998005893,4.57873457024021,2.606584482086274,0.01852718220749535,gaussian_iid,832,full512,2026109998,1.8695642124637166,"[0.3712251406926635, 0.1696869005095385, 0.17110480797235686, 0.02603336226724433, 1.1080266379722313e-16, -7.462525294833545e-26, 0.23199028175075562, 0.029959506807441253]",markov_shift
4.569320979900792,-0.09785251503973347,0.009575114699601265,4.12220142999368,True,1,512,320,832,0.0020601726998005893,4.57873457024021,2.606584482086274,0.33809231187070604,ewma_gaussian,832,full512,2026109998,1.8695642124637166,"[0.3712251406926635, 0.1696869005095385, 0.17110480797235686, 0.02603336226724433, 1.1080266379722313e-16, -7.462525294833545e-26, 0.23199028175075562, 0.029959506807441253]",markov_shift
4.569320979900792,-0.5139661832112953,0.26416123748478676,2.2208445159938863,True,1,512,320,832,0.0020601726998005893,4.57873457024021,2.606584482086274,0.02190007817420068,ar_gaussian,832,full512,2026109998,1.8695642124637166,"[0.3712251406926635, 0.1696869005095385, 0.17110480797235686, 0.02603336226724433, 1.1080266379722313e-16, -7.462525294833545e-26, 0.23199028175075562, 0.029959506807441253]",markov_shift
4.397025258755138,-0.31696263798479163,0.10046531387827808,3.0033325334543486,True,1,512,320,832,0.001797726551847494,4.404929907811947,2.7489034851479737,0.008566716660922334,raw,832,equal512,2026109998,2.134887578269794,"[0.125, 0.125, 0.125, 0.125, 0.125, 0.125, 0.125, 0.125]",markov_shift
4.397025258755138,-0.3009698972978194,0.09058287907945997,3.0736530182116866,True,1,512,320,832,0.001797726551847494,4.404929907811947,2.7489034851479737,0.013956550353800551,iid_oic,832,equal512,2026109998,2.134887578269794,"[0.125, 0.125, 0.125, 0.125, 0.125, 0.125, 0.125, 0.125]",markov_shift
4.397025258755138,0.06391655874415902,0.004085326481695532,4.678067982005913,True,1,512,320,832,0.001797726551847494,4.404929907811947,2.7489034851479737,0.49251508619529416,hmm_filtered,832,equal512,2026109998,2.134887578269794,"[0.125, 0.125, 0.125, 0.125, 0.125, 0.125, 0.125, 0.125]",markov_shift
4.397025258755138,-0.31545778137680336,0.09951361183117506,3.0099494259704778,True,1,512,320,832,0.001797726551847494,4.404929907811947,2.7489034851479737,0.00901809705818594,hmm_stationary,832,equal512,2026109998,2.134887578269794,"[0.125, 0.125, 0.125, 0.125, 0.125, 0.125, 0.125, 0.125]",markov_shift
4.397025258755138,-0.4414902008947563,0.1949135974860923,2.4557816939280146,True,1,512,320,832,0.001797726551847494,4.404929907811947,2.7489034851479737,0.011370438878662308,gaussian_iid,832,equal512,2026109998,2.134887578269794,"[0.125, 0.125, 0.125, 0.125, 0.125, 0.125, 0.125, 0.125]",markov_shift
4.397025258755138,0.08592579438467163,0.007383242140636866,4.77484314704314,True,1,512,320,832,0.001797726551847494,4.404929907811947,2.7489034851479737,0.5431678167596825,ewma_gaussian,832,equal512,2026109998,2.134887578269794,"[0.125, 0.125, 0.125, 0.125, 0.125, 0.125, 0.125, 0.125]",markov_shift
4.397025258755138,-0.44651378765224037,0.19937456256355,2.433692856065809,True,1,512,320,832,0.001797726551847494,4.404929907811947,2.7489034851479737,0.013148697184359256,ar_gaussian,832,equal512,2026109998,2.134887578269794,"[0.125, 0.125, 0.125, 0.125, 0.125, 0.125, 0.125, 0.125]",markov_shift
4.755297052518631,-0.5191207003140452,0.2694863014945448,2.2867239164138438,True,1,512,0,512,0.0022932981092279488,4.766202366257989,2.3381418637728255,0.0004836016287086946,raw,512,full512,2026109998,1.5889963845999324,"[0.3805792606640842, 0.15142029055105005, 0.03841753565199206, 0.07849896665305153, 1.2654470240513126e-17, -5.505364206328722e-25, 0.11905751033509565, 0.23202643614472646]",markov_shift
4.755297052518631,-0.47260615437543585,0.2233565771535383,2.5079143996149558,True,1,512,0,512,0.0022932981092279488,4.766202366257989,2.3381418637728255,0.005272215523058418,iid_oic,512,full512,2026109998,1.5889963845999324,"[0.3805792606640842, 0.15142029055105005, 0.03841753565199206, 0.07849896665305153, 1.2654470240513126e-17, -5.505364206328722e-25, 0.11905751033509565, 0.23202643614472646]",markov_shift
4.755297052518631,-0.06686354294825614,0.004470733375593293,4.437341043815835,True,1,512,0,512,0.0022932981092279488,4.766202366257989,2.3381418637728255,0.8060566779569455,hmm_filtered,512,full512,2026109998,1.5889963845999324,"[0.3805792606640842, 0.15142029055105005, 0.03841753565199206, 0.07849896665305153, 1.2654470240513126e-17, -5.505364206328722e-25, 0.11905751033509565, 0.23202643614472646]",markov_shift
4.755297052518631,-0.5059699953701455,0.2560056362148651,2.349259424872112,True,1,512,0,512,0.0022932981092279488,4.766202366257989,2.3381418637728255,2.260879073216406e-05,hmm_stationary,512,full512,2026109998,1.5889963845999324,"[0.3805792606640842, 0.15142029055105005, 0.03841753565199206, 0.07849896665305153, 1.2654470240513126e-17, -5.505364206328722e-25, 0.11905751033509565, 0.23202643614472646]",markov_shift
4.755297052518631,-0.5858817043428505,0.34325737148368324,1.969255510732482,True,1,512,0,512,0.0022932981092279488,4.766202366257989,2.3381418637728255,0.02489106401884889,gaussian_iid,512,full512,2026109998,1.5889963845999324,"[0.3805792606640842, 0.15142029055105005, 0.03841753565199206, 0.07849896665305153, 1.2654470240513126e-17, -5.505364206328722e-25, 0.11905751033509565, 0.23202643614472646]",markov_shift
4.755297052518631,-0.6092919145706929,0.3712366371612205,1.8579330070371816,True,1,512,0,512,0.0022932981092279488,4.766202366257989,2.3381418637728255,0.04218116940055062,ewma_gaussian,512,full512,2026109998,1.5889963845999324,"[0.3805792606640842, 0.15142029055105005, 0.03841753565199206, 0.07849896665305153, 1.2654470240513126e-17, -5.505364206328722e-25, 0.11905751033509565, 0.23202643614472646]",markov_shift
4.755297052518631,-0.589036889696246,0.3469644574230275,1.9542516671213304,True,1,512,0,512,0.0022932981092279488,4.766202366257989,2.3381418637728255,0.02695704773701207,ar_gaussian,512,full512,2026109998,1.5889963845999324,"[0.3805792606640842, 0.15142029055105005, 0.03841753565199206, 0.07849896665305153, 1.2654470240513126e-17, -5.505364206328722e-25, 0.11905751033509565, 0.23202643614472646]",markov_shift
4.899473685436645,-0.45085469489041896,0.20326995590473276,2.6905229718654695,True,1,512,0,512,0.002212367462185756,4.91031312160014,2.4969202154607912,0.006011927595554617,raw,512,equal512,2026109998,1.7581597043287993,"[0.125, 0.125, 0.125, 0.125, 0.125, 0.125, 0.125, 0.125]",markov_shift
4.899473685436645,-0.44574582185285816,0.19868933769927996,2.7155537608752356,True,1,512,0,512,0.002212367462185756,4.91031312160014,2.4969202154607912,0.007666978827666722,iid_oic,512,equal512,2026109998,1.7581597043287993,"[0.125, 0.125, 0.125, 0.125, 0.125, 0.125, 0.125, 0.125]",markov_shift
4.899473685436645,0.07418538937607289,0.005503471996879548,5.262943048528585,True,1,512,0,512,0.002212367462185756,4.91031312160014,2.4969202154607912,1.2271628254092108,hmm_filtered,512,equal512,2026109998,1.7581597043287993,"[0.125, 0.125, 0.125, 0.125, 0.125, 0.125, 0.125, 0.125]",markov_shift
4.899473685436645,-0.45182289198463843,0.20414392572136225,2.6857793156800254,True,1,512,0,512,0.002212367462185756,4.91031312160014,2.4969202154607912,0.005720928256667486,hmm_stationary,512,equal512,2026109998,1.7581597043287993,"[0.125, 0.125, 0.125, 0.125, 0.125, 0.125, 0.125, 0.125]",markov_shift
4.899473685436645,-0.5503430562011512,0.3028774795088235,2.203082363616324,True,1,512,0,512,0.002212367462185756,4.91031312160014,2.4969202154607912,0.013848608876647506,gaussian_iid,512,equal512,2026109998,1.7581597043287993,"[0.125, 0.125, 0.125, 0.125, 0.125, 0.125, 0.125, 0.125]",markov_shift
4.899473685436645,-0.5833268858751806,0.34027025578483594,2.041478958083493,True,1,512,0,512,0.002212367462185756,4.91031312160014,2.4969202154607912,0.033270199773687045,ewma_gaussian,512,equal512,2026109998,1.7581597043287993,"[0.125, 0.125, 0.125, 0.125, 0.125, 0.125, 0.125, 0.125]",markov_shift
4.899473685436645,-0.5552981048944718,0.30835598529939184,2.178805232933342,True,1,512,0,512,0.002212367462185756,4.91031312160014,2.4969202154607912,0.01623150974643407,ar_gaussian,512,equal512,2026109998,1.7581597043287993,"[0.125, 0.125, 0.125, 0.125, 0.125, 0.125, 0.125, 0.125]",markov_shift
4.485922010031909,-0.37381039645158776,0.13973421249529322,2.8090377250109775,True,1,512,384,896,6.474184493212302e-06,4.485951052718624,2.8727865232101713,0.0004924218257970311,raw,896,full512,2026109998,2.0502247453250533,"[0.35227170848675915, 0.06435022551821433, 0.1652722915968944, 0.15616060989250305, 4.066338864079196e-24, -1.1006917357839328e-24, 0.2576422603601086, 0.004302904145520471]",markov_shift
4.485922010031909,-0.31718853807317393,0.1006085686849973,3.0630389657596138,True,1,512,384,896,6.474184493212302e-06,4.485951052718624,2.8727865232101713,0.004385849984269076,iid_oic,896,full512,2026109998,2.0502247453250533,"[0.35227170848675915, 0.06435022551821433, 0.1652722915968944, 0.15616060989250305, 4.066338864079196e-24, -1.1006917357839328e-24, 0.2576422603601086, 0.004302904145520471]",markov_shift
4.485922010031909,-0.07287304526923566,0.00531048072681207,4.159019212320593,True,1,512,384,896,6.474184493212302e-06,4.485951052718624,2.8727865232101713,0.2004621463771293,hmm_filtered,896,full512,2026109998,2.0502247453250533,"[0.35227170848675915, 0.06435022551821433, 0.1652722915968944, 0.15616060989250305, 4.066338864079196e-24, -1.1006917357839328e-24, 0.2576422603601086, 0.004302904145520471]",markov_shift
4.485922010031909,-0.3716059372129652,0.13809097257192623,2.818926757229733,True,1,512,384,896,6.474184493212302e-06,4.485951052718624,2.8727865232101713,0.0003514974790780754,hmm_stationary,896,full512,2026109998,2.0502247453250533,"[0.35227170848675915, 0.06435022551821433, 0.1652722915968944, 0.15616060989250305, 4.066338864079196e-24, -1.1006917357839328e-24, 0.2576422603601086, 0.004302904145520471]",markov_shift
4.485922010031909,-0.4677344340752433,0.2187755008196881,2.3877018173639564,True,1,512,384,896,6.474184493212302e-06,4.485951052718624,2.8727865232101713,0.028512050696198794,gaussian_iid,896,full512,2026109998,2.0502247453250533,"[0.35227170848675915, 0.06435022551821433, 0.1652722915968944, 0.15616060989250305, 4.066338864079196e-24, -1.1006917357839328e-24, 0.2576422603601086, 0.004302904145520471]",markov_shift
4.485922010031909,-0.16485095422252571,0.027175837108077267,3.746413486110318,True,1,512,384,896,6.474184493212302e-06,4.485951052718624,2.8727865232101713,0.09247947359368186,ewma_gaussian,896,full512,2026109998,2.0502247453250533,"[0.35227170848675915, 0.06435022551821433, 0.1652722915968944, 0.15616060989250305, 4.066338864079196e-24, -1.1006917357839328e-24, 0.2576422603601086, 0.004302904145520471]",markov_shift
4.485922010031909,-0.4790715888419508,0.22950958723555115,2.336844225264845,True,1,512,384,896,6.474184493212302e-06,4.485951052718624,2.8727865232101713,0.03480401591210419,ar_gaussian,896,full512,2026109998,2.0502247453250533,"[0.35227170848675915, 0.06435022551821433, 0.1652722915968944, 0.15616060989250305, 4.066338864079196e-24, -1.1006917357839328e-24, 0.2576422603601086, 0.004302904145520471]",markov_shift
4.000719492196361,-0.21345772954769016,0.045564202303654835,3.146734992834938,True,1,512,384,896,4.592402653030713e-06,4.000737865111171,2.980221589669804,0.0031217727168753252,raw,896,equal512,2026109998,2.4633029176258683,"[0.125, 0.125, 0.125, 0.125, 0.125, 0.125, 0.125, 0.125]",markov_shift
4.000719492196361,-0.2039657703371638,0.04160203546923264,3.184709659067624,True,1,512,384,896,4.592402653030713e-06,4.000737865111171,2.980221589669804,0.004708025823785351,iid_oic,896,equal512,2026109998,2.4633029176258683,"[0.125, 0.125, 0.125, 0.125, 0.125, 0.125, 0.125, 0.125]",markov_shift
4.000719492196361,0.08103305147495221,0.006566355431342255,4.324910000744354,True,1,512,384,896,4.592402653030713e-06,4.000737865111171,2.980221589669804,0.20358520371925473,hmm_filtered,896,equal512,2026109998,2.4633029176258683,"[0.125, 0.125, 0.125, 0.125, 0.125, 0.125, 0.125, 0.125]",markov_shift
4.000719492196361,-0.21527288939060907,0.046342416906581405,3.13947304746992,True,1,512,384,896,4.592402653030713e-06,4.000737865111171,2.980221589669804,0.00285541817862644,hmm_stationary,896,equal512,2026109998,2.4633029176258683,"[0.125, 0.125, 0.125, 0.125, 0.125, 0.125, 0.125, 0.125]",markov_shift
4.000719492196361,-0.33354972615668577,0.11125541981920006,2.66628060114455,True,1,512,384,896,4.592402653030713e-06,4.000737865111171,2.980221589669804,0.01109682992115037,gaussian_iid,896,equal512,2026109998,2.4633029176258683,"[0.125, 0.125, 0.125, 0.125, 0.125, 0.125, 0.125, 0.125]",markov_shift
4.000719492196361,-0.10335664267736955,0.010682595585537448,3.5872185571890345,True,1,512,384,896,4.592402653030713e-06,4.000737865111171,2.980221589669804,0.04148355144755539,ewma_gaussian,896,equal512,2026109998,2.4633029176258683,"[0.125, 0.125, 0.125, 0.125, 0.125, 0.125, 0.125, 0.125]",markov_shift
4.000719492196361,-0.3393551286638724,0.1151619033504734,2.6430548141740027,True,1,512,384,896,4.592402653030713e-06,4.000737865111171,2.980221589669804,0.012799483122342806,ar_gaussian,896,equal512,2026109998,2.4633029176258683,"[0.125, 0.125, 0.125, 0.125, 0.125, 0.125, 0.125, 0.125]",markov_shift
1.6761470336548812,0.2376006979438927,0.056454091663424945,2.0744007387078662,True,1,512,0,512,-0.0014505046972867574,1.6737157745092215,2.3901894033653392,0.017455345133427395,raw,512,full512,2026109999,1.4821851708627833,"[0.43190638608911935, 0.23728538896645074, 5.118717319127603e-18, 0.049240156402499256, 4.9500492472972843e-17, 0.09227957416563914, 0.13493340895194098, 0.05435508542435056]",markov_shift
1.6761470336548812,0.35918671352662246,0.12901509517405596,2.278196778060775,True,1,512,0,512,-0.0014505046972867574,1.6737157745092215,2.3901894033653392,0.0021954028185975326,iid_oic,512,full512,2026109999,1.4821851708627833,"[0.43190638608911935, 0.23728538896645074, 5.118717319127603e-18, 0.049240156402499256, 4.9500492472972843e-17, 0.09227957416563914, 0.13493340895194098, 0.05435508542435056]",markov_shift
1.6761470336548812,-0.015781765535654912,0.00024906412342238517,1.6496944741664563,True,1,512,0,512,-0.0014505046972867574,1.6737157745092215,2.3901894033653392,0.09597973453845815,hmm_filtered,512,full512,2026109999,1.4821851708627833,"[0.43190638608911935, 0.23728538896645074, 5.118717319127603e-18, 0.049240156402499256, 4.9500492472972843e-17, 0.09227957416563914, 0.13493340895194098, 0.05435508542435056]",markov_shift
1.6761470336548812,0.2960273146877972,0.08763217104126811,2.1723323390496523,True,1,512,0,512,-0.0014505046972867574,1.6737157745092215,2.3901894033653392,0.008307658978495728,hmm_stationary,512,full512,2026109999,1.4821851708627833,"[0.43190638608911935, 0.23728538896645074, 5.118717319127603e-18, 0.049240156402499256, 4.9500492472972843e-17, 0.09227957416563914, 0.13493340895194098, 0.05435508542435056]",markov_shift
1.6761470336548812,0.09094586808433869,0.008271150921613934,1.8285856806676135,True,1,512,0,512,-0.0014505046972867574,1.6737157745092215,2.3901894033653392,0.05520714932869995,gaussian_iid,512,full512,2026109999,1.4821851708627833,"[0.43190638608911935, 0.23728538896645074, 5.118717319127603e-18, 0.049240156402499256, 4.9500492472972843e-17, 0.09227957416563914, 0.13493340895194098, 0.05435508542435056]",markov_shift
1.6761470336548812,-0.052467826247706295,0.0027528727911594977,1.5882032423274686,True,1,512,0,512,-0.0014505046972867574,1.6737157745092215,2.3901894033653392,0.11258204032190874,ewma_gaussian,512,full512,2026109999,1.4821851708627833,"[0.43190638608911935, 0.23728538896645074, 5.118717319127603e-18, 0.049240156402499256, 4.9500492472972843e-17, 0.09227957416563914, 0.13493340895194098, 0.05435508542435056]",markov_shift
1.6761470336548812,0.11276493002344457,0.01271592944319235,1.865157636613978,True,1,512,0,512,-0.0014505046972867574,1.6737157745092215,2.3901894033653392,0.04825102333563421,ar_gaussian,512,full512,2026109999,1.4821851708627833,"[0.43190638608911935, 0.23728538896645074, 5.118717319127603e-18, 0.049240156402499256, 4.9500492472972843e-17, 0.09227957416563914, 0.13493340895194098, 0.05435508542435056]",markov_shift
1.7590703283886988,0.33177602611520274,0.11007533150479569,2.342687691598666,True,1,512,0,512,-0.001416095638671804,1.7565793165685506,2.4906616053656996,0.003529724986894139,raw,512,equal512,2026109999,1.5611690783291605,"[0.125, 0.125, 0.125, 0.125, 0.125, 0.125, 0.125, 0.125]",markov_shift
1.7590703283886988,0.3414864899567158,0.11661302282295817,2.359769080417163,True,1,512,0,512,-0.001416095638671804,1.7565793165685506,2.4906616053656996,0.002761850961518773,iid_oic,512,equal512,2026109999,1.5611690783291605,"[0.125, 0.125, 0.125, 0.125, 0.125, 0.125, 0.125, 0.125]",markov_shift
1.7590703283886988,0.004016448612464529,1.6131859456568243e-05,1.766135543968383,True,1,512,0,512,-0.001416095638671804,1.7565793165685506,2.4906616053656996,0.08462108151654754,hmm_filtered,512,equal512,2026109999,1.5611690783291605,"[0.125, 0.125, 0.125, 0.125, 0.125, 0.125, 0.125, 0.125]",markov_shift
1.7590703283886988,0.33849892392625747,0.11458152149923424,2.3545137416588817,True,1,512,0,512,-0.001416095638671804,1.7565793165685506,2.4906616053656996,0.0029880799300016298,hmm_stationary,512,equal512,2026109999,1.5611690783291605,"[0.125, 0.125, 0.125, 0.125, 0.125, 0.125, 0.125, 0.125]",markov_shift
1.7590703283886988,0.13478423778640125,0.018166790755661154,1.9961652818132443,True,1,512,0,512,-0.001416095638671804,1.7565793165685506,2.4906616053656996,0.039418190336810474,gaussian_iid,512,equal512,2026109999,1.5611690783291605,"[0.125, 0.125, 0.125, 0.125, 0.125, 0.125, 0.125, 0.125]",markov_shift
1.7590703283886988,-0.01893138419117235,0.0003583973073937704,1.7257686921826807,True,1,512,0,512,-0.001416095638671804,1.7565793165685506,2.4906616053656996,0.09431305707845622,ewma_gaussian,512,equal512,2026109999,1.5611690783291605,"[0.125, 0.125, 0.125, 0.125, 0.125, 0.125, 0.125, 0.125]",markov_shift
1.7590703283886988,0.15356363270085716,0.023581789288283764,2.029199558192357,True,1,512,0,512,-0.001416095638671804,1.7565793165685506,2.4906616053656996,0.03432752758807463,ar_gaussian,512,equal512,2026109999,1.5611690783291605,"[0.125, 0.125, 0.125, 0.125, 0.125, 0.125, 0.125, 0.125]",markov_shift
2.3042455173004277,-0.06693904813707108,0.004480836165497119,2.150001515698224,True,1,512,128,640,-0.2682557288181919,1.68611845668095,2.354649137954259,0.007553722052433474,raw,640,full512,2026109999,1.517237054672615,"[0.32767034365120434, 0.3209500808476418, 0.035149355447456496, 0.07640125872615561, 1.0800377772149942e-26, 0.07838460770141219, 0.02149492242851553, 0.13994943119761455]",markov_shift
2.3042455173004277,0.042508238764760176,0.0018069503628818596,2.4021949359224624,True,1,512,128,640,-0.2682557288181919,1.68611845668095,2.354649137954259,0.0004077292567914263,iid_oic,640,full512,2026109999,1.517237054672615,"[0.32767034365120434, 0.3209500808476418, 0.035149355447456496, 0.07640125872615561, 1.0800377772149942e-26, 0.07838460770141219, 0.02149492242851553, 0.13994943119761455]",markov_shift
2.3042455173004277,0.20307099404420503,0.041237828622101555,2.772170945020529,True,1,512,128,640,-0.2682557288181919,1.68611845668095,2.354649137954259,0.03144169288755116,hmm_filtered,640,full512,2026109999,1.517237054672615,"[0.32767034365120434, 0.3209500808476418, 0.035149355447456496, 0.07640125872615561, 1.0800377772149942e-26, 0.07838460770141219, 0.02149492242851553, 0.13994943119761455]",markov_shift
2.3042455173004277,-0.021340852443974323,0.00045543198303548484,2.25507095372103,True,1,512,128,640,-0.2682557288181919,1.68611845668095,2.354649137954259,0.001788446693065714,hmm_stationary,640,full512,2026109999,1.517237054672615,"[0.32767034365120434, 0.3209500808476418, 0.035149355447456496, 0.07640125872615561, 1.0800377772149942e-26, 0.07838460770141219, 0.02149492242851553, 0.13994943119761455]",markov_shift
2.3042455173004277,-0.1860755194601611,0.03462409894236879,1.875481835705003,True,1,512,128,640,-0.2682557288181919,1.68611845668095,2.354649137954259,0.04141159363685166,gaussian_iid,640,full512,2026109999,1.517237054672615,"[0.32767034365120434, 0.3209500808476418, 0.035149355447456496, 0.07640125872615561, 1.0800377772149942e-26, 0.07838460770141219, 0.02149492242851553, 0.13994943119761455]",markov_shift
2.3042455173004277,0.18090559946808016,0.03272683591890544,2.721096433929298,True,1,512,128,640,-0.2682557288181919,1.68611845668095,2.354649137954259,0.024219804712751404,ewma_gaussian,640,full512,2026109999,1.517237054672615,"[0.32767034365120434, 0.3209500808476418, 0.035149355447456496, 0.07640125872615561, 1.0800377772149942e-26, 0.07838460770141219, 0.02149492242851553, 0.13994943119761455]",markov_shift
2.3042455173004277,-0.18438553350898368,0.03399802496739254,1.8793759782573043,True,1,512,128,640,-0.2682557288181919,1.68611845668095,2.354649137954259,0.04074123334371513,ar_gaussian,640,full512,2026109999,1.517237054672615,"[0.32767034365120434, 0.3209500808476418, 0.035149355447456496, 0.07640125872615561, 1.0800377772149942e-26, 0.07838460770141219, 0.02149492242851553, 0.13994943119761455]",markov_shift
2.438826979820494,-0.012521143046891892,0.00015677902320072916,2.408290078339542,True,1,512,128,640,-0.24948680307674284,1.8303718333677708,2.4884419284945394,0.001037461723794615,raw,640,equal512,2026109999,1.6725428346399747,"[0.125, 0.125, 0.125, 0.125, 0.125, 0.125, 0.125, 0.125]",markov_shift
2.438826979820494,-0.00231140708580313,5.342602716300917e-06,2.433189857858289,True,1,512,128,640,-0.24948680307674284,1.8303718333677708,2.4884419284945394,0.0004929945249270099,iid_oic,640,equal512,2026109999,1.6725428346399747,"[0.125, 0.125, 0.125, 0.125, 0.125, 0.125, 0.125, 0.125]",markov_shift
2.438826979820494,0.1996994055581227,0.03987985258026757,2.925859277949758,True,1,512,128,640,-0.24948680307674284,1.8303718333677708,2.4884419284945394,0.03089847097483996,hmm_filtered,640,equal512,2026109999,1.6725428346399747,"[0.125, 0.125, 0.125, 0.125, 0.125, 0.125, 0.125, 0.125]",markov_shift
2.438826979820494,-0.010613056662370335,0.00011263697171868335,2.4129435708939413,True,1,512,128,640,-0.24948680307674284,1.8303718333677708,2.4884419284945394,0.0009204919345235664,hmm_stationary,640,equal512,2026109999,1.6725428346399747,"[0.125, 0.125, 0.125, 0.125, 0.125, 0.125, 0.125, 0.125]",markov_shift
2.438826979820494,-0.162784890786013,0.026498920668214177,2.041822796264433,True,1,512,128,640,-0.24948680307674284,1.8303718333677708,2.4884419284945394,0.032212143580741,gaussian_iid,640,equal512,2026109999,1.6725428346399747,"[0.125, 0.125, 0.125, 0.125, 0.125, 0.125, 0.125, 0.125]",markov_shift
2.438826979820494,0.1293228292250086,0.016724394158760737,2.754222984841163,True,1,512,128,640,-0.24948680307674284,1.8303718333677708,2.4884419284945394,0.01140756693742477,ewma_gaussian,640,equal512,2026109999,1.6725428346399747,"[0.125, 0.125, 0.125, 0.125, 0.125, 0.125, 0.125, 0.125]",markov_shift
2.438826979820494,-0.16034029658929594,0.025709010710343386,2.047784738546099,True,1,512,128,640,-0.24948680307674284,1.8303718333677708,2.4884419284945394,0.03135788049761325,ar_gaussian,640,equal512,2026109999,1.6725428346399747,"[0.125, 0.125, 0.125, 0.125, 0.125, 0.125, 0.125, 0.125]",markov_shift
1.677527635366914,0.24861098019864047,0.061807419475328806,2.09457942510579,True,1,512,64,576,-0.0028460010502344944,1.6727533899548623,2.388449950836787,0.01513839278562877,raw,576,full512,2026109999,1.4814537196405482,"[0.3941812399256146, 0.27183694061596575, 3.781862663135257e-26, 0.05337557181897825, 2.0701867694869605e-16, 0.09276890906470597, 0.1316298870602725, 0.05620745151446279]",markov_stationary
1.677527635366914,0.4044154699995981,0.16355187237499583,2.355945762461139,True,1,512,64,576,-0.0028460010502344944,1.6727533899548623,2.388449950836787,0.00018520229413047107,iid_oic,576,full512,2026109999,1.4814537196405482,"[0.3941812399256146, 0.27183694061596575, 3.781862663135257e-26, 0.05337557181897825, 2.0701867694869605e-16, 0.09276890906470597, 0.1316298870602725, 0.05620745151446279]",markov_stationary
1.677527635366914,-0.027146515470341637,0.0007369333021814978,1.6319886054615005,True,1,512,64,576,-0.0028460010502344944,1.6727533899548623,2.388449950836787,0.10030929801654696,hmm_filtered,576,full512,2026109999,1.4814537196405482,"[0.3941812399256146, 0.27183694061596575, 3.781862663135257e-26, 0.05337557181897825, 2.0701867694869605e-16, 0.09276890906470597, 0.1316298870602725, 0.05620745151446279]",markov_stationary
1.677527635366914,0.3009743543303518,0.09058556196457215,2.1824204322927927,True,1,512,64,576,-0.0028460010502344944,1.6727533899548623,2.388449950836787,0.007440919478749038,hmm_stationary,576,full512,2026109999,1.4814537196405482,"[0.3941812399256146, 0.27183694061596575, 3.781862663135257e-26, 0.05337557181897825, 2.0701867694869605e-16, 0.09276890906470597, 0.1316298870602725, 0.05620745151446279]",markov_stationary
1.677527635366914,0.08536943389762941,0.007287940244001717,1.8207372199458163,True,1,512,64,576,-0.0028460010502344944,1.6727533899548623,2.388449950836787,0.05649694652172233,gaussian_iid,576,full512,2026109999,1.4814537196405482,"[0.3941812399256146, 0.27183694061596575, 3.781862663135257e-26, 0.05337557181897825, 2.0701867694869605e-16, 0.09276890906470597, 0.1316298870602725, 0.05620745151446279]",markov_stationary
1.677527635366914,-0.05266777821338098,0.002773894861933888,1.589175981920592,True,1,512,64,576,-0.0028460010502344944,1.6727533899548623,2.388449950836787,0.11198479192702296,ewma_gaussian,576,full512,2026109999,1.4814537196405482,"[0.3941812399256146, 0.27183694061596575, 3.781862663135257e-26, 0.05337557181897825, 2.0701867694869605e-16, 0.09276890906470597, 0.1316298870602725, 0.05620745151446279]",markov_stationary
1.677527635366914,0.08989956040852176,0.008081930961645454,1.8283366323595465,True,1,512,64,576,-0.0028460010502344944,1.6727533899548623,2.388449950836787,0.054994531750548165,ar_gaussian,576,full512,2026109999,1.4814537196405482,"[0.3941812399256146, 0.27183694061596575, 3.781862663135257e-26, 0.05337557181897825, 2.0701867694869605e-16, 0.09276890906470597, 0.1316298870602725, 0.05620745151446279]",markov_stationary
1.7621457148592603,0.3454901358395841,0.11936343396245427,2.370949677255127,True,1,512,64,576,-0.002775987597906367,1.7572540202091071,2.490557136375169,0.0023063409506306506,raw,576,equal512,2026109999,1.562272375903999,"[0.125, 0.125, 0.125, 0.125, 0.125, 0.125, 0.125, 0.125]",markov_stationary
1.7621457148592603,0.3568216713341983,0.12732170513373062,2.390917493969737,True,1,512,64,576,-0.002775987597906367,1.7572540202091071,2.490557136375169,0.0016005575768474078,iid_oic,576,equal512,2026109999,1.562272375903999,"[0.125, 0.125, 0.125, 0.125, 0.125, 0.125, 0.125, 0.125]",markov_stationary
1.7621457148592603,-0.008137827358746463,6.622423412076244e-05,1.7478056772507808,True,1,512,64,576,-0.002775987597906367,1.7572540202091071,2.490557136375169,0.08893936173345397,hmm_filtered,576,equal512,2026109999,1.562272375903999,"[0.125, 0.125, 0.125, 0.125, 0.125, 0.125, 0.125, 0.125]",markov_stationary
1.7621457148592603,0.3493667934207976,0.12205715634513024,2.3777809127998393,True,1,512,64,576,-0.002775987597906367,1.7572540202091071,2.490557136375169,0.002050416445986635,hmm_stationary,576,equal512,2026109999,1.562272375903999,"[0.125, 0.125, 0.125, 0.125, 0.125, 0.125, 0.125, 0.125]",markov_stationary
1.7621457148592603,0.13566316973042447,0.018404495621305958,2.0012039880639523,True,1,512,64,576,-0.002775987597906367,1.7572540202091071,2.490557136375169,0.03860572872585039,gaussian_iid,576,equal512,2026109999,1.562272375903999,"[0.125, 0.125, 0.125, 0.125, 0.125, 0.125, 0.125, 0.125]",markov_stationary
1.7621457148592603,-0.016910340459273088,0.0002859596144485283,1.732347230882141,True,1,512,64,576,-0.002775987597906367,1.7572540202091071,2.490557136375169,0.09267997093791419,ewma_gaussian,576,equal512,2026109999,1.562272375903999,"[0.125, 0.125, 0.125, 0.125, 0.125, 0.125, 0.125, 0.125]",markov_stationary
1.7621457148592603,0.14714159186320308,0.02165064805603743,2.021430640438574,True,1,512,64,576,-0.002775987597906367,1.7572540202091071,2.490557136375169,0.03548026915386496,ar_gaussian,576,equal512,2026109999,1.562272375903999,"[0.125, 0.125, 0.125, 0.125, 0.125, 0.125, 0.125, 0.125]",markov_stationary
1.711124991489117,0.3029444718764558,0.09177535304050471,2.2295008483503924,True,1,512,192,704,-0.0020158701296334714,1.7076755857307047,2.3319380057127175,0.0019296610705766876,raw,704,full512,2026109998,1.55805970490603,"[0.2767917445762357, 0.2960555414759068, 0.1293452847855184, 0.06293661375470568, 6.480883508666588e-24, 4.410686418203781e-17, 0.1329282804915995, 0.10194253491603397]",markov_stationary
1.711124991489117,0.37460990430969265,0.1403325804069171,2.3521293608127785,True,1,512,192,704,-0.0020158701296334714,1.7076755857307047,2.3319380057127175,7.4971626377717e-05,iid_oic,704,full512,2026109998,1.55805970490603,"[0.2767917445762357, 0.2960555414759068, 0.1293452847855184, 0.06293661375470568, 6.480883508666588e-24, 4.410686418203781e-17, 0.1329282804915995, 0.10194253491603397]",markov_stationary
1.711124991489117,0.011632469228966436,0.00013531434036285098,1.7310296002995293,True,1,512,192,704,-0.0020158701296334714,1.7076755857307047,2.3319380057127175,0.06640221349232032,hmm_filtered,704,full512,2026109998,1.55805970490603,"[0.2767917445762357, 0.2960555414759068, 0.1293452847855184, 0.06293661375470568, 6.480883508666588e-24, 4.410686418203781e-17, 0.1329282804915995, 0.10194253491603397]",markov_stationary
1.711124991489117,0.35635396599425784,0.12698814907983666,2.3208911685181546,True,1,512,192,704,-0.0020158701296334714,1.7076755857307047,2.3319380057127175,2.244098450773946e-05,hmm_stationary,704,full512,2026109998,1.55805970490603,"[0.2767917445762357, 0.2960555414759068, 0.1293452847855184, 0.06293661375470568, 6.480883508666588e-24, 4.410686418203781e-17, 0.1329282804915995, 0.10194253491603397]",markov_stationary
1.711124991489117,0.14650908091148818,0.021464910789528988,1.9618203413168656,True,1,512,192,704,-0.0020158701296334714,1.7076755857307047,2.3319380057127175,0.025191012574060197,gaussian_iid,704,full512,2026109998,1.55805970490603,"[0.2767917445762357, 0.2960555414759068, 0.1293452847855184, 0.06293661375470568, 6.480883508666588e-24, 4.410686418203781e-17, 0.1329282804915995, 0.10194253491603397]",markov_stationary
1.711124991489117,0.7351695981060007,0.5404743379793385,2.969092063791305,True,1,512,192,704,-0.0020158701296334714,1.7076755857307047,2.3319380057127175,0.07465431344654178,ewma_gaussian,704,full512,2026109998,1.55805970490603,"[0.2767917445762357, 0.2960555414759068, 0.1293452847855184, 0.06293661375470568, 6.480883508666588e-24, 4.410686418203781e-17, 0.1329282804915995, 0.10194253491603397]",markov_stationary
1.711124991489117,0.15161365633377777,0.022986700786896873,1.9705549078928861,True,1,512,192,704,-0.0020158701296334714,1.7076755857307047,2.3319380057127175,0.024016055118784588,ar_gaussian,704,full512,2026109998,1.55805970490603,"[0.2767917445762357, 0.2960555414759068, 0.1293452847855184, 0.06293661375470568, 6.480883508666588e-24, 4.410686418203781e-17, 0.1329282804915995, 0.10194253491603397]",markov_stationary
1.8574459911957328,0.35435772049588676,0.125569394075041,2.5156463185800755,True,1,512,192,704,-0.0018943467523694205,1.8539273444146096,2.4907207831943605,0.00010014722081180266,raw,704,equal512,2026109998,1.7052291624511537,"[0.125, 0.125, 0.125, 0.125, 0.125, 0.125, 0.125, 0.125]",markov_stationary
1.8574459911957328,0.3677562297673356,0.1352446445326853,2.540533325914327,True,1,512,192,704,-0.0018943467523694205,1.8539273444146096,2.4907207831943605,0.00039996992181984774,iid_oic,704,equal512,2026109998,1.7052291624511537,"[0.125, 0.125, 0.125, 0.125, 0.125, 0.125, 0.125, 0.125]",markov_stationary
1.8574459911957328,0.01495401436553001,0.00022362254564447793,1.88522226523127,True,1,512,192,704,-0.0018943467523694205,1.8539273444146096,2.4907207831943605,0.05909844851744734,hmm_filtered,704,equal512,2026109998,1.7052291624511537,"[0.125, 0.125, 0.125, 0.125, 0.125, 0.125, 0.125, 0.125]",markov_stationary
1.8574459911957328,0.369553162074294,0.13656953959910942,2.543871030624337,True,1,512,192,704,-0.0018943467523694205,1.8539273444146096,2.4907207831943605,0.0004553658859219153,hmm_stationary,704,equal512,2026109998,1.7052291624511537,"[0.125, 0.125, 0.125, 0.125, 0.125, 0.125, 0.125, 0.125]",markov_stationary
1.8574459911957328,0.13843258319123009,0.019163580088996837,2.114577037895153,True,1,512,192,704,-0.0018943467523694205,1.8539273444146096,2.4907207831943605,0.022806445305184327,gaussian_iid,704,equal512,2026109998,1.7052291624511537,"[0.125, 0.125, 0.125, 0.125, 0.125, 0.125, 0.125, 0.125]",markov_stationary
1.8574459911957328,0.8476094770677067,0.7184418256149913,3.431834816474656,True,1,512,192,704,-0.0018943467523694205,1.8539273444146096,2.4907207831943605,0.14276916170941648,ewma_gaussian,704,equal512,2026109998,1.7052291624511537,"[0.125, 0.125, 0.125, 0.125, 0.125, 0.125, 0.125, 0.125]",markov_stationary
1.8574459911957328,0.14288629315061074,0.02041649277032227,2.122849563605153,True,1,512,192,704,-0.0018943467523694205,1.8539273444146096,2.4907207831943605,0.021814312734732874,ar_gaussian,704,equal512,2026109998,1.7052291624511537,"[0.125, 0.125, 0.125, 0.125, 0.125, 0.125, 0.125, 0.125]",markov_stationary
1.677527635366914,0.24861098019864047,0.061807419475328806,2.09457942510579,True,1,512,64,576,-0.0028460010502344944,1.6727533899548623,2.388449950836787,0.01513839278562877,raw,576,full512,2026109999,1.4814537196405482,"[0.3941812399256146, 0.27183694061596575, 3.781862663135257e-26, 0.05337557181897825, 2.0701867694869605e-16, 0.09276890906470597, 0.1316298870602725, 0.05620745151446279]",markov_shift
1.677527635366914,0.4044154699995981,0.16355187237499583,2.355945762461139,True,1,512,64,576,-0.0028460010502344944,1.6727533899548623,2.388449950836787,0.00018520229413047107,iid_oic,576,full512,2026109999,1.4814537196405482,"[0.3941812399256146, 0.27183694061596575, 3.781862663135257e-26, 0.05337557181897825, 2.0701867694869605e-16, 0.09276890906470597, 0.1316298870602725, 0.05620745151446279]",markov_shift
1.677527635366914,-0.027146515470341637,0.0007369333021814978,1.6319886054615005,True,1,512,64,576,-0.0028460010502344944,1.6727533899548623,2.388449950836787,0.10030929801654696,hmm_filtered,576,full512,2026109999,1.4814537196405482,"[0.3941812399256146, 0.27183694061596575, 3.781862663135257e-26, 0.05337557181897825, 2.0701867694869605e-16, 0.09276890906470597, 0.1316298870602725, 0.05620745151446279]",markov_shift
1.677527635366914,0.3009743543303518,0.09058556196457215,2.1824204322927927,True,1,512,64,576,-0.0028460010502344944,1.6727533899548623,2.388449950836787,0.007440919478749038,hmm_stationary,576,full512,2026109999,1.4814537196405482,"[0.3941812399256146, 0.27183694061596575, 3.781862663135257e-26, 0.05337557181897825, 2.0701867694869605e-16, 0.09276890906470597, 0.1316298870602725, 0.05620745151446279]",markov_shift
1.677527635366914,0.08536943389762941,0.007287940244001717,1.8207372199458163,True,1,512,64,576,-0.0028460010502344944,1.6727533899548623,2.388449950836787,0.05649694652172233,gaussian_iid,576,full512,2026109999,1.4814537196405482,"[0.3941812399256146, 0.27183694061596575, 3.781862663135257e-26, 0.05337557181897825, 2.0701867694869605e-16, 0.09276890906470597, 0.1316298870602725, 0.05620745151446279]",markov_shift
1.677527635366914,-0.05266777821338098,0.002773894861933888,1.589175981920592,True,1,512,64,576,-0.0028460010502344944,1.6727533899548623,2.388449950836787,0.11198479192702296,ewma_gaussian,576,full512,2026109999,1.4814537196405482,"[0.3941812399256146, 0.27183694061596575, 3.781862663135257e-26, 0.05337557181897825, 2.0701867694869605e-16, 0.09276890906470597, 0.1316298870602725, 0.05620745151446279]",markov_shift
1.677527635366914,0.08989956040852176,0.008081930961645454,1.8283366323595465,True,1,512,64,576,-0.0028460010502344944,1.6727533899548623,2.388449950836787,0.054994531750548165,ar_gaussian,576,full512,2026109999,1.4814537196405482,"[0.3941812399256146, 0.27183694061596575, 3.781862663135257e-26, 0.05337557181897825, 2.0701867694869605e-16, 0.09276890906470597, 0.1316298870602725, 0.05620745151446279]",markov_shift
1.7621457148592603,0.3454901358395841,0.11936343396245427,2.370949677255127,True,1,512,64,576,-0.002775987597906367,1.7572540202091071,2.490557136375169,0.0023063409506306506,raw,576,equal512,2026109999,1.562272375903999,"[0.125, 0.125, 0.125, 0.125, 0.125, 0.125, 0.125, 0.125]",markov_shift
1.7621457148592603,0.3568216713341983,0.12732170513373062,2.390917493969737,True,1,512,64,576,-0.002775987597906367,1.7572540202091071,2.490557136375169,0.0016005575768474078,iid_oic,576,equal512,2026109999,1.562272375903999,"[0.125, 0.125, 0.125, 0.125, 0.125, 0.125, 0.125, 0.125]",markov_shift
1.7621457148592603,-0.008137827358746463,6.622423412076244e-05,1.7478056772507808,True,1,512,64,576,-0.002775987597906367,1.7572540202091071,2.490557136375169,0.08893936173345397,hmm_filtered,576,equal512,2026109999,1.562272375903999,"[0.125, 0.125, 0.125, 0.125, 0.125, 0.125, 0.125, 0.125]",markov_shift
1.7621457148592603,0.3493667934207976,0.12205715634513024,2.3777809127998393,True,1,512,64,576,-0.002775987597906367,1.7572540202091071,2.490557136375169,0.002050416445986635,hmm_stationary,576,equal512,2026109999,1.562272375903999,"[0.125, 0.125, 0.125, 0.125, 0.125, 0.125, 0.125, 0.125]",markov_shift
1.7621457148592603,0.13566316973042447,0.018404495621305958,2.0012039880639523,True,1,512,64,576,-0.002775987597906367,1.7572540202091071,2.490557136375169,0.03860572872585039,gaussian_iid,576,equal512,2026109999,1.562272375903999,"[0.125, 0.125, 0.125, 0.125, 0.125, 0.125, 0.125, 0.125]",markov_shift
1.7621457148592603,-0.016910340459273088,0.0002859596144485283,1.732347230882141,True,1,512,64,576,-0.002775987597906367,1.7572540202091071,2.490557136375169,0.09267997093791419,ewma_gaussian,576,equal512,2026109999,1.562272375903999,"[0.125, 0.125, 0.125, 0.125, 0.125, 0.125, 0.125, 0.125]",markov_shift
1.7621457148592603,0.14714159186320308,0.02165064805603743,2.021430640438574,True,1,512,64,576,-0.002775987597906367,1.7572540202091071,2.490557136375169,0.03548026915386496,ar_gaussian,576,equal512,2026109999,1.562272375903999,"[0.125, 0.125, 0.125, 0.125, 0.125, 0.125, 0.125, 0.125]",markov_shift
