conditional_es,conditional_objective,conditional_signed_relative_error,conditional_squared_relative_error,cross_term,estimate,estimation_relative,estimation_square,evaluation_n,fit_start,fit_stop,gap,hhi,holding_horizon,information_n,information_stop,latent_information_gap,latent_objective,marginal_objective,marginal_signed_relative_error,marginal_squared_relative_error,method,mismatch_relative,mismatch_square,n_fit,origin,period,policy,seed,threshold,weights,world
1.5434723207829146,1.9881339339201942,-0.35637742537588557,0.1270048693175449,0.025538930354193457,1.2796078812472844,-0.0404144329682161,0.0016333263921424323,0,192,704,0,0.3005559207969372,1,512,704,,,1.3599571868515379,-0.0590822316916253,0.0034907101016628927,raw,-0.31596299240766945,0.09983261257120898,512,704,before,full512,2026108999,1.001378851284706,"[0.5, 0.13233840115772294, 0.07815686615398698, 0.08849570517626323, 0.006368306429553072, -2.0657538268517155e-24, 0.08959306037348419, 0.10504766070898977]",ar1_stationary
1.5434723207829146,1.9881339339201942,-0.3343156845674483,0.11176697694780159,0.011597543067080975,1.3234695767898905,-0.018352692159778812,0.00033682130951160667,0,192,704,0,0.3005559207969372,1,512,704,,,1.3599571868515379,-0.026829969659648234,0.0007198472719376447,iid_oic,-0.31596299240766945,0.09983261257120898,512,704,before,full512,2026108999,1.001378851284706,"[0.5, 0.13233840115772294, 0.07815686615398698, 0.08849570517626323, 0.006368306429553072, -2.0657538268517155e-24, 0.08959306037348419, 0.10504766070898977]",ar1_stationary
1.5434723207829146,1.9881339339201942,-0.31267081641246297,0.09776303943603612,-0.002080411557956291,1.3665024736640454,0.003292175995206508,1.083842278341396e-05,0,192,704,0,0.3005559207969372,1,512,704,,,1.3599571868515379,0.004812862401691209,2.3163644497612873e-05,hac,-0.31596299240766945,0.09983261257120898,512,704,before,full512,2026108999,1.001378851284706,"[0.5, 0.13233840115772294, 0.07815686615398698, 0.08849570517626323, 0.006368306429553072, -2.0657538268517155e-24, 0.08959306037348419, 0.10504766070898977]",ar1_stationary
1.5434723207829146,1.9881339339201942,-0.3164611137814948,0.10014763653582417,0.00031477583971211266,1.3589668548450249,-0.0004981213738252848,2.481249030615891e-07,0,192,704,0,0.3005559207969372,1,512,704,,,1.3599571868515379,-0.000728208223088056,5.302872161730639e-07,block_bootstrap,-0.31596299240766945,0.09983261257120898,512,704,before,full512,2026108999,1.001378851284706,"[0.5, 0.13233840115772294, 0.07815686615398698, 0.08849570517626323, 0.006368306429553072, -2.0657538268517155e-24, 0.08959306037348419, 0.10504766070898977]",ar1_stationary
1.5434723207829146,1.9881339339201942,-0.36136489441523445,0.13058458691573355,0.028690641638620056,1.2696921248057784,-0.04540190200756505,0.002061332705904539,0,192,704,0,0.3005559207969372,1,512,704,,,1.3599571868515379,-0.06637345860477695,0.004405436007160039,gaussian_iid,-0.31596299240766945,0.09983261257120898,512,704,before,full512,2026108999,1.001378851284706,"[0.5, 0.13233840115772294, 0.07815686615398698, 0.08849570517626323, 0.006368306429553072, -2.0657538268517155e-24, 0.08959306037348419, 0.10504766070898977]",ar1_stationary
1.5434723207829146,1.9881339339201942,-0.38983134582073364,0.15196847818440443,0.04667933197723807,1.2130970067882154,-0.07386835341306416,0.005456533635957348,0,192,704,0,0.3005559207969372,1,512,704,,,1.3599571868515379,-0.10798882603306148,0.011661586547998816,ewma_gaussian,-0.31596299240766945,0.09983261257120898,512,704,before,full512,2026108999,1.001378851284706,"[0.5, 0.13233840115772294, 0.07815686615398698, 0.08849570517626323, 0.006368306429553072, -2.0657538268517155e-24, 0.08959306037348419, 0.10504766070898977]",ar1_stationary
1.5434723207829146,1.9881339339201942,-0.08223208459522202,0.0067621157368757505,-0.14770063410116407,1.8246455360794374,0.23373090781244749,0.054630137266830824,0,192,704,0,0.3005559207969372,1,512,704,,,1.3599571868515379,0.3416933663211179,0.11675435658785767,ar_gaussian,-0.31596299240766945,0.09983261257120898,512,704,before,full512,2026108999,1.001378851284706,"[0.5, 0.13233840115772294, 0.07815686615398698, 0.08849570517626323, 0.006368306429553072, -2.0657538268517155e-24, 0.08959306037348419, 0.10504766070898977]",ar1_stationary
1.5870093662737366,1.799111692498555,-0.1842528717376436,0.03394912074356854,-0.0038993921204009477,1.467620196578924,0.010035084509903036,0.00010070292112089585,0,192,704,0,0.125,1,512,704,,,1.4495659587019463,0.012454926779009723,0.00015512520107049352,raw,-0.1942879562475466,0.037747809942848584,512,704,before,equal512,2026108999,1.146857732778043,"[0.125, 0.125, 0.125, 0.125, 0.125, 0.125, 0.125, 0.125]",ar1_stationary
1.5870093662737366,1.799111692498555,-0.17785056934048482,0.0316308250147346,-0.006387172616446422,1.4791386536805637,0.01643738690706176,0.0002701876883324454,0,192,704,0,0.125,1,512,704,,,1.4495659587019463,0.020401068886233498,0.00041620361170084446,iid_oic,-0.1942879562475466,0.037747809942848584,512,704,before,equal512,2026108999,1.146857732778043,"[0.125, 0.125, 0.125, 0.125, 0.125, 0.125, 0.125, 0.125]",ar1_stationary
1.5870093662737366,1.799111692498555,-0.16835884386112265,0.028344700306253877,-0.010075428505742532,1.4962153279724708,0.025929112386424008,0.0006723188691478069,0,192,704,0,0.125,1,512,704,,,1.4495659587019463,0.032181612013225,0.0010356561517697478,hac,-0.1942879562475466,0.037747809942848584,512,704,before,equal512,2026108999,1.146857732778043,"[0.125, 0.125, 0.125, 0.125, 0.125, 0.125, 0.125, 0.125]",ar1_stationary
1.5870093662737366,1.799111692498555,-0.1484987945266234,0.022051891975860317,-0.01779256529809311,1.5319457749437664,0.045789161720923156,0.0020966473311048546,0,192,704,0,0.125,1,512,704,,,1.4495659587019463,0.05683067800211683,0.0032297259621802857,block_bootstrap,-0.1942879562475466,0.037747809942848584,512,704,before,equal512,2026108999,1.146857732778043,"[0.125, 0.125, 0.125, 0.125, 0.125, 0.125, 0.125, 0.125]",ar1_stationary
1.5870093662737366,1.799111692498555,-0.19967307315349392,0.03986933614256053,0.0020925267156212146,1.4398775319109849,-0.005385116905947273,2.8999484090719128e-05,0,192,704,0,0.125,1,512,704,,,1.4495659587019463,-0.006683674332168432,4.467150257848714e-05,gaussian_iid,-0.1942879562475466,0.037747809942848584,512,704,before,equal512,2026108999,1.146857732778043,"[0.125, 0.125, 0.125, 0.125, 0.125, 0.125, 0.125, 0.125]",ar1_stationary
1.5870093662737366,1.799111692498555,-0.24134381280323725,0.05824683597840402,0.018284772399365715,1.3649072169720684,-0.04705585655569067,0.0022142536361897365,0,192,704,0,0.125,1,512,704,,,1.4495659587019463,-0.058402821356047796,0.0034108895423464324,ewma_gaussian,-0.1942879562475466,0.037747809942848584,512,704,before,equal512,2026108999,1.146857732778043,"[0.125, 0.125, 0.125, 0.125, 0.125, 0.125, 0.125, 0.125]",ar1_stationary
1.5870093662737366,1.799111692498555,-0.03152383099300715,0.0009937519204756783,-0.06324621849224832,1.7423967995666876,0.16276412525453948,0.026492160469875417,0,192,704,0,0.125,1,512,704,,,1.4495659587019463,0.20201277431139775,0.04080916098498772,ar_gaussian,-0.1942879562475466,0.037747809942848584,512,704,before,equal512,2026108999,1.146857732778043,"[0.125, 0.125, 0.125, 0.125, 0.125, 0.125, 0.125, 0.125]",ar1_stationary
1.5757363348886453,2.0279111163172474,-0.3645552504375552,0.1329005306215886,0.04224441010337496,1.2886254714431111,-0.0722643187340179,0.00522213176209173,0,192,448,0,0.34320775986154994,1,512,704,,,1.4351710867169187,-0.10211020597484566,0.010426494164225406,raw,-0.2922909317035373,0.08543398875612192,256,704,before,older256,2026108999,1.0076525400841572,"[0.5, 7.155792968132034e-26, 0.22646185759535803, 5.582710400572327e-26, 1.5802946579590563e-26, 3.417843352492475e-27, 0.18426238252569913, 0.08927575987894282]",ar1_stationary
1.5757363348886453,2.0279111163172474,-0.34295928374265017,0.11762107030527162,0.02961979965079026,1.332420172371326,-0.050668352039112886,0.002567281898359475,0,192,448,0,0.34320775986154994,1,512,704,,,1.4351710867169187,-0.07159488878823816,0.005125828100600191,iid_oic,-0.2922909317035373,0.08543398875612192,256,704,before,older256,2026108999,1.0076525400841572,"[0.5, 7.155792968132034e-26, 0.22646185759535803, 5.582710400572327e-26, 1.5802946579590563e-26, 3.417843352492475e-27, 0.18426238252569913, 0.08927575987894282]",ar1_stationary
1.5757363348886453,2.0279111163172474,-0.32717259680149513,0.1070419080978337,0.020391188781705698,1.3644341703091147,-0.034881665097957815,0.0012167305600060884,0,192,448,0,0.34320775986154994,1,512,704,,,1.4351710867169187,-0.049288142063690144,0.0024293209480905015,hac,-0.2922909317035373,0.08543398875612192,256,704,before,older256,2026108999,1.0076525400841572,"[0.5, 7.155792968132034e-26, 0.22646185759535803, 5.582710400572327e-26, 1.5802946579590563e-26, 3.417843352492475e-27, 0.18426238252569913, 0.08927575987894282]",ar1_stationary
1.5757363348886453,2.0279111163172474,-0.2938552047858263,0.0863508813797199,0.0009144456733220347,1.431998879944389,-0.001564273082289005,2.446950275973944e-06,256,192,448,0,0.34320775986154994,1,512,704,,,1.4351710867169187,-0.0022103335287965153,4.885574308522056e-06,chronological,-0.2922909317035373,0.08543398875612192,256,704,before,older256,2026108999,1.0076525400841572,"[0.5, 7.155792968132034e-26, 0.22646185759535803, 5.582710400572327e-26, 1.5802946579590563e-26, 3.417843352492475e-27, 0.18426238252569913, 0.08927575987894282]",ar1_stationary
1.5757363348886453,2.0279111163172474,-0.2950560797501046,0.08705809019750009,0.0016164553976587592,1.429563612255022,-0.002765148046567325,7.646043719435093e-06,240,192,448,16,0.34320775986154994,1,512,704,,,1.4351710867169187,-0.003907181878032628,1.5266070228026576e-05,blocked_holdout,-0.2922909317035373,0.08543398875612192,256,704,before,older256,2026108999,1.0076525400841572,"[0.5, 7.155792968132034e-26, 0.22646185759535803, 5.582710400572327e-26, 1.5802946579590563e-26, 3.417843352492475e-27, 0.18426238252569913, 0.08927575987894282]",ar1_stationary
1.5757363348886453,2.0279111163172474,-0.3349492522524885,0.11219100158450118,0.024937280516322217,1.348663804272276,-0.04265832054895124,0.0018197323120570754,0,192,448,0,0.34320775986154994,1,512,704,,,1.4351710867169187,-0.06027663408586059,0.003633272616720731,gaussian_iid,-0.2922909317035373,0.08543398875612192,256,704,before,older256,2026108999,1.0076525400841572,"[0.5, 7.155792968132034e-26, 0.22646185759535803, 5.582710400572327e-26, 1.5802946579590563e-26, 3.417843352492475e-27, 0.18426238252569913, 0.08927575987894282]",ar1_stationary
1.5757363348886453,2.0279111163172474,-0.40851757075899897,0.16688660561883373,0.06794398523658324,1.1994737933641557,-0.11622663905546164,0.013508631626128562,0,192,448,0,0.34320775986154994,1,512,704,,,1.4351710867169187,-0.1642294047965679,0.026971297399834955,ewma_gaussian,-0.2922909317035373,0.08543398875612192,256,704,before,older256,2026108999,1.0076525400841572,"[0.5, 7.155792968132034e-26, 0.22646185759535803, 5.582710400572327e-26, 1.5802946579590563e-26, 3.417843352492475e-27, 0.18426238252569913, 0.08927575987894282]",ar1_stationary
1.5757363348886453,2.0279111163172474,-0.07606758293808324,0.005786277174042173,-0.12640024813342696,1.8736528192857242,0.2162233487654541,0.0467525365513472,0,192,448,0,0.34320775986154994,1,512,704,,,1.4351710867169187,0.30552575691297634,0.09334598813724711,ar_gaussian,-0.2922909317035373,0.08543398875612192,256,704,before,older256,2026108999,1.0076525400841572,"[0.5, 7.155792968132034e-26, 0.22646185759535803, 5.582710400572327e-26, 1.5802946579590563e-26, 3.417843352492475e-27, 0.18426238252569913, 0.08927575987894282]",ar1_stationary
1.9107408988792607,1.9485065764764895,0.03191956230285853,0.0010188584576060673,-0.10382731356979102,2.0107020535418605,-0.21244418422416797,0.04513253141067222,0,256,768,0,0.20377572361891344,1,512,768,-0.00040515307519299826,1.9477171330449963,2.4246509436368346,-0.17072514754394919,0.02914707600390322,raw,0.24436374652702655,0.059713640616724885,512,768,after,full512,2026108998,1.361467415061589,"[0.31011685600575467, 0.17459488245674892, -6.825835983612379e-25, 0.07081036039419293, -1.400091508077631e-24, 0.12131318064768665, 0.11073369735774484, 0.21243102313787207]",markov_shift
1.9107408988792607,1.9485065764764895,0.10367884734702026,0.01074930338720673,-0.06875657808680667,2.1505254923736605,-0.14068489918000626,0.019792240857288528,0,256,768,0,0.20377572361891344,1,512,768,-0.00040515307519299826,1.9477171330449963,2.4246509436368346,-0.11305769681305222,0.012782042808672038,iid_oic,0.24436374652702655,0.059713640616724885,512,768,after,full512,2026108998,1.361467415061589,"[0.31011685600575467, 0.17459488245674892, -6.825835983612379e-25, 0.07081036039419293, -1.400091508077631e-24, 0.12131318064768665, 0.11073369735774484, 0.21243102313787207]",markov_shift
1.9107408988792607,1.9485065764764895,0.10799136203901116,0.011662134275040781,-0.06664893359263116,2.1589284556121564,-0.1363723844880153,0.01859742725094708,0,256,768,0,0.20377572361891344,1,512,768,-0.00040515307519299826,1.9477171330449963,2.4246509436368346,-0.10959205848661668,0.012010419283334012,hac,0.24436374652702655,0.059713640616724885,512,768,after,full512,2026108998,1.361467415061589,"[0.31011685600575467, 0.17459488245674892, -6.825835983612379e-25, 0.07081036039419293, -1.400091508077631e-24, 0.12131318064768665, 0.11073369735774484, 0.21243102313787207]",markov_shift
1.9107408988792607,1.9485065764764895,0.13379760748645908,0.01790179976910057,-0.05403671194996246,2.209212094580675,-0.11056613904056757,0.01222487110233812,0,256,768,0,0.20377572361891344,1,512,768,-0.00040515307519299826,1.9477171330449963,2.4246509436368346,-0.08885355214594892,0.007894953728952865,block_bootstrap,0.24436374652702655,0.059713640616724885,512,768,after,full512,2026108998,1.361467415061589,"[0.31011685600575467, 0.17459488245674892, -6.825835983612379e-25, 0.07081036039419293, -1.400091508077631e-24, 0.12131318064768665, 0.11073369735774484, 0.21243102313787207]",markov_shift
1.9107408988792607,1.9485065764764895,0.03304153466992643,0.0010917430133439503,-0.10327897482755805,2.012888224077717,-0.21132221185710012,0.04465707722417711,0,256,768,0,0.20377572361891344,1,512,768,-0.00040515307519299826,1.9477171330449963,2.4246509436368346,-0.1698235041376709,0.02884002255759752,gaussian_iid,0.24436374652702655,0.059713640616724885,512,768,after,full512,2026108998,1.361467415061589,"[0.31011685600575467, 0.17459488245674892, -6.825835983612379e-25, 0.07081036039419293, -1.400091508077631e-24, 0.12131318064768665, 0.11073369735774484, 0.21243102313787207]",markov_shift
1.9107408988792607,1.9485065764764895,-0.051675872469672646,0.0026703957955018713,-0.14468270083693385,1.847815799124172,-0.2960396189966992,0.08763945601571084,0,256,768,0,0.20377572361891344,1,512,768,-0.00040515307519299826,1.9477171330449963,2.4246509436368346,-0.2379044068287387,0.056598506788534016,ewma_gaussian,0.24436374652702655,0.059713640616724885,512,768,after,full512,2026108998,1.361467415061589,"[0.31011685600575467, 0.17459488245674892, -6.825835983612379e-25, 0.07081036039419293, -1.400091508077631e-24, 0.12131318064768665, 0.11073369735774484, 0.21243102313787207]",markov_shift
1.9107408988792607,1.9485065764764895,0.03972146711135527,0.0015777949494784782,-0.10001430819168808,2.02590411637026,-0.20464227941567129,0.04187846252444168,0,256,768,0,0.20377572361891344,1,512,768,-0.00040515307519299826,1.9477171330449963,2.4246509436368346,-0.16445535317693105,0.027045563188549126,ar_gaussian,0.24436374652702655,0.059713640616724885,512,768,after,full512,2026108998,1.361467415061589,"[0.31011685600575467, 0.17459488245674892, -6.825835983612379e-25, 0.07081036039419293, -1.400091508077631e-24, 0.12131318064768665, 0.11073369735774484, 0.21243102313787207]",markov_shift
1.9912754374999841,2.0314186768080207,0.06684950847845883,0.004468856783811539,-0.08038565172219951,2.167218016866598,-0.1698239605342044,0.028840177571523015,0,256,768,0,0.125,1,512,768,-0.0003924026585361899,2.030621542718641,2.512201582065289,-0.13732320195224101,0.018857661794415972,raw,0.23667346901266317,0.05601433093448804,512,768,after,equal512,2026108998,1.4453187165879575,"[0.125, 0.125, 0.125, 0.125, 0.125, 0.125, 0.125, 0.125]",markov_shift
1.9912754374999841,2.0314186768080207,0.07448160676885895,0.005547509746870936,-0.0767730213657303,2.1827220038769513,-0.1621918622438043,0.026306200178113193,0,256,768,0,0.125,1,512,768,-0.0003924026585361899,2.030621542718641,2.512201582065289,-0.1311517278472023,0.017200775717306622,iid_oic,0.23667346901266317,0.05601433093448804,512,768,after,equal512,2026108998,1.4453187165879575,"[0.125, 0.125, 0.125, 0.125, 0.125, 0.125, 0.125, 0.125]",markov_shift
1.9912754374999841,2.0314186768080207,0.07814440382512267,0.006106547849183846,-0.07503924759453966,2.190162678226403,-0.1585290651875405,0.02513146450923547,0,256,768,0,0.125,1,512,768,-0.0003924026585361899,2.030621542718641,2.512201582065289,-0.12818991363509002,0.01643265395777184,hac,0.23667346901266317,0.05601433093448804,512,768,after,equal512,2026108998,1.4453187165879575,"[0.125, 0.125, 0.125, 0.125, 0.125, 0.125, 0.125, 0.125]",markov_shift
1.9912754374999841,2.0314186768080207,0.0852550636442706,0.00726842587698863,-0.0716734385418063,2.2046074053874483,-0.15141840536839266,0.022927533484306883,0,256,768,0,0.125,1,512,768,-0.0003924026585361899,2.030621542718641,2.512201582065289,-0.12244008557026964,0.014991574554454951,block_bootstrap,0.23667346901266317,0.05601433093448804,512,768,after,equal512,2026108998,1.4453187165879575,"[0.125, 0.125, 0.125, 0.125, 0.125, 0.125, 0.125, 0.125]",markov_shift
1.9912754374999841,2.0314186768080207,0.023123707861544718,0.000534705865266065,-0.10108312555692177,2.078392608835015,-0.21354976115111857,0.04560350048769979,0,256,768,0,0.125,1,512,768,-0.0003924026585361899,2.030621542718641,2.512201582065289,-0.17268079772230638,0.029818657902012092,gaussian_iid,0.23667346901266317,0.05601433093448804,512,768,after,equal512,2026108998,1.4453187165879575,"[0.125, 0.125, 0.125, 0.125, 0.125, 0.125, 0.125, 0.125]",markov_shift
1.9912754374999841,2.0314186768080207,-0.02087104857076083,0.0004356006684430577,-0.12190790880332357,1.9890208389368098,-0.257544517583424,0.0663291785372786,0,256,768,0,0.125,1,512,768,-0.0003924026585361899,2.030621542718641,2.512201582065289,-0.20825587678293345,0.04337051021462836,ewma_gaussian,0.23667346901266317,0.05601433093448804,512,768,after,equal512,2026108998,1.4453187165879575,"[0.125, 0.125, 0.125, 0.125, 0.125, 0.125, 0.125, 0.125]",markov_shift
1.9912754374999841,2.0314186768080207,0.03024271498502884,0.0009146218096656879,-0.09771336533324,2.09285429286599,-0.2064307540276343,0.04261365620841766,0,256,768,0,0.125,1,512,768,-0.0003924026585361899,2.030621542718641,2.512201582065289,-0.16692421985283212,0.027863695173476633,ar_gaussian,0.23667346901266317,0.05601433093448804,512,768,after,equal512,2026108998,1.4453187165879575,"[0.125, 0.125, 0.125, 0.125, 0.125, 0.125, 0.125, 0.125]",markov_shift
1.9403189705580937,1.978605374726467,-0.22233428505529051,0.04943253431104718,-0.2750345879511703,1.5386935633301027,-0.498304621407367,0.24830749571593932,0,256,512,0,0.2112360329101368,1,512,768,-0.00045755654029754045,1.977700050896593,2.524641765497756,-0.39052994196713875,0.15251363557285677,raw,0.2759703363520764,0.07615962654627818,256,768,after,older256,2026108998,1.2460594068362694,"[0.3329511446720814, 0.15371724540915596, 0.07342313548435442, -2.916503794158077e-25, 0.016825989463659003, 0.18596451027481112, 0.05382398968047263, 0.18329398501546587]",markov_shift
1.9403189705580937,1.978605374726467,-0.1604085348315697,0.025730898046810908,-0.24085524771498049,1.6612201855567255,-0.4363788711836461,0.1904265192155132,0,256,512,0,0.2112360329101368,1,512,768,-0.00045755654029754045,1.977700050896593,2.524641765497756,-0.34199766150616595,0.11696240047568607,iid_oic,0.2759703363520764,0.07615962654627818,256,768,after,older256,2026108998,1.2460594068362694,"[0.3329511446720814, 0.15371724540915596, 0.07342313548435442, -2.916503794158077e-25, 0.016825989463659003, 0.18596451027481112, 0.05382398968047263, 0.18329398501546587]",markov_shift
1.9403189705580937,1.978605374726467,-0.1704201973579038,0.029043043667506884,-0.2463810914646523,1.641411056272173,-0.4463905337099803,0.19926450858588104,0,256,512,0,0.2112360329101368,1,512,768,-0.00045755654029754045,1.977700050896593,2.524641765497756,-0.34984397441886017,0.12239080643718409,hac,0.2759703363520764,0.07615962654627818,256,768,after,older256,2026108998,1.2460594068362694,"[0.3329511446720814, 0.15371724540915596, 0.07342313548435442, -2.916503794158077e-25, 0.016825989463659003, 0.18596451027481112, 0.05382398968047263, 0.18329398501546587]",markov_shift
1.9403189705580937,1.978605374726467,0.318883954799688,0.10168697662868946,0.02368577143414413,2.6095508816071615,0.04291361844761168,0.0018415786482671973,256,256,512,0,0.2112360329101368,1,512,768,-0.00045755654029754045,1.977700050896593,2.524641765497756,0.0336321442787606,0.0011311211287873693,chronological,0.2759703363520764,0.07615962654627818,256,768,after,older256,2026108998,1.2460594068362694,"[0.3329511446720814, 0.15371724540915596, 0.07342313548435442, -2.916503794158077e-25, 0.016825989463659003, 0.18596451027481112, 0.05382398968047263, 0.18329398501546587]",markov_shift
1.9403189705580937,1.978605374726467,0.3642961499865185,0.132711684895,0.04875060899453553,2.6994036950819513,0.08832581363444196,0.007801449354186174,240,256,512,16,0.2112360329101368,1,512,768,-0.00045755654029754045,1.977700050896593,2.524641765497756,0.06922246632077678,0.004791749843531075,blocked_holdout,0.2759703363520764,0.07615962654627818,256,768,after,older256,2026108998,1.2460594068362694,"[0.3329511446720814, 0.15371724540915596, 0.07342313548435442, -2.916503794158077e-25, 0.016825989463659003, 0.18596451027481112, 0.05382398968047263, 0.18329398501546587]",markov_shift
1.9403189705580937,1.978605374726467,0.07230311408241596,0.005227740306014857,-0.11241222366730257,2.121664704859396,-0.2036672222696604,0.04148033742703925,0,256,512,0,0.2112360329101368,1,512,768,-0.00045755654029754045,1.977700050896593,2.524641765497756,-0.1596175212442108,0.025477753088146086,gaussian_iid,0.2759703363520764,0.07615962654627818,256,768,after,older256,2026108998,1.2460594068362694,"[0.3329511446720814, 0.15371724540915596, 0.07342313548435442, -2.916503794158077e-25, 0.016825989463659003, 0.18596451027481112, 0.05382398968047263, 0.18329398501546587]",markov_shift
1.9403189705580937,1.978605374726467,-0.047832600416308324,0.002287957662586219,-0.17872001074352253,1.8839635344556158,-0.32380293676838473,0.10484834185983057,0,256,512,0,0.2112360329101368,1,512,768,-0.00045755654029754045,1.977700050896593,2.524641765497756,-0.2537699565133451,0.06439919082878506,ewma_gaussian,0.2759703363520764,0.07615962654627818,256,768,after,older256,2026108998,1.2460594068362694,"[0.3329511446720814, 0.15371724540915596, 0.07342313548435442, -2.916503794158077e-25, 0.016825989463659003, 0.18596451027481112, 0.05382398968047263, 0.18329398501546587]",markov_shift
1.9403189705580937,1.978605374726467,0.08935698238522538,0.00798467030099348,-0.10299950012404196,2.155407580343212,-0.18661335396685108,0.034824543878757254,0,256,512,0,0.2112360329101368,1,512,768,-0.00045755654029754045,1.977700050896593,2.524641765497756,-0.1462521099827192,0.021389679674397394,ar_gaussian,0.2759703363520764,0.07615962654627818,256,768,after,older256,2026108998,1.2460594068362694,"[0.3329511446720814, 0.15371724540915596, 0.07342313548435442, -2.916503794158077e-25, 0.016825989463659003, 0.18596451027481112, 0.05382398968047263, 0.18329398501546587]",markov_shift
1.6676271724581673,1.7088686865842433,-0.004851974524227698,2.3541656783754597e-05,-0.49754884165909014,1.700577299251686,-0.5012048022129305,0.2512062537613028,0,0,512,0,0.2636057161787654,1,512,512,-0.06645527952159398,1.5953053403515882,2.557070491319012,-0.3349509506973043,0.11219213937302797,raw,0.4963528276887028,0.2463661295545711,512,512,before,full512,2026108998,1.213041347969,"[0.3287637726531511, 0.09840050397322085, 0.1088186402022243, 5.532259316440649e-26, 4.7909293963036204e-17, 0.11724788719026279, 1.9562052497048527e-17, 0.346769195981141]",markov_stationary
1.6676271724581673,1.7088686865842433,0.054986154602630455,0.0030234771979843786,-0.4381471924676546,1.8028328043803585,-0.44136667308607236,0.19480454011106788,0,0,512,0,0.2636057161787654,1,512,512,-0.06645527952159398,1.5953053403515882,2.557070491319012,-0.29496163265706277,0.08700236473972003,iid_oic,0.4963528276887028,0.2463661295545711,512,512,before,full512,2026108998,1.213041347969,"[0.3287637726531511, 0.09840050397322085, 0.1088186402022243, 5.532259316440649e-26, 4.7909293963036204e-17, 0.11724788719026279, 1.9562052497048527e-17, 0.346769195981141]",markov_stationary
1.6676271724581673,1.7088686865842433,0.04122261601139199,0.001699304070822671,-0.45181033506518214,1.7793127242651974,-0.45513021167731077,0.2071435095814337,0,0,512,0,0.2636057161787654,1,512,512,-0.06645527952159398,1.5953053403515882,2.557070491319012,-0.30415968965041096,0.0925131168082343,hac,0.4963528276887028,0.2463661295545711,512,512,before,full512,2026108998,1.213041347969,"[0.3287637726531511, 0.09840050397322085, 0.1088186402022243, 5.532259316440649e-26, 4.7909293963036204e-17, 0.11724788719026279, 1.9562052497048527e-17, 0.346769195981141]",markov_stationary
1.6676271724581673,1.7088686865842433,0.058542551594598535,0.0034272303472062315,-0.43461673706096077,1.808910219836995,-0.43781027609410433,0.19167783785359588,0,0,512,0,0.2636057161787654,1,512,512,-0.06645527952159398,1.5953053403515882,2.557070491319012,-0.2925849224813877,0.08560593686343963,block_bootstrap,0.4963528276887028,0.2463661295545711,512,512,before,full512,2026108998,1.213041347969,"[0.3287637726531511, 0.09840050397322085, 0.1088186402022243, 5.532259316440649e-26, 4.7909293963036204e-17, 0.11724788719026279, 1.9562052497048527e-17, 0.346769195981141]",markov_stationary
1.6676271724581673,1.7088686865842433,0.03442162657680825,0.001184848376193232,-0.45856171573905546,1.767690726382647,-0.46193120111189456,0.21338043456067757,0,0,512,0,0.2636057161787654,1,512,512,-0.06645527952159398,1.5953053403515882,2.557070491319012,-0.30870473364587614,0.09529861257537132,gaussian_iid,0.4963528276887028,0.2463661295545711,512,512,before,full512,2026108998,1.213041347969,"[0.3287637726531511, 0.09840050397322085, 0.1088186402022243, 5.532259316440649e-26, 4.7909293963036204e-17, 0.11724788719026279, 1.9562052497048527e-17, 0.346769195981141]",markov_stationary
1.6676271724581673,1.7088686865842433,0.08665800647200439,0.007509610085701955,-0.4067063660006517,1.8569558402860662,-0.4096948212166985,0.16784984653178253,0,0,512,0,0.2636057161787654,1,512,512,-0.06645527952159398,1.5953053403515882,2.557070491319012,-0.2737956006335227,0.07496403092627146,ewma_gaussian,0.4963528276887028,0.2463661295545711,512,512,before,full512,2026108998,1.213041347969,"[0.3287637726531511, 0.09840050397322085, 0.1088186402022243, 5.532259316440649e-26, 4.7909293963036204e-17, 0.11724788719026279, 1.9562052497048527e-17, 0.346769195981141]",markov_stationary
1.6676271724581673,1.7088686865842433,-0.0046480954449074074,2.160479126496899e-05,-0.49734644974403575,1.700925701826186,-0.5010009231336102,0.2510019249807296,0,0,512,0,0.2636057161787654,1,512,512,-0.06645527952159398,1.5953053403515882,2.557070491319012,-0.334814700024637,0.11210088335258765,ar_gaussian,0.4963528276887028,0.2463661295545711,512,512,before,full512,2026108998,1.213041347969,"[0.3287637726531511, 0.09840050397322085, 0.1088186402022243, 5.532259316440649e-26, 4.7909293963036204e-17, 0.11724788719026279, 1.9562052497048527e-17, 0.346769195981141]",markov_stationary
1.7083463293157393,1.7532227688010351,0.12343252634975599,0.015235588561083207,-0.3194325801226549,1.969627484408061,-0.34266621320311524,0.11742013367096284,0,0,512,0,0.125,1,512,512,-0.062404645030198456,1.6438135242551448,2.5703976914945925,-0.23372655876344395,0.05462810427140162,raw,0.46609873955287123,0.2172480350127753,512,512,before,equal512,2026108998,1.306723431411975,"[0.125, 0.125, 0.125, 0.125, 0.125, 0.125, 0.125, 0.125]",markov_stationary
1.7083463293157393,1.7532227688010351,0.12980030640170237,0.016848119541975817,-0.31349655161073064,1.9807916213818504,-0.33629843315116886,0.11309663613993119,0,0,512,0,0.125,1,512,512,-0.062404645030198456,1.6438135242551448,2.5703976914945925,-0.22938320870102702,0.05261665643397892,iid_oic,0.46609873955287123,0.2172480350127753,512,512,before,equal512,2026108998,1.306723431411975,"[0.125, 0.125, 0.125, 0.125, 0.125, 0.125, 0.125, 0.125]",markov_stationary
1.7083463293157393,1.7532227688010351,0.1316874370487311,0.017341581076463514,-0.31173737317882727,1.9841001817999235,-0.3344113025041401,0.1118309192425155,0,0,512,0,0.125,1,512,512,-0.062404645030198456,1.6438135242551448,2.5703976914945925,-0.22809603028928893,0.05202779903373221,hac,0.46609873955287123,0.2172480350127753,512,512,before,equal512,2026108998,1.306723431411975,"[0.125, 0.125, 0.125, 0.125, 0.125, 0.125, 0.125, 0.125]",markov_stationary
1.7083463293157393,1.7532227688010351,0.13799721576611823,0.01904323155920059,-0.305855413364764,1.9951626295133427,-0.32810152378675306,0.10765060991118929,0,0,512,0,0.125,1,512,512,-0.062404645030198456,1.6438135242551448,2.5703976914945925,-0.22379224191053937,0.05008296753934537,block_bootstrap,0.46609873955287123,0.2172480350127753,512,512,before,equal512,2026108998,1.306723431411975,"[0.125, 0.125, 0.125, 0.125, 0.125, 0.125, 0.125, 0.125]",markov_stationary
1.7083463293157393,1.7532227688010351,0.10615654871251579,0.011269212834552737,-0.33553720292517747,1.939338847061154,-0.3599421908403555,0.1295583807469549,0,0,512,0,0.125,1,512,512,-0.062404645030198456,1.6438135242551448,2.5703976914945925,-0.24551019732145063,0.060275256988817624,gaussian_iid,0.46609873955287123,0.2172480350127753,512,512,before,equal512,2026108998,1.306723431411975,"[0.125, 0.125, 0.125, 0.125, 0.125, 0.125, 0.125, 0.125]",markov_stationary
1.7083463293157393,1.7532227688010351,0.14524707106478174,0.021096711652897757,-0.2990971165314685,2.0078732408934723,-0.32085166848808955,0.10294579317159092,0,0,512,0,0.125,1,512,512,-0.062404645030198456,1.6438135242551448,2.5703976914945925,-0.2188472439352499,0.04789411617805477,ewma_gaussian,0.46609873955287123,0.2172480350127753,512,512,before,equal512,2026108998,1.306723431411975,"[0.125, 0.125, 0.125, 0.125, 0.125, 0.125, 0.125, 0.125]",markov_stationary
1.7083463293157393,1.7532227688010351,0.08032653140353219,0.006452351647322643,-0.3596158799458697,1.894053072596519,-0.3857722081493391,0.148820196580417,0,0,512,0,0.125,1,512,512,-0.062404645030198456,1.6438135242551448,2.5703976914945925,-0.26312839493129325,0.06923655221911863,ar_gaussian,0.46609873955287123,0.2172480350127753,512,512,before,equal512,2026108998,1.306723431411975,"[0.125, 0.125, 0.125, 0.125, 0.125, 0.125, 0.125, 0.125]",markov_stationary
1.6913237034813846,1.73209860377906,0.023439132847688393,0.000549392948651585,-0.47004198485205795,1.772697493058333,-0.4732117077410542,0.2239293203432049,0,0,256,0,0.34089234235987076,1,512,512,-0.06649517962786661,1.6169223959875945,2.5923468313285176,-0.3161804309379904,0.09997006490813333,raw,0.49665084058874265,0.24666205745750466,256,512,before,older256,2026108998,1.2262936463445737,"[0.36311425275784537, 0.029591324677748665, 0.19464840975466177, -2.4115775863665928e-23, 1.7014942533220944e-16, -1.1166933088540124e-23, 5.864708852685003e-25, 0.4126460128097444]",markov_stationary
1.6913237034813846,1.73209860377906,0.10910187208053324,0.011903218491477038,-0.3849530419578048,1.921073804079433,-0.38754896850820947,0.15019420299177713,0,0,256,0,0.34089234235987076,1,512,512,-0.06649517962786661,1.6169223959875945,2.5923468313285176,-0.25894414247999087,0.06705206892469781,iid_oic,0.49665084058874265,0.24666205745750466,256,512,before,older256,2026108998,1.2262936463445737,"[0.36311425275784537, 0.029591324677748665, 0.19464840975466177, -2.4115775863665928e-23, 1.7014942533220944e-16, -1.1166933088540124e-23, 5.864708852685003e-25, 0.4126460128097444]",markov_stationary
1.6913237034813846,1.73209860377906,0.09540265817815285,0.009101667187457476,-0.39856049415784917,1.8973454148062494,-0.40124818241058985,0.16100010388780198,0,0,256,0,0.34089234235987076,1,512,512,-0.06649517962786661,1.6169223959875945,2.5923468313285176,-0.26809738886910284,0.07187620991843095,hac,0.49665084058874265,0.24666205745750466,256,512,before,older256,2026108998,1.2262936463445737,"[0.36311425275784537, 0.029591324677748665, 0.19464840975466177, -2.4115775863665928e-23, 1.7014942533220944e-16, -1.1166933088540124e-23, 5.864708852685003e-25, 0.4126460128097444]",markov_stationary
1.6913237034813846,1.73209860377906,0.00016116101930374604,2.5972874143022406e-08,-0.4931640334035947,1.7323777505555795,-0.49648967956943896,0.24650200191896418,256,0,256,0,0.34089234235987076,1,512,512,-0.06649517962786661,1.6169223959875945,2.5923468313285176,-0.33173380597850943,0.11004731802898735,chronological,0.49665084058874265,0.24666205745750466,256,512,before,older256,2026108998,1.2262936463445737,"[0.36311425275784537, 0.029591324677748665, 0.19464840975466177, -2.4115775863665928e-23, 1.7014942533220944e-16, -1.1166933088540124e-23, 5.864708852685003e-25, 0.4126460128097444]",markov_stationary
1.6913237034813846,1.73209860377906,-0.07937820523883832,0.006300899466939139,-0.5721706196275989,1.5946077253143804,-0.576029045827581,0.3318094616370334,240,0,256,16,0.34089234235987076,1,512,512,-0.06649517962786661,1.6169223959875945,2.5923468313285176,-0.3848787106557108,0.14813162191600235,blocked_holdout,0.49665084058874265,0.24666205745750466,256,512,before,older256,2026108998,1.2262936463445737,"[0.36311425275784537, 0.029591324677748665, 0.19464840975466177, -2.4115775863665928e-23, 1.7014942533220944e-16, -1.1166933088540124e-23, 5.864708852685003e-25, 0.4126460128097444]",markov_stationary
1.6913237034813846,1.73209860377906,0.032932968400630536,0.0010845804076769295,-0.4606117420364979,1.7891417523640922,-0.463717872188112,0.21503426498667016,0,0,256,0,0.34089234235987076,1,512,512,-0.06649517962786661,1.6169223959875945,2.5923468313285176,-0.30983704389308175,0.09599899376840347,gaussian_iid,0.49665084058874265,0.24666205745750466,256,512,before,older256,2026108998,1.2262936463445737,"[0.36311425275784537, 0.029591324677748665, 0.19464840975466177, -2.4115775863665928e-23, 1.7014942533220944e-16, -1.1166933088540124e-23, 5.864708852685003e-25, 0.4126460128097444]",markov_stationary
1.6913237034813846,1.73209860377906,0.04304746466342069,0.0018530842139484528,-0.4505649958944051,1.8066610572187995,-0.45360337592532185,0.20575602265084886,0,0,256,0,0.34089234235987076,1,512,512,-0.06649517962786661,1.6169223959875945,2.5923468313285176,-0.30307895711125676,0.09185685424364702,ewma_gaussian,0.49665084058874265,0.24666205745750466,256,512,before,older256,2026108998,1.2262936463445737,"[0.36311425275784537, 0.029591324677748665, 0.19464840975466177, -2.4115775863665928e-23, 1.7014942533220944e-16, -1.1166933088540124e-23, 5.864708852685003e-25, 0.4126460128097444]",markov_stationary
1.6913237034813846,1.73209860377906,0.009961369607335957,9.922888445395652e-05,-0.4834294697372122,1.7493526781676538,-0.48668947098140664,0.23686664116416145,0,0,256,0,0.34089234235987076,1,512,512,-0.06649517962786661,1.6169223959875945,2.5923468313285176,-0.3251857131820779,0.10574574805773664,ar_gaussian,0.49665084058874265,0.24666205745750466,256,512,before,older256,2026108998,1.2262936463445737,"[0.36311425275784537, 0.029591324677748665, 0.19464840975466177, -2.4115775863665928e-23, 1.7014942533220944e-16, -1.1166933088540124e-23, 5.864708852685003e-25, 0.4126460128097444]",markov_stationary
1.5196819271156712,1.614643729487425,0.2452914638823549,0.060167902253548615,-0.25722441271054025,2.0107020535418605,-0.2563716580538692,0.06572642705329003,0,256,768,0,0.20377572361891344,1,512,768,-0.00048324211865388104,1.6138634656307163,2.4246509436368346,-0.17072514754394919,0.02914707600390322,raw,0.5016631219362241,0.25166588791079886,512,768,after,full512,2026108998,1.361467415061589,"[0.31011685600575467, 0.17459488245674892, -6.825835983612379e-25, 0.07081036039419293, -1.400091508077631e-24, 0.12131318064768665, 0.11073369735774484, 0.21243102313787207]",markov_stationary
1.5196819271156712,1.614643729487425,0.33188854798101697,0.1101500082809478,-0.17033928559152303,2.1505254923736605,-0.16977457395520704,0.028823405961672065,0,256,768,0,0.20377572361891344,1,512,768,-0.00048324211865388104,1.6138634656307163,2.4246509436368346,-0.11305769681305222,0.012782042808672038,iid_oic,0.5016631219362241,0.25166588791079886,512,768,after,full512,2026108998,1.361467415061589,"[0.31011685600575467, 0.17459488245674892, -6.825835983612379e-25, 0.07081036039419293, -1.400091508077631e-24, 0.12131318064768665, 0.11073369735774484, 0.21243102313787207]",markov_stationary
1.5196819271156712,1.614643729487425,0.33709276924979403,0.11363153508049488,-0.1651177538136399,2.1589284556121564,-0.16457035268643003,0.027083400983335965,0,256,768,0,0.20377572361891344,1,512,768,-0.00048324211865388104,1.6138634656307163,2.4246509436368346,-0.10959205848661668,0.012010419283334012,hac,0.5016631219362241,0.25166588791079886,512,768,after,full512,2026108998,1.361467415061589,"[0.31011685600575467, 0.17459488245674892, -6.825835983612379e-25, 0.07081036039419293, -1.400091508077631e-24, 0.12131318064768665, 0.11073369735774484, 0.21243102313787207]",markov_stationary
1.5196819271156712,1.614643729487425,0.3682350194256152,0.1355970295313832,-0.1338719169189971,2.209212094580675,-0.1334281025106088,0.01780305853958153,0,256,768,0,0.20377572361891344,1,512,768,-0.00048324211865388104,1.6138634656307163,2.4246509436368346,-0.08885355214594892,0.007894953728952865,block_bootstrap,0.5016631219362241,0.25166588791079886,512,768,after,full512,2026108998,1.361467415061589,"[0.31011685600575467, 0.17459488245674892, -6.825835983612379e-25, 0.07081036039419293, -1.400091508077631e-24, 0.12131318064768665, 0.11073369735774484, 0.21243102313787207]",markov_stationary
1.5196819271156712,1.614643729487425,0.24664542853469995,0.06083396741706578,-0.25586594444156685,2.012888224077717,-0.25501769340152414,0.06503402394783377,0,256,768,0,0.20377572361891344,1,512,768,-0.00048324211865388104,1.6138634656307163,2.4246509436368346,-0.1698235041376709,0.02884002255759752,gaussian_iid,0.5016631219362241,0.25166588791079886,512,768,after,full512,2026108998,1.361467415061589,"[0.31011685600575467, 0.17459488245674892, -6.825835983612379e-25, 0.07081036039419293, -1.400091508077631e-24, 0.12131318064768665, 0.11073369735774484, 0.21243102313787207]",markov_stationary
1.5196819271156712,1.614643729487425,0.1444108476553947,0.020854492920549614,-0.3584405824690741,1.847815799124172,-0.35725227428082934,0.12762918747882493,0,256,768,0,0.20377572361891344,1,512,768,-0.00048324211865388104,1.6138634656307163,2.4246509436368346,-0.2379044068287387,0.056598506788534016,ewma_gaussian,0.5016631219362241,0.25166588791079886,512,768,after,full512,2026108998,1.361467415061589,"[0.31011685600575467, 0.17459488245674892, -6.825835983612379e-25, 0.07081036039419293, -1.400091508077631e-24, 0.12131318064768665, 0.11073369735774484, 0.21243102313787207]",markov_stationary
1.5196819271156712,1.614643729487425,0.25470658286542935,0.06487544335498382,-0.2477779767456399,2.02590411637026,-0.24695653907079465,0.060987532189824924,0,256,768,0,0.20377572361891344,1,512,768,-0.00048324211865388104,1.6138634656307163,2.4246509436368346,-0.16445535317693105,0.027045563188549126,ar_gaussian,0.5016631219362241,0.25166588791079886,512,768,after,full512,2026108998,1.361467415061589,"[0.31011685600575467, 0.17459488245674892, -6.825835983612379e-25, 0.07081036039419293, -1.400091508077631e-24, 0.12131318064768665, 0.11073369735774484, 0.21243102313787207]",markov_stationary
1.5887223605220926,1.6943033802643348,0.27912039963497093,0.07790819749238588,-0.19658270218620721,2.167218016866598,-0.20361380920155445,0.04145858329756702,0,256,768,0,0.125,1,512,768,-0.00046500827273194336,1.6935155151759942,2.512201582065289,-0.13732320195224101,0.018857661794415972,raw,0.48273420883652535,0.23303231638102606,512,768,after,equal512,2026108998,1.4453187165879575,"[0.125, 0.125, 0.125, 0.125, 0.125, 0.125, 0.125, 0.125]",markov_stationary
1.5887223605220926,1.6943033802643348,0.2882710554094605,0.08310020138688426,-0.18774803303493987,2.1827220038769513,-0.19446315342706472,0.03781591804079811,0,256,768,0,0.125,1,512,768,-0.00046500827273194336,1.6935155151759942,2.512201582065289,-0.1311517278472023,0.017200775717306622,iid_oic,0.48273420883652535,0.23303231638102606,512,768,after,equal512,2026108998,1.4453187165879575,"[0.125, 0.125, 0.125, 0.125, 0.125, 0.125, 0.125, 0.125]",markov_stationary
1.5887223605220926,1.6943033802643348,0.2926626386619775,0.08565142006859121,-0.18350809810105284,2.190162678226403,-0.19007157017454776,0.03612720178861804,0,256,768,0,0.125,1,512,768,-0.00046500827273194336,1.6935155151759942,2.512201582065289,-0.12818991363509002,0.01643265395777184,hac,0.48273420883652535,0.23303231638102606,512,768,after,equal512,2026108998,1.4453187165879575,"[0.125, 0.125, 0.125, 0.125, 0.125, 0.125, 0.125, 0.125]",markov_stationary
1.5887223605220926,1.6943033802643348,0.3011881054286152,0.09071427485167861,-0.1752770291919431,2.2046074053874483,-0.1815461034079102,0.03295898766259562,0,256,768,0,0.125,1,512,768,-0.00046500827273194336,1.6935155151759942,2.512201582065289,-0.12244008557026964,0.014991574554454951,block_bootstrap,0.48273420883652535,0.23303231638102606,512,768,after,equal512,2026108998,1.4453187165879575,"[0.125, 0.125, 0.125, 0.125, 0.125, 0.125, 0.125, 0.125]",markov_stationary
1.5887223605220926,1.6943033802643348,0.22669448284448146,0.0513903885521269,-0.24719826911498013,2.078392608835015,-0.25603972599204394,0.06555634128608094,0,256,768,0,0.125,1,512,768,-0.00046500827273194336,1.6935155151759942,2.512201582065289,-0.17268079772230638,0.029818657902012092,gaussian_iid,0.48273420883652535,0.23303231638102606,512,768,after,equal512,2026108998,1.4453187165879575,"[0.125, 0.125, 0.125, 0.125, 0.125, 0.125, 0.125, 0.125]",markov_stationary
1.5887223605220926,1.6943033802643348,0.17394609613922563,0.030257244362076725,-0.2981251705621096,1.9890208389368098,-0.30878811269729967,0.09535009854316023,0,256,768,0,0.125,1,512,768,-0.00046500827273194336,1.6935155151759942,2.512201582065289,-0.20825587678293345,0.04337051021462836,ewma_gaussian,0.48273420883652535,0.23303231638102606,512,768,after,equal512,2026108998,1.4453187165879575,"[0.125, 0.125, 0.125, 0.125, 0.125, 0.125, 0.125, 0.125]",markov_stationary
1.5887223605220926,1.6943033802643348,0.2352299577773822,0.055333133035949014,-0.23895753763742447,2.09285429286599,-0.2475042510591432,0.06125835429234739,0,256,768,0,0.125,1,512,768,-0.00046500827273194336,1.6935155151759942,2.512201582065289,-0.16692421985283212,0.027863695173476633,ar_gaussian,0.48273420883652535,0.23303231638102606,512,768,after,equal512,2026108998,1.4453187165879575,"[0.125, 0.125, 0.125, 0.125, 0.125, 0.125, 0.125, 0.125]",markov_stationary
1.5437456303088362,1.5957356474843787,-0.03574657509481649,0.0012778176310093547,-0.7193396917085945,1.5386935633301027,-0.6178643710328627,0.38175638099183506,0,256,512,0,0.2112360329101368,1,512,768,-0.0005607425077002381,1.5948408506757816,2.524641765497756,-0.39052994196713875,0.15251363557285677,raw,0.5821177959380461,0.3388611283477687,256,768,after,older256,2026108998,1.2460594068362694,"[0.3329511446720814, 0.15371724540915596, 0.07342313548435442, -2.916503794158077e-25, 0.016825989463659003, 0.18596451027481112, 0.05382398968047263, 0.18329398501546587]",markov_stationary
1.5437456303088362,1.5957356474843787,0.04103720949994494,0.001684052563542371,-0.6299452768044258,1.6612201855567255,-0.5410805864381012,0.2927682010201995,0,256,512,0,0.2112360329101368,1,512,768,-0.0005607425077002381,1.5948408506757816,2.524641765497756,-0.34199766150616595,0.11696240047568607,iid_oic,0.5821177959380461,0.3388611283477687,256,768,after,older256,2026108998,1.2460594068362694,"[0.3329511446720814, 0.15371724540915596, 0.07342313548435442, -2.916503794158077e-25, 0.016825989463659003, 0.18596451027481112, 0.05382398968047263, 0.18329398501546587]",markov_stationary
1.5437456303088362,1.5957356474843787,0.028623418208272744,0.0008193000699256796,-0.6443978544563119,1.641411056272173,-0.5534943777297733,0.30635602617846897,0,256,512,0,0.2112360329101368,1,512,768,-0.0005607425077002381,1.5948408506757816,2.524641765497756,-0.34984397441886017,0.12239080643718409,hac,0.5821177959380461,0.3388611283477687,256,768,after,older256,2026108998,1.2460594068362694,"[0.3329511446720814, 0.15371724540915596, 0.07342313548435442, -2.916503794158077e-25, 0.016825989463659003, 0.18596451027481112, 0.05382398968047263, 0.18329398501546587]",markov_stationary
1.5437456303088362,1.5957356474843787,0.6353278099170292,0.4036414260539688,0.06194899211855645,2.6095508816071615,0.05321001397898303,0.0028313055876435693,256,256,512,0,0.2112360329101368,1,512,768,-0.0005607425077002381,1.5948408506757816,2.524641765497756,0.0336321442787606,0.0011311211287873693,chronological,0.5821177959380461,0.3388611283477687,256,768,after,older256,2026108998,1.2460594068362694,"[0.3329511446720814, 0.15371724540915596, 0.07342313548435442, -2.916503794158077e-25, 0.016825989463659003, 0.18596451027481112, 0.05382398968047263, 0.18329398501546587]",markov_stationary
1.5437456303088362,1.5957356474843787,0.6916358917828693,0.4783602068022849,0.1275048651370403,2.6994036950819513,0.10951809584482315,0.01199421331747587,240,256,512,16,0.2112360329101368,1,512,768,-0.0005607425077002381,1.5948408506757816,2.524641765497756,0.06922246632077678,0.004791749843531075,blocked_holdout,0.5821177959380461,0.3388611283477687,256,768,after,older256,2026108998,1.2460594068362694,"[0.3329511446720814, 0.15371724540915596, 0.07342313548435442, -2.916503794158077e-25, 0.016825989463659003, 0.18596451027481112, 0.05382398968047263, 0.18329398501546587]",markov_stationary
1.5437456303088362,1.5957356474843787,0.32958407503406106,0.1086256625160576,-0.29400874602532295,2.121664704859396,-0.25253372090398507,0.06377328019361182,0,256,512,0,0.2112360329101368,1,512,768,-0.0005607425077002381,1.5948408506757816,2.524641765497756,-0.1596175212442108,0.025477753088146086,gaussian_iid,0.5821177959380461,0.3388611283477687,256,768,after,older256,2026108998,1.2460594068362694,"[0.3329511446720814, 0.15371724540915596, 0.07342313548435442, -2.916503794158077e-25, 0.016825989463659003, 0.18596451027481112, 0.05382398968047263, 0.18329398501546587]",markov_stationary
1.5437456303088362,1.5957356474843787,0.18062383166385887,0.03262496856493403,-0.4674335631314372,1.8839635344556158,-0.4014939642741874,0.16119740334860244,0,256,512,0,0.2112360329101368,1,512,768,-0.0005607425077002381,1.5948408506757816,2.524641765497756,-0.2537699565133451,0.06439919082878506,ewma_gaussian,0.5821177959380461,0.3388611283477687,256,768,after,older256,2026108998,1.2460594068362694,"[0.3329511446720814, 0.15371724540915596, 0.07342313548435442, -2.916503794158077e-25, 0.016825989463659003, 0.18596451027481112, 0.05382398968047263, 0.18329398501546587]",markov_stationary
1.5437456303088362,1.5957356474843787,0.3507297300408978,0.12301134353456106,-0.26939022185283085,2.155407580343212,-0.23138806589714841,0.0535404370396231,0,256,512,0,0.2112360329101368,1,512,768,-0.0005607425077002381,1.5948408506757816,2.524641765497756,-0.1462521099827192,0.021389679674397394,ar_gaussian,0.5821177959380461,0.3388611283477687,256,768,after,older256,2026108998,1.2460594068362694,"[0.3329511446720814, 0.15371724540915596, 0.07342313548435442, -2.916503794158077e-25, 0.016825989463659003, 0.18596451027481112, 0.05382398968047263, 0.18329398501546587]",markov_stationary
1.5377361432643781,2.0101221568100436,-0.37514966052350307,0.1407372677908996,0.036416350225790144,1.2560255120719839,-0.0572823061675817,0.003281262599876568,0,256,768,0,0.3004441189607714,1,512,768,,,1.3711699448926165,-0.08397531848588624,0.007051854114806027,raw,-0.3178673543559214,0.1010396549652329,512,768,after,full512,2026108999,0.9823206205481014,"[0.49999999999999994, 0.13039060636232036, 0.06480835004715041, 0.08794566239259803, 0.010848625278851843, -2.124758804160058e-23, 0.11224357685183947, 0.09376317906723998]",ar1_stationary
1.5377361432643781,2.0101221568100436,-0.3540455432575117,0.1253482467005066,0.0229997303830745,1.2984473657882707,-0.03617818890159025,0.0013088613521991478,0,256,768,0,0.3004441189607714,1,512,768,,,1.3711699448926165,-0.053036882390272266,0.0028129108936795722,iid_oic,-0.3178673543559214,0.1010396549652329,512,768,after,full512,2026108999,0.9823206205481014,"[0.49999999999999994, 0.13039060636232036, 0.06480835004715041, 0.08794566239259803, 0.010848625278851843, -2.124758804160058e-23, 0.11224357685183947, 0.09376317906723998]",ar1_stationary
1.5377361432643781,2.0101221568100436,-0.333882828375774,0.11147774308420655,0.01018159271089307,1.3389768857134952,-0.016015474019852587,0.00025649540808057316,0,256,768,0,0.3004441189607714,1,512,768,,,1.3711699448926165,-0.023478533276662827,0.0005512415248233638,hac,-0.3178673543559214,0.1010396549652329,512,768,after,full512,2026108999,0.9823206205481014,"[0.49999999999999994, 0.13039060636232036, 0.06480835004715041, 0.08794566239259803, 0.010848625278851843, -2.124758804160058e-23, 0.11224357685183947, 0.09376317906723998]",ar1_stationary
1.5377361432643781,2.0101221568100436,-0.34088606315756154,0.11620330805506103,0.01463379213493342,1.3248995283092813,-0.02301870880164013,0.0005298609548947048,0,256,768,0,0.3004441189607714,1,512,768,,,1.3711699448926165,-0.033745209159291245,0.0011387391412043138,block_bootstrap,-0.3178673543559214,0.1010396549652329,512,768,after,full512,2026108999,0.9823206205481014,"[0.49999999999999994, 0.13039060636232036, 0.06480835004715041, 0.08794566239259803, 0.010848625278851843, -2.124758804160058e-23, 0.11224357685183947, 0.09376317906723998]",ar1_stationary
1.5377361432643781,2.0101221568100436,-0.3824120736726411,0.14623899409060948,0.04103331833370241,1.241427174488993,-0.06454471931671964,0.004166020791674121,0,256,768,0,0.3004441189607714,1,512,768,,,1.3711699448926165,-0.09462194740111829,0.008953312929979996,gaussian_iid,-0.3178673543559214,0.1010396549652329,512,768,after,full512,2026108999,0.9823206205481014,"[0.49999999999999994, 0.13039060636232036, 0.06480835004715041, 0.08794566239259803, 0.010848625278851843, -2.124758804160058e-23, 0.11224357685183947, 0.09376317906723998]",ar1_stationary
1.5377361432643781,2.0101221568100436,-0.4284393138265169,0.18356024563213663,0.07029443244573669,1.1489067992388704,-0.11057195947059545,0.012226158221167002,0,256,768,0,0.3004441189607714,1,512,768,,,1.3711699448926165,-0.1620974456752351,0.026275581894435792,ewma_gaussian,-0.3178673543559214,0.1010396549652329,512,768,after,full512,2026108999,0.9823206205481014,"[0.49999999999999994, 0.13039060636232036, 0.06480835004715041, 0.08794566239259803, 0.010848625278851843, -2.124758804160058e-23, 0.11224357685183947, 0.09376317906723998]",ar1_stationary
1.5377361432643781,2.0101221568100436,-0.06790785969138691,0.004611477407865091,-0.15890792653031727,1.8736190634228391,0.2499594946645345,0.062479748972949445,0,256,768,0,0.3004441189607714,1,512,768,,,1.3711699448926165,0.36643825253154305,0.13427699291837092,ar_gaussian,-0.3178673543559214,0.1010396549652329,512,768,after,full512,2026108999,0.9823206205481014,"[0.49999999999999994, 0.13039060636232036, 0.06480835004715041, 0.08794566239259803, 0.010848625278851843, -2.124758804160058e-23, 0.11224357685183947, 0.09376317906723998]",ar1_stationary
1.6499984580974296,2.045446790747275,-0.2999258724630166,0.0899555289727017,0.006052414518857664,1.4319643774557211,-0.010454244804247781,0.00010929123442714173,0,256,768,0,0.125,1,512,768,,,1.4533479789402561,-0.014713338989969516,0.00021648234423375716,raw,-0.2894716276587688,0.08379382321941689,512,768,after,equal512,2026108999,1.1017541077848085,"[0.125, 0.125, 0.125, 0.125, 0.125, 0.125, 0.125, 0.125]",ar1_stationary
1.6499984580974296,2.045446790747275,-0.29449785630273506,0.08672898736690639,0.0029099011731080833,1.4430670956908933,-0.005026228643966266,2.5262974381426974e-05,0,256,768,0,0.125,1,512,768,,,1.4533479789402561,-0.007073930950011964,5.004049908553717e-05,iid_oic,-0.2894716276587688,0.08379382321941689,512,768,after,equal512,2026108999,1.1017541077848085,"[0.125, 0.125, 0.125, 0.125, 0.125, 0.125, 0.125, 0.125]",ar1_stationary
1.6499984580974296,2.045446790747275,-0.28656133513520465,0.08211739879447108,-0.0016848942275185066,1.4593008274427162,0.0029102925235641257,8.469802572713247e-06,0,256,768,0,0.125,1,512,768,,,1.4533479789402561,0.00409595540002794,1.677685063901804e-05,hac,-0.2894716276587688,0.08379382321941689,512,768,after,equal512,2026108999,1.1017541077848085,"[0.125, 0.125, 0.125, 0.125, 0.125, 0.125, 0.125, 0.125]",ar1_stationary
1.6499984580974296,2.045446790747275,-0.27843875174671484,0.07752813847426869,-0.006387409096038967,1.4759151395672798,0.01103287591205396,0.00012172435089078049,0,256,768,0,0.125,1,512,768,,,1.4533479789402561,0.015527706340142444,0.00024110966418569986,block_bootstrap,-0.2894716276587688,0.08379382321941689,512,768,after,equal512,2026108999,1.1017541077848085,"[0.125, 0.125, 0.125, 0.125, 0.125, 0.125, 0.125, 0.125]",ar1_stationary
1.6499984580974296,2.045446790747275,-0.312301334711399,0.09753212366252126,0.01321710491899545,1.4066510279157534,-0.022829707052630155,0.000521195524108911,0,256,768,0,0.125,1,512,768,,,1.4533479789402561,-0.03213060581578886,0.001032375830089605,gaussian_iid,-0.2894716276587688,0.08379382321941689,512,768,after,equal512,2026108999,1.1017541077848085,"[0.125, 0.125, 0.125, 0.125, 0.125, 0.125, 0.125, 0.125]",ar1_stationary
1.6499984580974296,2.045446790747275,-0.4069370878131987,0.165597793437887,0.06800583588917818,1.2130786304437255,-0.11746546015442993,0.013798134329291967,0,256,768,0,0.125,1,512,768,,,1.4533479789402561,-0.16532128022892967,0.02733112569653229,ewma_gaussian,-0.2894716276587688,0.08379382321941689,512,768,after,equal512,2026108999,1.1017541077848085,"[0.125, 0.125, 0.125, 0.125, 0.125, 0.125, 0.125, 0.125]",ar1_stationary
1.6499984580974296,2.045446790747275,-0.015163676222602951,0.0002299370765839341,-0.1588087383639389,2.014430297881821,0.2743079514361659,0.07524485222110594,0,256,768,0,0.125,1,512,768,,,1.4533479789402561,0.3860619253419897,0.14904381019876403,ar_gaussian,-0.2894716276587688,0.08379382321941689,512,768,after,equal512,2026108999,1.1017541077848085,"[0.125, 0.125, 0.125, 0.125, 0.125, 0.125, 0.125, 0.125]",ar1_stationary
1.7252439255138845,2.629124120493683,-0.5173000332243329,0.26759932437389594,0.0564432152544687,1.2690781256114056,-0.061982216842505045,0.003841795204711316,0,256,512,0,0.3370699577297446,1,512,768,,,1.4320370669537055,-0.11379519783587277,0.012949347050505424,raw,-0.4553178163818279,0.20731431391471594,256,768,after,older256,2026108999,1.0102335052912788,"[0.5, 2.8328231247184835e-18, 0.15402105351246692, 7.032309830802624e-25, 8.291968089595848e-17, 3.0911798628088666e-25, 0.21480309003508657, 0.13117585645244653]",ar1_stationary
1.7252439255138845,2.629124120493683,-0.5041847677559111,0.25420228003708206,0.044499987185769106,1.3035597864011113,-0.048866951374083256,0.0023879789365970176,0,256,512,0,0.3370699577297446,1,512,768,,,1.4320370669537055,-0.08971644904827569,0.008049041229831848,iid_oic,-0.4553178163818279,0.20731431391471594,256,768,after,older256,2026108999,1.0102335052912788,"[0.5, 2.8328231247184835e-18, 0.15402105351246692, 7.032309830802624e-25, 8.291968089595848e-17, 3.0911798628088666e-25, 0.21480309003508657, 0.13117585645244653]",ar1_stationary
1.7252439255138845,2.629124120493683,-0.49555508815680827,0.245574845398102,0.0366414934434924,1.326248285187245,-0.04023727177498033,0.0016190380398936285,0,256,512,0,0.3370699577297446,1,512,768,,,1.4320370669537055,-0.07387293542023965,0.005457210587602897,hac,-0.4553178163818279,0.20731431391471594,256,768,after,older256,2026108999,1.0102335052912788,"[0.5, 2.8328231247184835e-18, 0.15402105351246692, 7.032309830802624e-25, 8.291968089595848e-17, 3.0911798628088666e-25, 0.21480309003508657, 0.13117585645244653]",ar1_stationary
1.7252439255138845,2.629124120493683,-0.4784472461465976,0.22891176734526297,0.021062482909303615,1.3712269252658849,-0.023129429764769727,0.0005349705212434158,256,256,512,0,0.3370699577297446,1,512,768,,,1.4320370669537055,-0.04246408357095022,0.0018031983935206442,chronological,-0.4553178163818279,0.20731431391471594,256,768,after,older256,2026108999,1.0102335052912788,"[0.5, 2.8328231247184835e-18, 0.15402105351246692, 7.032309830802624e-25, 8.291968089595848e-17, 3.0911798628088666e-25, 0.21480309003508657, 0.13117585645244653]",ar1_stationary
1.7252439255138845,2.629124120493683,-0.4883475551942922,0.23848333466424224,0.030078057103506715,1.3451977839482492,-0.03302973881246431,0.001090963646019611,240,256,512,16,0.3370699577297446,1,512,768,,,1.4320370669537055,-0.060640387745119484,0.0036772566258784375,blocked_holdout,-0.4553178163818279,0.20731431391471594,256,768,after,older256,2026108999,1.0102335052912788,"[0.5, 2.8328231247184835e-18, 0.15402105351246692, 7.032309830802624e-25, 8.291968089595848e-17, 3.0911798628088666e-25, 0.21480309003508657, 0.13117585645244653]",ar1_stationary
1.7252439255138845,2.629124120493683,-0.5035035299763959,0.2535158046986914,0.04387962778935766,1.3053508450790265,-0.048185713594567935,0.002321862994617729,0,256,512,0,0.3370699577297446,1,512,768,,,1.4320370669537055,-0.08846574212228431,0.007826187529246508,gaussian_iid,-0.4553178163818279,0.20731431391471594,256,768,after,older256,2026108999,1.0102335052912788,"[0.5, 2.8328231247184835e-18, 0.15402105351246692, 7.032309830802624e-25, 8.291968089595848e-17, 3.0911798628088666e-25, 0.21480309003508657, 0.13117585645244653]",ar1_stationary
1.7252439255138845,2.629124120493683,-0.5557884987719417,0.30890085536716866,0.0914921834325175,1.1678871724793976,-0.10047068239011372,0.010094358019935109,0,256,512,0,0.3370699577297446,1,512,768,,,1.4320370669537055,-0.18445744217795956,0.0340245479748353,ewma_gaussian,-0.4553178163818279,0.20731431391471594,256,768,after,older256,2026108999,1.0102335052912788,"[0.5, 2.8328231247184835e-18, 0.15402105351246692, 7.032309830802624e-25, 8.291968089595848e-17, 3.0911798628088666e-25, 0.21480309003508657, 0.13117585645244653]",ar1_stationary
1.7252439255138845,2.629124120493683,-0.06846376167575097,0.004687286662794027,-0.35228308689445426,2.449124393292235,0.3868540547060769,0.14965605964253237,0,256,512,0,0.3370699577297446,1,512,768,,,1.4320370669537055,0.7102381284739536,0.5044381991381842,ar_gaussian,-0.4553178163818279,0.20731431391471594,256,768,after,older256,2026108999,1.0102335052912788,"[0.5, 2.8328231247184835e-18, 0.15402105351246692, 7.032309830802624e-25, 8.291968089595848e-17, 3.0911798628088666e-25, 0.21480309003508657, 0.13117585645244653]",ar1_stationary
1.546401987261747,1.6005853147939155,0.10441438898123279,0.010902364626324186,-0.5387093592674842,1.7677094524504562,-0.46940594835599864,0.22034194435199447,0,64,576,0,0.232943655492317,1,512,576,-0.0006481506130000977,1.599547894440973,2.5190337200659787,-0.2982589163577547,0.08895838118690211,raw,0.5738203373372313,0.32926977954181386,512,576,before,full512,2026108999,1.2600994560213268,"[0.3668023823539771, 0.055298175069887864, 0.04882684218133545, 0.24849840812648166, 2.8606633597284744e-17, 0.04322535348700292, 0.09448151291570461, 0.14286732586561043]",markov_shift
1.546401987261747,1.6005853147939155,0.19040024515844567,0.036252253356396216,-0.4400284932718062,1.9053371511276849,-0.3834200921787857,0.14701096708638853,0,64,576,0,0.232943655492317,1,512,576,-0.0006481506130000977,1.599547894440973,2.5190337200659787,-0.24362380068585177,0.059352556260619624,iid_oic,0.5738203373372313,0.32926977954181386,512,576,before,full512,2026108999,1.2600994560213268,"[0.3668023823539771, 0.055298175069887864, 0.04882684218133545, 0.24849840812648166, 2.8606633597284744e-17, 0.04322535348700292, 0.09448151291570461, 0.14286732586561043]",markov_shift
1.546401987261747,1.6005853147939155,0.19019039104492452,0.036172384845821304,-0.4402693303882309,1.9050012617153338,-0.3836299462923069,0.14717193569223827,0,64,576,0,0.232943655492317,1,512,576,-0.0006481506130000977,1.599547894440973,2.5190337200659787,-0.24375714126389791,0.05941754391714788,hac,0.5738203373372313,0.32926977954181386,512,576,before,full512,2026108999,1.2600994560213268,"[0.3668023823539771, 0.055298175069887864, 0.04882684218133545, 0.24849840812648166, 2.8606633597284744e-17, 0.04322535348700292, 0.09448151291570461, 0.14286732586561043]",markov_shift
1.546401987261747,1.6005853147939155,0.16311403654234602,0.026606188917137792,-0.4713432561372949,1.8616632463203526,-0.4107063007948853,0.1686796655126188,0,64,576,0,0.232943655492317,1,512,576,-0.0006481506130000977,1.599547894440973,2.5190337200659787,-0.26096136328354036,0.06810083312680393,block_bootstrap,0.5738203373372313,0.32926977954181386,512,576,before,full512,2026108999,1.2600994560213268,"[0.3668023823539771, 0.055298175069887864, 0.04882684218133545, 0.24849840812648166, 2.8606633597284744e-17, 0.04322535348700292, 0.09448151291570461, 0.14286732586561043]",markov_shift
1.546401987261747,1.6005853147939155,0.02854020784251854,0.0008145434636941567,-0.6257856556998904,1.646266352347817,-0.5452801294947127,0.29733041962177065,0,64,576,0,0.232943655492317,1,512,576,-0.0006481506130000977,1.599547894440973,2.5190337200659787,-0.3464691086768391,0.12004084326732335,gaussian_iid,0.5738203373372313,0.32926977954181386,512,576,before,full512,2026108999,1.2600994560213268,"[0.3668023823539771, 0.055298175069887864, 0.04882684218133545, 0.24849840812648166, 2.8606633597284744e-17, 0.04322535348700292, 0.09448151291570461, 0.14286732586561043]",markov_shift
1.546401987261747,1.6005853147939155,-0.09521285477730246,0.009065487714843688,-0.7678097039779329,1.4481890176577594,-0.6690331921145338,0.4476054121509627,0,64,576,0,0.232943655492317,1,512,576,-0.0006481506130000977,1.599547894440973,2.5190337200659787,-0.4251013767216152,0.1807111804906126,ewma_gaussian,0.5738203373372313,0.32926977954181386,512,576,before,full512,2026108999,1.2600994560213268,"[0.3668023823539771, 0.055298175069887864, 0.04882684218133545, 0.24849840812648166, 2.8606633597284744e-17, 0.04322535348700292, 0.09448151291570461, 0.14286732586561043]",markov_shift
1.546401987261747,1.6005853147939155,0.022221515960662463,0.0004937957715899766,-0.6330372435142437,1.6361527469130106,-0.5515988213765688,0.30426125974401985,0,64,576,0,0.232943655492317,1,512,576,-0.0006481506130000977,1.599547894440973,2.5190337200659787,-0.3504839836482394,0.12283902279393935,ar_gaussian,0.5738203373372313,0.32926977954181386,512,576,before,full512,2026108999,1.2600994560213268,"[0.3668023823539771, 0.055298175069887864, 0.04882684218133545, 0.24849840812648166, 2.8606633597284744e-17, 0.04322535348700292, 0.09448151291570461, 0.14286732586561043]",markov_shift
1.588894515444558,1.6440597094691676,0.19024211834257665,0.03619206359147094,-0.42284896276320927,1.9568291112802632,-0.3744239304510825,0.14019327969443707,0,64,576,0,0.125,1,512,576,-0.0006378105163790914,1.643011110896913,2.5724044095959737,-0.23929958136418916,0.05726428964107619,raw,0.5646660487936592,0.3188477466602431,512,576,before,equal512,2026108999,1.3032229139598592,"[0.125, 0.125, 0.125, 0.125, 0.125, 0.125, 0.125, 0.125]",markov_shift
1.588894515444558,1.6440597094691676,0.1977465575996442,0.0391037010425094,-0.41437395863580845,1.9691668575049668,-0.3669194911940149,0.13462991301807478,0,64,576,0,0.125,1,512,576,-0.0006378105163790914,1.643011110896913,2.5724044095959737,-0.23450338906305657,0.054991839482059275,iid_oic,0.5646660487936592,0.3188477466602431,512,576,before,equal512,2026108999,1.3032229139598592,"[0.125, 0.125, 0.125, 0.125, 0.125, 0.125, 0.125, 0.125]",markov_shift
1.588894515444558,1.6440597094691676,0.2001073797807864,0.04004296344273189,-0.41170780636994864,1.9730481901342036,-0.3645586690128728,0.13290302315243735,0,64,576,0,0.125,1,512,576,-0.0006378105163790914,1.643011110896913,2.5724044095959737,-0.2329945545210389,0.05428646243645737,hac,0.5646660487936592,0.3188477466602431,512,576,before,equal512,2026108999,1.3032229139598592,"[0.125, 0.125, 0.125, 0.125, 0.125, 0.125, 0.125, 0.125]",markov_shift
1.588894515444558,1.6440597094691676,0.13131762570874006,0.01724431882178075,-0.48939428362864845,1.8599537270400597,-0.4333484230849191,0.18779085579018606,0,64,576,0,0.125,1,512,576,-0.0006378105163790914,1.643011110896913,2.5724044095959737,-0.27695905041144475,0.0767063156048092,block_bootstrap,0.5646660487936592,0.3188477466602431,512,576,before,equal512,2026108999,1.3032229139598592,"[0.125, 0.125, 0.125, 0.125, 0.125, 0.125, 0.125, 0.125]",markov_shift
1.588894515444558,1.6440597094691676,0.07955464317463834,0.006328941250644031,-0.5478518812712612,1.7748522930137869,-0.4851114056190208,0.2353330758616621,0,64,576,0,0.125,1,512,576,-0.0006378105163790914,1.643011110896913,2.5724044095959737,-0.3100414979880445,0.09612573047467059,gaussian_iid,0.5646660487936592,0.3188477466602431,512,576,before,equal512,2026108999,1.3032229139598592,"[0.125, 0.125, 0.125, 0.125, 0.125, 0.125, 0.125, 0.125]",markov_shift
1.588894515444558,1.6440597094691676,-0.07033602819234497,0.0049471568618743465,-0.717128227574908,1.5284230793940456,-0.6350020769860042,0.4032276377765392,0,64,576,0,0.125,1,512,576,-0.0006378105163790914,1.643011110896913,2.5724044095959737,-0.40583872672100485,0.16470507210652646,ewma_gaussian,0.5646660487936592,0.3188477466602431,512,576,before,equal512,2026108999,1.3032229139598592,"[0.125, 0.125, 0.125, 0.125, 0.125, 0.125, 0.125, 0.125]",markov_shift
1.588894515444558,1.6440597094691676,0.0630074396341429,0.003969937449250162,-0.5665391693548534,1.7476477023684727,-0.5016586091595163,0.25166136014386037,0,64,576,0,0.125,1,512,576,-0.0006378105163790914,1.643011110896913,2.5724044095959737,-0.3206170476737127,0.10279529125900776,ar_gaussian,0.5646660487936592,0.3188477466602431,512,576,before,equal512,2026108999,1.3032229139598592,"[0.125, 0.125, 0.125, 0.125, 0.125, 0.125, 0.125, 0.125]",markov_shift
1.587757222914071,1.6318912588865255,0.05492558399256531,0.0030168197769243465,-0.6783171596572141,1.7215238392932304,-0.5555576062513585,0.3086442538637395,0,64,320,0,0.3142257002835972,1,512,576,-0.0006895626178378298,1.630765967678021,2.6281334407427446,-0.3449633064268207,0.11899968278092461,raw,0.6104831902439238,0.3726897255703989,256,576,before,older256,2026108999,1.224713229582956,"[0.48920450922877307, 0.007694991261708185, 0.04316471679728653, 0.1929926338166296, -7.782006197887225e-23, 0.14077786244154758, -1.279537971609379e-23, 0.12616528645405506]",markov_shift
1.587757222914071,1.6318912588865255,0.15992342376369573,0.0255755014683026,-0.550118327272814,1.8928688962177063,-0.45055976648022805,0.20300410317071763,0,64,320,0,0.3142257002835972,1,512,576,-0.0006895626178378298,1.630765967678021,2.6281334407427446,-0.27976682352827675,0.07826947554710195,iid_oic,0.6104831902439238,0.3726897255703989,256,576,before,older256,2026108999,1.224713229582956,"[0.48920450922877307, 0.007694991261708185, 0.04316471679728653, 0.1929926338166296, -7.782006197887225e-23, 0.14077786244154758, -1.279537971609379e-23, 0.12616528645405506]",markov_shift
1.587757222914071,1.6318912588865255,0.16546895039171838,0.02737997354373696,-0.5433474256978983,1.9019185926478988,-0.4450142398522055,0.1980376736712363,0,64,320,0,0.3142257002835972,1,512,576,-0.0006895626178378298,1.630765967678021,2.6281334407427446,-0.2763234304760447,0.0763546382300495,hac,0.6104831902439238,0.3726897255703989,256,576,before,older256,2026108999,1.224713229582956,"[0.48920450922877307, 0.007694991261708185, 0.04316471679728653, 0.1929926338166296, -7.782006197887225e-23, 0.14077786244154758, -1.279537971609379e-23, 0.12616528645405506]",markov_shift
1.587757222914071,1.6318912588865255,0.20610316815176066,0.04247851592219293,-0.4937344119154644,1.9682292174222034,-0.4043800220921632,0.16352320226725842,256,64,320,0,0.3142257002835972,1,512,576,-0.0006895626178378298,1.630765967678021,2.6281334407427446,-0.25109235820767295,0.06304737235029034,chronological,0.6104831902439238,0.3726897255703989,256,576,before,older256,2026108999,1.224713229582956,"[0.48920450922877307, 0.007694991261708185, 0.04316471679728653, 0.1929926338166296, -7.782006197887225e-23, 0.14077786244154758, -1.279537971609379e-23, 0.12616528645405506]",markov_shift
1.587757222914071,1.6318912588865255,0.2361106923586076,0.05574825904606104,-0.45709623369722885,2.017198233876183,-0.3743724978853161,0.14015476717289102,240,64,320,16,0.3142257002835972,1,512,576,-0.0006895626178378298,1.630765967678021,2.6281334407427446,-0.23245973640284545,0.054037529048480394,blocked_holdout,0.6104831902439238,0.3726897255703989,256,576,before,older256,2026108999,1.224713229582956,"[0.48920450922877307, 0.007694991261708185, 0.04316471679728653, 0.1929926338166296, -7.782006197887225e-23, 0.14077786244154758, -1.279537971609379e-23, 0.12616528645405506]",markov_shift
1.587757222914071,1.6318912588865255,0.04933879659899709,0.002434316849837207,-0.6851384392396941,1.7124068097804093,-0.5611443936449266,0.31488303051913236,0,64,320,0,0.3142257002835972,1,512,576,-0.0006895626178378298,1.630765967678021,2.6281334407427446,-0.34843231959467746,0.12140508133812745,gaussian_iid,0.6104831902439238,0.3726897255703989,256,576,before,older256,2026108999,1.224713229582956,"[0.48920450922877307, 0.007694991261708185, 0.04316471679728653, 0.1929926338166296, -7.782006197887225e-23, 0.14077786244154758, -1.279537971609379e-23, 0.12616528645405506]",markov_shift
1.587757222914071,1.6318912588865255,-0.078119183004698,0.006102606753321497,-0.8407603472607116,1.504409246989802,-0.6886023732486217,0.47417322844363413,0,64,320,0,0.3142257002835972,1,512,576,-0.0006895626178378298,1.630765967678021,2.6281334407427446,-0.4275750143932431,0.18282039293338204,ewma_gaussian,0.6104831902439238,0.3726897255703989,256,576,before,older256,2026108999,1.224713229582956,"[0.48920450922877307, 0.007694991261708185, 0.04316471679728653, 0.1929926338166296, -7.782006197887225e-23, 0.14077786244154758, -1.279537971609379e-23, 0.12616528645405506]",markov_shift
1.587757222914071,1.6318912588865255,0.045400382471868284,0.0020611947285919248,-0.6899471104813568,1.7059797461924724,-0.5650828077720556,0.3193185796395499,0,64,320,0,0.3142257002835972,1,512,576,-0.0006895626178378298,1.630765967678021,2.6281334407427446,-0.35087780561464166,0.12311523447294626,ar_gaussian,0.6104831902439238,0.3726897255703989,256,576,before,older256,2026108999,1.224713229582956,"[0.48920450922877307, 0.007694991261708185, 0.04316471679728653, 0.1929926338166296, -7.782006197887225e-23, 0.14077786244154758, -1.279537971609379e-23, 0.12616528645405506]",markov_shift
1.5217030941297613,1.6694072296170717,0.23692866660369605,0.05613519305860536,-0.1610703681103531,2.0649376585488146,-0.18905636896033773,0.035742310644467354,0,0,512,0,0.24835479869107552,1,512,512,-0.007223490780238378,1.6573482818854695,2.380549727696355,-0.13257949013858927,0.01757732120540829,raw,0.4259850355640337,0.18146325052449108,512,512,before,full512,2026108999,1.4604645226286983,"[0.3911506125305073, 0.17857198855605214, 1.3369986702439449e-16, 0.2007129997173986, 2.0911849429791106e-24, 0.026358628838808407, 0.07126096872493344, 0.13194480163230077]",markov_shift
1.5217030941297613,1.6694072296170717,0.30384285732115046,0.092320481945081,-0.10406148028532639,2.1766446922965086,-0.12214217824288331,0.014918711705916278,0,0,512,0,0.24835479869107552,1,512,512,-0.007223490780238378,1.6573482818854695,2.380549727696355,-0.08565460029148986,0.007336710551094894,iid_oic,0.4259850355640337,0.18146325052449108,512,512,before,full512,2026108999,1.4604645226286983,"[0.3911506125305073, 0.17857198855605214, 1.3369986702439449e-16, 0.2007129997173986, 2.0911849429791106e-24, 0.026358628838808407, 0.07126096872493344, 0.13194480163230077]",markov_shift
1.5217030941297613,1.6694072296170717,0.3057895788434024,0.09350726652922542,-0.1024029318115468,2.1798945632798072,-0.1201954567206313,0.014446947816281152,0,0,512,0,0.24835479869107552,1,512,512,-0.007223490780238378,1.6573482818854695,2.380549727696355,-0.08428942360751301,0.007104706932086772,hac,0.4259850355640337,0.18146325052449108,512,512,before,full512,2026108999,1.4604645226286983,"[0.3911506125305073, 0.17857198855605214, 1.3369986702439449e-16, 0.2007129997173986, 2.0911849429791106e-24, 0.026358628838808407, 0.07126096872493344, 0.13194480163230077]",markov_shift
1.5217030941297613,1.6694072296170717,0.33009785942566583,0.10896459679740664,-0.08169300427487483,2.220474982623398,-0.0958871761383679,0.009194350547790392,0,0,512,0,0.24835479869107552,1,512,512,-0.007223490780238378,1.6573482818854695,2.380549727696355,-0.0672427646482564,0.004521589397540801,block_bootstrap,0.4259850355640337,0.18146325052449108,512,512,before,full512,2026108999,1.4604645226286983,"[0.3911506125305073, 0.17857198855605214, 1.3369986702439449e-16, 0.2007129997173986, 2.0911849429791106e-24, 0.026358628838808407, 0.07126096872493344, 0.13194480163230077]",markov_shift
1.5217030941297613,1.6694072296170717,0.06644731711257612,0.004415245951459252,-0.3063153755623114,1.7803348611934644,-0.3595377184514576,0.1292673709892796,0,0,512,0,0.24835479869107552,1,512,512,-0.007223490780238378,1.6573482818854695,2.380549727696355,-0.2521328832242943,0.06357099080299562,gaussian_iid,0.4259850355640337,0.18146325052449108,512,512,before,full512,2026108999,1.4604645226286983,"[0.3911506125305073, 0.17857198855605214, 1.3369986702439449e-16, 0.2007129997173986, 2.0911849429791106e-24, 0.026358628838808407, 0.07126096872493344, 0.13194480163230077]",markov_shift
1.5217030941297613,1.6694072296170717,0.06932573998957414,0.00480605822510204,-0.30386304541905884,1.78514012115422,-0.3566592955744597,0.1272058531196698,0,0,512,0,0.24835479869107552,1,512,512,-0.007223490780238378,1.6573482818854695,2.380549727696355,-0.2501143326748775,0.06255717940939928,ewma_gaussian,0.4259850355640337,0.18146325052449108,512,512,before,full512,2026108999,1.4604645226286983,"[0.3911506125305073, 0.17857198855605214, 1.3369986702439449e-16, 0.2007129997173986, 2.0911849429791106e-24, 0.026358628838808407, 0.07126096872493344, 0.13194480163230077]",markov_shift
1.5217030941297613,1.6694072296170717,0.0646947438666936,0.00418540988397709,-0.30780851551526317,1.7774091027463546,-0.3612902916973402,0.13053067487474918,0,0,512,0,0.24835479869107552,1,512,512,-0.007223490780238378,1.6573482818854695,2.380549727696355,-0.2533619096181017,0.06419225724533112,ar_gaussian,0.4259850355640337,0.18146325052449108,512,512,before,full512,2026108999,1.4604645226286983,"[0.3911506125305073, 0.17857198855605214, 1.3369986702439449e-16, 0.2007129997173986, 2.0911849429791106e-24, 0.026358628838808407, 0.07126096872493344, 0.13194480163230077]",markov_shift
1.6049926521288786,1.7251334691886746,0.34492577658698176,0.11897379135413245,-0.09549995229157272,2.320176470764772,-0.10591351872463176,0.011217673448632922,0,0,512,0,0.125,1,512,512,-0.007644948111241963,1.7119449133317604,2.5028914267561757,-0.07300155094150762,0.005329226439865532,raw,0.4508392953116135,0.20325607019707223,512,512,before,equal512,2026108999,1.482495932692071,"[0.125, 0.125, 0.125, 0.125, 0.125, 0.125, 0.125, 0.125]",markov_shift
1.6049926521288786,1.7251334691886746,0.355784131359,0.12658234812687816,-0.08570920626425224,2.3389085820023054,-0.09505516395261343,0.009035484194058219,0,0,512,0,0.125,1,512,512,-0.007644948111241963,1.7119449133317604,2.5028914267561757,-0.06551736243964723,0.0042925247810480975,iid_oic,0.4508392953116135,0.20325607019707223,512,512,before,equal512,2026108999,1.482495932692071,"[0.125, 0.125, 0.125, 0.125, 0.125, 0.125, 0.125, 0.125]",markov_shift
1.6049926521288786,1.7251334691886746,0.3705580311398837,0.13731325444226702,-0.07238789713181615,2.3643955309847473,-0.08028126417172964,0.0064450813770110405,0,0,512,0,0.125,1,512,512,-0.007644948111241963,1.7119449133317604,2.5028914267561757,-0.05533436020871407,0.0030618914197077193,hac,0.4508392953116135,0.20325607019707223,512,512,before,equal512,2026108999,1.482495932692071,"[0.125, 0.125, 0.125, 0.125, 0.125, 0.125, 0.125, 0.125]",markov_shift
1.6049926521288786,1.7251334691886746,0.3343013718578889,0.1117574072260665,-0.10507975057391186,2.3018479545764077,-0.11653792345372455,0.013581087602906161,0,0,512,0,0.125,1,512,512,-0.007644948111241963,1.7119449133317604,2.5028914267561757,-0.08032448792248514,0.006452023360009462,block_bootstrap,0.4508392953116135,0.20325607019707223,512,512,before,equal512,2026108999,1.482495932692071,"[0.125, 0.125, 0.125, 0.125, 0.125, 0.125, 0.125, 0.125]",markov_shift
1.6049926521288786,1.7251334691886746,0.12272568620008562,0.015061594053281885,-0.2958530166279829,1.9368516579815889,-0.3281136091115279,0.10765854048419254,0,0,512,0,0.125,1,512,512,-0.007644948111241963,1.7119449133317604,2.5028914267561757,-0.2261543440213033,0.051145787319706,gaussian_iid,0.4508392953116135,0.20325607019707223,512,512,before,equal512,2026108999,1.482495932692071,"[0.125, 0.125, 0.125, 0.125, 0.125, 0.125, 0.125, 0.125]",markov_shift
1.6049926521288786,1.7251334691886746,0.07489998512253249,0.005610007771355588,-0.33897642737115874,1.854345940365289,-0.37593931018908106,0.1413303649454421,0,0,512,0,0.125,1,512,512,-0.007644948111241963,1.7119449133317604,2.5028914267561757,-0.25911850568421235,0.06714239998801919,ewma_gaussian,0.4508392953116135,0.20325607019707223,512,512,before,equal512,2026108999,1.482495932692071,"[0.125, 0.125, 0.125, 0.125, 0.125, 0.125, 0.125, 0.125]",markov_shift
1.6049926521288786,1.7251334691886746,0.1317069341086885,0.017346716492310413,-0.28775481767171607,1.9523455093438005,-0.31913236120292504,0.10184546396695422,0,0,512,0,0.125,1,512,512,-0.007644948111241963,1.7119449133317604,2.5028914267561757,-0.2199639630896414,0.04838414505810112,ar_gaussian,0.4508392953116135,0.20325607019707223,512,512,before,equal512,2026108999,1.482495932692071,"[0.125, 0.125, 0.125, 0.125, 0.125, 0.125, 0.125, 0.125]",markov_shift
1.5156830776873462,1.6910098716180473,0.29863484193386847,0.0891827688168666,-0.08310284801696692,2.196004337337314,-0.10336244806243684,0.010683795669459954,0,0,256,0,0.32901570477773356,1,512,512,-0.006816727057381924,1.6794827188718886,2.3707912573655023,-0.07372514112542206,0.0054353964339633985,raw,0.40199728999630524,0.16160182116437352,256,512,before,older256,2026108999,1.5002666153925115,"[0.49999999999999994, 0.22079915958469953, -1.729937274143482e-24, 0.13950176988808685, 2.565030835981306e-19, 0.024317795009152286, 0.015530718532822679, 0.09985055698523873]",markov_shift
1.5156830776873462,1.6910098716180473,0.37745348031996406,0.1424711298056535,-0.019733089952148553,2.3292874329156947,-0.02454380967634125,0.0006023985934284624,0,0,256,0,0.32901570477773356,1,512,512,-0.006816727057381924,1.6794827188718886,2.3707912573655023,-0.017506317488249823,0.00030647115199940156,iid_oic,0.40199728999630524,0.16160182116437352,256,512,before,older256,2026108999,1.5002666153925115,"[0.49999999999999994, 0.22079915958469953, -1.729937274143482e-24, 0.13950176988808685, 2.565030835981306e-19, 0.024317795009152286, 0.015530718532822679, 0.09985055698523873]",markov_shift
1.5156830776873462,1.6910098716180473,0.3845505372948723,0.147879115733775,-0.014027094610423431,2.3412886263197006,-0.01744675270143283,0.00030438917982495377,0,0,256,0,0.32901570477773356,1,512,512,-0.006816727057381924,1.6794827188718886,2.3707912573655023,-0.012444212856844272,0.0001548584336264483,hac,0.40199728999630524,0.16160182116437352,256,512,before,older256,2026108999,1.5002666153925115,"[0.49999999999999994, 0.22079915958469953, -1.729937274143482e-24, 0.13950176988808685, 2.565030835981306e-19, 0.024317795009152286, 0.015530718532822679, 0.09985055698523873]",markov_shift
1.5156830776873462,1.6910098716180473,0.20637652950889462,0.04259127193213565,-0.15727803116591085,2.039994620287861,-0.19562076048741073,0.038267481933672916,256,0,256,0,0.32901570477773356,1,512,512,-0.006816727057381924,1.6794827188718886,2.3707912573655023,-0.13953005607302293,0.019468636547740923,chronological,0.40199728999630524,0.16160182116437352,256,512,before,older256,2026108999,1.5002666153925115,"[0.49999999999999994, 0.22079915958469953, -1.729937274143482e-24, 0.13950176988808685, 2.565030835981306e-19, 0.024317795009152286, 0.015530718532822679, 0.09985055698523873]",markov_shift
1.5156830776873462,1.6910098716180473,0.22708440791440343,0.05156732831783517,-0.1406290091647357,2.075011847091843,-0.17491288208190187,0.030594516318197307,240,0,256,16,0.32901570477773356,1,512,512,-0.006816727057381924,1.6794827188718886,2.3707912573655023,-0.12475978614934613,0.015565004240030579,blocked_holdout,0.40199728999630524,0.16160182116437352,256,512,before,older256,2026108999,1.5002666153925115,"[0.49999999999999994, 0.22079915958469953, -1.729937274143482e-24, 0.13950176988808685, 2.565030835981306e-19, 0.024317795009152286, 0.015530718532822679, 0.09985055698523873]",markov_shift
1.5156830776873462,1.6910098716180473,0.06781175975852416,0.004598434761547796,-0.2686833550231326,1.805680226781503,-0.3341855302377811,0.1116799686203069,0,0,256,0,0.32901570477773356,1,512,512,-0.006816727057381924,1.6794827188718886,2.3707912573655023,-0.2383638917295352,0.05681734488044958,gaussian_iid,0.40199728999630524,0.16160182116437352,256,512,before,older256,2026108999,1.5002666153925115,"[0.49999999999999994, 0.22079915958469953, -1.729937274143482e-24, 0.13950176988808685, 2.565030835981306e-19, 0.024317795009152286, 0.015530718532822679, 0.09985055698523873]",markov_shift
1.5156830776873462,1.6910098716180473,0.041420714853377616,0.001715675618964817,-0.28990161208721205,1.7610527093245851,-0.3605765751429276,0.13001546654180332,0,0,256,0,0.32901570477773356,1,512,512,-0.006816727057381924,1.6794827188718886,2.3707912573655023,-0.25718778325447256,0.06614555585534955,ewma_gaussian,0.40199728999630524,0.16160182116437352,256,512,before,older256,2026108999,1.5002666153925115,"[0.49999999999999994, 0.22079915958469953, -1.729937274143482e-24, 0.13950176988808685, 2.565030835981306e-19, 0.024317795009152286, 0.015530718532822679, 0.09985055698523873]",markov_shift
1.5156830776873462,1.6910098716180473,0.05747327675714131,0.0033031775412029596,-0.2769954393215901,1.7881977499686095,-0.3445240132391638,0.11869679569841952,0,0,256,0,0.32901570477773356,1,512,512,-0.006816727057381924,1.6794827188718886,2.3707912573655023,-0.24573800227536235,0.06038716576228599,ar_gaussian,0.40199728999630524,0.16160182116437352,256,512,before,older256,2026108999,1.5002666153925115,"[0.49999999999999994, 0.22079915958469953, -1.729937274143482e-24, 0.13950176988808685, 2.565030835981306e-19, 0.024317795009152286, 0.015530718532822679, 0.09985055698523873]",markov_shift
1.0872256439440986,1.1782694321927625,0.15070122465134905,0.022710859111416376,-0.003076182528438197,1.3558360785934616,-0.009595288352776059,9.20695585729199e-05,0,384,896,0,0.30396133569764694,1,512,896,,,1.3671419135526128,-0.008269686451037317,6.838771399847018e-05,raw,0.1602965130041252,0.02569497208128168,512,896,after,full512,2026108999,1.0469164017421932,"[0.4786135532579427, 0.2174784954025714, 0.07994200887836252, 0.04429072049707441, 0.04555502234236903, -1.5888556577377621e-23, 0.1309809087596307, 0.0031392908620491676]",ar1_stationary
1.0872256439440986,1.1782694321927625,0.20302817517201754,0.04122043991367944,0.013699472880766905,1.4174913248718284,0.04273166216789242,0.0018259949516308883,0,384,896,0,0.30396133569764694,1,512,896,,,1.3671419135526128,0.03682822596549551,0.0013563182277655976,iid_oic,0.1602965130041252,0.02569497208128168,512,896,after,full512,2026108999,1.0469164017421932,"[0.4786135532579427, 0.2174784954025714, 0.07994200887836252, 0.04429072049707441, 0.04555502234236903, -1.5888556577377621e-23, 0.1309809087596307, 0.0031392908620491676]",ar1_stationary
1.0872256439440986,1.1782694321927625,0.23545515135642958,0.05543912830027916,0.024095335300025028,1.4556990396883638,0.07515863835230445,0.005648820918972489,0,384,896,0,0.30396133569764694,1,512,896,,,1.3671419135526128,0.06477537207942752,0.004195848828028278,hac,0.1602965130041252,0.02569497208128168,512,896,after,full512,2026108999,1.0469164017421932,"[0.4786135532579427, 0.2174784954025714, 0.07994200887836252, 0.04429072049707441, 0.04555502234236903, -1.5888556577377621e-23, 0.1309809087596307, 0.0031392908620491676]",ar1_stationary
1.0872256439440986,1.1782694321927625,0.19756043478465224,0.03903012539230083,0.011946553444553904,1.41104885351023,0.03726392178052701,0.0013885998664652352,0,384,896,0,0.30396133569764694,1,512,896,,,1.3671419135526128,0.03211586121554988,0.001031428541616461,block_bootstrap,0.1602965130041252,0.02569497208128168,512,896,after,full512,2026108999,1.0469164017421932,"[0.4786135532579427, 0.2174784954025714, 0.07994200887836252, 0.04429072049707441, 0.04555502234236903, -1.5888556577377621e-23, 0.1309809087596307, 0.0031392908620491676]",ar1_stationary
1.0872256439440986,1.1782694321927625,0.14923209934423842,0.022270219474688647,-0.0035471738562301144,1.3541050531520322,-0.011064413659886752,0.00012242124963708853,0,384,896,0,0.30396133569764694,1,512,896,,,1.3671419135526128,-0.009535850134755552,9.093243779251749e-05,gaussian_iid,0.1602965130041252,0.02569497208128168,512,896,after,full512,2026108999,1.0469164017421932,"[0.4786135532579427, 0.2174784954025714, 0.07994200887836252, 0.04429072049707441, 0.04555502234236903, -1.5888556577377621e-23, 0.1309809087596307, 0.0031392908620491676]",ar1_stationary
1.0872256439440986,1.1782694321927625,-0.07763920567829996,0.006027846258357365,-0.07628053204784647,1.086789529402295,-0.23793571868242513,0.056613406224922155,0,384,896,0,0.30396133569764694,1,512,896,,,1.3671419135526128,-0.20506458135118022,0.04205148252473481,ewma_gaussian,0.1602965130041252,0.02569497208128168,512,896,after,full512,2026108999,1.0469164017421932,"[0.4786135532579427, 0.2174784954025714, 0.07994200887836252, 0.04429072049707441, 0.04555502234236903, -1.5888556577377621e-23, 0.1309809087596307, 0.0031392908620491676]",ar1_stationary
1.0872256439440986,1.1782694321927625,0.006466950177856923,4.182144460288368e-05,-0.04931668503599963,1.1858892419068447,-0.15382956282626833,0.023663534399320837,0,384,896,0,0.30396133569764694,1,512,896,,,1.3671419135526128,-0.1325778032616749,0.017576873917691374,ar_gaussian,0.1602965130041252,0.02569497208128168,512,896,after,full512,2026108999,1.0469164017421932,"[0.4786135532579427, 0.2174784954025714, 0.07994200887836252, 0.04429072049707441, 0.04555502234236903, -1.5888556577377621e-23, 0.1309809087596307, 0.0031392908620491676]",ar1_stationary
1.039611816031882,1.2691113719639402,0.20847067158937582,0.04346002091292539,0.01797190732644085,1.533683871998977,0.06088730740802513,0.0037072642033993517,0,384,896,0,0.125,1,512,896,,,1.456411097759188,0.053056979831230144,0.0028150431088115623,raw,0.14758336418135068,0.021780849383085183,512,896,after,equal512,2026108999,1.222911121078813,"[0.125, 0.125, 0.125, 0.125, 0.125, 0.125, 0.125, 0.125]",ar1_stationary
1.039611816031882,1.2691113719639402,0.21543608602076691,0.04641270715994728,0.020027865915844885,1.542523758664297,0.06785272183941617,0.004603991861017184,0,384,896,0,0.125,1,512,896,,,1.456411097759188,0.059126616816914224,0.003495956816214204,iid_oic,0.14758336418135068,0.021780849383085183,512,896,after,equal512,2026108999,1.222911121078813,"[0.125, 0.125, 0.125, 0.125, 0.125, 0.125, 0.125, 0.125]",ar1_stationary
1.039611816031882,1.2691113719639402,0.22499709983750815,0.05062369493528961,0.022849959083962968,1.5546577500266276,0.07741373565615736,0.005992886468241409,0,384,896,0,0.125,1,512,896,,,1.456411097759188,0.06745804973513359,0.004550588474067756,hac,0.14758336418135068,0.021780849383085183,512,896,after,equal512,2026108999,1.222911121078813,"[0.125, 0.125, 0.125, 0.125, 0.125, 0.125, 0.125, 0.125]",ar1_stationary
1.039611816031882,1.2691113719639402,0.27671440609381204,0.07657086253985113,0.03811518717136809,1.6202927715238449,0.12913104191246136,0.01667482598539785,0,384,896,0,0.125,1,512,896,,,1.456411097759188,0.11252432367262433,0.012661723417981524,block_bootstrap,0.14758336418135068,0.021780849383085183,512,896,after,equal512,2026108999,1.222911121078813,"[0.125, 0.125, 0.125, 0.125, 0.125, 0.125, 0.125, 0.125]",ar1_stationary
1.039611816031882,1.2691113719639402,0.20382844429323055,0.04154603470299859,0.01660167628312163,1.5277923685461976,0.0562450801118799,0.0031635090367917876,0,384,896,0,0.125,1,512,896,,,1.456411097759188,0.04901175972693128,0.002402152591530443,gaussian_iid,0.14758336418135068,0.021780849383085183,512,896,after,equal512,2026108999,1.222911121078813,"[0.125, 0.125, 0.125, 0.125, 0.125, 0.125, 0.125, 0.125]",ar1_stationary
1.039611816031882,1.2691113719639402,-0.003959614174047554,1.5678544407318296e-05,-0.044730445127502544,1.264086180587067,-0.15154297835539818,0.02296527428882468,0,384,896,0,0.125,1,512,896,,,1.456411097759188,-0.1320540041668381,0.017438260016495295,ewma_gaussian,0.14758336418135068,0.021780849383085183,512,896,after,equal512,2026108999,1.222911121078813,"[0.125, 0.125, 0.125, 0.125, 0.125, 0.125, 0.125, 0.125]",ar1_stationary
1.039611816031882,1.2691113719639402,0.003924648204972181,1.540286353279136e-05,-0.04240327319553417,1.2740921876318283,-0.14365871597637847,0.02063782667598178,0,384,896,0,0.125,1,512,896,,,1.456411097759188,-0.1251836863972492,0.015670955340004834,ar_gaussian,0.14758336418135068,0.021780849383085183,512,896,after,equal512,2026108999,1.222911121078813,"[0.125, 0.125, 0.125, 0.125, 0.125, 0.125, 0.125, 0.125]",ar1_stationary
1.0961914695053248,1.161079636390223,-0.016839472109056786,0.0002835678209117014,-0.09478244484607332,1.141527668236836,-0.22627775031671837,0.051201620288395144,0,384,640,0,0.327617669043476,1,512,896,,,1.404254156297769,-0.1870932600645424,0.0350038879615785,raw,0.20943827820766164,0.04386439237858988,256,896,after,older256,2026108999,0.9530964549333866,"[0.5, 0.2158029671874621, 1.0250451243958784e-16, 0.15432874345041964, 0.01101045045385972, -1.5126742455779716e-24, 0.06414932131255346, 0.05470851759570498]",ar1_stationary
1.0961914695053248,1.161079636390223,0.033192727607740835,0.0011017571660416807,-0.07382512931881742,1.1996190364918184,-0.17624555059992075,0.031062494106269226,0,384,640,0,0.327617669043476,1,512,896,,,1.404254156297769,-0.14572513023244926,0.021235813581264296,iid_oic,0.20943827820766164,0.04386439237858988,256,896,after,older256,2026108999,0.9530964549333866,"[0.5, 0.2158029671874621, 1.0250451243958784e-16, 0.15432874345041964, 0.01101045045385972, -1.5126742455779716e-24, 0.06414932131255346, 0.05470851759570498]",ar1_stationary
1.0961914695053248,1.161079636390223,0.048148722858026405,0.0023182995128590345,-0.06756041353061394,1.2169841380188737,-0.16128955534963535,0.026014320664883087,0,384,640,0,0.327617669043476,1,512,896,,,1.404254156297769,-0.13335906284416588,0.017784639642674183,hac,0.20943827820766164,0.04386439237858988,256,896,after,older256,2026108999,0.9530964549333866,"[0.5, 0.2158029671874621, 1.0250451243958784e-16, 0.15432874345041964, 0.01101045045385972, -1.5126742455779716e-24, 0.06414932131255346, 0.05470851759570498]",ar1_stationary
1.0961914695053248,1.161079636390223,0.42654997245380266,0.18194487900033982,0.09094299884332008,1.6563381233091437,0.21711169424614093,0.047137487778429785,256,384,640,0,0.327617669043476,1,512,896,,,1.404254156297769,0.17951448879879317,0.032225451688692036,chronological,0.20943827820766164,0.04386439237858988,256,896,after,older256,2026108999,0.9530964549333866,"[0.5, 0.2158029671874621, 1.0250451243958784e-16, 0.15432874345041964, 0.01101045045385972, -1.5126742455779716e-24, 0.06414932131255346, 0.05470851759570498]",ar1_stationary
1.0961914695053248,1.161079636390223,0.45942911664939756,0.21107511322524575,0.10471530154185377,1.6945134280965868,0.24999083844173592,0.06249541930480211,240,384,640,16,0.327617669043476,1,512,896,,,1.404254156297769,0.20669995562916377,0.04272487165709827,blocked_holdout,0.20943827820766164,0.04386439237858988,256,896,after,older256,2026108999,0.9530964549333866,"[0.5, 0.2158029671874621, 1.0250451243958784e-16, 0.15432874345041964, 0.01101045045385972, -1.5126742455779716e-24, 0.06414932131255346, 0.05470851759570498]",ar1_stationary
1.0961914695053248,1.161079636390223,0.21489724203282945,0.04618082463331648,0.002286631968682154,1.4105924480309624,0.005458963825167908,2.9800286044491837e-05,0,384,640,0,0.327617669043476,1,512,896,,,1.404254156297769,0.004513635729520571,2.0372907498804697e-05,gaussian_iid,0.20943827820766164,0.04386439237858988,256,896,after,older256,2026108999,0.9530964549333866,"[0.5, 0.2158029671874621, 1.0250451243958784e-16, 0.15432874345041964, 0.01101045045385972, -1.5126742455779716e-24, 0.06414932131255346, 0.05470851759570498]",ar1_stationary
1.0961914695053248,1.161079636390223,-0.08869513741875534,0.007866827401731894,-0.12488109848993188,1.0580975184864736,-0.298133415626417,0.08888353351307389,0,384,640,0,0.327617669043476,1,512,896,,,1.404254156297769,-0.2465056886311211,0.06076505452750323,ewma_gaussian,0.20943827820766164,0.04386439237858988,256,896,after,older256,2026108999,0.9530964549333866,"[0.5, 0.2158029671874621, 1.0250451243958784e-16, 0.15432874345041964, 0.01101045045385972, -1.5126742455779716e-24, 0.06414932131255346, 0.05470851759570498]",ar1_stationary
1.0961914695053248,1.161079636390223,0.01077786896952948,0.00011616245952434646,-0.0832141881177277,1.1735936005744256,-0.19866040923813222,0.039465958198662165,0,384,640,0,0.327617669043476,1,512,896,,,1.404254156297769,-0.1642584105511683,0.026980825436796158,ar_gaussian,0.20943827820766164,0.04386439237858988,256,896,after,older256,2026108999,0.9530964549333866,"[0.5, 0.2158029671874621, 1.0250451243958784e-16, 0.15432874345041964, 0.01101045045385972, -1.5126742455779716e-24, 0.06414932131255346, 0.05470851759570498]",ar1_stationary
1.541670904137925,1.6160005275754599,0.21586328458369386,0.0465969576312608,-0.2784002307603778,1.964835709346881,-0.2804616568110136,0.07865874094117876,0,320,832,0,0.19820570546254873,1,512,832,-0.01879081992903528,1.5856345526565634,2.4180618947181665,-0.18743365765834152,0.03513137602318437,raw,0.49632494139470756,0.2463384474504599,512,832,after,full512,2026108998,1.3137681908887833,"[0.2991642787990657, 0.18685275865991421, 4.8418170738365995e-17, 0.07718393929176645, 0.014712879631110076, 0.08319131071442727, 0.12899368386804352, 0.20990114903567275]",markov_stationary
1.541670904137925,1.6160005275754599,0.300757943394806,0.09045534051507333,-0.19412955764207995,2.102025522773977,-0.19556699799990146,0.03824645070669346,0,320,832,0,0.19820570546254873,1,512,832,-0.01879081992903528,1.5856345526565634,2.4180618947181665,-0.13069821439828144,0.017082023246899142,iid_oic,0.49632494139470756,0.2463384474504599,512,832,after,full512,2026108998,1.3137681908887833,"[0.2991642787990657, 0.18685275865991421, 4.8418170738365995e-17, 0.07718393929176645, 0.014712879631110076, 0.08319131071442727, 0.12899368386804352, 0.20990114903567275]",markov_stationary
1.541670904137925,1.6160005275754599,0.306341855563977,0.09384533247038053,-0.18858668788184604,2.111049127785292,-0.1899830858307305,0.036093572901766714,0,320,832,0,0.19820570546254873,1,512,832,-0.01879081992903528,1.5856345526565634,2.4180618947181665,-0.12696646334963146,0.01612048281551331,hac,0.49632494139470756,0.2463384474504599,512,832,after,full512,2026108998,1.3137681908887833,"[0.2991642787990657, 0.18685275865991421, 4.8418170738365995e-17, 0.07718393929176645, 0.014712879631110076, 0.08319131071442727, 0.12899368386804352, 0.20990114903567275]",markov_stationary
1.541670904137925,1.6160005275754599,0.33550624218112457,0.11256443854249941,-0.15963666292470943,2.158178791945017,-0.16081869921358305,0.025862654016748896,0,320,832,0,0.19820570546254873,1,512,832,-0.01879081992903528,1.5856345526565634,2.4180618947181665,-0.10747578601723085,0.011551044580021593,block_bootstrap,0.49632494139470756,0.2463384474504599,512,832,after,full512,2026108998,1.3137681908887833,"[0.2991642787990657, 0.18685275865991421, 4.8418170738365995e-17, 0.07718393929176645, 0.014712879631110076, 0.08319131071442727, 0.12899368386804352, 0.20990114903567275]",markov_stationary
1.541670904137925,1.6160005275754599,0.22042031751595648,0.04858511637383507,-0.2738766925542999,1.9721998769695959,-0.2759046238787511,0.07612336147767511,0,320,832,0,0.19820570546254873,1,512,832,-0.01879081992903528,1.5856345526565634,2.4180618947181665,-0.1843881741499166,0.03399899876633997,gaussian_iid,0.49632494139470756,0.2463384474504599,512,832,after,full512,2026108998,1.3137681908887833,"[0.2991642787990657, 0.18685275865991421, 4.8418170738365995e-17, 0.07718393929176645, 0.014712879631110076, 0.08319131071442727, 0.12899368386804352, 0.20990114903567275]",markov_stationary
1.541670904137925,1.6160005275754599,0.005382151277305791,2.896755237180436e-05,-0.48733430306634723,1.624698086879077,-0.4909427901174017,0.24102482316825916,0,320,832,0,0.19820570546254873,1,512,832,-0.01879081992903528,1.5856345526565634,2.4180618947181665,-0.3280990489003007,0.10764898588928193,ewma_gaussian,0.49632494139470756,0.2463384474504599,512,832,after,full512,2026108998,1.3137681908887833,"[0.2991642787990657, 0.18685275865991421, 4.8418170738365995e-17, 0.07718393929176645, 0.014712879631110076, 0.08319131071442727, 0.12899368386804352, 0.20990114903567275]",markov_stationary
1.541670904137925,1.6160005275754599,0.2282168331690324,0.05208292294170197,-0.26613748220510824,1.984799050378217,-0.26810810822567516,0.07188195769635035,0,320,832,0,0.19820570546254873,1,512,832,-0.01879081992903528,1.5856345526565634,2.4180618947181665,-0.17917773125921077,0.03210465937919796,ar_gaussian,0.49632494139470756,0.2463384474504599,512,832,after,full512,2026108998,1.3137681908887833,"[0.2991642787990657, 0.18685275865991421, 4.8418170738365995e-17, 0.07718393929176645, 0.014712879631110076, 0.08319131071442727, 0.12899368386804352, 0.20990114903567275]",markov_stationary
1.625404183352304,1.7099079670350155,0.2284509541980615,0.05218983847400479,-0.23434304235256762,2.100538073695032,-0.24663319439825365,0.06082793257908678,0,320,832,0,0.125,1,512,832,-0.017986645326197644,1.679152458891517,2.5222581377319018,-0.16719940664602018,0.027955641582781215,raw,0.4750841485963151,0.2257049482474856,512,832,after,equal512,2026108998,1.4131660042393683,"[0.125, 0.125, 0.125, 0.125, 0.125, 0.125, 0.125, 0.125]",markov_stationary
1.625404183352304,1.7099079670350155,0.23774869320336633,0.05652444111990841,-0.22550862551415563,2.116436351695615,-0.2373354553929488,0.0563281183865784,0,320,832,0,0.125,1,512,832,-0.017986645326197644,1.679152458891517,2.5222581377319018,-0.1608962143744792,0.02588759180003837,iid_oic,0.4750841485963151,0.2257049482474856,512,832,after,equal512,2026108998,1.4131660042393683,"[0.125, 0.125, 0.125, 0.125, 0.125, 0.125, 0.125, 0.125]",markov_stationary
1.625404183352304,1.7099079670350155,0.24267509122200126,0.05889119989960663,-0.22082771829749598,2.1248600389164647,-0.23240905737431375,0.05401396994961706,0,320,832,0,0.125,1,512,832,-0.017986645326197644,1.679152458891517,2.5222581377319018,-0.1575564740462253,0.024824042513878868,hac,0.4750841485963151,0.2257049482474856,512,832,after,equal512,2026108998,1.4131660042393683,"[0.125, 0.125, 0.125, 0.125, 0.125, 0.125, 0.125, 0.125]",markov_stationary
1.625404183352304,1.7099079670350155,0.1912268886854196,0.03656772295630586,-0.2697121692953014,2.0368883475095325,-0.28385725991089544,0.08057494400412164,0,320,832,0,0.125,1,512,832,-0.017986645326197644,1.679152458891517,2.5222581377319018,-0.1924346215644802,0.037031083576664715,block_bootstrap,0.4750841485963151,0.2257049482474856,512,832,after,equal512,2026108998,1.4131660042393683,"[0.125, 0.125, 0.125, 0.125, 0.125, 0.125, 0.125, 0.125]",markov_stationary
1.625404183352304,1.7099079670350155,0.18282644426367112,0.03342550872209724,-0.2776940052671754,2.02252436066615,-0.29225770433264386,0.08541456574178707,0,320,832,0,0.125,1,512,832,-0.017986645326197644,1.679152458891517,2.5222581377319018,-0.1981295132286217,0.039255304012210585,gaussian_iid,0.4750841485963151,0.2257049482474856,512,832,after,equal512,2026108998,1.4131660042393683,"[0.125, 0.125, 0.125, 0.125, 0.125, 0.125, 0.125, 0.125]",markov_stationary
1.625404183352304,1.7099079670350155,0.015948756693199284,0.000254362840058869,-0.4362558935054545,1.7371788731690199,-0.45913539190311586,0.2108053080980278,0,320,832,0,0.125,1,512,832,-0.017986645326197644,1.679152458891517,2.5222581377319018,-0.31126047442108806,0.09688308293684082,ewma_gaussian,0.4750841485963151,0.2257049482474856,512,832,after,equal512,2026108998,1.4131660042393683,"[0.125, 0.125, 0.125, 0.125, 0.125, 0.125, 0.125, 0.125]",markov_stationary
1.625404183352304,1.7099079670350155,0.21424297435618067,0.04590005206098309,-0.24784301436547468,2.0762437357679273,-0.2608411742401344,0.06803811817897217,0,320,832,0,0.125,1,512,832,-0.017986645326197644,1.679152458891517,2.5222581377319018,-0.17683138584896996,0.031269339021267294,ar_gaussian,0.4750841485963151,0.2257049482474856,512,832,after,equal512,2026108998,1.4131660042393683,"[0.125, 0.125, 0.125, 0.125, 0.125, 0.125, 0.125, 0.125]",markov_stationary
1.58375811031904,1.6277975180502946,-0.09733999383378233,0.009475074399560784,-0.768807023657306,1.4693477176806327,-0.6705801837031692,0.4496777827753761,0,320,576,0,0.22448244431047082,1,512,832,-0.02170282467299074,1.5924697139129196,2.560916476366362,-0.4262414525266113,0.1816817758519954,raw,0.5732401898693869,0.3286043152814907,256,832,after,older256,2026108998,1.201631723876308,"[0.3227556260283844, 0.09584457140158599, 0.06788292282801103, -4.268438240350214e-24, 0.06420908019881373, 0.13559171929990016, 0.02494866351336006, 0.28876741672994477]",markov_stationary
1.58375811031904,1.6277975180502946,-0.03308930904907381,0.001094902373345118,-0.6951448741668571,1.5739348229062131,-0.6063294989184607,0.3676354612587116,0,320,576,0,0.22448244431047082,1,512,832,-0.02170282467299074,1.5924697139129196,2.560916476366362,-0.3854017351087371,0.14853449742482516,iid_oic,0.5732401898693869,0.3286043152814907,256,832,after,older256,2026108998,1.201631723876308,"[0.3227556260283844, 0.09584457140158599, 0.06788292282801103, -4.268438240350214e-24, 0.06420908019881373, 0.13559171929990016, 0.02494866351336006, 0.28876741672994477]",markov_stationary
1.58375811031904,1.6277975180502946,-0.04490941844092711,0.002016855864702284,-0.708696397670983,1.5546940781750713,-0.618149608310314,0.38210893825419456,0,320,576,0,0.22448244431047082,1,512,832,-0.02170282467299074,1.5924697139129196,2.560916476366362,-0.3929149612950288,0.15438216680947398,hac,0.5732401898693869,0.3286043152814907,256,832,after,older256,2026108998,1.201631723876308,"[0.3227556260283844, 0.09584457140158599, 0.06788292282801103, -4.268438240350214e-24, 0.06420908019881373, 0.13559171929990016, 0.02494866351336006, 0.28876741672994477]",markov_stationary
1.58375811031904,1.6277975180502946,0.6257844189678248,0.39160613902289804,0.06024092772985822,2.6464478420806654,0.052544229098437915,0.00276089601154913,256,320,576,0,0.22448244431047082,1,512,832,-0.02170282467299074,1.5924697139129196,2.560916476366362,0.03339873303312979,0.001115475368218275,chronological,0.5732401898693869,0.3286043152814907,256,832,after,older256,2026108998,1.201631723876308,"[0.3227556260283844, 0.09584457140158599, 0.06788292282801103, -4.268438240350214e-24, 0.06420908019881373, 0.13559171929990016, 0.02494866351336006, 0.28876741672994477]",markov_stationary
1.58375811031904,1.6277975180502946,0.6321756477188663,0.3996460495687681,0.06756834609534962,2.6568514683789024,0.058935457849479386,0.0034733881919277614,240,320,576,16,0.22448244431047082,1,512,832,-0.02170282467299074,1.5924697139129196,2.560916476366362,0.03746119520018887,0.0014033411458266535,blocked_holdout,0.5732401898693869,0.3286043152814907,256,832,after,older256,2026108998,1.201631723876308,"[0.3227556260283844, 0.09584457140158599, 0.06788292282801103, -4.268438240350214e-24, 0.06420908019881373, 0.13559171929990016, 0.02494866351336006, 0.28876741672994477]",markov_stationary
1.58375811031904,1.6277975180502946,0.2660160162954237,0.07076452092568714,-0.35222648718400806,2.060817729137612,-0.30722417357396303,0.09438669282820457,0,320,576,0,0.22448244431047082,1,512,832,-0.02170282467299074,1.5924697139129196,2.560916476366362,-0.19528116275714347,0.038134732527781955,gaussian_iid,0.5732401898693869,0.3286043152814907,256,832,after,older256,2026108998,1.201631723876308,"[0.3227556260283844, 0.09584457140158599, 0.06788292282801103, -4.268438240350214e-24, 0.06420908019881373, 0.13559171929990016, 0.02494866351336006, 0.28876741672994477]",markov_stationary
1.58375811031904,1.6277975180502946,0.0015800299527968242,2.4964946517351347e-06,-0.6553971572227002,1.6303694868859024,-0.57166015991659,0.3267953384358613,0,320,576,0,0.22448244431047082,1,512,832,-0.02170282467299074,1.5924697139129196,2.560916476366362,-0.3633648336711066,0.13203400234883098,ewma_gaussian,0.5732401898693869,0.3286043152814907,256,832,after,older256,2026108998,1.201631723876308,"[0.3227556260283844, 0.09584457140158599, 0.06788292282801103, -4.268438240350214e-24, 0.06420908019881373, 0.13559171929990016, 0.02494866351336006, 0.28876741672994477]",markov_stationary
1.58375811031904,1.6277975180502946,0.25644660974717626,0.06576486365082052,-0.36319762403731765,2.0452406729091606,-0.3167935801222106,0.10035817240664746,0,320,576,0,0.22448244431047082,1,512,832,-0.02170282467299074,1.5924697139129196,2.560916476366362,-0.20136377278062756,0.040547368988448206,ar_gaussian,0.5732401898693869,0.3286043152814907,256,832,after,older256,2026108998,1.201631723876308,"[0.3227556260283844, 0.09584457140158599, 0.06788292282801103, -4.268438240350214e-24, 0.06420908019881373, 0.13559171929990016, 0.02494866351336006, 0.28876741672994477]",markov_stationary
2.7330324328583737,2.7674744911160745,0.05685782324852129,0.003232812064560088,0.0010619454687073448,2.9248270665767437,0.011778677938622773,0.0001387372539817988,0,448,960,0,0.19136675881553755,1,512,960,-0.16435069139475053,2.3126381450838123,2.8922298758425335,0.011270608538581195,0.00012702661682993934,raw,0.04507914530989856,0.0020321293418709492,512,960,after,full512,2026108998,2.107488103546058,"[0.221738463547246, 0.2723896358573718, 0.1697741022582452, 1.2438334938383928e-17, 0.08043165684145034, -1.1685720236304347e-25, 0.12411731354153857, 0.13154882795414816]",markov_shift
2.7330324328583737,2.7674744911160745,0.12408399605415177,0.015396838076766752,0.007122942293774071,3.110873784951687,0.07900485074425316,0.006241766441121719,0,448,960,0,0.19136675881553755,1,512,960,-0.16435069139475053,2.3126381450838123,2.8922298758425335,0.07559700248427181,0.005714906784606999,iid_oic,0.04507914530989856,0.0020321293418709492,512,960,after,full512,2026108998,2.107488103546058,"[0.221738463547246, 0.2723896358573718, 0.1697741022582452, 1.2438334938383928e-17, 0.08043165684145034, -1.1685720236304347e-25, 0.12411731354153857, 0.13154882795414816]",markov_shift
2.7330324328583737,2.7674744911160745,0.1293930610485956,0.01674256424752559,0.007601598518462542,3.125566486895488,0.08431391573869713,0.007108836387192121,0,448,960,0,0.19136675881553755,1,512,960,-0.16435069139475053,2.3126381450838123,2.8922298758425335,0.08067706270580621,0.006508788446836587,hac,0.04507914530989856,0.0020321293418709492,512,960,after,full512,2026108998,2.107488103546058,"[0.221738463547246, 0.2723896358573718, 0.1697741022582452, 1.2438334938383928e-17, 0.08043165684145034, -1.1685720236304347e-25, 0.12411731354153857, 0.13154882795414816]",markov_shift
2.7330324328583737,2.7674744911160745,0.14470755449347772,0.020940276327482823,0.008982327069161185,3.167948956848563,0.09962840918357906,0.009925819916450659,0,448,960,0,0.19136675881553755,1,512,960,-0.16435069139475053,2.3126381450838123,2.8922298758425335,0.09533097051136363,0.009087993938638482,block_bootstrap,0.04507914530989856,0.0020321293418709492,512,960,after,full512,2026108998,2.107488103546058,"[0.221738463547246, 0.2723896358573718, 0.1697741022582452, 1.2438334938383928e-17, 0.08043165684145034, -1.1685720236304347e-25, 0.12411731354153857, 0.13154882795414816]",markov_shift
2.7330324328583737,2.7674744911160745,-0.05603761295955201,0.003140214066204551,-0.009116514078588902,2.6123918267074786,-0.10111675826945062,0.01022459880292251,0,448,960,0,0.19136675881553755,1,512,960,-0.16435069139475053,2.3126381450838123,2.8922298758425335,-0.09675512014878673,0.009361553275006157,gaussian_iid,0.04507914530989856,0.0020321293418709492,512,960,after,full512,2026108998,2.107488103546058,"[0.221738463547246, 0.2723896358573718, 0.1697741022582452, 1.2438334938383928e-17, 0.08043165684145034, -1.1685720236304347e-25, 0.12411731354153857, 0.13154882795414816]",markov_shift
2.7330324328583737,2.7674744911160745,-0.03894097438665689,0.001516399486182268,-0.007575110369512186,2.659706337841797,-0.08402011969655544,0.007059380513823504,0,448,960,0,0.19136675881553755,1,512,960,-0.16435069139475053,2.3126381450838123,2.8922298758425335,-0.08039593945934198,0.006463507081550181,ewma_gaussian,0.04507914530989856,0.0020321293418709492,512,960,after,full512,2026108998,2.107488103546058,"[0.221738463547246, 0.2723896358573718, 0.1697741022582452, 1.2438334938383928e-17, 0.08043165684145034, -1.1685720236304347e-25, 0.12411731354153857, 0.13154882795414816]",markov_shift
2.7330324328583737,2.7674744911160745,-0.056731161374465766,0.0032184246708956764,-0.009179043218139595,2.610472449160851,-0.10181030668436435,0.010365338547164324,0,448,960,0,0.19136675881553755,1,512,960,-0.16435069139475053,2.3126381450838123,2.8922298758425335,-0.09741875258086263,0.00949041335441133,ar_gaussian,0.04507914530989856,0.0020321293418709492,512,960,after,full512,2026108998,2.107488103546058,"[0.221738463547246, 0.2723896358573718, 0.1697741022582452, 1.2438334938383928e-17, 0.08043165684145034, -1.1685720236304347e-25, 0.12411731354153857, 0.13154882795414816]",markov_shift
2.884537566735211,2.9129095370497677,0.09065875550835667,0.00821900995032399,0.004102475534679123,3.1769902905871232,0.043454619038652886,0.001888303915794454,0,448,960,0,0.125,1,512,960,-0.1720980380651638,2.411603520662198,3.050410916360567,0.041495843575585445,0.0017219050340494559,raw,0.047204136469703846,0.002228230499850425,512,960,after,equal512,2026108998,2.1848738348345007,"[0.125, 0.125, 0.125, 0.125, 0.125, 0.125, 0.125, 0.125]",markov_shift
2.884537566735211,2.9129095370497677,0.10967971305727686,0.01202963945632659,0.005898211286526453,3.232396619235191,0.06247557658757292,0.0039031976699496897,0,448,960,0,0.125,1,512,960,-0.1720980380651638,2.411603520662198,3.050410916360567,0.05965940585203211,0.0035592447066174833,iid_oic,0.047204136469703846,0.002228230499850425,512,960,after,equal512,2026108998,2.1848738348345007,"[0.125, 0.125, 0.125, 0.125, 0.125, 0.125, 0.125, 0.125]",markov_shift
2.884537566735211,2.9129095370497677,0.11501133026255506,0.013227606088762512,0.006401560058850801,3.2479271378403447,0.06780719379285113,0.004597815530061269,0,448,960,0,0.125,1,512,960,-0.1720980380651638,2.411603520662198,3.050410916360567,0.064750693232974,0.004192652274150705,hac,0.047204136469703846,0.002228230499850425,512,960,after,equal512,2026108998,2.1848738348345007,"[0.125, 0.125, 0.125, 0.125, 0.125, 0.125, 0.125, 0.125]",markov_shift
2.884537566735211,2.9129095370497677,0.10965624873333013,0.012024492886265966,0.005895996060226964,3.2323282697821867,0.06245211226362632,0.0039002663261885847,0,448,960,0,0.125,1,512,960,-0.1720980380651638,2.411603520662198,3.050410916360567,0.05963699921408128,0.003556571675260331,block_bootstrap,0.047204136469703846,0.002228230499850425,512,960,after,equal512,2026108998,2.1848738348345007,"[0.125, 0.125, 0.125, 0.125, 0.125, 0.125, 0.125, 0.125]",markov_shift
2.884537566735211,2.9129095370497677,-0.05281895665659664,0.0027898421822914344,-0.009443007476111568,2.759052694467749,-0.10002309312630046,0.010004619158552575,0,448,960,0,0.125,1,512,960,-0.1720980380651638,2.411603520662198,3.050410916360567,-0.09551441752655276,0.00912300395543665,gaussian_iid,0.047204136469703846,0.002228230499850425,512,960,after,equal512,2026108998,2.1848738348345007,"[0.125, 0.125, 0.125, 0.125, 0.125, 0.125, 0.125, 0.125]",markov_shift
2.884537566735211,2.9129095370497677,-0.09325299579096702,0.008696121223990112,-0.0132603152787519,2.641271996251798,-0.14045713226067086,0.019728206002891588,0,448,960,0,0.125,1,512,960,-0.1720980380651638,2.411603520662198,3.050410916360567,-0.1341258379041309,0.0179897403934852,ewma_gaussian,0.047204136469703846,0.002228230499850425,512,960,after,equal512,2026108998,2.1848738348345007,"[0.125, 0.125, 0.125, 0.125, 0.125, 0.125, 0.125, 0.125]",markov_shift
2.884537566735211,2.9129095370497677,-0.05002607106876056,0.0025026077865766823,-0.009179335971246606,2.7671881175324455,-0.09723020753846444,0.009453713257972868,0,448,960,0,0.125,1,512,960,-0.1720980380651638,2.411603520662198,3.050410916360567,-0.09284742501709686,0.008620644332305425,ar_gaussian,0.047204136469703846,0.002228230499850425,512,960,after,equal512,2026108998,2.1848738348345007,"[0.125, 0.125, 0.125, 0.125, 0.125, 0.125, 0.125, 0.125]",markov_shift
2.8676361122669602,3.087267464778453,-0.3045096168993402,0.09272610678418293,0.043135229517633954,2.147164831812969,-0.11208128561150268,0.012562214584327238,0,448,704,0,0.17154031408080972,1,512,960,-0.34639763485785663,2.0178453168055857,2.4931897382919024,-0.13878803572968224,0.019262118861703554,raw,-0.19242833128783754,0.037028662682221755,256,960,after,older256,2026108998,1.4435854597115274,"[0.21568891766584777, 0.22973956378450877, -8.800116165441954e-24, 0.1239514345311244, 0.049403098407507756, 0.18111921735027592, 0.07167650205357497, 0.1284212662071604]",markov_shift
2.8676361122669602,3.087267464778453,-0.20214939561773304,0.040864378148614745,0.003741216374687004,2.463178212663198,-0.00972106432989545,9.449909170596566e-05,0,448,704,0,0.17154031408080972,1,512,960,-0.34639763485785663,2.0178453168055857,2.4931897382919024,-0.012037401392990477,0.00014489903229596908,iid_oic,-0.19242833128783754,0.037028662682221755,256,960,after,older256,2026108998,1.4435854597115274,"[0.21568891766584777, 0.22973956378450877, -8.800116165441954e-24, 0.1239514345311244, 0.049403098407507756, 0.18111921735027592, 0.07167650205357497, 0.1284212662071604]",markov_shift
2.8676361122669602,3.087267464778453,-0.1982875042405985,0.03931793433796536,0.0022549417480532564,2.4751009042643335,-0.005859172952760986,3.4329907690365886e-05,0,448,704,0,0.17154031408080972,1,512,960,-0.34639763485785663,2.0178453168055857,2.4931897382919024,-0.007255297801747607,5.2639346192043655e-05,hac,-0.19242833128783754,0.037028662682221755,256,960,after,older256,2026108998,1.4435854597115274,"[0.21568891766584777, 0.22973956378450877, -8.800116165441954e-24, 0.1239514345311244, 0.049403098407507756, 0.18111921735027592, 0.07167650205357497, 0.1284212662071604]",markov_shift
2.8676361122669602,3.087267464778453,0.5943232580298703,0.3532201350352398,-0.3027865909409212,4.922102322855201,0.7867515893177079,0.6189780632939393,256,448,704,0,0.17154031408080972,1,512,960,-0.34639763485785663,2.0178453168055857,2.4931897382919024,0.9742189081154167,0.9491024809295947,chronological,-0.19242833128783754,0.037028662682221755,256,960,after,older256,2026108998,1.4435854597115274,"[0.21568891766584777, 0.22973956378450877, -8.800116165441954e-24, 0.1239514345311244, 0.049403098407507756, 0.18111921735027592, 0.07167650205357497, 0.1284212662071604]",markov_shift
2.8676361122669602,3.087267464778453,0.6627500728405302,0.4392376590501281,-0.32912110651963555,5.133354201938571,0.8551784041283678,0.7313301028875419,240,448,704,16,0.17154031408080972,1,512,960,-0.34639763485785663,2.0178453168055857,2.4931897382919024,1.0589504774135081,1.1213761136142968,blocked_holdout,-0.19242833128783754,0.037028662682221755,256,960,after,older256,2026108998,1.4435854597115274,"[0.21568891766584777, 0.22973956378450877, -8.800116165441954e-24, 0.1239514345311244, 0.049403098407507756, 0.18111921735027592, 0.07167650205357497, 0.1284212662071604]",markov_shift
2.8676361122669602,3.087267464778453,0.11291703793516294,0.012750257456051028,-0.11751419973210117,3.4358725622148354,0.3053453692230004,0.09323579450593042,0,448,704,0,0.17154031408080972,1,512,960,-0.34639763485785663,2.0178453168055857,2.4931897382919024,0.37810312205470975,0.14296197090751875,gaussian_iid,-0.19242833128783754,0.037028662682221755,256,960,after,older256,2026108998,1.4435854597115274,"[0.21568891766584777, 0.22973956378450877, -8.800116165441954e-24, 0.1239514345311244, 0.049403098407507756, 0.18111921735027592, 0.07167650205357497, 0.1284212662071604]",markov_shift
2.8676361122669602,3.087267464778453,-0.030891267958712776,0.0009542704360969946,-0.06216861507512241,2.9918978582637656,0.16153706332912474,0.026094222828997655,0,448,704,0,0.17154031408080972,1,512,960,-0.34639763485785663,2.0178453168055857,2.4931897382919024,0.20002814559694548,0.040011259030952824,ewma_gaussian,-0.19242833128783754,0.037028662682221755,256,960,after,older256,2026108998,1.4435854597115274,"[0.21568891766584777, 0.22973956378450877, -8.800116165441954e-24, 0.1239514345311244, 0.049403098407507756, 0.18111921735027592, 0.07167650205357497, 0.1284212662071604]",markov_shift
2.8676361122669602,3.087267464778453,0.13272205288989714,0.017615143323308654,-0.1251362916898416,3.4970159405240375,0.3251503841777348,0.10572277233092853,0,448,704,0,0.17154031408080972,1,512,960,-0.34639763485785663,2.0178453168055857,2.4931897382919024,0.40262727975122425,0.1621087263998706,ar_gaussian,-0.19242833128783754,0.037028662682221755,256,960,after,older256,2026108998,1.4435854597115274,"[0.21568891766584777, 0.22973956378450877, -8.800116165441954e-24, 0.1239514345311244, 0.049403098407507756, 0.18111921735027592, 0.07167650205357497, 0.1284212662071604]",markov_shift
1.7024025365654998,1.7431041002133352,-0.026264018719516002,0.000689798679299087,-0.5026118155732835,1.697323181495267,-0.5146081877136919,0.2648215868619703,0,64,576,0,0.28207539076572674,1,512,576,-0.07416769307748254,1.6138220903066112,2.594338823502357,-0.34575886306019166,0.11954919138467637,raw,0.4883441689941759,0.23848002739061222,512,576,before,full512,2026108998,1.217131325477715,"[0.313069431161571, 0.11854332778016054, 0.06071680236989821, 1.4966800033402548e-24, 1.0374846957647473e-16, 0.11697902798322377, 6.404515765099164e-17, 0.39069141070514646]",markov_shift
1.7024025365654998,1.7431041002133352,0.02410894209581449,0.000581241088979336,-0.453413132195006,1.7851284960323552,-0.46423522689836144,0.21551434589337312,0,64,576,0,0.28207539076572674,1,512,576,-0.07416769307748254,1.6138220903066112,2.594338823502357,-0.3119138950314778,0.09729027791370776,iid_oic,0.4883441689941759,0.23848002739061222,512,576,before,full512,2026108998,1.217131325477715,"[0.313069431161571, 0.11854332778016054, 0.06071680236989821, 1.4966800033402548e-24, 1.0374846957647473e-16, 0.11697902798322377, 6.404515765099164e-17, 0.39069141070514646]",markov_shift
1.7024025365654998,1.7431041002133352,0.01181559998259174,0.00013960840294862192,-0.4654198960718917,1.7636999209894715,-0.47652856901158414,0.2270794770842281,0,64,576,0,0.28207539076572674,1,512,576,-0.07416769307748254,1.6138220903066112,2.594338823502357,-0.3201736392286352,0.10251115925690824,hac,0.4883441689941759,0.23848002739061222,512,576,before,full512,2026108998,1.217131325477715,"[0.313069431161571, 0.11854332778016054, 0.06071680236989821, 1.4966800033402548e-24, 1.0374846957647473e-16, 0.11697902798322377, 6.404515765099164e-17, 0.39069141070514646]",markov_shift
1.7024025365654998,1.7431041002133352,0.005394263711367531,2.9098080987776606e-05,-0.471691540322298,1.752506863406252,-0.48294990528280834,0.23324061101267354,0,64,576,0,0.28207539076572674,1,512,576,-0.07416769307748254,1.6138220903066112,2.594338823502357,-0.3244880554805991,0.10529249814958037,block_bootstrap,0.4883441689941759,0.23848002739061222,512,576,before,full512,2026108998,1.217131325477715,"[0.313069431161571, 0.11854332778016054, 0.06071680236989821, 1.4966800033402548e-24, 1.0374846957647473e-16, 0.11697902798322377, 6.404515765099164e-17, 0.39069141070514646]",markov_shift
1.7024025365654998,1.7431041002133352,0.006636197005207567,4.403911069192588e-05,-0.4704785585576449,1.754671682422936,-0.48170797198896825,0.23204257027772462,0,64,576,0,0.28207539076572674,1,512,576,-0.07416769307748254,1.6138220903066112,2.594338823502357,-0.32365361589349784,0.10475166308093584,gaussian_iid,0.4883441689941759,0.23848002739061222,512,576,before,full512,2026108998,1.217131325477715,"[0.313069431161571, 0.11854332778016054, 0.06071680236989821, 1.4966800033402548e-24, 1.0374846957647473e-16, 0.11697902798322377, 6.404515765099164e-17, 0.39069141070514646]",markov_shift
1.7024025365654998,1.7431041002133352,0.13899459891649046,0.01931949852795605,-0.34120565097611977,1.9853861554921777,-0.3493495700776854,0.12204512211346363,0,64,576,0,0.28207539076572674,1,512,576,-0.07416769307748254,1.6138220903066112,2.594338823502357,-0.23472364615354802,0.05509519006361602,ewma_gaussian,0.4883441689941759,0.23848002739061222,512,576,before,full512,2026108998,1.217131325477715,"[0.313069431161571, 0.11854332778016054, 0.06071680236989821, 1.4966800033402548e-24, 1.0374846957647473e-16, 0.11697902798322377, 6.404515765099164e-17, 0.39069141070514646]",markov_shift
1.7024025365654998,1.7431041002133352,0.007285012661193413,5.307140947374833e-05,-0.4698448678729393,1.7558026356531675,-0.4810591563329824,0.2314179118918008,0,64,576,0,0.28207539076572674,1,512,576,-0.07416769307748254,1.6138220903066112,2.594338823502357,-0.32321768469592793,0.10446967170019629,ar_gaussian,0.4883441689941759,0.23848002739061222,512,576,before,full512,2026108998,1.217131325477715,"[0.313069431161571, 0.11854332778016054, 0.06071680236989821, 1.4966800033402548e-24, 1.0374846957647473e-16, 0.11697902798322377, 6.404515765099164e-17, 0.39069141070514646]",markov_shift
1.722158369810789,1.764582385829716,0.11394878637210071,0.012984325915674643,-0.31953209326794046,1.965654407148598,-0.3467732112810089,0.12025166006214325,0,64,576,0,0.125,1,512,576,-0.06997255191223135,1.6411100532338372,2.577564307652673,-0.2373985000829434,0.05635804784163127,raw,0.4607219976531095,0.21226475912147183,512,576,before,equal512,2026108998,1.2944447626931357,"[0.125, 0.125, 0.125, 0.125, 0.125, 0.125, 0.125, 0.125]",markov_shift
1.722158369810789,1.764582385829716,0.1201610798127164,0.014438685101758001,-0.31380781278000475,1.9766165107295142,-0.34056091784039305,0.11598173876029094,0,64,576,0,0.125,1,512,576,-0.06997255191223135,1.6411100532338372,2.577564307652673,-0.23314560771150172,0.05435687439516545,iid_oic,0.4607219976531095,0.21226475912147183,512,576,before,equal512,2026108998,1.2944447626931357,"[0.125, 0.125, 0.125, 0.125, 0.125, 0.125, 0.125, 0.125]",markov_shift
1.722158369810789,1.764582385829716,0.12143249209907014,0.014745850137390734,-0.3126362775631856,1.9788600224551414,-0.33928950555403936,0.11511736857910451,0,64,576,0,0.125,1,512,576,-0.06997255191223135,1.6411100532338372,2.577564307652673,-0.232275207807621,0.05395177216207352,hac,0.4607219976531095,0.21226475912147183,512,576,before,equal512,2026108998,1.2944447626931357,"[0.125, 0.125, 0.125, 0.125, 0.125, 0.125, 0.125, 0.125]",markov_shift
1.722158369810789,1.764582385829716,0.13270084141515048,0.017609513312288917,-0.3022531247488704,1.9987439531756732,-0.32802115623795897,0.10759787893968749,0,64,576,0,0.125,1,512,576,-0.06997255191223135,1.6411100532338372,2.577564307652673,-0.22456097516500673,0.05042763156705877,block_bootstrap,0.4607219976531095,0.21226475912147183,512,576,before,equal512,2026108998,1.2944447626931357,"[0.125, 0.125, 0.125, 0.125, 0.125, 0.125, 0.125, 0.125]",markov_shift
1.722158369810789,1.764582385829716,0.092700484790194,0.008593379880336987,-0.339111213171044,1.9281600284483678,-0.36802151286291557,0.13543983392990913,0,64,576,0,0.125,1,512,576,-0.06997255191223135,1.6411100532338372,2.577564307652673,-0.2519449378144526,0.06347625169032839,gaussian_iid,0.4607219976531095,0.21226475912147183,512,576,before,equal512,2026108998,1.2944447626931357,"[0.125, 0.125, 0.125, 0.125, 0.125, 0.125, 0.125, 0.125]",markov_shift
1.722158369810789,1.764582385829716,0.043556530048453945,0.0018971713098618714,-0.38439461517342083,1.8414414715410807,-0.4171654676046555,0.1740270273618109,0,64,576,0,0.125,1,512,576,-0.06997255191223135,1.6411100532338372,2.577564307652673,-0.2855885433880646,0.08156081611451646,ewma_gaussian,0.4607219976531095,0.21226475912147183,512,576,before,equal512,2026108998,1.2944447626931357,"[0.125, 0.125, 0.125, 0.125, 0.125, 0.125, 0.125, 0.125]",markov_shift
1.722158369810789,1.764582385829716,0.09108333515275446,0.008296173942548998,-0.34060132599397425,1.9253064346828912,-0.36963866250035504,0.1366327408150514,0,64,576,0,0.125,1,512,576,-0.06997255191223135,1.6411100532338372,2.577564307652673,-0.2530520270758162,0.06403532840717961,ar_gaussian,0.4607219976531095,0.21226475912147183,512,576,before,equal512,2026108998,1.2944447626931357,"[0.125, 0.125, 0.125, 0.125, 0.125, 0.125, 0.125, 0.125]",markov_shift
1.7576056739962382,1.7970439065125892,0.0508287779939236,0.0025835646723555723,-0.4009761285010996,1.888385452282051,-0.42306521524233764,0.17898417634804548,0,64,320,0,0.355517222017551,1,512,576,-0.07197306013503166,1.6677051573638664,2.6486522193907307,-0.2870391067361663,0.08239144879589626,raw,0.4738939932362613,0.22457551682540966,256,576,before,older256,2026108998,1.2871635056872992,"[0.3130268982219782, 0.11607216720460832, 0.0011254642110681975, -1.5031329988432172e-23, -6.192403603951152e-25, 0.08273021612178015, 8.912904258221402e-24, 0.4870452542405653]",markov_shift
1.7576056739962382,1.7970439065125892,0.24641926488415877,0.060722454106049206,-0.21559781475822323,2.2398701449199785,-0.22747472835210245,0.0517447520388628,0,64,320,0,0.355517222017551,1,512,576,-0.07197306013503166,1.6677051573638664,2.6486522193907307,-0.1543358812750374,0.023819564248942438,iid_oic,0.4738939932362613,0.22457551682540966,256,576,before,older256,2026108998,1.2871635056872992,"[0.3130268982219782, 0.11607216720460832, 0.0011254642110681975, -1.5031329988432172e-23, -6.192403603951152e-25, 0.08273021612178015, 8.912904258221402e-24, 0.4870452542405653]",markov_shift
1.7576056739962382,1.7970439065125892,0.19972981693415726,0.03989199977255197,-0.2598495126202689,2.1559671569829915,-0.27416417630210405,0.07516599556741119,0,64,320,0,0.355517222017551,1,512,576,-0.07197306013503166,1.6677051573638664,2.6486522193907307,-0.18601349728016447,0.034601021170397754,hac,0.4738939932362613,0.22457551682540966,256,576,before,older256,2026108998,1.2871635056872992,"[0.3130268982219782, 0.11607216720460832, 0.0011254642110681975, -1.5031329988432172e-23, -6.192403603951152e-25, 0.08273021612178015, 8.912904258221402e-24, 0.4870452542405653]",markov_shift
1.7576056739962382,1.7970439065125892,-0.13933954211679267,0.01941550799731744,-0.5812153777096976,1.5466446314153526,-0.613233535353054,0.37605536888160535,256,64,320,0,0.355517222017551,1,512,576,-0.07197306013503166,1.6677051573638664,2.6486522193907307,-0.416063528426874,0.1731088596870202,chronological,0.4738939932362613,0.22457551682540966,256,576,before,older256,2026108998,1.2871635056872992,"[0.3130268982219782, 0.11607216720460832, 0.0011254642110681975, -1.5031329988432172e-23, -6.192403603951152e-25, 0.08273021612178015, 8.912904258221402e-24, 0.4870452542405653]",markov_shift
1.7576056739962382,1.7970439065125892,-0.1368423534248807,0.018725829690859962,-0.5788485722675484,1.5511321891375651,-0.6107363466611421,0.3729988851329987,240,64,320,16,0.355517222017551,1,512,576,-0.07197306013503166,1.6677051573638664,2.6486522193907307,-0.41436924871383385,0.1717018742796671,blocked_holdout,0.4738939932362613,0.22457551682540966,256,576,before,older256,2026108998,1.2871635056872992,"[0.3130268982219782, 0.11607216720460832, 0.0011254642110681975, -1.5031329988432172e-23, -6.192403603951152e-25, 0.08273021612178015, 8.912904258221402e-24, 0.4870452542405653]",markov_shift
1.7576056739962382,1.7970439065125892,-0.00892613040427559,7.96758039941331e-05,-0.45761111281367883,1.781003258260849,-0.48282012364053684,0.23311527179226327,0,64,320,0,0.355517222017551,1,512,576,-0.07197306013503166,1.6677051573638664,2.6486522193907307,-0.32758130900608273,0.10730951401013866,gaussian_iid,0.4738939932362613,0.22457551682540966,256,576,before,older256,2026108998,1.2871635056872992,"[0.3130268982219782, 0.11607216720460832, 0.0011254642110681975, -1.5031329988432172e-23, -6.192403603951152e-25, 0.08273021612178015, 8.912904258221402e-24, 0.4870452542405653]",markov_shift
1.7576056739962382,1.7970439065125892,0.11084465411814826,0.01228653734657192,-0.3440938021129364,1.9962366167651031,-0.36304933911811305,0.13180482263409865,0,64,320,0,0.355517222017551,1,512,576,-0.07197306013503166,1.6677051573638664,2.6486522193907307,-0.24631984442853838,0.06067346575929935,ewma_gaussian,0.4738939932362613,0.22457551682540966,256,576,before,older256,2026108998,1.2871635056872992,"[0.3130268982219782, 0.11607216720460832, 0.0011254642110681975, -1.5031329988432172e-23, -6.192403603951152e-25, 0.08273021612178015, 8.912904258221402e-24, 0.4870452542405653]",markov_shift
1.7576056739962382,1.7970439065125892,-0.006510470468473195,4.238622572086158e-05,-0.45532157934712236,1.7853443052286893,-0.4804044637047345,0.23078844874743357,0,64,320,0,0.355517222017551,1,512,576,-0.07197306013503166,1.6677051573638664,2.6486522193907307,-0.3259423445032841,0.10623841194029753,ar_gaussian,0.4738939932362613,0.22457551682540966,256,576,before,older256,2026108998,1.2871635056872992,"[0.3130268982219782, 0.11607216720460832, 0.0011254642110681975, -1.5031329988432172e-23, -6.192403603951152e-25, 0.08273021612178015, 8.912904258221402e-24, 0.4870452542405653]",markov_shift
1.1004445899992463,1.165345511894534,-0.041614139314872456,0.0017317365909176134,-0.16408902953745771,1.1168506614125935,-0.30799594290369947,0.0948615008451389,0,448,960,0,0.24475802880995948,1,512,960,,,1.4757723511571448,-0.2432093875882163,0.059150806211035224,raw,0.266381803588827,0.07095926528323641,512,960,after,full512,2026108998,0.8912006282914402,"[0.2397781295051227, 0.37024234314042576, 0.18817100937339815, -1.8177341000037363e-24, 0.029938358155827023, 0.06406549032584077, 0.09842839608221457, 0.009376273417171095]",ar1_stationary
1.1004445899992463,1.165345511894534,-0.0002750614270043972,7.565878862569531e-08,-0.14206507328451914,1.165024970295079,-0.26665686501583147,0.07110588366007137,0,448,960,0,0.24475802880995948,1,512,960,,,1.4757723511571448,-0.21056593221739828,0.044338011810581966,iid_oic,0.266381803588827,0.07095926528323641,512,960,after,full512,2026108998,0.8912006282914402,"[0.2397781295051227, 0.37024234314042576, 0.18817100937339815, -1.8177341000037363e-24, 0.029938358155827023, 0.06406549032584077, 0.09842839608221457, 0.009376273417171095]",ar1_stationary
1.1004445899992463,1.165345511894534,0.011656461137232732,0.000135873086243817,-0.1357083922840746,1.1789293165653811,-0.25472534245159434,0.064885000087082,0,448,960,0,0.24475802880995948,1,512,960,,,1.4757723511571448,-0.2011441902668868,0.040458985278121556,hac,0.266381803588827,0.07095926528323641,512,960,after,full512,2026108998,0.8912006282914402,"[0.2397781295051227, 0.37024234314042576, 0.18817100937339815, -1.8177341000037363e-24, 0.029938358155827023, 0.06406549032584077, 0.09842839608221457, 0.009376273417171095]",ar1_stationary
1.1004445899992463,1.165345511894534,0.015180671085752273,0.00023045277461379509,-0.13383082147944994,1.1830362388118625,-0.25120113250307474,0.06310200897082731,0,448,960,0,0.24475802880995948,1,512,960,,,1.4757723511571448,-0.19836129340392472,0.03934720272087791,block_bootstrap,0.266381803588827,0.07095926528323641,512,960,after,full512,2026108998,0.8912006282914402,"[0.2397781295051227, 0.37024234314042576, 0.18817100937339815, -1.8177341000037363e-24, 0.029938358155827023, 0.06406549032584077, 0.09842839608221457, 0.009376273417171095]",ar1_stationary
1.1004445899992463,1.165345511894534,0.03524975178368517,0.0012425450008114157,-0.12313874565407976,1.2064236519310478,-0.23113205180514182,0.05342202537165476,0,448,960,0,0.24475802880995948,1,512,960,,,1.4757723511571448,-0.1825137183352854,0.0333112573805719,gaussian_iid,0.266381803588827,0.07095926528323641,512,960,after,full512,2026108998,0.8912006282914402,"[0.2397781295051227, 0.37024234314042576, 0.18817100937339815, -1.8177341000037363e-24, 0.029938358155827023, 0.06406549032584077, 0.09842839608221457, 0.009376273417171095]",ar1_stationary
1.1004445899992463,1.165345511894534,-0.09881362430240304,0.009764132347776455,-0.1945628334881186,1.0501934982996959,-0.3651954278912301,0.13336770055265865,0,448,960,0,0.24475802880995948,1,512,960,,,1.4757723511571448,-0.2883770335741518,0.08316131349302747,ewma_gaussian,0.266381803588827,0.07095926528323641,512,960,after,full512,2026108998,0.8912006282914402,"[0.2397781295051227, 0.37024234314042576, 0.18817100937339815, -1.8177341000037363e-24, 0.029938358155827023, 0.06406549032584077, 0.09842839608221457, 0.009376273417171095]",ar1_stationary
1.1004445899992463,1.165345511894534,-0.037503866096616156,0.0014065399721929148,-0.1618992255512138,1.1216405498601487,-0.3038856696854432,0.09234650024017031,0,448,960,0,0.24475802880995948,1,512,960,,,1.4757723511571448,-0.23996370511977905,0.05758257977481227,ar_gaussian,0.266381803588827,0.07095926528323641,512,960,after,full512,2026108998,0.8912006282914402,"[0.2397781295051227, 0.37024234314042576, 0.18817100937339815, -1.8177341000037363e-24, 0.029938358155827023, 0.06406549032584077, 0.09842839608221457, 0.009376273417171095]",ar1_stationary
1.2849556078734452,1.3604847919278322,-0.038979825014209823,0.0015194267581384179,-0.021986026552470454,1.3074533328039917,-0.12613357132360384,0.015909677814846656,0,448,960,0,0.125,1,512,960,,,1.4790561383412992,-0.11602183384989906,0.013461065929893583,raw,0.08715374630939403,0.007595775495762213,512,960,after,equal512,2026108998,1.0166478599204445,"[0.125, 0.125, 0.125, 0.125, 0.125, 0.125, 0.125, 0.125]",ar1_stationary
1.2849556078734452,1.3604847919278322,-0.032042853536955906,0.0010267444627908076,-0.02077686044790227,1.3168909770008328,-0.11919659984634991,0.014207829414930862,0,448,960,0,0.125,1,512,960,,,1.4790561383412992,-0.10964097787547677,0.012021144029490788,iid_oic,0.08715374630939403,0.007595775495762213,512,960,after,equal512,2026108998,1.0166478599204445,"[0.125, 0.125, 0.125, 0.125, 0.125, 0.125, 0.125, 0.125]",ar1_stationary
1.2849556078734452,1.3604847919278322,-0.027399900868386617,0.0007507545675974137,-0.019967559009896253,1.323207643496062,-0.11455364717778066,0.013122538081731455,0,448,960,0,0.125,1,512,960,,,1.4790561383412992,-0.10537023633194542,0.01110288670465003,hac,0.08715374630939403,0.007595775495762213,512,960,after,equal512,2026108998,1.0166478599204445,"[0.125, 0.125, 0.125, 0.125, 0.125, 0.125, 0.125, 0.125]",ar1_stationary
1.2849556078734452,1.3604847919278322,-0.04698356789374403,0.0022074556520260548,-0.023381138905367548,1.2965643623378846,-0.1341373142031381,0.017992819061631395,0,448,960,0,0.125,1,512,960,,,1.4790561383412992,-0.12338394146963994,0.015223597012583533,block_bootstrap,0.08715374630939403,0.007595775495762213,512,960,after,equal512,2026108998,1.0166478599204445,"[0.125, 0.125, 0.125, 0.125, 0.125, 0.125, 0.125, 0.125]",ar1_stationary
1.2849556078734452,1.3604847919278322,-0.030913761177060906,0.000955660630112358,-0.020580051189713948,1.3184270899851518,-0.11806750748645495,0.013939936324064095,0,448,960,0,0.125,1,512,960,,,1.4790561383412992,-0.10860240135055743,0.011794481579107558,gaussian_iid,0.08715374630939403,0.007595775495762213,512,960,after,equal512,2026108998,1.0166478599204445,"[0.125, 0.125, 0.125, 0.125, 0.125, 0.125, 0.125, 0.125]",ar1_stationary
1.2849556078734452,1.3604847919278322,-0.16457946383347366,0.027086399915713665,-0.04387898466888174,1.1365769343187546,-0.2517332101428677,0.06336960908883318,0,448,960,0,0.125,1,512,960,,,1.4790561383412992,-0.23155253890945682,0.053616578275415515,ewma_gaussian,0.08715374630939403,0.007595775495762213,512,960,after,equal512,2026108998,1.0166478599204445,"[0.125, 0.125, 0.125, 0.125, 0.125, 0.125, 0.125, 0.125]",ar1_stationary
1.2849556078734452,1.3604847919278322,-0.01319595718981581,0.00017413328615545158,-0.01749170520198608,1.3425318928561571,-0.10034970349920978,0.010070062992379317,0,448,960,0,0.125,1,512,960,,,1.4790561383412992,-0.09230497879427924,0.00852020911021234,ar_gaussian,0.08715374630939403,0.007595775495762213,512,960,after,equal512,2026108998,1.0166478599204445,"[0.125, 0.125, 0.125, 0.125, 0.125, 0.125, 0.125, 0.125]",ar1_stationary
1.02692668297032,1.0871426651914553,-0.03656890718410055,0.001337284972639361,-0.549491293566676,1.0473870459721932,-0.5427651186565481,0.2945939740302567,0,448,704,0,0.3239437310270012,1,512,960,,,1.6374501636414294,-0.3603548558430807,0.12985562212968746,raw,0.5061962114724474,0.2562346045090587,256,960,after,older256,2026108998,0.8325320635266642,"[0.16017610103074018, 0.5, 0.16491426679082752, 1.855536644788677e-17, 4.705595256021222e-24, 0.0336312962301532, 0.14127833594827904, 1.3542243697047589e-17]",ar1_stationary
1.02692668297032,1.0871426651914553,0.01400673190449142,0.00019618853864429787,-0.49828889976778984,1.1023699810447263,-0.49218947956795606,0.24225048379737543,0,448,704,0,0.3239437310270012,1,512,960,,,1.6374501636414294,-0.3267764689746463,0.10678286067553797,iid_oic,0.5061962114724474,0.2562346045090587,256,960,after,older256,2026108998,0.8325320635266642,"[0.16017610103074018, 0.5, 0.16491426679082752, 1.855536644788677e-17, 4.705595256021222e-24, 0.0336312962301532, 0.14127833594827904, 1.3542243697047589e-17]",ar1_stationary
1.02692668297032,1.0871426651914553,0.00972854594778072,9.464460625808067e-05,-0.5026201028143129,1.0977189825615632,-0.4964676655246667,0.24648014291151232,0,448,704,0,0.3239437310270012,1,512,960,,,1.6374501636414294,-0.32961685983748634,0.10864727428912511,hac,0.5061962114724474,0.2562346045090587,256,960,after,older256,2026108998,0.8325320635266642,"[0.16017610103074018, 0.5, 0.16491426679082752, 1.855536644788677e-17, 4.705595256021222e-24, 0.0336312962301532, 0.14127833594827904, 1.3542243697047589e-17]",ar1_stationary
1.02692668297032,1.0871426651914553,0.17131883644626278,0.029350143721301337,-0.3390273170921854,1.2733906816431444,-0.33487737502618475,0.11214285630442798,256,448,704,0,0.3239437310270012,1,512,960,,,1.6374501636414294,-0.22233316780076806,0.04943203750432449,chronological,0.5061962114724474,0.2562346045090587,256,960,after,older256,2026108998,0.8325320635266642,"[0.16017610103074018, 0.5, 0.16491426679082752, 1.855536644788677e-17, 4.705595256021222e-24, 0.0336312962301532, 0.14127833594827904, 1.3542243697047589e-17]",ar1_stationary
1.02692668297032,1.0871426651914553,0.11152925346996123,0.01243877437956686,-0.3995578378684282,1.2083908750556023,-0.3946669580024863,0.15576200773893628,240,448,704,16,0.3239437310270012,1,512,960,,,1.6374501636414294,-0.2620289142917591,0.06865915192491805,blocked_holdout,0.5061962114724474,0.2562346045090587,256,960,after,older256,2026108998,0.8325320635266642,"[0.16017610103074018, 0.5, 0.16491426679082752, 1.855536644788677e-17, 4.705595256021222e-24, 0.0336312962301532, 0.14127833594827904, 1.3542243697047589e-17]",ar1_stationary
1.02692668297032,1.0871426651914553,0.16337701289137874,0.026692048341309733,-0.34706755908351516,1.2647567864172076,-0.3428191985810687,0.1175250029157662,0,448,704,0,0.3239437310270012,1,512,960,,,1.6374501636414294,-0.22760593604596235,0.05180446212335871,gaussian_iid,0.5061962114724474,0.2562346045090587,256,960,after,older256,2026108998,0.8325320635266642,"[0.16017610103074018, 0.5, 0.16491426679082752, 1.855536644788677e-17, 4.705595256021222e-24, 0.0336312962301532, 0.14127833594827904, 1.3542243697047589e-17]",ar1_stationary
1.02692668297032,1.0871426651914553,-0.05283471339679191,0.0027915069397211425,-0.5659586725294947,1.0297037940546403,-0.5590309248692393,0.3125155749601571,0,448,704,0,0.3239437310270012,1,512,960,,,1.6374501636414294,-0.37115411698103684,0.13775537855197317,ewma_gaussian,0.5061962114724474,0.2562346045090587,256,960,after,older256,2026108998,0.8325320635266642,"[0.16017610103074018, 0.5, 0.16491426679082752, 1.855536644788677e-17, 4.705595256021222e-24, 0.0336312962301532, 0.14127833594827904, 1.3542243697047589e-17]",ar1_stationary
1.02692668297032,1.0871426651914553,-0.03975017108746137,0.00158007610148245,-0.5527119810378267,1.0439285582536162,-0.5459463825599089,0.2980574526302504,0,448,704,0,0.3239437310270012,1,512,960,,,1.6374501636414294,-0.3624669736927537,0.13138230701798342,ar_gaussian,0.5061962114724474,0.2562346045090587,256,960,after,older256,2026108998,0.8325320635266642,"[0.16017610103074018, 0.5, 0.16491426679082752, 1.855536644788677e-17, 4.705595256021222e-24, 0.0336312962301532, 0.14127833594827904, 1.3542243697047589e-17]",ar1_stationary
0.7933790600137047,1.085763353463646,0.17087421419764448,0.029197997077662487,-0.03373411679462712,1.2712923132913458,-0.07001885987166487,0.00490264073772784,0,320,832,0,0.2456899487394883,1,512,832,,,1.3473162253913058,-0.056426183153758136,0.0031839141453014583,raw,0.24089307406930943,0.0580294731345618,512,832,after,full512,2026108998,1.0578914208105819,"[0.37393528452731, 0.2134171859034617, 0.17648191781006603, -1.3807242438945918e-23, 9.271443809172235e-25, 3.14995716691667e-17, 0.14340563237374093, 0.09275997938542146]",ar1_stationary
0.7933790600137047,1.085763353463646,0.2070243169348196,0.042859067802328635,-0.01631749804206817,1.3105427700673165,-0.033868757134489724,0.0011470927098350485,0,320,832,0,0.2456899487394883,1,512,832,,,1.3473162253913058,-0.02729385620907898,0.0007449545867618792,iid_oic,0.24089307406930943,0.0580294731345618,512,832,after,full512,2026108998,1.0578914208105819,"[0.37393528452731, 0.2134171859034617, 0.17648191781006603, -1.3807242438945918e-23, 9.271443809172235e-25, 3.14995716691667e-17, 0.14340563237374093, 0.09275997938542146]",ar1_stationary
0.7933790600137047,1.085763353463646,0.2211543735602275,0.04890925694481665,-0.00950983248753234,1.3258846677335505,-0.01973870050908185,0.0003896162977872281,0,320,832,0,0.2456899487394883,1,512,832,,,1.3473162253913058,-0.01590685041407469,0.00025302789009574815,hac,0.24089307406930943,0.0580294731345618,512,832,after,full512,2026108998,1.0578914208105819,"[0.37393528452731, 0.2134171859034617, 0.17648191781006603, -1.3807242438945918e-23, 9.271443809172235e-25, 3.14995716691667e-17, 0.14340563237374093, 0.09275997938542146]",ar1_stationary
0.7933790600137047,1.085763353463646,0.24280857193893945,0.05895600260702714,0.0009228603403767641,1.3493960027817877,0.0019154978696299917,3.6691320885570365e-06,0,320,832,0,0.2456899487394883,1,512,832,,,1.3473162253913058,0.0015436445811953803,2.382838593053861e-06,block_bootstrap,0.24089307406930943,0.0580294731345618,512,832,after,full512,2026108998,1.0578914208105819,"[0.37393528452731, 0.2134171859034617, 0.17648191781006603, -1.3807242438945918e-23, 9.271443809172235e-25, 3.14995716691667e-17, 0.14340563237374093, 0.09275997938542146]",ar1_stationary
0.7933790600137047,1.085763353463646,0.22327781858784235,0.04985298427334544,-0.008486786086893685,1.3281902265276293,-0.017615255481467015,0.0003102972256773537,0,320,832,0,0.2456899487394883,1,512,832,,,1.3473162253913058,-0.014195627205574324,0.00020151583175964189,gaussian_iid,0.24089307406930943,0.0580294731345618,512,832,after,full512,2026108998,1.0578914208105819,"[0.37393528452731, 0.2134171859034617, 0.17648191781006603, -1.3807242438945918e-23, 9.271443809172235e-25, 3.14995716691667e-17, 0.14340563237374093, 0.09275997938542146]",ar1_stationary
0.7933790600137047,1.085763353463646,0.6365328740361527,0.4051740997287246,0.1906137752763591,1.7768874213669916,0.3956397999668433,0.15653085131780378,0,320,832,0,0.2456899487394883,1,512,832,,,1.3473162253913058,0.3188347233411548,0.10165558080803073,ewma_gaussian,0.24089307406930943,0.0580294731345618,512,832,after,full512,2026108998,1.0578914208105819,"[0.37393528452731, 0.2134171859034617, 0.17648191781006603, -1.3807242438945918e-23, 9.271443809172235e-25, 3.14995716691667e-17, 0.14340563237374093, 0.09275997938542146]",ar1_stationary
0.7933790600137047,1.085763353463646,-0.00026276355178189714,6.904468414503774e-08,-0.11618554210860782,1.0854780544284952,-0.24115583762109133,0.058156138018730166,0,320,832,0,0.2456899487394883,1,512,832,,,1.3473162253913058,-0.19434054606353757,0.03776824784427397,ar_gaussian,0.24089307406930943,0.0580294731345618,512,832,after,full512,2026108998,1.0578914208105819,"[0.37393528452731, 0.2134171859034617, 0.17648191781006603, -1.3807242438945918e-23, 9.271443809172235e-25, 3.14995716691667e-17, 0.14340563237374093, 0.09275997938542146]",ar1_stationary
0.8437992654991575,1.2062917927484467,0.24039611630239244,0.05779029273327339,0.015188806770110249,1.4962796548526238,0.03741418412815218,0.0013998211739752744,0,320,832,0,0.125,1,512,832,,,1.4511472316064546,0.031101202044265586,0.0009672847685982299,raw,0.20298193217424032,0.041201664789187895,512,832,after,equal512,2026108998,1.1859755528748086,"[0.125, 0.125, 0.125, 0.125, 0.125, 0.125, 0.125, 0.125]",ar1_stationary
0.8437992654991575,1.2062917927484467,0.24985301702433982,0.062426530116165044,0.01902796673195191,1.5076874365783457,0.04687108485009947,0.002196898595025224,0,320,832,0,0.125,1,512,832,,,1.4511472316064546,0.03896241796864386,0.001518070013963302,iid_oic,0.20298193217424032,0.041201664789187895,512,832,after,equal512,2026108998,1.1859755528748086,"[0.125, 0.125, 0.125, 0.125, 0.125, 0.125, 0.125, 0.125]",ar1_stationary
0.8437992654991575,1.2062917927484467,0.2598678845943556,0.06753131744354533,0.02309364107161377,1.5197682891335182,0.056885952420115196,0.00323601158274361,0,320,832,0,0.125,1,512,832,,,1.4511472316064546,0.047287453700406656,0.0022361032774681033,hac,0.20298193217424032,0.041201664789187895,512,832,after,equal512,2026108998,1.1859755528748086,"[0.125, 0.125, 0.125, 0.125, 0.125, 0.125, 0.125, 0.125]",ar1_stationary
0.8437992654991575,1.2062917927484467,0.23084392620520977,0.05328891826583634,0.011310962765266653,1.4847569263356193,0.027861994030969436,0.0007762907113817765,0,320,832,0,0.125,1,512,832,,,1.4511472316064546,0.023160775141994216,0.0005364215051780172,block_bootstrap,0.20298193217424032,0.041201664789187895,512,832,after,equal512,2026108998,1.1859755528748086,"[0.125, 0.125, 0.125, 0.125, 0.125, 0.125, 0.125, 0.125]",ar1_stationary
0.8437992654991575,1.2062917927484467,0.20184916949328424,0.04074308722512859,-0.00045986071535070584,1.4497807892812855,-0.0011327626809561552,1.2831512913669763e-06,0,320,832,0,0.125,1,512,832,,,1.4511472316064546,-0.000941629005939304,8.866651848262418e-07,gaussian_iid,0.20298193217424032,0.041201664789187895,512,832,after,equal512,2026108998,1.1859755528748086,"[0.125, 0.125, 0.125, 0.125, 0.125, 0.125, 0.125, 0.125]",ar1_stationary
0.8437992654991575,1.2062917927484467,0.6911449101061093,0.47768128676558197,0.19817652895308357,2.040014225409309,0.4881629779318689,0.23830309302331035,0,320,832,0,0.125,1,512,832,,,1.4511472316064546,0.40579410619208134,0.16466885662023018,ewma_gaussian,0.20298193217424032,0.041201664789187895,512,832,after,equal512,2026108998,1.1859755528748086,"[0.125, 0.125, 0.125, 0.125, 0.125, 0.125, 0.125, 0.125]",ar1_stationary
0.8437992654991575,1.2062917927484467,0.0008528856217642211,7.27413883812142e-07,-0.0820570888355171,1.2073206216741341,-0.20212904655247602,0.040856151460213014,0,320,832,0,0.125,1,512,832,,,1.4511472316064546,-0.16802334361510562,0.028231843999599857,ar_gaussian,0.20298193217424032,0.041201664789187895,512,832,after,equal512,2026108998,1.1859755528748086,"[0.125, 0.125, 0.125, 0.125, 0.125, 0.125, 0.125, 0.125]",ar1_stationary
0.6835830165814684,1.1281147617338354,0.15854849980620123,0.02513762679079699,-0.016283331804825257,1.3069756648159652,-0.04083433680123071,0.001667443061996345,0,320,576,0,0.3002292100676191,1,512,832,,,1.3530414829470447,-0.034046124018861645,0.0011591385607077078,raw,0.19938283660743195,0.039753515533625904,256,832,after,older256,2026108998,1.117418590065021,"[0.4858522086296138, 0.145222132791932, 0.12342822268615831, 2.115375506077019e-24, 2.498831703160001e-25, 0.010824640294289324, 0.10733604543393037, 0.1273367501640764]",ar1_stationary
0.6835830165814684,1.1281147617338354,0.22791552539165272,0.051945486714553096,0.011377856851669945,1.3852296303564815,0.028532688784220654,0.0008141143292571911,0,320,576,0,0.3002292100676191,1,512,832,,,1.3530414829470447,0.02378947564809919,0.0005659391516115044,iid_oic,0.19938283660743195,0.039753515533625904,256,832,after,older256,2026108998,1.117418590065021,"[0.4858522086296138, 0.145222132791932, 0.12342822268615831, 2.115375506077019e-24, 2.498831703160001e-25, 0.010824640294289324, 0.10733604543393037, 0.1273367501640764]",ar1_stationary
0.6835830165814684,1.1281147617338354,0.2532643403215251,0.06414282607849729,0.02148609410237952,1.4138260026713296,0.05388150371409309,0.002903216442491827,0,320,576,0,0.3002292100676191,1,512,832,,,1.3530414829470447,0.04492435781931148,0.0020181979254775325,hac,0.19938283660743195,0.039753515533625904,256,832,after,older256,2026108998,1.117418590065021,"[0.4858522086296138, 0.145222132791932, 0.12342822268615831, 2.115375506077019e-24, 2.498831703160001e-25, 0.010824640294289324, 0.10733604543393037, 0.1273367501640764]",ar1_stationary
0.6835830165814684,1.1281147617338354,0.13566887112063242,0.018406042591146768,-0.025406942340532195,1.2811648179527861,-0.06371396548679947,0.0040594693980530745,256,320,576,0,0.3002292100676191,1,512,832,,,1.3530414829470447,-0.053122292184053954,0.0028219779268879998,chronological,0.19938283660743195,0.039753515533625904,256,832,after,older256,2026108998,1.117418590065021,"[0.4858522086296138, 0.145222132791932, 0.12342822268615831, 2.115375506077019e-24, 2.498831703160001e-25, 0.010824640294289324, 0.10733604543393037, 0.1273367501640764]",ar1_stationary
0.6835830165814684,1.1281147617338354,0.14534456658260386,0.021125043035084966,-0.021548607125817177,1.2920801128334771,-0.054038270024828104,0.0029201346272762357,240,320,576,16,0.3002292100676191,1,512,832,,,1.3530414829470447,-0.045055063633960724,0.00202995875906025,blocked_holdout,0.19938283660743195,0.039753515533625904,256,832,after,older256,2026108998,1.117418590065021,"[0.4858522086296138, 0.145222132791932, 0.12342822268615831, 2.115375506077019e-24, 2.498831703160001e-25, 0.010824640294289324, 0.10733604543393037, 0.1273367501640764]",ar1_stationary
0.6835830165814684,1.1281147617338354,0.1900998670455869,0.03613795945074982,-0.00370172960676222,1.3425692279516015,-0.00928296956184502,8.617352388614114e-05,0,320,576,0,0.3002292100676191,1,512,832,,,1.3530414829470447,-0.007739788563343786,5.990432700526726e-05,gaussian_iid,0.19938283660743195,0.039753515533625904,256,832,after,older256,2026108998,1.117418590065021,"[0.4858522086296138, 0.145222132791932, 0.12342822268615831, 2.115375506077019e-24, 2.498831703160001e-25, 0.010824640294289324, 0.10733604543393037, 0.1273367501640764]",ar1_stationary
0.6835830165814684,1.1281147617338354,0.5744917417476094,0.33004076133620197,0.1495805550871134,1.776207376093496,0.37510890514017753,0.1407066907154627,0,320,576,0,0.3002292100676191,1,512,832,,,1.3530414829470447,0.31275160331725993,0.09781356537751672,ewma_gaussian,0.19938283660743195,0.039753515533625904,256,832,after,older256,2026108998,1.117418590065021,"[0.4858522086296138, 0.145222132791932, 0.12342822268615831, 2.115375506077019e-24, 2.498831703160001e-25, 0.010824640294289324, 0.10733604543393037, 0.1273367501640764]",ar1_stationary
0.6835830165814684,1.1281147617338354,0.0003011112260036253,9.06679704254063e-08,-0.0793869582465019,1.128454449752814,-0.19908172538142827,0.03963353338084642,0,320,576,0,0.3002292100676191,1,512,832,,,1.3530414829470447,-0.16598680530109122,0.027551619534062367,ar_gaussian,0.19938283660743195,0.039753515533625904,256,832,after,older256,2026108998,1.117418590065021,"[0.4858522086296138, 0.145222132791932, 0.12342822268615831, 2.115375506077019e-24, 2.498831703160001e-25, 0.010824640294289324, 0.10733604543393037, 0.1273367501640764]",ar1_stationary
1.5023388952859198,1.6574374120644157,0.26756662015174015,0.0715918962194256,-0.13812514868387077,2.1009123385235386,-0.16110742968513322,0.025955603899750147,0,256,768,0,0.2324624737161876,1,512,768,-0.0019687371471206294,1.654174353462257,2.3679378198452157,-0.11276710016782943,0.012716418880261275,raw,0.42867404983687346,0.18376144100354627,512,768,after,full512,2026108999,1.4615207297241242,"[0.3609234495324624, 0.14163473655796807, 0.08849354816271404, 0.19872063421452202, 6.093073784946474e-24, 0.025372008553654634, -1.59697277186086e-24, 0.18485562297867889]",markov_stationary
1.5023388952859198,1.6574374120644157,0.363001720485677,0.1317702490755616,-0.05630404677039664,2.259090044241127,-0.06567232935119637,0.004312854842412008,0,256,768,0,0.2324624737161876,1,512,768,-0.0019687371471206294,1.654174353462257,2.3679378198452157,-0.04596732848804441,0.0021129952883277795,iid_oic,0.42867404983687346,0.18376144100354627,512,768,after,full512,2026108999,1.4615207297241242,"[0.3609234495324624, 0.14163473655796807, 0.08849354816271404, 0.19872063421452202, 6.093073784946474e-24, 0.025372008553654634, -1.59697277186086e-24, 0.18485562297867889]",markov_stationary
1.5023388952859198,1.6574374120644157,0.3600850978413892,0.12966127768744284,-0.05880460765194228,2.25425592475361,-0.06858895199548426,0.004704444335838844,0,256,768,0,0.2324624737161876,1,512,768,-0.0019687371471206294,1.654174353462257,2.3679378198452157,-0.048008817688902305,0.002304846575886259,hac,0.42867404983687346,0.18376144100354627,512,768,after,full512,2026108999,1.4615207297241242,"[0.3609234495324624, 0.14163473655796807, 0.08849354816271404, 0.19872063421452202, 6.093073784946474e-24, 0.025372008553654634, -1.59697277186086e-24, 0.18485562297867889]",markov_stationary
1.5023388952859198,1.6574374120644157,0.36436208011378746,0.13275972542484607,-0.055137745028363355,2.261344755182619,-0.06431196972308603,0.004136029449663134,0,256,768,0,0.2324624737161876,1,512,768,-0.0019687371471206294,1.654174353462257,2.3679378198452157,-0.0450151451483487,0.0020263632927269015,block_bootstrap,0.42867404983687346,0.18376144100354627,512,768,after,full512,2026108999,1.4615207297241242,"[0.3609234495324624, 0.14163473655796807, 0.08849354816271404, 0.19872063421452202, 6.093073784946474e-24, 0.025372008553654634, -1.59697277186086e-24, 0.18485562297867889]",markov_stationary
1.5023388952859198,1.6574374120644157,0.08436859068438562,0.007118059094069401,-0.2951896311116823,1.797273070667866,-0.3443054591524878,0.11854624920220543,0,256,768,0,0.2324624737161876,1,512,768,-0.0019687371471206294,1.654174353462257,2.3679378198452157,-0.24099650945000417,0.058079317567085946,gaussian_iid,0.42867404983687346,0.18376144100354627,512,768,after,full512,2026108999,1.4615207297241242,"[0.3609234495324624, 0.14163473655796807, 0.08849354816271404, 0.19872063421452202, 6.093073784946474e-24, 0.025372008553654634, -1.59697277186086e-24, 0.18485562297867889]",markov_stationary
1.5023388952859198,1.6574374120644157,-0.048883942866821406,0.0023896398702066596,-0.40943343752852196,1.5764153363077265,-0.4775579927036949,0.22806163639518234,0,256,768,0,0.2324624737161876,1,512,768,-0.0019687371471206294,1.654174353462257,2.3679378198452157,-0.33426658289077393,0.11173414843747465,ewma_gaussian,0.42867404983687346,0.18376144100354627,512,768,after,full512,2026108999,1.4615207297241242,"[0.3609234495324624, 0.14163473655796807, 0.08849354816271404, 0.19872063421452202, 6.093073784946474e-24, 0.025372008553654634, -1.59697277186086e-24, 0.18485562297867889]",markov_stationary
1.5023388952859198,1.6574374120644157,0.0767708855887439,0.005893768874080005,-0.30170350913731236,1.7846803499965167,-0.3519031642481296,0.12383583700784609,0,256,768,0,0.2324624737161876,1,512,768,-0.0019687371471206294,1.654174353462257,2.3679378198452157,-0.24631452099820117,0.06067084325457329,ar_gaussian,0.42867404983687346,0.18376144100354627,512,768,after,full512,2026108999,1.4615207297241242,"[0.3609234495324624, 0.14163473655796807, 0.08849354816271404, 0.19872063421452202, 6.093073784946474e-24, 0.025372008553654634, -1.59697277186086e-24, 0.18485562297867889]",markov_stationary
1.5924658331719885,1.693308472912593,0.39907673681933,0.15926224187036475,-0.08343554244427691,2.3690684927110732,-0.08600205200350462,0.007396352948813513,0,256,768,0,0.125,1,512,768,-0.0022277826968978903,1.6895361495961276,2.514696496056477,-0.05791076719348687,0.003353656956938235,raw,0.48507878882283456,0.23530143136582812,512,768,after,equal512,2026108999,1.436743797024774,"[0.125, 0.125, 0.125, 0.125, 0.125, 0.125, 0.125, 0.125]",markov_stationary
1.5924658331719885,1.693308472912593,0.41195552897001875,0.16970735784896795,-0.0709410846483626,2.390876260580715,-0.07312325985281581,0.005347011131502425,0,256,768,0,0.125,1,512,768,-0.0022277826968978903,1.6895361495961276,2.514696496056477,-0.04923863999887701,0.002424443668939011,iid_oic,0.48507878882283456,0.23530143136582812,512,768,after,equal512,2026108999,1.436743797024774,"[0.125, 0.125, 0.125, 0.125, 0.125, 0.125, 0.125, 0.125]",markov_stationary
1.5924658331719885,1.693308472912593,0.4199025319713141,0.17631813635592047,-0.063231239467083,2.40433298809707,-0.06517625685152043,0.0042479444571753636,0,256,768,0,0.125,1,512,768,-0.0022277826968978903,1.6895361495961276,2.514696496056477,-0.04388740674370761,0.0019261044706876324,hac,0.48507878882283456,0.23530143136582812,512,768,after,equal512,2026108999,1.436743797024774,"[0.125, 0.125, 0.125, 0.125, 0.125, 0.125, 0.125, 0.125]",markov_stationary
1.5924658331719885,1.693308472912593,0.4126269576483126,0.17026100617810236,-0.07028969302826714,2.3920131964506264,-0.0724518311745219,0.005249267840541424,0,256,768,0,0.125,1,512,768,-0.0022277826968978903,1.6895361495961276,2.514696496056477,-0.048786523462470144,0.00238012487155415,block_bootstrap,0.48507878882283456,0.23530143136582812,512,768,after,equal512,2026108999,1.436743797024774,"[0.125, 0.125, 0.125, 0.125, 0.125, 0.125, 0.125, 0.125]",markov_stationary
1.5924658331719885,1.693308472912593,0.1777014189750541,0.03157779430574772,-0.2982044845546196,1.9942117913116426,-0.30737736984778047,0.09448084749453922,0,256,768,0,0.125,1,512,768,-0.0022277826968978903,1.6895361495961276,2.514696496056477,-0.20697714637176035,0.042839539120197105,gaussian_iid,0.48507878882283456,0.23530143136582812,512,768,after,equal512,2026108999,1.436743797024774,"[0.125, 0.125, 0.125, 0.125, 0.125, 0.125, 0.125, 0.125]",markov_stationary
1.5924658331719885,1.693308472912593,-0.029196261797339473,0.0008524217029387843,-0.49892783735327184,1.6438701954337838,-0.514275050620174,0.2644788276903825,0,256,768,0,0.125,1,512,768,-0.0022277826968978903,1.6895361495961276,2.514696496056477,-0.34629479222972426,0.11992008312542789,ewma_gaussian,0.48507878882283456,0.23530143136582812,512,768,after,equal512,2026108999,1.436743797024774,"[0.125, 0.125, 0.125, 0.125, 0.125, 0.125, 0.125, 0.125]",markov_stationary
1.5924658331719885,1.693308472912593,0.17400186724686795,0.030276649805396655,-0.3017936326976115,1.9879473090243267,-0.31107692157596656,0.09676885113718005,0,256,768,0,0.125,1,512,768,-0.0022277826968978903,1.6895361495961276,2.514696496056477,-0.20946829482531726,0.04387696653702603,ar_gaussian,0.48507878882283456,0.23530143136582812,512,768,after,equal512,2026108999,1.436743797024774,"[0.125, 0.125, 0.125, 0.125, 0.125, 0.125, 0.125, 0.125]",markov_stationary
1.5958818638951309,1.669157709724853,0.05845824009759748,0.003417365835308354,-0.4932112817451425,1.7667337318807044,-0.4682243776084178,0.2192340677867902,0,256,512,0,0.2445726015198546,1,512,768,-0.002418853286349272,1.6651202621132497,2.5482740616469157,-0.30669398614884935,0.0940612011398706,raw,0.5266826177060153,0.27739457979366067,256,768,after,older256,2026108999,1.3697095594871196,"[0.33213615444288874, 1.8922718921684728e-24, 0.17299920045372447, 0.2733170091005675, 2.871392039849675e-16, 5.987663462313595e-24, 0.16119994268503812, 0.06034769331778093]",markov_stationary
1.5958818638951309,1.669157709724853,0.12926434431345735,0.01670927071078805,-0.4186265931091947,1.884920286628188,-0.3974182733925581,0.15794128402632204,0,256,512,0,0.2445726015198546,1,512,768,-0.002418853286349272,1.6651202621132497,2.5482740616469157,-0.26031492648401056,0.06776386095037581,iid_oic,0.5266826177060153,0.27739457979366067,256,768,after,older256,2026108999,1.3697095594871196,"[0.33213615444288874, 1.8922718921684728e-24, 0.17299920045372447, 0.2733170091005675, 2.871392039849675e-16, 5.987663462313595e-24, 0.16119994268503812, 0.06034769331778093]",markov_stationary
1.5958818638951309,1.669157709724853,0.1567870371941753,0.02458217503212771,-0.3896351452437242,1.9308600016424278,-0.3698955805118401,0.1368227404821912,0,256,512,0,0.2445726015198546,1,512,768,-0.002418853286349272,1.6651202621132497,2.5482740616469157,-0.24228715007421986,0.05870306309108753,hac,0.5266826177060153,0.27739457979366067,256,768,after,older256,2026108999,1.3697095594871196,"[0.33213615444288874, 1.8922718921684728e-24, 0.17299920045372447, 0.2733170091005675, 2.871392039849675e-16, 5.987663462313595e-24, 0.16119994268503812, 0.06034769331778093]",markov_stationary
1.5958818638951309,1.669157709724853,0.543888851219386,0.2958150824807434,0.01812444821536606,2.5769939789710845,0.017206233513370663,0.0002960544717166398,256,256,512,0,0.2445726015198546,1,512,768,-0.002418853286349272,1.6651202621132497,2.5482740616469157,0.011270340877545859,0.00012702058349608116,chronological,0.5266826177060153,0.27739457979366067,256,768,after,older256,2026108999,1.3697095594871196,"[0.33213615444288874, 1.8922718921684728e-24, 0.17299920045372447, 0.2733170091005675, 2.871392039849675e-16, 5.987663462313595e-24, 0.16119994268503812, 0.06034769331778093]",markov_stationary
1.5958818638951309,1.669157709724853,0.5642904030476521,0.3184236589716817,0.039614733659718224,2.611047386495586,0.03760778534163667,0.0014143455183026218,240,256,512,16,0.2445726015198546,1,512,768,-0.002418853286349272,1.6651202621132497,2.5482740616469157,0.02463366315006965,0.0006068173601910994,blocked_holdout,0.5266826177060153,0.27739457979366067,256,768,after,older256,2026108999,1.3697095594871196,"[0.33213615444288874, 1.8922718921684728e-24, 0.17299920045372447, 0.2733170091005675, 2.871392039849675e-16, 5.987663462313595e-24, 0.16119994268503812, 0.06034769331778093]",markov_stationary
1.5958818638951309,1.669157709724853,0.1546835957091739,0.023927014781519162,-0.3918508373787481,1.9273490260707826,-0.3719990219968415,0.13838327236660655,0,256,512,0,0.2445726015198546,1,512,768,-0.002418853286349272,1.6651202621132497,2.5482740616469157,-0.24366493577807624,0.05937260092773402,gaussian_iid,0.5266826177060153,0.27739457979366067,256,768,after,older256,2026108999,1.3697095594871196,"[0.33213615444288874, 1.8922718921684728e-24, 0.17299920045372447, 0.2733170091005675, 2.871392039849675e-16, 5.987663462313595e-24, 0.16119994268503812, 0.06034769331778093]",markov_stationary
1.5958818638951309,1.669157709724853,-0.025021233712979818,0.0006260621365195578,-0.5811456573276937,1.6273933245660053,-0.5517038514189951,0.3043771396705527,0,256,512,0,0.2445726015198546,1,512,768,-0.002418853286349272,1.6651202621132497,2.5482740616469157,-0.36137429287560907,0.13059137955134648,ewma_gaussian,0.5266826177060153,0.27739457979366067,256,768,after,older256,2026108999,1.3697095594871196,"[0.33213615444288874, 1.8922718921684728e-24, 0.17299920045372447, 0.2733170091005675, 2.871392039849675e-16, 5.987663462313595e-24, 0.16119994268503812, 0.06034769331778093]",markov_stationary
1.5958818638951309,1.669157709724853,0.16117583060065432,0.02597764836981082,-0.3850121428439336,1.9381855899932419,-0.36550678710536105,0.13359521142008374,0,256,512,0,0.2445726015198546,1,512,768,-0.002418853286349272,1.6651202621132497,2.5482740616469157,-0.23941242460372636,0.05731830905463496,ar_gaussian,0.5266826177060153,0.27739457979366067,256,768,after,older256,2026108999,1.3697095594871196,"[0.33213615444288874, 1.8922718921684728e-24, 0.17299920045372447, 0.2733170091005675, 2.871392039849675e-16, 5.987663462313595e-24, 0.16119994268503812, 0.06034769331778093]",markov_stationary
1.8887430249052517,1.9513784047938914,0.07662990087534638,0.005872141708165412,-0.0584220333155495,2.1009123385235386,-0.13683941600751742,0.018725025773278416,0,256,768,0,0.2324624737161876,1,512,768,-0.001691854085696143,1.9480769572670016,2.3679378198452157,-0.11276710016782943,0.012716418880261275,raw,0.21346931688286372,0.04556914925043649,512,768,after,full512,2026108999,1.4615207297241242,"[0.3609234495324624, 0.14163473655796807, 0.08849354816271404, 0.19872063421452202, 6.093073784946474e-24, 0.025372008553654634, -1.59697277186086e-24, 0.18485562297867889]",markov_shift
1.8887430249052517,1.9513784047938914,0.15768937418354612,0.02486593873039842,-0.023814612527577182,2.259090044241127,-0.05577994269931751,0.003111402007539145,0,256,768,0,0.2324624737161876,1,512,768,-0.001691854085696143,1.9480769572670016,2.3679378198452157,-0.04596732848804441,0.0021129952883277795,iid_oic,0.21346931688286372,0.04556914925043649,512,768,after,full512,2026108999,1.4615207297241242,"[0.3609234495324624, 0.14163473655796807, 0.08849354816271404, 0.19872063421452202, 6.093073784946474e-24, 0.025372008553654634, -1.59697277186086e-24, 0.18485562297867889]",markov_shift
1.8887430249052517,1.9513784047938914,0.1552120896775575,0.024090792782074155,-0.024872260990013034,2.25425592475361,-0.05825722720530629,0.003393904521650679,0,256,768,0,0.2324624737161876,1,512,768,-0.001691854085696143,1.9480769572670016,2.3679378198452157,-0.048008817688902305,0.002304846575886259,hac,0.21346931688286372,0.04556914925043649,512,768,after,full512,2026108999,1.4615207297241242,"[0.3609234495324624, 0.14163473655796807, 0.08849354816271404, 0.19872063421452202, 6.093073784946474e-24, 0.025372008553654634, -1.59697277186086e-24, 0.18485562297867889]",markov_shift
1.8887430249052517,1.9513784047938914,0.15884481945031403,0.025231676666202865,-0.02332130830399224,2.261344755182619,-0.054624497432549664,0.002983835719758625,0,256,768,0,0.2324624737161876,1,512,768,-0.001691854085696143,1.9480769572670016,2.3679378198452157,-0.0450151451483487,0.0020263632927269015,block_bootstrap,0.21346931688286372,0.04556914925043649,512,768,after,full512,2026108999,1.4615207297241242,"[0.3609234495324624, 0.14163473655796807, 0.08849354816271404, 0.19872063421452202, 6.093073784946474e-24, 0.025372008553654634, -1.59697277186086e-24, 0.18485562297867889]",markov_shift
1.8887430249052517,1.9513784047938914,-0.07897255281058746,0.0062366640974210255,-0.12485473230281692,1.797273070667866,-0.29244186969345115,0.08552224714980146,0,256,768,0,0.2324624737161876,1,512,768,-0.001691854085696143,1.9480769572670016,2.3679378198452157,-0.24099650945000417,0.058079317567085946,gaussian_iid,0.21346931688286372,0.04556914925043649,512,768,after,full512,2026108999,1.4615207297241242,"[0.3609234495324624, 0.14163473655796807, 0.08849354816271404, 0.19872063421452202, 6.093073784946474e-24, 0.025372008553654634, -1.59697277186086e-24, 0.18485562297867889]",markov_shift
1.8887430249052517,1.9513784047938914,-0.19215292511437287,0.03692274663000979,-0.17317580582329145,1.5764153363077265,-0.40562224199723657,0.16452940320286474,0,256,768,0,0.2324624737161876,1,512,768,-0.001691854085696143,1.9480769572670016,2.3679378198452157,-0.33426658289077393,0.11173414843747465,ewma_gaussian,0.21346931688286372,0.04556914925043649,512,768,after,full512,2026108999,1.4615207297241242,"[0.3609234495324624, 0.14163473655796807, 0.08849354816271404, 0.19872063421452202, 6.093073784946474e-24, 0.025372008553654634, -1.59697277186086e-24, 0.18485562297867889]",markov_shift
1.8887430249052517,1.9513784047938914,-0.08542579665115324,0.007297566733484184,-0.12760987141146518,1.7846803499965167,-0.29889511353401693,0.08933828889451287,0,256,768,0,0.2324624737161876,1,512,768,-0.001691854085696143,1.9480769572670016,2.3679378198452157,-0.24631452099820117,0.06067084325457329,ar_gaussian,0.21346931688286372,0.04556914925043649,512,768,after,full512,2026108999,1.4615207297241242,"[0.3609234495324624, 0.14163473655796807, 0.08849354816271404, 0.19872063421452202, 6.093073784946474e-24, 0.025372008553654634, -1.59697277186086e-24, 0.18485562297867889]",markov_shift
1.9946087302166127,2.0331247605529263,0.1652351782223065,0.02730266412215739,-0.03393187208201337,2.3690684927110732,-0.0716276768503862,0.00513052409098335,0,256,768,0,0.125,1,512,768,-0.0018772599029972005,2.0293080569621496,2.514696496056477,-0.05791076719348687,0.003353656956938235,raw,0.23686285507269264,0.0561040121131874,512,768,after,equal512,2026108999,1.436743797024774,"[0.125, 0.125, 0.125, 0.125, 0.125, 0.125, 0.125, 0.125]",markov_shift
1.9946087302166127,2.0331247605529263,0.1759614102237852,0.030962417887943218,-0.02885058020992871,2.390876260580715,-0.06090144484890748,0.0037089859846845194,0,256,768,0,0.125,1,512,768,-0.0018772599029972005,2.0293080569621496,2.514696496056477,-0.04923863999887701,0.002424443668939011,iid_oic,0.23686285507269264,0.0561040121131874,512,768,after,equal512,2026108999,1.436743797024774,"[0.125, 0.125, 0.125, 0.125, 0.125, 0.125, 0.125, 0.125]",markov_shift
1.9946087302166127,2.0331247605529263,0.1825801518659338,0.03333551185538745,-0.025715112125232975,2.40433298809707,-0.05428270320675876,0.0029466118674330577,0,256,768,0,0.125,1,512,768,-0.0018772599029972005,2.0293080569621496,2.514696496056477,-0.04388740674370761,0.0019261044706876324,hac,0.23686285507269264,0.0561040121131874,512,768,after,equal512,2026108999,1.436743797024774,"[0.125, 0.125, 0.125, 0.125, 0.125, 0.125, 0.125, 0.125]",markov_shift
1.9946087302166127,2.0331247605529263,0.17652061637383087,0.031159528004997168,-0.028585669879380597,2.3920131964506264,-0.060342238698861676,0.0036411857711903996,0,256,768,0,0.125,1,512,768,-0.0018772599029972005,2.0293080569621496,2.514696496056477,-0.048786523462470144,0.00238012487155415,block_bootstrap,0.23686285507269264,0.0561040121131874,512,768,after,equal512,2026108999,1.436743797024774,"[0.125, 0.125, 0.125, 0.125, 0.125, 0.125, 0.125, 0.125]",markov_shift
1.9946087302166127,2.0331247605529263,-0.019139489123481512,0.0003663200439078671,-0.12127489230321596,1.9942117913116426,-0.2560023441961742,0.06553720023393643,0,256,768,0,0.125,1,512,768,-0.0018772599029972005,2.0293080569621496,2.514696496056477,-0.20697714637176035,0.042839539120197105,gaussian_iid,0.23686285507269264,0.0561040121131874,512,768,after,equal512,2026108999,1.436743797024774,"[0.125, 0.125, 0.125, 0.125, 0.125, 0.125, 0.125, 0.125]",markov_shift
1.9946087302166127,2.0331247605529263,-0.191456310341369,0.036655518769530604,-0.2029058008046551,1.6438701954337838,-0.4283191654140616,0.18345730746099828,0,256,768,0,0.125,1,512,768,-0.0018772599029972005,2.0293080569621496,2.514696496056477,-0.34629479222972426,0.11992008312542789,ewma_gaussian,0.23686285507269264,0.0561040121131874,512,768,after,equal512,2026108999,1.436743797024774,"[0.125, 0.125, 0.125, 0.125, 0.125, 0.125, 0.125, 0.125]",markov_shift
1.9946087302166127,2.0331247605529263,-0.022220698112157766,0.0004937594245916517,-0.12273454021948296,1.9879473090243267,-0.25908355318485043,0.06712428753088723,0,256,768,0,0.125,1,512,768,-0.0018772599029972005,2.0293080569621496,2.514696496056477,-0.20946829482531726,0.04387696653702603,ar_gaussian,0.23686285507269264,0.0561040121131874,512,768,after,equal512,2026108999,1.436743797024774,"[0.125, 0.125, 0.125, 0.125, 0.125, 0.125, 0.125, 0.125]",markov_shift
2.000349077501962,2.0328567736223793,-0.13091086651789352,0.017137654972465735,-0.19495160211011953,1.7667337318807044,-0.38445420253271084,0.14780503384506266,0,256,512,0,0.2445726015198546,1,512,768,-0.002009461290275553,2.0287718266271106,2.5482740616469157,-0.30669398614884935,0.0940612011398706,raw,0.2535433360148174,0.06428422323752259,256,768,after,older256,2026108999,1.3697095594871196,"[0.33213615444288874, 1.8922718921684728e-24, 0.17299920045372447, 0.2733170091005675, 2.871392039849675e-16, 5.987663462313595e-24, 0.16119994268503812, 0.06034769331778093]",markov_shift
2.000349077501962,2.0328567736223793,-0.07277270534440106,0.005295866643143018,-0.16547051544273075,1.884920286628188,-0.3263160413592185,0.10648215884835119,0,256,512,0,0.2445726015198546,1,512,768,-0.002009461290275553,2.0287718266271106,2.5482740616469157,-0.26031492648401056,0.06776386095037581,iid_oic,0.2535433360148174,0.06428422323752259,256,768,after,older256,2026108999,1.3697095594871196,"[0.33213615444288874, 1.8922718921684728e-24, 0.17299920045372447, 0.2733170091005675, 2.871392039849675e-16, 5.987663462313595e-24, 0.16119994268503812, 0.06034769331778093]",markov_shift
2.000349077501962,2.0328567736223793,-0.05017410636274289,0.0025174409492998364,-0.15401106709258935,1.9308600016424278,-0.3037174423775602,0.09224428480436661,0,256,512,0,0.2445726015198546,1,512,768,-0.002009461290275553,2.0287718266271106,2.5482740616469157,-0.24228715007421986,0.05870306309108753,hac,0.2535433360148174,0.06428422323752259,256,768,after,older256,2026108999,1.3697095594871196,"[0.33213615444288874, 1.8922718921684728e-24, 0.17299920045372447, 0.2733170091005675, 2.871392039849675e-16, 5.987663462313595e-24, 0.16119994268503812, 0.06034769331778093]",markov_shift
2.000349077501962,2.0328567736223793,0.2676711967164802,0.07164786955163265,0.0071640498661044855,2.5769939789710845,0.014127860701662871,0.0001995964480055901,256,256,512,0,0.2445726015198546,1,512,768,-0.002009461290275553,2.0287718266271106,2.5482740616469157,0.011270340877545859,0.00012702058349608116,chronological,0.2535433360148174,0.06428422323752259,256,768,after,older256,2026108999,1.3697095594871196,"[0.33213615444288874, 1.8922718921684728e-24, 0.17299920045372447, 0.2733170091005675, 2.871392039849675e-16, 5.987663462313595e-24, 0.16119994268503812, 0.06034769331778093]",markov_shift
2.000349077501962,2.0328567736223793,0.28442270029822114,0.08089627244493172,0.015658514068861942,2.611047386495586,0.03087936428340369,0.0009535351385471474,240,256,512,16,0.2445726015198546,1,512,768,-0.002009461290275553,2.0287718266271106,2.5482740616469157,0.02463366315006965,0.0006068173601910994,blocked_holdout,0.2535433360148174,0.06428422323752259,256,768,after,older256,2026108999,1.3697095594871196,"[0.33213615444288874, 1.8922718921684728e-24, 0.17299920045372447, 0.2733170091005675, 2.871392039849675e-16, 5.987663462313595e-24, 0.16119994268503812, 0.06034769331778093]",markov_shift
2.000349077501962,2.0328567736223793,-0.05190122045026846,0.002693736684227365,-0.15488686362744827,1.9273490260707826,-0.3054445564650859,0.09329637707415304,0,256,512,0,0.2445726015198546,1,512,768,-0.002009461290275553,2.0287718266271106,2.5482740616469157,-0.24366493577807624,0.05937260092773402,gaussian_iid,0.2535433360148174,0.06428422323752259,256,768,after,older256,2026108999,1.3697095594871196,"[0.33213615444288874, 1.8922718921684728e-24, 0.17299920045372447, 0.2733170091005675, 2.871392039849675e-16, 5.987663462313595e-24, 0.16119994268503812, 0.06034769331778093]",markov_shift
2.000349077501962,2.0328567736223793,-0.19945500062646926,0.03978229727490485,-0.22970941896239022,1.6273933245660053,-0.4529983366412867,0.2052074929997725,0,256,512,0,0.2445726015198546,1,512,768,-0.002009461290275553,2.0287718266271106,2.5482740616469157,-0.36137429287560907,0.13059137955134648,ewma_gaussian,0.2535433360148174,0.06428422323752259,256,768,after,older256,2026108999,1.3697095594871196,"[0.33213615444288874, 1.8922718921684728e-24, 0.17299920045372447, 0.2733170091005675, 2.871392039849675e-16, 5.987663462313595e-24, 0.16119994268503812, 0.06034769331778093]",markov_shift
2.000349077501962,2.0328567736223793,-0.04657051340633378,0.0021688127189295144,-0.15218373313297448,1.9381855899932419,-0.30011384942115116,0.09006832261438139,0,256,512,0,0.2445726015198546,1,512,768,-0.002009461290275553,2.0287718266271106,2.5482740616469157,-0.23941242460372636,0.05731830905463496,ar_gaussian,0.2535433360148174,0.06428422323752259,256,768,after,older256,2026108999,1.3697095594871196,"[0.33213615444288874, 1.8922718921684728e-24, 0.17299920045372447, 0.2733170091005675, 2.871392039849675e-16, 5.987663462313595e-24, 0.16119994268503812, 0.06034769331778093]",markov_shift
1.5990589450745707,1.6666166362954005,0.23023574478201603,0.05300849817532962,-0.32998396410848285,2.0503313588189704,-0.30707178475145896,0.09429308099044635,0,192,704,0,0.23082237584798876,1,512,704,-0.0018243459855980149,1.663576150925444,2.5621023038226722,-0.1997464910905925,0.03989866070300415,raw,0.537307529533475,0.28869938129336614,512,704,before,full512,2026108998,1.3557976971752508,"[0.22890605687096308, 0.15621787192262887, 0.0327016196769566, 0.022635512200312548, 1.017202348392874e-17, 0.18463975839541838, 0.032413999693372525, 0.34248518124034805]",markov_shift
1.5990589450745707,1.6666166362954005,0.34292611500559755,0.11759832035283233,-0.20888519525439245,2.238143004583879,-0.19438141452787755,0.03778413431385857,0,192,704,0,0.23082237584798876,1,512,704,-0.0018243459855980149,1.663576150925444,2.5621023038226722,-0.12644276489484585,0.01598777279425326,iid_oic,0.537307529533475,0.28869938129336614,512,704,before,full512,2026108998,1.3557976971752508,"[0.22890605687096308, 0.15621787192262887, 0.0327016196769566, 0.022635512200312548, 1.017202348392874e-17, 0.18463975839541838, 0.032413999693372525, 0.34248518124034805]",markov_shift
1.5990589450745707,1.6666166362954005,0.34108832466726446,0.11634124522432121,-0.21086011242737282,2.2350801126319904,-0.19621920486621053,0.038501976358327895,0,192,704,0,0.23082237584798876,1,512,704,-0.0018243459855980149,1.663576150925444,2.5621023038226722,-0.1276382253365772,0.016291516567070858,hac,0.537307529533475,0.28869938129336614,512,704,before,full512,2026108998,1.3557976971752508,"[0.22890605687096308, 0.15621787192262887, 0.0327016196769566, 0.022635512200312548, 1.017202348392874e-17, 0.18463975839541838, 0.032413999693372525, 0.34248518124034805]",markov_shift
1.5990589450745707,1.6666166362954005,0.29899817779188953,0.08939991032287038,-0.2560908180979906,2.1649319736253734,-0.23830935174158563,0.056791347127494785,0,192,704,0,0.23082237584798876,1,512,704,-0.0018243459855980149,1.663576150925444,2.5621023038226722,-0.15501735805190853,0.02403038129739361,block_bootstrap,0.537307529533475,0.28869938129336614,512,704,before,full512,2026108998,1.3557976971752508,"[0.22890605687096308, 0.15621787192262887, 0.0327016196769566, 0.022635512200312548, 1.017202348392874e-17, 0.18463975839541838, 0.032413999693372525, 0.34248518124034805]",markov_shift
1.5990589450745707,1.6666166362954005,0.239317273449706,0.057272757371401355,-0.3202248166428352,2.065466785579536,-0.29799025608376917,0.08879819272087033,0,192,704,0,0.23082237584798876,1,512,704,-0.0018243459855980149,1.663576150925444,2.5621023038226722,-0.19383906626294867,0.037573583609691805,gaussian_iid,0.537307529533475,0.28869938129336614,512,704,before,full512,2026108998,1.3557976971752508,"[0.22890605687096308, 0.15621787192262887, 0.0327016196769566, 0.022635512200312548, 1.017202348392874e-17, 0.18463975839541838, 0.032413999693372525, 0.34248518124034805]",markov_shift
1.5990589450745707,1.6666166362954005,1.315559683274027,1.7306972802560583,0.8363214841608841,3.8591502904794015,0.7782521537405518,0.6056764148018075,0,192,704,0,0.23082237584798876,1,512,704,-0.0018243459855980149,1.663576150925444,2.5621023038226722,0.5062436362207419,0.2562826192139988,ewma_gaussian,0.537307529533475,0.28869938129336614,512,704,before,full512,2026108998,1.3557976971752508,"[0.22890605687096308, 0.15621787192262887, 0.0327016196769566, 0.022635512200312548, 1.017202348392874e-17, 0.18463975839541838, 0.032413999693372525, 0.34248518124034805]",markov_shift
1.5990589450745707,1.6666166362954005,0.19844218217749887,0.039379299667367654,-0.36414980526468504,1.9973436784551826,-0.3388653473559763,0.11482972363868646,0,192,704,0,0.23082237584798876,1,512,704,-0.0018243459855980149,1.663576150925444,2.5621023038226722,-0.2204278199683386,0.04858842381599429,ar_gaussian,0.537307529533475,0.28869938129336614,512,704,before,full512,2026108998,1.3557976971752508,"[0.22890605687096308, 0.15621787192262887, 0.0327016196769566, 0.022635512200312548, 1.017202348392874e-17, 0.18463975839541838, 0.032413999693372525, 0.34248518124034805]",markov_shift
1.5912342949839766,1.6992225969043744,0.31890953165786295,0.1017032893822375,-0.15135898086781033,2.241120879465606,-0.15851585039128552,0.025127274825272414,0,192,704,0,0.125,1,512,704,-0.0016210252626093018,1.6964681141479958,2.5104745944179916,-0.10729195011624093,0.011511562559745931,raw,0.47742538204914853,0.22793499542477544,512,704,before,equal512,2026108998,1.4515400523455217,"[0.125, 0.125, 0.125, 0.125, 0.125, 0.125, 0.125, 0.125]",markov_shift
1.5912342949839766,1.6992225969043744,0.3292466630919495,0.1084033651571837,-0.14148856301938836,2.2586859667855763,-0.14817871895719908,0.021956932751796592,0,192,704,0,0.125,1,512,704,-0.0016210252626093018,1.6964681141479958,2.5104745944179916,-0.10029523030914711,0.010059133222764862,iid_oic,0.47742538204914853,0.22793499542477544,512,704,before,equal512,2026108998,1.4515400523455217,"[0.125, 0.125, 0.125, 0.125, 0.125, 0.125, 0.125, 0.125]",markov_shift
1.5912342949839766,1.6992225969043744,0.3357988078295364,0.11276083933973793,-0.1352322426102208,2.269819519181872,-0.1416265742196121,0.0200580865251833,0,192,704,0,0.125,1,512,704,-0.0016210252626093018,1.6964681141479958,2.5104745944179916,-0.09586039060949392,0.009189214487804749,hac,0.47742538204914853,0.22793499542477544,512,704,before,equal512,2026108998,1.4515400523455217,"[0.125, 0.125, 0.125, 0.125, 0.125, 0.125, 0.125, 0.125]",markov_shift
1.5912342949839766,1.6992225969043744,0.3394165708196131,0.11520360854694542,-0.13177781885481948,2.275966903804855,-0.13800881122953537,0.01904643197698953,0,192,704,0,0.125,1,512,704,-0.0016210252626093018,1.6964681141479958,2.5104745944179916,-0.09341169639181435,0.0087257450227965,block_bootstrap,0.47742538204914853,0.22793499542477544,512,704,before,equal512,2026108998,1.4515400523455217,"[0.125, 0.125, 0.125, 0.125, 0.125, 0.125, 0.125, 0.125]",markov_shift
1.5912342949839766,1.6992225969043744,0.22147458415557364,0.04905099142688427,-0.24439481494024884,2.0755572149415245,-0.25595079789357494,0.06551081094235765,0,192,704,0,0.125,1,512,704,-0.0016210252626093018,1.6964681141479958,2.5104745944179916,-0.17324109968828216,0.03001247862120532,gaussian_iid,0.47742538204914853,0.22793499542477544,512,704,before,equal512,2026108998,1.4515400523455217,"[0.125, 0.125, 0.125, 0.125, 0.125, 0.125, 0.125, 0.125]",markov_shift
1.5912342949839766,1.6992225969043744,1.457847488446776,2.125319299570573,0.9361567974326364,4.176429992113425,0.9804221063976274,0.9612275067131606,0,192,704,0,0.125,1,512,704,-0.0016210252626093018,1.6964681141479958,2.5104745944179916,0.6636017752976524,0.44036731617819597,ewma_gaussian,0.47742538204914853,0.22793499542477544,512,704,before,equal512,2026108998,1.4515400523455217,"[0.125, 0.125, 0.125, 0.125, 0.125, 0.125, 0.125, 0.125]",markov_shift
1.5912342949839766,1.6992225969043744,0.19612896696009807,0.03846657168083524,-0.2685960968858916,2.0324893694704844,-0.28129641508905046,0.07912767314195138,0,192,704,0,0.125,1,512,704,-0.0016210252626093018,1.6964681141479958,2.5104745944179916,-0.19039636011864103,0.03625077394642724,ar_gaussian,0.47742538204914853,0.22793499542477544,512,704,before,equal512,2026108998,1.4515400523455217,"[0.125, 0.125, 0.125, 0.125, 0.125, 0.125, 0.125, 0.125]",markov_shift
1.6684475367262348,1.7113570930447908,0.04094449809896261,0.001676451924575953,-0.6621267930863363,1.7814277502876092,-0.5552729285458783,0.30832802517591607,0,192,448,0,0.30335857491949536,1,512,704,-0.0020243655803365243,1.7078926806499661,2.7316980151303514,-0.34786797793144686,0.1210121300701136,raw,0.5962174266448408,0.3554752198349961,256,704,before,older256,2026108998,1.293675656999033,"[0.18273343041072793, 0.06631245218547614, 0.12377382455517383, 6.43229359942679e-24, 8.449560835468233e-17, 0.14992553891689175, -3.0906708616388002e-24, 0.47725475393173045]",markov_shift
1.6684475367262348,1.7113570930447908,0.2403209784441469,0.05775417268035212,-0.42438332899651315,2.122632104112646,-0.3558964482006939,0.12666228184186917,0,192,448,0,0.30335857491949536,1,512,704,-0.0020243655803365243,1.7078926806499661,2.7316980151303514,-0.22296238736646812,0.04971222618015498,iid_oic,0.5962174266448408,0.3554752198349961,256,704,before,older256,2026108998,1.293675656999033,"[0.18273343041072793, 0.06631245218547614, 0.12377382455517383, 6.43229359942679e-24, 8.449560835468233e-17, 0.14992553891689175, -3.0906708616388002e-24, 0.47725475393173045]",markov_shift
1.6684475367262348,1.7113570930447908,0.20151007160058265,0.040606308956471944,-0.4706628070045583,2.0562127833984114,-0.39470735504425825,0.15579389612603414,0,192,448,0,0.30335857491949536,1,512,704,-0.0020243655803365243,1.7078926806499661,2.7316980151303514,-0.247276685779525,0.06114575933010594,hac,0.5962174266448408,0.3554752198349961,256,704,before,older256,2026108998,1.293675656999033,"[0.18273343041072793, 0.06631245218547614, 0.12377382455517383, 6.43229359942679e-24, 8.449560835468233e-17, 0.14992553891689175, -3.0906708616388002e-24, 0.47725475393173045]",markov_shift
1.6684475367262348,1.7113570930447908,0.46132784681907824,0.21282338225072692,-0.16084703632984007,2.500853775917701,-0.13488957982576263,0.01819519874557079,256,192,448,0,0.30335857491949536,1,512,704,-0.0020243655803365243,1.7078926806499661,2.7316980151303514,-0.08450576818303068,0.0071412248562041205,chronological,0.5962174266448408,0.3554752198349961,256,704,before,older256,2026108998,1.293675656999033,"[0.18273343041072793, 0.06631245218547614, 0.12377382455517383, 6.43229359942679e-24, 8.449560835468233e-17, 0.14992553891689175, -3.0906708616388002e-24, 0.47725475393173045]",markov_shift
1.6684475367262348,1.7113570930447908,0.43081570953887494,0.18560217558548425,-0.19723077227111382,2.4486366133592687,-0.16540171710596588,0.027357728021601965,240,192,448,16,0.30335857491949536,1,512,704,-0.0020243655803365243,1.7078926806499661,2.7316980151303514,-0.10362104456761323,0.010737320877283288,blocked_holdout,0.5962174266448408,0.3554752198349961,256,704,before,older256,2026108998,1.293675656999033,"[0.18273343041072793, 0.06631245218547614, 0.12377382455517383, 6.43229359942679e-24, 8.449560835468233e-17, 0.14992553891689175, -3.0906708616388002e-24, 0.47725475393173045]",markov_shift
1.6684475367262348,1.7113570930447908,0.26657473505671603,0.07106208937055834,-0.3930774345819014,2.1675616567106375,-0.32964269158812487,0.10866430411746361,0,192,448,0,0.30335857491949536,1,512,704,-0.0020243655803365243,1.7078926806499661,2.7316980151303514,-0.2065149058552852,0.04264840634041731,gaussian_iid,0.5962174266448408,0.3554752198349961,256,704,before,older256,2026108998,1.293675656999033,"[0.18273343041072793, 0.06631245218547614, 0.12377382455517383, 6.43229359942679e-24, 8.449560835468233e-17, 0.14992553891689175, -3.0906708616388002e-24, 0.47725475393173045]",markov_shift
1.6684475367262348,1.7113570930447908,1.2639602521280606,1.5975955189596305,0.7962398181403209,3.8744444358508296,0.66774282548322,0.44588048098431393,0,192,448,0,0.30335857491949536,1,512,704,-0.0020243655803365243,1.7078926806499661,2.7316980151303514,0.4183282392091019,0.17499851571978758,ewma_gaussian,0.5962174266448408,0.3554752198349961,256,704,before,older256,2026108998,1.293675656999033,"[0.18273343041072793, 0.06631245218547614, 0.12377382455517383, 6.43229359942679e-24, 8.449560835468233e-17, 0.14992553891689175, -3.0906708616388002e-24, 0.47725475393173045]",markov_shift
1.6684475367262348,1.7113570930447908,0.21735951562566713,0.047245159033024633,-0.45176337754378376,2.083336841851556,-0.3788579110191738,0.14353331674181222,0,192,448,0,0.30335857491949536,1,512,704,-0.0020243655803365243,1.7078926806499661,2.7316980151303514,-0.23734730914165736,0.056333745156785464,ar_gaussian,0.5962174266448408,0.3554752198349961,256,704,before,older256,2026108998,1.293675656999033,"[0.18273343041072793, 0.06631245218547614, 0.12377382455517383, 6.43229359942679e-24, 8.449560835468233e-17, 0.14992553891689175, -3.0906708616388002e-24, 0.47725475393173045]",markov_shift
1.5775467240247365,1.621617433850234,0.056769170394328494,0.003222738707260303,-0.6383432162821117,1.7136753102668916,-0.5372807688929293,0.2886706246221773,0,128,640,0,0.25045776637627104,1,512,640,-0.01165567289773561,1.6027163914760103,2.5849391719761243,-0.33705391258517403,0.11360533998897414,raw,0.5940499392872578,0.35289533036719467,512,640,before,full512,2026108998,1.201978997168822,"[0.34482265160513503, 0.12267523688151549, 0.07489419009503998, 2.5514474310792573e-17, -1.983325029617258e-25, 0.17315215485366628, 2.6900024124329213e-17, 0.28445576656464316]",markov_shift
1.5775467240247365,1.621617433850234,0.12182798393425465,0.014842057669485008,-0.5610468478151233,1.8191758165288476,-0.4722219553530031,0.22299357511741366,0,128,640,0,0.25045776637627104,1,512,640,-0.01165567289773561,1.6027163914760103,2.5849391719761243,-0.2962403772394647,0.08775836110698038,iid_oic,0.5940499392872578,0.35289533036719467,512,640,before,full512,2026108998,1.201978997168822,"[0.34482265160513503, 0.12267523688151549, 0.07489419009503998, 2.5514474310792573e-17, -1.983325029617258e-25, 0.17315215485366628, 2.6900024124329213e-17, 0.28445576656464316]",markov_shift
1.5775467240247365,1.621617433850234,0.10774437395767289,0.01160885011953086,-0.5777795831181909,1.7963375890592757,-0.4863055653295848,0.23649310287052708,0,128,640,0,0.25045776637627104,1,512,640,-0.01165567289773561,1.6027163914760103,2.5849391719761243,-0.3050754893833658,0.09307105422250014,hac,0.5940499392872578,0.35289533036719467,512,640,before,full512,2026108998,1.201978997168822,"[0.34482265160513503, 0.12267523688151549, 0.07489419009503998, 2.5514474310792573e-17, -1.983325029617258e-25, 0.17315215485366628, 2.6900024124329213e-17, 0.28445576656464316]",markov_shift
1.5775467240247365,1.621617433850234,0.10936086717602866,0.011959799269492984,-0.575859027721746,1.7989589226438618,-0.4846890721112292,0.23492349662404433,0,128,640,0,0.25045776637627104,1,512,640,-0.01165567289773561,1.6027163914760103,2.5849391719761243,-0.30406140997561637,0.09245334103635985,block_bootstrap,0.5940499392872578,0.35289533036719467,512,640,before,full512,2026108998,1.201978997168822,"[0.34482265160513503, 0.12267523688151549, 0.07489419009503998, 2.5514474310792573e-17, -1.983325029617258e-25, 0.17315215485366628, 2.6900024124329213e-17, 0.28445576656464316]",markov_shift
1.5775467240247365,1.621617433850234,0.09835480757963677,0.009673668174027376,-0.588935325791803,1.7811113045243583,-0.4956951317076209,0.24571366359863564,0,128,640,0,0.25045776637627104,1,512,640,-0.01165567289773561,1.6027163914760103,2.5849391719761243,-0.3109658734589328,0.096699774456077,gaussian_iid,0.5940499392872578,0.35289533036719467,512,640,before,full512,2026108998,1.201978997168822,"[0.34482265160513503, 0.12267523688151549, 0.07489419009503998, 2.5514474310792573e-17, -1.983325029617258e-25, 0.17315215485366628, 2.6900024124329213e-17, 0.28445576656464316]",markov_shift
1.5775467240247365,1.621617433850234,0.0783528233083215,0.0061391649203850485,-0.612699680875802,1.7486757381183953,-0.5156971159789362,0.26594351542899236,0,128,640,0,0.25045776637627104,1,512,640,-0.01165567289773561,1.6027163914760103,2.5849391719761243,-0.3235137766195193,0.10466116366262423,ewma_gaussian,0.5940499392872578,0.35289533036719467,512,640,before,full512,2026108998,1.201978997168822,"[0.34482265160513503, 0.12267523688151549, 0.07489419009503998, 2.5514474310792573e-17, -1.983325029617258e-25, 0.17315215485366628, 2.6900024124329213e-17, 0.28445576656464316]",markov_shift
1.5775467240247365,1.621617433850234,0.15890173963303922,0.02524976285840619,-0.5169995231710962,1.879295265108301,-0.43514819965421864,0.18935395566230773,0,128,640,0,0.25045776637627104,1,512,640,-0.01165567289773561,1.6027163914760103,2.5849391719761243,-0.2729827898922571,0.07451960357736019,ar_gaussian,0.5940499392872578,0.35289533036719467,512,640,before,full512,2026108998,1.201978997168822,"[0.34482265160513503, 0.12267523688151549, 0.07489419009503998, 2.5514474310792573e-17, -1.983325029617258e-25, 0.17315215485366628, 2.6900024124329213e-17, 0.28445576656464316]",markov_shift
1.60764622714615,1.6575831427946222,0.14333478639975294,0.0205448609922628,-0.46299597270914045,1.8951724685069204,-0.4147832225902939,0.17204512174238928,0,128,640,0,0.125,1,512,640,-0.010950663439050998,1.6394315076756338,2.582710146186621,-0.266207835476564,0.07086661166911737,raw,0.5581180089900468,0.311495711959014,512,640,before,equal512,2026108998,1.2859881617241065,"[0.125, 0.125, 0.125, 0.125, 0.125, 0.125, 0.125, 0.125]",markov_shift
1.60764622714615,1.6575831427946222,0.15031911095170702,0.022595835117311606,-0.4551998180829865,1.9067495671480463,-0.4077988980383397,0.16629994124128417,0,128,640,0,0.125,1,512,640,-0.010950663439050998,1.6394315076756338,2.582710146186621,-0.2617252965984713,0.06850013087955778,iid_oic,0.5581180089900468,0.311495711959014,512,640,before,equal512,2026108998,1.2859881617241065,"[0.125, 0.125, 0.125, 0.125, 0.125, 0.125, 0.125, 0.125]",markov_shift
1.60764622714615,1.6575831427946222,0.15225447892371013,0.023181426352330493,-0.45303949064459176,1.909957600473543,-0.40586353006633674,0.16472520503790822,0,128,640,0,0.125,1,512,640,-0.010950663439050998,1.6394315076756338,2.582710146186621,-0.2604831776056632,0.06785148581554348,hac,0.5581180089900468,0.311495711959014,512,640,before,equal512,2026108998,1.2859881617241065,"[0.125, 0.125, 0.125, 0.125, 0.125, 0.125, 0.125, 0.125]",markov_shift
1.60764622714615,1.6575831427946222,0.13134053331989937,0.017250335692755595,-0.4763843900056417,1.8752909967913427,-0.42677747567014745,0.1821390137393833,0,128,640,0,0.125,1,512,640,-0.010950663439050998,1.6394315076756338,2.582710146186621,-0.27390574603959517,0.0750243577135072,block_bootstrap,0.5581180089900468,0.311495711959014,512,640,before,equal512,2026108998,1.2859881617241065,"[0.125, 0.125, 0.125, 0.125, 0.125, 0.125, 0.125, 0.125]",markov_shift
1.60764622714615,1.6575831427946222,0.12788248323449736,0.016353929518221497,-0.48024439006294645,1.869558991262841,-0.43023552575554935,0.18510260762215397,0,128,640,0,0.125,1,512,640,-0.010950663439050998,1.6394315076756338,2.582710146186621,-0.2761251222777553,0.07624508315290533,gaussian_iid,0.5581180089900468,0.311495711959014,512,640,before,equal512,2026108998,1.2859881617241065,"[0.125, 0.125, 0.125, 0.125, 0.125, 0.125, 0.125, 0.125]",markov_shift
1.60764622714615,1.6575831427946222,-0.01132539705878699,0.000128264618539181,-0.6356332400329718,1.638810355544521,-0.5694434060488338,0.324265792692497,0,128,640,0,0.125,1,512,640,-0.010950663439050998,1.6394315076756338,2.582710146186621,-0.36546872750539616,0.13356739078441351,ewma_gaussian,0.5581180089900468,0.311495711959014,512,640,before,equal512,2026108998,1.2859881617241065,"[0.125, 0.125, 0.125, 0.125, 0.125, 0.125, 0.125, 0.125]",markov_shift
1.60764622714615,1.6575831427946222,0.18050851843355797,0.03258332522707814,-0.4215013140902668,1.9567910200809202,-0.3776094905564888,0.142588927358331,0,128,640,0,0.125,1,512,640,-0.010950663439050998,1.6394315076756338,2.582710146186621,-0.2423497375537368,0.0587333952923651,ar_gaussian,0.5581180089900468,0.311495711959014,512,640,before,equal512,2026108998,1.2859881617241065,"[0.125, 0.125, 0.125, 0.125, 0.125, 0.125, 0.125, 0.125]",markov_shift
1.6594705305751831,1.7015335033400678,0.032847896381341446,0.0010789842966793446,-0.679718310644803,1.7574252995471633,-0.5667817628552443,0.32124156670529835,0,128,384,0,0.29538405817269847,1,512,640,-0.011765150883153054,1.681514704940532,2.7218234581275067,-0.3543206138886783,0.12554309742644984,raw,0.5996296592365858,0.35955572823618404,256,640,before,older256,2026108998,1.2389266717985563,"[0.22949939296959213, 0.047795727482895504, 0.12985832459853008, 6.624032757738483e-24, 3.659758706908117e-17, 0.14177375127299816, 2.370270185413088e-16, 0.451072803675984]",markov_shift
1.6594705305751831,1.7015335033400678,0.22870437876968142,0.0523056928684259,-0.4448355990572097,2.090681666177258,-0.3709252804669043,0.13758556368945163,0,128,384,0,0.29538405817269847,1,512,640,-0.011765150883153054,1.681514704940532,2.7218234581275067,-0.23188197238348673,0.05376924911645611,iid_oic,0.5996296592365858,0.35955572823618404,256,640,before,older256,2026108998,1.2389266717985563,"[0.22949939296959213, 0.047795727482895504, 0.12985832459853008, 6.624032757738483e-24, 3.659758706908117e-17, 0.14177375127299816, 2.370270185413088e-16, 0.451072803675984]",markov_shift
1.6594705305751831,1.7015335033400678,0.18707019127847402,0.034995256464964854,-0.4947657863730995,2.0198397012766263,-0.4125594679581118,0.1702053146018803,0,128,384,0,0.29538405817269847,1,512,640,-0.011765150883153054,1.681514704940532,2.7218234581275067,-0.2579093639430289,0.06651724000949773,hac,0.5996296592365858,0.35955572823618404,256,640,before,older256,2026108998,1.2389266717985563,"[0.22949939296959213, 0.047795727482895504, 0.12985832459853008, 6.624032757738483e-24, 3.659758706908117e-17, 0.14177375127299816, 2.370270185413088e-16, 0.451072803675984]",markov_shift
1.6594705305751831,1.7015335033400678,0.06393801085595219,0.00408806923221586,-0.6424332011487286,1.8103261709483913,-0.5356916483806337,0.28696554214476044,256,128,384,0,0.29538405817269847,1,512,640,-0.011765150883153054,1.681514704940532,2.7218234581275067,-0.3348847936692356,0.11214782503088652,chronological,0.5996296592365858,0.35955572823618404,256,640,before,older256,2026108998,1.2389266717985563,"[0.22949939296959213, 0.047795727482895504, 0.12985832459853008, 6.624032757738483e-24, 3.659758706908117e-17, 0.14177375127299816, 2.370270185413088e-16, 0.451072803675984]",markov_shift
1.6594705305751831,1.7015335033400678,0.08626306579618981,0.007441316520557772,-0.6156596709762232,1.8483129998931134,-0.513366593440396,0.26354525926059685,240,128,384,16,0.29538405817269847,1,512,640,-0.011765150883153054,1.681514704940532,2.7218234581275067,-0.3209284039440712,0.10299504045808892,blocked_holdout,0.5996296592365858,0.35955572823618404,256,640,before,older256,2026108998,1.2389266717985563,"[0.22949939296959213, 0.047795727482895504, 0.12985832459853008, 6.624032757738483e-24, 3.659758706908117e-17, 0.14177375127299816, 2.370270185413088e-16, 0.451072803675984]",markov_shift
1.6594705305751831,1.7015335033400678,0.08460225880461736,0.007157542194843455,-0.6176514092370519,1.8454870811543713,-0.5150274004319685,0.2652532231957112,0,128,384,0,0.29538405817269847,1,512,640,-0.011765150883153054,1.681514704940532,2.7218234581275067,-0.3219666486290098,0.10366252282939627,gaussian_iid,0.5996296592365858,0.35955572823618404,256,640,before,older256,2026108998,1.2389266717985563,"[0.22949939296959213, 0.047795727482895504, 0.12985832459853008, 6.624032757738483e-24, 3.659758706908117e-17, 0.14177375127299816, 2.370270185413088e-16, 0.451072803675984]",markov_shift
1.6594705305751831,1.7015335033400678,-0.013277382427118845,0.0001762888841159643,-0.7350344810730224,1.6789415923036664,-0.6129070416637047,0.3756550417209542,0,128,384,0,0.29538405817269847,1,512,640,-0.011765150883153054,1.681514704940532,2.7218234581275067,-0.3831555873727742,0.1468082041349756,ewma_gaussian,0.5996296592365858,0.35955572823618404,256,640,before,older256,2026108998,1.2389266717985563,"[0.22949939296959213, 0.047795727482895504, 0.12985832459853008, 6.624032757738483e-24, 3.659758706908117e-17, 0.14177375127299816, 2.370270185413088e-16, 0.451072803675984]",markov_shift
1.6594705305751831,1.7015335033400678,0.1385799869749702,0.019204412789982913,-0.5529181157387444,1.9373319940704097,-0.4610496722616157,0.21256680029254324,0,128,384,0,0.29538405817269847,1,512,640,-0.011765150883153054,1.681514704940532,2.7218234581275067,-0.28822275806116837,0.0830723582643868,ar_gaussian,0.5996296592365858,0.35955572823618404,256,640,before,older256,2026108998,1.2389266717985563,"[0.22949939296959213, 0.047795727482895504, 0.12985832459853008, 6.624032757738483e-24, 3.659758706908117e-17, 0.14177375127299816, 2.370270185413088e-16, 0.451072803675984]",markov_shift
3.6103213538529837,5.466055518225975,-0.578478437386699,0.33463730252135704,0.06262994489064339,2.3040602633736698,-0.06045033525488877,0.003654243032428448,0,320,832,0,0.18952854590028564,1,512,832,9.261920182497161e-15,5.4660555182260255,2.6344851519722647,-0.1254229458652396,0.015730915349514825,raw,-0.5180281021318103,0.26835311459828526,512,832,after,full512,2026108998,1.5385206990189113,"[0.2398900798772144, 0.20240692366038016, 0.0611406630841507, -9.170317615010615e-25, 0.1610607251794487, 3.3174724465107087e-17, 0.1174848598556199, 0.21801674834318624]",markov_shift
3.6103213538529837,5.466055518225975,-0.5519412422240842,0.30463913486786526,0.03513591919866187,2.4491140454305196,-0.03391314009227406,0.0011501010709182061,0,320,832,0,0.18952854590028564,1,512,832,9.261920182497161e-15,5.4660555182260255,2.6344851519722647,-0.07036331421453257,0.004950995987253041,iid_oic,-0.5180281021318103,0.26835311459828526,512,832,after,full512,2026108998,1.5385206990189113,"[0.2398900798772144, 0.20240692366038016, 0.0611406630841507, -9.170317615010615e-25, 0.1610607251794487, 3.3174724465107087e-17, 0.1174848598556199, 0.21801674834318624]",markov_shift
3.6103213538529837,5.466055518225975,-0.5482103532328721,0.30053459139171046,0.03127050851189765,2.4695072917888234,-0.03018225110106188,0.0009109682815275511,0,320,832,0,0.18952854590028564,1,512,832,9.261920182497161e-15,5.4660555182260255,2.6344851519722647,-0.06262242930461515,0.0039215686520115214,hac,-0.5180281021318103,0.26835311459828526,512,832,after,full512,2026108998,1.5385206990189113,"[0.2398900798772144, 0.20240692366038016, 0.0611406630841507, -9.170317615010615e-25, 0.1610607251794487, 3.3174724465107087e-17, 0.1174848598556199, 0.21801674834318624]",markov_shift
3.6103213538529837,5.466055518225975,-0.53301169798015,0.28410147018368265,0.015523847440851042,2.5525839852025793,-0.014983595848339767,0.0002245081445463847,0,320,832,0,0.18952854590028564,1,512,832,9.261920182497161e-15,5.4660555182260255,2.6344851519722647,-0.031088110976207783,0.0009664706440690109,block_bootstrap,-0.5180281021318103,0.26835311459828526,512,832,after,full512,2026108998,1.5385206990189113,"[0.2398900798772144, 0.20240692366038016, 0.0611406630841507, -9.170317615010615e-25, 0.1610607251794487, 3.3174724465107087e-17, 0.1174848598556199, 0.21801674834318624]",markov_shift
3.6103213538529837,5.466055518225975,-0.6022786982371364,0.3627396303502196,0.08728835280783169,2.1739667162169183,-0.08425059610532626,0.007098162944102816,0,320,832,0,0.18952854590028564,1,512,832,9.261920182497161e-15,5.4660555182260255,2.6344851519722647,-0.1748039594797438,0.030556424249795915,gaussian_iid,-0.5180281021318103,0.26835311459828526,512,832,after,full512,2026108998,1.5385206990189113,"[0.2398900798772144, 0.20240692366038016, 0.0611406630841507, -9.170317615010615e-25, 0.1610607251794487, 3.3174724465107087e-17, 0.1174848598556199, 0.21801674834318624]",markov_shift
3.6103213538529837,5.466055518225975,-0.20394389565539717,0.041593112575099525,-0.3254088907811038,4.351286861970289,0.31408420647641305,0.09864888875791807,0,320,832,0,0.18952854590028564,1,512,832,9.261920182497161e-15,5.4660555182260255,2.6344851519722647,0.6516649785301574,0.42466724424271046,ewma_gaussian,-0.5180281021318103,0.26835311459828526,512,832,after,full512,2026108998,1.5385206990189113,"[0.2398900798772144, 0.20240692366038016, 0.0611406630841507, -9.170317615010615e-25, 0.1610607251794487, 3.3174724465107087e-17, 0.1174848598556199, 0.21801674834318624]",markov_shift
3.6103213538529837,5.466055518225975,-0.6161788958314145,0.3796764316680212,0.10168973876587367,2.0979874644522836,-0.09815079369960426,0.009633578303862276,0,320,832,0,0.18952854590028564,1,512,832,9.261920182497161e-15,5.4660555182260255,2.6344851519722647,-0.20364422517938308,0.04147097044891128,ar_gaussian,-0.5180281021318103,0.26835311459828526,512,832,after,full512,2026108998,1.5385206990189113,"[0.2398900798772144, 0.20240692366038016, 0.0611406630841507, -9.170317615010615e-25, 0.1610607251794487, 3.3174724465107087e-17, 0.1174848598556199, 0.21801674834318624]",markov_shift
3.7461059016522036,5.636053996462839,-0.5590776309151914,0.31256779738974294,0.04458250825988358,2.4850622804102986,-0.04321129861392818,0.0018672163279020715,0,320,832,0,0.125,1,512,832,9.140144571882637e-15,5.63605399646289,2.7286034926556777,-0.08925489280538401,0.00796643588970059,raw,-0.5158663323012632,0.2661180728019573,512,832,after,equal512,2026108998,1.6040218707140284,"[0.125, 0.125, 0.125, 0.125, 0.125, 0.125, 0.125, 0.125]",markov_shift
3.7461059016522036,5.636053996462839,-0.5549961878550317,0.3080207685336176,0.04037155013600157,2.508065513880847,-0.03912985555376853,0.00153114559565879,0,320,832,0,0.125,1,512,832,9.140144571882637e-15,5.63605399646289,2.7286034926556777,-0.080824487459769,0.006532597773134356,iid_oic,-0.5158663323012632,0.2661180728019573,512,832,after,equal512,2026108998,1.6040218707140284,"[0.125, 0.125, 0.125, 0.125, 0.125, 0.125, 0.125, 0.125]",markov_shift
3.7461059016522036,5.636053996462839,-0.5529722330020614,0.30577829047128613,0.03828336980251128,2.519472632718591,-0.037105900700798194,0.0013768478668174959,0,320,832,0,0.125,1,512,832,9.140144571882637e-15,5.63605399646289,2.7286034926556777,-0.07664391711730356,0.005874290031084098,hac,-0.5158663323012632,0.2661180728019573,512,832,after,equal512,2026108998,1.6040218707140284,"[0.125, 0.125, 0.125, 0.125, 0.125, 0.125, 0.125, 0.125]",markov_shift
3.7461059016522036,5.636053996462839,-0.55689758573995,0.3101349210029849,0.042333284442277914,2.4973491327326873,-0.041031253438686806,0.0016835637587497478,0,320,832,0,0.125,1,512,832,9.140144571882637e-15,5.63605399646289,2.7286034926556777,-0.08475191083843281,0.007182886390765665,block_bootstrap,-0.5158663323012632,0.2661180728019573,512,832,after,equal512,2026108998,1.6040218707140284,"[0.125, 0.125, 0.125, 0.125, 0.125, 0.125, 0.125, 0.125]",markov_shift
3.7461059016522036,5.636053996462839,-0.5844825256885802,0.3416198228353018,0.07079356803837883,2.3418789216930227,-0.068616193387317,0.004708181994965686,0,320,832,0,0.125,1,512,832,9.140144571882637e-15,5.63605399646289,2.7286034926556777,-0.1417298526530384,0.020087351133051972,gaussian_iid,-0.5158663323012632,0.2661180728019573,512,832,after,equal512,2026108998,1.6040218707140284,"[0.125, 0.125, 0.125, 0.125, 0.125, 0.125, 0.125, 0.125]",markov_shift
3.7461059016522036,5.636053996462839,0.10799437203145157,0.011662784390467569,-0.6436574668220008,6.244716108546196,0.6238607043327148,0.38920217841051097,0,320,832,0,0.125,1,512,832,9.140144571882637e-15,5.63605399646289,2.7286034926556777,1.288612517485411,1.6605222202200889,ewma_gaussian,-0.5158663323012632,0.2661180728019573,512,832,after,equal512,2026108998,1.6040218707140284,"[0.125, 0.125, 0.125, 0.125, 0.125, 0.125, 0.125, 0.125]",markov_shift
3.7461059016522036,5.636053996462839,-0.5853112429930374,0.3425892511740545,0.07164858275110862,2.337208226217299,-0.06944491069177415,0.004822595620988488,0,320,832,0,0.125,1,512,832,9.140144571882637e-15,5.63605399646289,2.7286034926556777,-0.1434416057488236,0.02057549425980094,ar_gaussian,-0.5158663323012632,0.2661180728019573,512,832,after,equal512,2026108998,1.6040218707140284,"[0.125, 0.125, 0.125, 0.125, 0.125, 0.125, 0.125, 0.125]",markov_shift
3.664275783683259,6.890443179099302,-0.7867557021386393,0.6189845348476634,0.1990798038457243,1.4693477176806327,-0.15841778682636434,0.025096195182963417,0,320,576,0,0.22448244431047082,1,512,832,1.0312003412427533e-14,6.890443179099373,2.560916476366362,-0.4262414525266113,0.1816817758519954,raw,-0.628337915312275,0.3948085358189757,256,832,after,older256,2026108998,1.201631723876308,"[0.3227556260283844, 0.09584457140158599, 0.06788292282801103, -4.268438240350214e-24, 0.06420908019881373, 0.13559171929990016, 0.02494866351336006, 0.28876741672994477]",markov_shift
3.664275783683259,6.890443179099302,-0.7715771276250546,0.5953312638741298,0.1800052561111686,1.5739348229062131,-0.1432392123127796,0.020517471943985555,0,320,576,0,0.22448244431047082,1,512,832,1.0312003412427533e-14,6.890443179099373,2.560916476366362,-0.3854017351087371,0.14853449742482516,iid_oic,-0.628337915312275,0.3948085358189757,256,832,after,older256,2026108998,1.201631723876308,"[0.3227556260283844, 0.09584457140158599, 0.06788292282801103, -4.268438240350214e-24, 0.06420908019881373, 0.13559171929990016, 0.02494866351336006, 0.28876741672994477]",markov_shift
3.664275783683259,6.890443179099302,-0.7743695089321821,0.5996481363638689,0.18351437420972366,1.5546940781750713,-0.14603159361990722,0.021325226335169728,0,320,576,0,0.22448244431047082,1,512,832,1.0312003412427533e-14,6.890443179099373,2.560916476366362,-0.3929149612950288,0.15438216680947398,hac,-0.628337915312275,0.3948085358189757,256,832,after,older256,2026108998,1.201631723876308,"[0.3227556260283844, 0.09584457140158599, 0.06788292282801103, -4.268438240350214e-24, 0.06420908019881373, 0.13559171929990016, 0.02494866351336006, 0.28876741672994477]",markov_shift
3.664275783683259,6.890443179099302,-0.47514848334423043,0.22576608122432243,-0.19250945666134542,3.6164595529806713,0.15318943196804458,0.023467002066692156,256,320,576,0,0.22448244431047082,1,512,832,1.0312003412427533e-14,6.890443179099373,2.560916476366362,0.4121739566110334,0.16988737050839403,chronological,-0.628337915312275,0.3948085358189757,256,832,after,older256,2026108998,1.201631723876308,"[0.3227556260283844, 0.09584457140158599, 0.06788292282801103, -4.268438240350214e-24, 0.06420908019881373, 0.13559171929990016, 0.02494866351336006, 0.28876741672994477]",markov_shift
3.664275783683259,6.890443179099302,-0.46425352757138794,0.21553133786247747,-0.20620088425679986,3.691530626672242,0.16408438774088696,0.026923686300301734,240,320,576,16,0.22448244431047082,1,512,832,1.0312003412427533e-14,6.890443179099373,2.560916476366362,0.4414881003499527,0.19491174275060988,blocked_holdout,-0.628337915312275,0.3948085358189757,256,832,after,older256,2026108998,1.201631723876308,"[0.3227556260283844, 0.09584457140158599, 0.06788292282801103, -4.268438240350214e-24, 0.06420908019881373, 0.13559171929990016, 0.02494866351336006, 0.28876741672994477]",markov_shift
3.664275783683259,6.890443179099302,-0.6146979396629684,0.3778535570258983,-0.01714102772879097,2.654901953542207,0.013639975649306572,0.00018604893571367624,0,320,576,0,0.22448244431047082,1,512,832,1.0312003412427533e-14,6.890443179099373,2.560916476366362,0.036699938495924345,0.0013468854856046296,gaussian_iid,-0.628337915312275,0.3948085358189757,256,832,after,older256,2026108998,1.201631723876308,"[0.3227556260283844, 0.09584457140158599, 0.06788292282801103, -4.268438240350214e-24, 0.06420908019881373, 0.13559171929990016, 0.02494866351336006, 0.28876741672994477]",markov_shift
3.664275783683259,6.890443179099302,0.0005532906273106875,3.0613051826985403e-07,-0.7903123785966037,6.894255596728315,0.6288912059395857,0.3955041489081464,0,320,576,0,0.22448244431047082,1,512,832,1.0312003412427533e-14,6.890443179099373,2.560916476366362,1.6921048227665936,2.863218731229965,ewma_gaussian,-0.628337915312275,0.3948085358189757,256,832,after,older256,2026108998,1.201631723876308,"[0.3227556260283844, 0.09584457140158599, 0.06788292282801103, -4.268438240350214e-24, 0.06420908019881373, 0.13559171929990016, 0.02494866351336006, 0.28876741672994477]",markov_shift
3.664275783683259,6.890443179099302,-0.6495374652746817,0.4218989187954583,0.02664096205787421,2.4148421819279213,-0.021199549962406798,0.00044942091860858207,0,320,576,0,0.22448244431047082,1,512,832,1.0312003412427533e-14,6.890443179099373,2.560916476366362,-0.057039851079291326,0.003253544611147732,ar_gaussian,-0.628337915312275,0.3948085358189757,256,832,after,older256,2026108998,1.201631723876308,"[0.3227556260283844, 0.09584457140158599, 0.06788292282801103, -4.268438240350214e-24, 0.06420908019881373, 0.13559171929990016, 0.02494866351336006, 0.28876741672994477]",markov_shift
3.59692863738372,5.173779084629506,-0.5855074874853039,0.34281901790135333,0.06078051303389698,2.1444926919840683,-0.057563399641560424,0.0033135449782939986,0,384,896,0,0.26449542970080586,1,512,896,0.021305882454541656,5.284011013652388,2.4423130050897432,-0.12194191018310185,0.01486982945910368,raw,-0.5279440878437435,0.27872495988916235,512,896,after,full512,2026108999,1.5469294583965036,"[0.3870246606617652, 0.10529624068420818, 0.15139121380966608, 0.2777948448717836, 4.4985364433578875e-25, 0.024243364983855032, -1.5805534804631296e-24, 0.054249674988721866]",markov_stationary
3.59692863738372,5.173779084629506,-0.551331505552371,0.3039664290146441,0.024694497818403948,2.3213116725053524,-0.02338741770862753,0.0005469713070778245,0,384,896,0,0.26449542970080586,1,512,896,0.021305882454541656,5.284011013652388,2.4423130050897432,-0.04954374493859959,0.0024545826625410124,iid_oic,-0.5279440878437435,0.27872495988916235,512,896,after,full512,2026108999,1.5469294583965036,"[0.3870246606617652, 0.10529624068420818, 0.15139121380966608, 0.2777948448717836, 4.4985364433578875e-25, 0.024243364983855032, -1.5805534804631296e-24, 0.054249674988721866]",markov_stationary
3.59692863738372,5.173779084629506,-0.5506986109868096,0.30326896014280147,0.024026231930170814,2.3245861291714296,-0.022754523143066144,0.0005177683234683328,0,384,896,0,0.26449542970080586,1,512,896,0.021305882454541656,5.284011013652388,2.4423130050897432,-0.04820302544062638,0.002323531661629674,hac,-0.5279440878437435,0.27872495988916235,512,896,after,full512,2026108999,1.5469294583965036,"[0.3870246606617652, 0.10529624068420818, 0.15139121380966608, 0.2777948448717836, 4.4985364433578875e-25, 0.024243364983855032, -1.5805534804631296e-24, 0.054249674988721866]",markov_stationary
3.59692863738372,5.173779084629506,-0.547758776508478,0.3000396772420648,0.020922095466022122,2.339796183307694,-0.01981468866473458,0.00039262188688036104,0,384,896,0,0.26449542970080586,1,512,896,0.021305882454541656,5.284011013652388,2.4423130050897432,-0.041975300286411166,0.0017619258341343893,block_bootstrap,-0.5279440878437435,0.27872495988916235,512,896,after,full512,2026108999,1.5469294583965036,"[0.3870246606617652, 0.10529624068420818, 0.15139121380966608, 0.2777948448717836, 4.4985364433578875e-25, 0.024243364983855032, -1.5805534804631296e-24, 0.054249674988721866]",markov_stationary
3.59692863738372,5.173779084629506,-0.6266881131930786,0.3927379912175009,0.10426264878614848,1.9314332320052272,-0.09874402534933517,0.009750382542190147,0,384,896,0,0.26449542970080586,1,512,896,0.021305882454541656,5.284011013652388,2.4423130050897432,-0.20917866465921864,0.043755713748613846,gaussian_iid,-0.5279440878437435,0.27872495988916235,512,896,after,full512,2026108999,1.5469294583965036,"[0.3870246606617652, 0.10529624068420818, 0.15139121380966608, 0.2777948448717836, 4.4985364433578875e-25, 0.024243364983855032, -1.5805534804631296e-24, 0.054249674988721866]",markov_stationary
3.59692863738372,5.173779084629506,-0.6822580130204484,0.4654759963306104,0.16293824893800635,1.6439268465434247,-0.15431392517670495,0.023812787503441693,0,384,896,0,0.26449542970080586,1,512,896,0.021305882454541656,5.284011013652388,2.4423130050897432,-0.32689755853672064,0.1068620137772687,ewma_gaussian,-0.5279440878437435,0.27872495988916235,512,896,after,full512,2026108999,1.5469294583965036,"[0.3870246606617652, 0.10529624068420818, 0.15139121380966608, 0.2777948448717836, 4.4985364433578875e-25, 0.024243364983855032, -1.5805534804631296e-24, 0.054249674988721866]",markov_stationary
3.59692863738372,5.173779084629506,-0.6411615427749877,0.4110881239336024,0.11954497194333166,1.8565509047514885,-0.11321745493124416,0.012818192101108303,0,384,896,0,0.26449542970080586,1,512,896,0.021305882454541656,5.284011013652388,2.4423130050897432,-0.2398390784135921,0.057522783534281176,ar_gaussian,-0.5279440878437435,0.27872495988916235,512,896,after,full512,2026108999,1.5469294583965036,"[0.3870246606617652, 0.10529624068420818, 0.15139121380966608, 0.2777948448717836, 4.4985364433578875e-25, 0.024243364983855032, -1.5805534804631296e-24, 0.054249674988721866]",markov_stationary
3.660465869415334,5.371715007740395,-0.5476439766398546,0.29991392514991366,0.012573483906565047,2.4299276395254576,-0.011730898554945248,0.0001376139809064165,0,384,896,0,0.125,1,512,896,0.021627481603521532,5.487891675249661,2.492942683347337,-0.02527737370089378,0.0006389456212146365,raw,-0.5359130780849094,0.2872028272624422,512,896,after,equal512,2026108999,1.5405512828990873,"[0.125, 0.125, 0.125, 0.125, 0.125, 0.125, 0.125, 0.125]",markov_stationary
3.660465869415334,5.371715007740395,-0.5434842967242322,0.29537518078583325,0.008115030171706644,2.452272254555603,-0.0075712186393228015,5.7323351684429015e-05,0,384,896,0,0.125,1,512,896,0.021627481603521532,5.487891675249661,2.492942683347337,-0.01631422537846916,0.0002661539496994872,iid_oic,-0.5359130780849094,0.2872028272624422,512,896,after,equal512,2026108999,1.5405512828990873,"[0.125, 0.125, 0.125, 0.125, 0.125, 0.125, 0.125, 0.125]",markov_stationary
3.660465869415334,5.371715007740395,-0.5415380607935255,0.2932634712880121,0.006029003595097742,2.4627268793131836,-0.005624982708616148,3.164043047223066e-05,0,384,896,0,0.125,1,512,896,0.021627481603521532,5.487891675249661,2.492942683347337,-0.012120537000707143,0.0001469074171855109,hac,-0.5359130780849094,0.2872028272624422,512,896,after,equal512,2026108999,1.5405512828990873,"[0.125, 0.125, 0.125, 0.125, 0.125, 0.125, 0.125, 0.125]",markov_stationary
3.660465869415334,5.371715007740395,-0.5506991301401858,0.3032695319371573,0.015848077339333765,2.413516225616778,-0.014786052055276411,0.00021862733538134378,0,384,896,0,0.125,1,512,896,0.021627481603521532,5.487891675249661,2.492942683347337,-0.031860523012069875,0.001015092926602634,block_bootstrap,-0.5359130780849094,0.2872028272624422,512,896,after,equal512,2026108999,1.5405512828990873,"[0.125, 0.125, 0.125, 0.125, 0.125, 0.125, 0.125, 0.125]",markov_stationary
3.660465869415334,5.371715007740395,-0.6229479442584316,0.38806414125580596,0.09328624606352097,2.0254161865263507,-0.08703486617352228,0.007575067929842933,0,384,896,0,0.125,1,512,896,0.021627481603521532,5.487891675249661,2.492942683347337,-0.1875400104238365,0.0351712555097727,gaussian_iid,-0.5359130780849094,0.2872028272624422,512,896,after,equal512,2026108999,1.5405512828990873,"[0.125, 0.125, 0.125, 0.125, 0.125, 0.125, 0.125, 0.125]",markov_stationary
3.660465869415334,5.371715007740395,-0.7090207738969336,0.5027104578174066,0.18554135620561624,1.5630574757985272,-0.1731076958120243,0.029966274349348333,0,384,896,0,0.125,1,512,896,0.021627481603521532,5.487891675249661,2.492942683347337,-0.37300705457865946,0.13913426276544705,ewma_gaussian,-0.5359130780849094,0.2872028272624422,512,896,after,equal512,2026108999,1.5405512828990873,"[0.125, 0.125, 0.125, 0.125, 0.125, 0.125, 0.125, 0.125]",markov_stationary
3.660465869415334,5.371715007740395,-0.635336594947589,0.40365258887959676,0.10656472591181108,1.9588678856937507,-0.09942351686267964,0.009885035705343543,0,384,896,0,0.125,1,512,896,0.021627481603521532,5.487891675249661,2.492942683347337,-0.21423468787355782,0.04589650148828074,ar_gaussian,-0.5359130780849094,0.2872028272624422,512,896,after,equal512,2026108999,1.5405512828990873,"[0.125, 0.125, 0.125, 0.125, 0.125, 0.125, 0.125, 0.125]",markov_stationary
3.5682807524613,5.629414062389163,-0.6632029518197469,0.4398381553024255,0.11227738620323495,1.8959700391970777,-0.09960827401811781,0.009921808252868444,0,384,640,0,0.23542577617357546,1,512,896,0.022744609199603034,5.757452885260954,2.456706257684983,-0.2282471568319696,0.05209676460187773,raw,-0.563594677801629,0.317638960846322,256,896,after,older256,2026108999,1.3721844242440366,"[0.36299138663882713, 0.11933211543123398, -4.275370885200378e-25, 0.18609932505148283, -2.0195353597852503e-24, 0.018247597381006554, 0.2084780611002545, 0.10485151439719603]",markov_stationary
3.5682807524613,5.629414062389163,-0.6181282956673501,0.38208258990462296,0.06146971358077644,2.149713942398736,-0.054533617865721064,0.0029739154775244915,0,384,640,0,0.23542577617357546,1,512,896,0.022744609199603034,5.757452885260954,2.456706257684983,-0.12496093675258257,0.015615235714082942,iid_oic,-0.563594677801629,0.317638960846322,256,896,after,older256,2026108999,1.3721844242440366,"[0.36299138663882713, 0.11933211543123398, -4.275370885200378e-25, 0.18609932505148283, -2.0195353597852503e-24, 0.018247597381006554, 0.2084780611002545, 0.10485151439719603]",markov_stationary
3.5682807524613,5.629414062389163,-0.613476607204642,0.37635354758731865,0.05622637986002953,2.175900222844558,-0.04988192940301309,0.0024882068809671813,0,384,640,0,0.23542577617357546,1,512,896,0.022744609199603034,5.757452885260954,2.456706257684983,-0.11430183562321206,0.013064909626835788,hac,-0.563594677801629,0.317638960846322,256,896,after,older256,2026108999,1.3721844242440366,"[0.36299138663882713, 0.11933211543123398, -4.275370885200378e-25, 0.18609932505148283, -2.0195353597852503e-24, 0.018247597381006554, 0.2084780611002545, 0.10485151439719603]",markov_stationary
3.5682807524613,5.629414062389163,-0.526721481856658,0.2774355194492737,-0.0415630739762445,2.664280745462834,0.03687319594497098,0.0013596325791962243,256,384,640,0,0.23542577617357546,1,512,896,0.022744609199603034,5.757452885260954,2.456706257684983,0.08449300242083213,0.0071390674580867446,chronological,-0.563594677801629,0.317638960846322,256,896,after,older256,2026108999,1.3721844242440366,"[0.36299138663882713, 0.11933211543123398, -4.275370885200378e-25, 0.18609932505148283, -2.0195353597852503e-24, 0.018247597381006554, 0.2084780611002545, 0.10485151439719603]",markov_stationary
3.5682807524613,5.629414062389163,-0.581937051309998,0.3386507316873752,0.020675328175132665,2.3534494423193766,-0.01834237350836895,0.0003364426659205151,240,384,640,16,0.23542577617357546,1,512,896,0.022744609199603034,5.757452885260954,2.456706257684983,-0.042030590772747956,0.0017665705607062055,blocked_holdout,-0.563594677801629,0.317638960846322,256,896,after,older256,2026108999,1.3721844242440366,"[0.36299138663882713, 0.11933211543123398, -4.275370885200378e-25, 0.18609932505148283, -2.0195353597852503e-24, 0.018247597381006554, 0.2084780611002545, 0.10485151439719603]",markov_stationary
3.5682807524613,5.629414062389163,-0.6459774467015567,0.41728686164706247,0.09286098018912149,1.9929395399411742,-0.08238276889992759,0.0067869206116188754,0,384,640,0,0.23542577617357546,1,512,896,0.022744609199603034,5.757452885260954,2.456706257684983,-0.18877581163522095,0.03563630705853642,gaussian_iid,-0.563594677801629,0.317638960846322,256,896,after,older256,2026108999,1.3721844242440366,"[0.36299138663882713, 0.11933211543123398, -4.275370885200378e-25, 0.18609932505148283, -2.0195353597852503e-24, 0.018247597381006554, 0.2084780611002545, 0.10485151439719603]",markov_stationary
3.5682807524613,5.629414062389163,-0.753603450763823,0.5679181610031417,0.21417586635422114,1.3870681991942988,-0.19000877296219396,0.03610333380259857,0,384,640,0,0.23542577617357546,1,512,896,0.022744609199603034,5.757452885260954,2.456706257684983,-0.4353951780538189,0.18956896107251664,ewma_gaussian,-0.563594677801629,0.317638960846322,256,896,after,older256,2026108999,1.3721844242440366,"[0.36299138663882713, 0.11933211543123398, -4.275370885200378e-25, 0.18609932505148283, -2.0195353597852503e-24, 0.018247597381006554, 0.2084780611002545, 0.10485151439719603]",markov_stationary
3.5682807524613,5.629414062389163,-0.6583756515580294,0.43345849856445967,0.10683610473192622,1.9231449111737648,-0.09478097375640035,0.008983432986211452,0,384,640,0,0.23542577617357546,1,512,896,0.022744609199603034,5.757452885260954,2.456706257684983,-0.21718565043832583,0.04716960675631866,ar_gaussian,-0.563594677801629,0.317638960846322,256,896,after,older256,2026108999,1.3721844242440366,"[0.36299138663882713, 0.11933211543123398, -4.275370885200378e-25, 0.18609932505148283, -2.0195353597852503e-24, 0.018247597381006554, 0.2084780611002545, 0.10485151439719603]",markov_stationary
1.5093777019632046,1.6490664842126441,0.29470450872328957,0.08685074746183546,-0.13345528133624393,2.135053812294574,-0.15003693093866302,0.022511080645493137,0,192,704,0,0.24218774688360034,1,512,704,-0.001960784510969087,1.6458330201928417,2.38247468649965,-0.10385036852945073,0.010784899043702731,raw,0.4447414396619527,0.1977949481525863,512,704,before,full512,2026108999,1.4407719275365154,"[0.39008483026618873, 0.11358106738625391, 0.05379946931787975, 0.20352225692956444, 1.4690782643270198e-24, 0.028991095726616005, 0.03461792568333713, 0.17540335469016072]",markov_shift
1.5093777019632046,1.6490664842126441,0.4221645674608481,0.17822292201940496,-0.020081741291566393,2.3452439232344564,-0.02257687220110464,0.0005097151583850115,0,192,704,0,0.24218774688360034,1,512,704,-0.001960784510969087,1.6458330201928417,2.38247468649965,-0.015626929207753104,0.00024420091646412705,iid_oic,0.4447414396619527,0.1977949481525863,512,704,before,full512,2026108999,1.4407719275365154,"[0.39008483026618873, 0.11358106738625391, 0.05379946931787975, 0.20352225692956444, 1.4690782643270198e-24, 0.028991095726616005, 0.03461792568333713, 0.17540335469016072]",markov_shift
1.5093777019632046,1.6490664842126441,0.4392949148284977,0.19298002219417704,-0.004844590591170768,2.3734930049413676,-0.005446524833455068,2.966463276144276e-05,0,192,704,0,0.24218774688360034,1,512,704,-0.001960784510969087,1.6458330201928417,2.38247468649965,-0.003769895902431819,1.4212115115172218e-05,hac,0.4447414396619527,0.1977949481525863,512,704,before,full512,2026108999,1.4407719275365154,"[0.39008483026618873, 0.11358106738625391, 0.05379946931787975, 0.20352225692956444, 1.4690782643270198e-24, 0.028991095726616005, 0.03461792568333713, 0.17540335469016072]",markov_shift
1.5093777019632046,1.6490664842126441,0.34642607167425443,0.12001102313565568,-0.0874498365994871,2.2203461082681044,-0.0983153679876982,0.009665911582556513,0,192,704,0,0.24218774688360034,1,512,704,-0.001960784510969087,1.6458330201928417,2.38247468649965,-0.06805049352685733,0.004630869669248851,block_bootstrap,0.4447414396619527,0.1977949481525863,512,704,before,full512,2026108999,1.4407719275365154,"[0.39008483026618873, 0.11358106738625391, 0.05379946931787975, 0.20352225692956444, 1.4690782643270198e-24, 0.028991095726616005, 0.03461792568333713, 0.17540335469016072]",markov_shift
1.5093777019632046,1.6490664842126441,0.09711629429791624,0.009431574618159478,-0.3092066152237943,1.8092177102102693,-0.34762514536403644,0.12084324168936747,0,192,704,0,0.24218774688360034,1,512,704,-0.001960784510969087,1.6458330201928417,2.38247468649965,-0.24061408901330839,0.057895139831704294,gaussian_iid,0.4447414396619527,0.1977949481525863,512,704,before,full512,2026108999,1.4407719275365154,"[0.39008483026618873, 0.11358106738625391, 0.05379946931787975, 0.20352225692956444, 1.4690782643270198e-24, 0.028991095726616005, 0.03461792568333713, 0.17540335469016072]",markov_shift
1.5093777019632046,1.6490664842126441,0.5182422880267084,0.26857506909915774,0.06537774623623267,2.5036824720991646,0.07350084836475572,0.0054023747103388135,0,192,704,0,0.24218774688360034,1,512,704,-0.001960784510969087,1.6458330201928417,2.38247468649965,0.05087474225281019,0.0025882393992898703,ewma_gaussian,0.4447414396619527,0.1977949481525863,512,704,before,full512,2026108999,1.4407719275365154,"[0.39008483026618873, 0.11358106738625391, 0.05379946931787975, 0.20352225692956444, 1.4690782643270198e-24, 0.028991095726616005, 0.03461792568333713, 0.17540335469016072]",markov_shift
1.5093777019632046,1.6490664842126441,0.07083813698536723,0.0050180416515576524,-0.3325805862534869,1.7658832817192773,-0.37390330267658545,0.13980367975245828,0,192,704,0,0.24218774688360034,1,512,704,-0.001960784510969087,1.6458330201928417,2.38247468649965,-0.25880291961727986,0.06697895120242822,ar_gaussian,0.4447414396619527,0.1977949481525863,512,704,before,full512,2026108999,1.4407719275365154,"[0.39008483026618873, 0.11358106738625391, 0.05379946931787975, 0.20352225692956444, 1.4690782643270198e-24, 0.028991095726616005, 0.03461792568333713, 0.17540335469016072]",markov_shift
1.5922769872352056,1.6859264482473126,0.4118776514203637,0.16964319973955463,-0.08185692050492355,2.380321874218891,-0.08274657431439583,0.006846995560767832,0,192,704,0,0.125,1,512,704,-0.0021807086861705335,1.682249933797375,2.5198265123573926,-0.05536279480129358,0.0030650390482101393,raw,0.49462422573475945,0.24465312468371028,512,704,before,equal512,2026108999,1.4204013862550815,"[0.125, 0.125, 0.125, 0.125, 0.125, 0.125, 0.125, 0.125]",markov_shift
1.5922769872352056,1.6859264482473126,0.42504477493133597,0.18066306069643004,-0.06883136396138632,2.402520675993378,-0.06957945080342355,0.004841299974106038,0,192,704,0,0.125,1,512,704,-0.0021807086861705335,1.682249933797375,2.5198265123573926,-0.04655313998354216,0.0021671948423272716,iid_oic,0.49462422573475945,0.24465312468371028,512,704,before,equal512,2026108999,1.4204013862550815,"[0.125, 0.125, 0.125, 0.125, 0.125, 0.125, 0.125, 0.125]",markov_shift
1.5922769872352056,1.6859264482473126,0.43342984168909915,0.18786142766663755,-0.060536449655800406,2.4166572818106107,-0.06119438404566022,0.0037447526387277543,0,192,704,0,0.125,1,512,704,-0.0021807086861705335,1.682249933797375,2.5198265123573926,-0.040942989543459984,0.0016763283927558735,hac,0.49462422573475945,0.24465312468371028,512,704,before,equal512,2026108999,1.4204013862550815,"[0.125, 0.125, 0.125, 0.125, 0.125, 0.125, 0.125, 0.125]",markov_shift
1.5922769872352056,1.6859264482473126,0.43350076914786406,0.18792291685178972,-0.060466284777050676,2.416776860289249,-0.061123456586895435,0.003736076945130091,0,192,704,0,0.125,1,512,704,-0.0021807086861705335,1.682249933797375,2.5198265123573926,-0.040895534499213015,0.0016724447419763219,block_bootstrap,0.49462422573475945,0.24465312468371028,512,704,before,equal512,2026108999,1.4204013862550815,"[0.125, 0.125, 0.125, 0.125, 0.125, 0.125, 0.125, 0.125]",markov_shift
1.5922769872352056,1.6859264482473126,0.18475598190324205,0.0341347728490311,-0.3065366803699079,1.9974114446098903,-0.3098682438315174,0.09601832853522872,0,192,704,0,0.125,1,512,704,-0.0021807086861705335,1.682249933797375,2.5198265123573926,-0.20732183949392746,0.04298234513114582,gaussian_iid,0.49462422573475945,0.24465312468371028,512,704,before,equal512,2026108999,1.4204013862550815,"[0.125, 0.125, 0.125, 0.125, 0.125, 0.125, 0.125, 0.125]",markov_shift
1.5922769872352056,1.6859264482473126,0.938639651073053,0.8810443945665427,0.4392415719444867,3.2684038613650017,0.4440154253382936,0.19714969793834575,0,192,704,0,0.125,1,512,704,-0.0021807086861705335,1.682249933797375,2.5198265123573926,0.29707495549258534,0.08825352918092155,ewma_gaussian,0.49462422573475945,0.24465312468371028,512,704,before,equal512,2026108999,1.4204013862550815,"[0.125, 0.125, 0.125, 0.125, 0.125, 0.125, 0.125, 0.125]",markov_shift
1.5922769872352056,1.6859264482473126,0.14657382308449995,0.021483885613606292,-0.34430832185511173,1.9330391332061936,-0.3480504026502595,0.12113908278500776,0,192,704,0,0.125,1,512,704,-0.0021807086861705335,1.682249933797375,2.5198265123573926,-0.23286816623031614,0.05422758284347015,ar_gaussian,0.49462422573475945,0.24465312468371028,512,704,before,equal512,2026108999,1.4204013862550815,"[0.125, 0.125, 0.125, 0.125, 0.125, 0.125, 0.125, 0.125]",markov_shift
1.5177086185113853,1.5659985837872554,0.1172674935876139,0.013751665052321067,-0.5696661446870165,1.7496393126697398,-0.4782749871699725,0.22874696335243738,0,192,448,0,0.21889650698428398,1,512,704,-0.002625639006747789,1.5618868368211518,2.4986172652387846,-0.29975697478319774,0.08985424393117465,raw,0.5955424807575864,0.3546708463869002,256,704,before,older256,2026108999,1.196209737737091,"[0.31127589908757686, 0.18822099138922987, 0.17833590476041328, 0.2217470733007261, -4.193529027293594e-24, 3.0556200475590943e-18, 0.06693010141249625, 0.03349003004955772]",markov_shift
1.5177086185113853,1.5659985837872554,0.3012564698067528,0.09075546060042697,-0.3505196420278275,2.0377657888613783,-0.2942860109508337,0.0866042562413542,0,192,448,0,0.21889650698428398,1,512,704,-0.002625639006747789,1.5618868368211518,2.4986172652387846,-0.18444260463131168,0.03401907440318236,iid_oic,0.5955424807575864,0.3546708463869002,256,704,before,older256,2026108999,1.196209737737091,"[0.31127589908757686, 0.18822099138922987, 0.17833590476041328, 0.2217470733007261, -4.193529027293594e-24, 3.0556200475590943e-18, 0.06693010141249625, 0.03349003004955772]",markov_shift
1.5177086185113853,1.5659985837872554,0.30694747711576786,0.09421675370773484,-0.3437411688061867,2.046677898247619,-0.2885950036418186,0.0832870761270213,0,192,448,0,0.21889650698428398,1,512,704,-0.002625639006747789,1.5618868368211518,2.4986172652387846,-0.1808757880923293,0.03271605071802121,hac,0.5955424807575864,0.3546708463869002,256,704,before,older256,2026108999,1.196209737737091,"[0.31127589908757686, 0.18822099138922987, 0.17833590476041328, 0.2217470733007261, -4.193529027293594e-24, 3.0556200475590943e-18, 0.06693010141249625, 0.03349003004955772]",markov_shift
1.5177086185113853,1.5659985837872554,0.7107763074834885,0.5052029592798626,0.13725327807106727,2.6790732746959334,0.11523382672590217,0.013278834821895244,256,192,448,0,0.21889650698428398,1,512,704,-0.002625639006747789,1.5618868368211518,2.4986172652387846,0.07222234952414897,0.005216067770788341,chronological,0.5955424807575864,0.3546708463869002,256,704,before,older256,2026108999,1.196209737737091,"[0.31127589908757686, 0.18822099138922987, 0.17833590476041328, 0.2217470733007261, -4.193529027293594e-24, 3.0556200475590943e-18, 0.06693010141249625, 0.03349003004955772]",markov_shift
1.5177086185113853,1.5659985837872554,0.5826478621649969,0.3394785312854412,-0.015358586290107404,2.4784243107843125,-0.01289461859258959,0.00016627118864835714,240,192,448,16,0.21889650698428398,1,512,704,-0.002625639006747789,1.5618868368211518,2.4986172652387846,-0.00808165169407904,6.531309410441061e-05,blocked_holdout,0.5955424807575864,0.3546708463869002,256,704,before,older256,2026108999,1.196209737737091,"[0.31127589908757686, 0.18822099138922987, 0.17833590476041328, 0.2217470733007261, -4.193529027293594e-24, 3.0556200475590943e-18, 0.06693010141249625, 0.03349003004955772]",markov_shift
1.5177086185113853,1.5659985837872554,0.2493376208662268,0.06216924917923026,-0.41235940222006595,1.95646094494865,-0.3462048598913597,0.11985780501239598,0,192,448,0,0.21889650698428398,1,512,704,-0.002625639006747789,1.5618868368211518,2.4986172652387846,-0.21698253983621718,0.047081422593775575,gaussian_iid,0.5955424807575864,0.3546708463869002,256,704,before,older256,2026108999,1.196209737737091,"[0.31127589908757686, 0.18822099138922987, 0.17833590476041328, 0.2217470733007261, -4.193529027293594e-24, 3.0556200475590943e-18, 0.06693010141249625, 0.03349003004955772]",markov_shift
1.5177086185113853,1.5659985837872554,0.7976497294328904,0.6362450908643632,0.24072690451036174,2.815116930437449,0.20210724867530383,0.040847339967101104,0,192,448,0,0.21889650698428398,1,512,704,-0.002625639006747789,1.5618868368211518,2.4986172652387846,0.12666992644366348,0.016045270265243116,ewma_gaussian,0.5955424807575864,0.3546708463869002,256,704,before,older256,2026108999,1.196209737737091,"[0.31127589908757686, 0.18822099138922987, 0.17833590476041328, 0.2217470733007261, -4.193529027293594e-24, 3.0556200475590943e-18, 0.06693010141249625, 0.03349003004955772]",markov_shift
1.5177086185113853,1.5659985837872554,0.20965589162096143,0.043955592891380325,-0.4596237131710184,1.8943194131483352,-0.3858865891366251,0.1489084596754985,0,192,448,0,0.21889650698428398,1,512,704,-0.002625639006747789,1.5618868368211518,2.4986172652387846,-0.24185290820549044,0.058492829207453384,ar_gaussian,0.5955424807575864,0.3546708463869002,256,704,before,older256,2026108999,1.196209737737091,"[0.31127589908757686, 0.18822099138922987, 0.17833590476041328, 0.2217470733007261, -4.193529027293594e-24, 3.0556200475590943e-18, 0.06693010141249625, 0.03349003004955772]",markov_shift
1.5990589450745707,1.6666166362954005,0.23023574478201603,0.05300849817532962,-0.32998396410848285,2.0503313588189704,-0.30707178475145896,0.09429308099044635,0,192,704,0,0.23082237584798876,1,512,704,-0.0018243459855980149,1.663576150925444,2.5621023038226722,-0.1997464910905925,0.03989866070300415,raw,0.537307529533475,0.28869938129336614,512,704,before,full512,2026108998,1.3557976971752508,"[0.22890605687096308, 0.15621787192262887, 0.0327016196769566, 0.022635512200312548, 1.017202348392874e-17, 0.18463975839541838, 0.032413999693372525, 0.34248518124034805]",markov_stationary
1.5990589450745707,1.6666166362954005,0.34292611500559755,0.11759832035283233,-0.20888519525439245,2.238143004583879,-0.19438141452787755,0.03778413431385857,0,192,704,0,0.23082237584798876,1,512,704,-0.0018243459855980149,1.663576150925444,2.5621023038226722,-0.12644276489484585,0.01598777279425326,iid_oic,0.537307529533475,0.28869938129336614,512,704,before,full512,2026108998,1.3557976971752508,"[0.22890605687096308, 0.15621787192262887, 0.0327016196769566, 0.022635512200312548, 1.017202348392874e-17, 0.18463975839541838, 0.032413999693372525, 0.34248518124034805]",markov_stationary
1.5990589450745707,1.6666166362954005,0.34108832466726446,0.11634124522432121,-0.21086011242737282,2.2350801126319904,-0.19621920486621053,0.038501976358327895,0,192,704,0,0.23082237584798876,1,512,704,-0.0018243459855980149,1.663576150925444,2.5621023038226722,-0.1276382253365772,0.016291516567070858,hac,0.537307529533475,0.28869938129336614,512,704,before,full512,2026108998,1.3557976971752508,"[0.22890605687096308, 0.15621787192262887, 0.0327016196769566, 0.022635512200312548, 1.017202348392874e-17, 0.18463975839541838, 0.032413999693372525, 0.34248518124034805]",markov_stationary
1.5990589450745707,1.6666166362954005,0.29899817779188953,0.08939991032287038,-0.2560908180979906,2.1649319736253734,-0.23830935174158563,0.056791347127494785,0,192,704,0,0.23082237584798876,1,512,704,-0.0018243459855980149,1.663576150925444,2.5621023038226722,-0.15501735805190853,0.02403038129739361,block_bootstrap,0.537307529533475,0.28869938129336614,512,704,before,full512,2026108998,1.3557976971752508,"[0.22890605687096308, 0.15621787192262887, 0.0327016196769566, 0.022635512200312548, 1.017202348392874e-17, 0.18463975839541838, 0.032413999693372525, 0.34248518124034805]",markov_stationary
1.5990589450745707,1.6666166362954005,0.239317273449706,0.057272757371401355,-0.3202248166428352,2.065466785579536,-0.29799025608376917,0.08879819272087033,0,192,704,0,0.23082237584798876,1,512,704,-0.0018243459855980149,1.663576150925444,2.5621023038226722,-0.19383906626294867,0.037573583609691805,gaussian_iid,0.537307529533475,0.28869938129336614,512,704,before,full512,2026108998,1.3557976971752508,"[0.22890605687096308, 0.15621787192262887, 0.0327016196769566, 0.022635512200312548, 1.017202348392874e-17, 0.18463975839541838, 0.032413999693372525, 0.34248518124034805]",markov_stationary
1.5990589450745707,1.6666166362954005,1.315559683274027,1.7306972802560583,0.8363214841608841,3.8591502904794015,0.7782521537405518,0.6056764148018075,0,192,704,0,0.23082237584798876,1,512,704,-0.0018243459855980149,1.663576150925444,2.5621023038226722,0.5062436362207419,0.2562826192139988,ewma_gaussian,0.537307529533475,0.28869938129336614,512,704,before,full512,2026108998,1.3557976971752508,"[0.22890605687096308, 0.15621787192262887, 0.0327016196769566, 0.022635512200312548, 1.017202348392874e-17, 0.18463975839541838, 0.032413999693372525, 0.34248518124034805]",markov_stationary
1.5990589450745707,1.6666166362954005,0.19844218217749887,0.039379299667367654,-0.36414980526468504,1.9973436784551826,-0.3388653473559763,0.11482972363868646,0,192,704,0,0.23082237584798876,1,512,704,-0.0018243459855980149,1.663576150925444,2.5621023038226722,-0.2204278199683386,0.04858842381599429,ar_gaussian,0.537307529533475,0.28869938129336614,512,704,before,full512,2026108998,1.3557976971752508,"[0.22890605687096308, 0.15621787192262887, 0.0327016196769566, 0.022635512200312548, 1.017202348392874e-17, 0.18463975839541838, 0.032413999693372525, 0.34248518124034805]",markov_stationary
1.5912342949839766,1.6992225969043744,0.31890953165786295,0.1017032893822375,-0.15135898086781033,2.241120879465606,-0.15851585039128552,0.025127274825272414,0,192,704,0,0.125,1,512,704,-0.0016210252626093018,1.6964681141479958,2.5104745944179916,-0.10729195011624093,0.011511562559745931,raw,0.47742538204914853,0.22793499542477544,512,704,before,equal512,2026108998,1.4515400523455217,"[0.125, 0.125, 0.125, 0.125, 0.125, 0.125, 0.125, 0.125]",markov_stationary
1.5912342949839766,1.6992225969043744,0.3292466630919495,0.1084033651571837,-0.14148856301938836,2.2586859667855763,-0.14817871895719908,0.021956932751796592,0,192,704,0,0.125,1,512,704,-0.0016210252626093018,1.6964681141479958,2.5104745944179916,-0.10029523030914711,0.010059133222764862,iid_oic,0.47742538204914853,0.22793499542477544,512,704,before,equal512,2026108998,1.4515400523455217,"[0.125, 0.125, 0.125, 0.125, 0.125, 0.125, 0.125, 0.125]",markov_stationary
1.5912342949839766,1.6992225969043744,0.3357988078295364,0.11276083933973793,-0.1352322426102208,2.269819519181872,-0.1416265742196121,0.0200580865251833,0,192,704,0,0.125,1,512,704,-0.0016210252626093018,1.6964681141479958,2.5104745944179916,-0.09586039060949392,0.009189214487804749,hac,0.47742538204914853,0.22793499542477544,512,704,before,equal512,2026108998,1.4515400523455217,"[0.125, 0.125, 0.125, 0.125, 0.125, 0.125, 0.125, 0.125]",markov_stationary
1.5912342949839766,1.6992225969043744,0.3394165708196131,0.11520360854694542,-0.13177781885481948,2.275966903804855,-0.13800881122953537,0.01904643197698953,0,192,704,0,0.125,1,512,704,-0.0016210252626093018,1.6964681141479958,2.5104745944179916,-0.09341169639181435,0.0087257450227965,block_bootstrap,0.47742538204914853,0.22793499542477544,512,704,before,equal512,2026108998,1.4515400523455217,"[0.125, 0.125, 0.125, 0.125, 0.125, 0.125, 0.125, 0.125]",markov_stationary
1.5912342949839766,1.6992225969043744,0.22147458415557364,0.04905099142688427,-0.24439481494024884,2.0755572149415245,-0.25595079789357494,0.06551081094235765,0,192,704,0,0.125,1,512,704,-0.0016210252626093018,1.6964681141479958,2.5104745944179916,-0.17324109968828216,0.03001247862120532,gaussian_iid,0.47742538204914853,0.22793499542477544,512,704,before,equal512,2026108998,1.4515400523455217,"[0.125, 0.125, 0.125, 0.125, 0.125, 0.125, 0.125, 0.125]",markov_stationary
1.5912342949839766,1.6992225969043744,1.457847488446776,2.125319299570573,0.9361567974326364,4.176429992113425,0.9804221063976274,0.9612275067131606,0,192,704,0,0.125,1,512,704,-0.0016210252626093018,1.6964681141479958,2.5104745944179916,0.6636017752976524,0.44036731617819597,ewma_gaussian,0.47742538204914853,0.22793499542477544,512,704,before,equal512,2026108998,1.4515400523455217,"[0.125, 0.125, 0.125, 0.125, 0.125, 0.125, 0.125, 0.125]",markov_stationary
1.5912342949839766,1.6992225969043744,0.19612896696009807,0.03846657168083524,-0.2685960968858916,2.0324893694704844,-0.28129641508905046,0.07912767314195138,0,192,704,0,0.125,1,512,704,-0.0016210252626093018,1.6964681141479958,2.5104745944179916,-0.19039636011864103,0.03625077394642724,ar_gaussian,0.47742538204914853,0.22793499542477544,512,704,before,equal512,2026108998,1.4515400523455217,"[0.125, 0.125, 0.125, 0.125, 0.125, 0.125, 0.125, 0.125]",markov_stationary
1.6684475367262348,1.7113570930447908,0.04094449809896261,0.001676451924575953,-0.6621267930863363,1.7814277502876092,-0.5552729285458783,0.30832802517591607,0,192,448,0,0.30335857491949536,1,512,704,-0.0020243655803365243,1.7078926806499661,2.7316980151303514,-0.34786797793144686,0.1210121300701136,raw,0.5962174266448408,0.3554752198349961,256,704,before,older256,2026108998,1.293675656999033,"[0.18273343041072793, 0.06631245218547614, 0.12377382455517383, 6.43229359942679e-24, 8.449560835468233e-17, 0.14992553891689175, -3.0906708616388002e-24, 0.47725475393173045]",markov_stationary
1.6684475367262348,1.7113570930447908,0.2403209784441469,0.05775417268035212,-0.42438332899651315,2.122632104112646,-0.3558964482006939,0.12666228184186917,0,192,448,0,0.30335857491949536,1,512,704,-0.0020243655803365243,1.7078926806499661,2.7316980151303514,-0.22296238736646812,0.04971222618015498,iid_oic,0.5962174266448408,0.3554752198349961,256,704,before,older256,2026108998,1.293675656999033,"[0.18273343041072793, 0.06631245218547614, 0.12377382455517383, 6.43229359942679e-24, 8.449560835468233e-17, 0.14992553891689175, -3.0906708616388002e-24, 0.47725475393173045]",markov_stationary
1.6684475367262348,1.7113570930447908,0.20151007160058265,0.040606308956471944,-0.4706628070045583,2.0562127833984114,-0.39470735504425825,0.15579389612603414,0,192,448,0,0.30335857491949536,1,512,704,-0.0020243655803365243,1.7078926806499661,2.7316980151303514,-0.247276685779525,0.06114575933010594,hac,0.5962174266448408,0.3554752198349961,256,704,before,older256,2026108998,1.293675656999033,"[0.18273343041072793, 0.06631245218547614, 0.12377382455517383, 6.43229359942679e-24, 8.449560835468233e-17, 0.14992553891689175, -3.0906708616388002e-24, 0.47725475393173045]",markov_stationary
1.6684475367262348,1.7113570930447908,0.46132784681907824,0.21282338225072692,-0.16084703632984007,2.500853775917701,-0.13488957982576263,0.01819519874557079,256,192,448,0,0.30335857491949536,1,512,704,-0.0020243655803365243,1.7078926806499661,2.7316980151303514,-0.08450576818303068,0.0071412248562041205,chronological,0.5962174266448408,0.3554752198349961,256,704,before,older256,2026108998,1.293675656999033,"[0.18273343041072793, 0.06631245218547614, 0.12377382455517383, 6.43229359942679e-24, 8.449560835468233e-17, 0.14992553891689175, -3.0906708616388002e-24, 0.47725475393173045]",markov_stationary
1.6684475367262348,1.7113570930447908,0.43081570953887494,0.18560217558548425,-0.19723077227111382,2.4486366133592687,-0.16540171710596588,0.027357728021601965,240,192,448,16,0.30335857491949536,1,512,704,-0.0020243655803365243,1.7078926806499661,2.7316980151303514,-0.10362104456761323,0.010737320877283288,blocked_holdout,0.5962174266448408,0.3554752198349961,256,704,before,older256,2026108998,1.293675656999033,"[0.18273343041072793, 0.06631245218547614, 0.12377382455517383, 6.43229359942679e-24, 8.449560835468233e-17, 0.14992553891689175, -3.0906708616388002e-24, 0.47725475393173045]",markov_stationary
1.6684475367262348,1.7113570930447908,0.26657473505671603,0.07106208937055834,-0.3930774345819014,2.1675616567106375,-0.32964269158812487,0.10866430411746361,0,192,448,0,0.30335857491949536,1,512,704,-0.0020243655803365243,1.7078926806499661,2.7316980151303514,-0.2065149058552852,0.04264840634041731,gaussian_iid,0.5962174266448408,0.3554752198349961,256,704,before,older256,2026108998,1.293675656999033,"[0.18273343041072793, 0.06631245218547614, 0.12377382455517383, 6.43229359942679e-24, 8.449560835468233e-17, 0.14992553891689175, -3.0906708616388002e-24, 0.47725475393173045]",markov_stationary
1.6684475367262348,1.7113570930447908,1.2639602521280606,1.5975955189596305,0.7962398181403209,3.8744444358508296,0.66774282548322,0.44588048098431393,0,192,448,0,0.30335857491949536,1,512,704,-0.0020243655803365243,1.7078926806499661,2.7316980151303514,0.4183282392091019,0.17499851571978758,ewma_gaussian,0.5962174266448408,0.3554752198349961,256,704,before,older256,2026108998,1.293675656999033,"[0.18273343041072793, 0.06631245218547614, 0.12377382455517383, 6.43229359942679e-24, 8.449560835468233e-17, 0.14992553891689175, -3.0906708616388002e-24, 0.47725475393173045]",markov_stationary
1.6684475367262348,1.7113570930447908,0.21735951562566713,0.047245159033024633,-0.45176337754378376,2.083336841851556,-0.3788579110191738,0.14353331674181222,0,192,448,0,0.30335857491949536,1,512,704,-0.0020243655803365243,1.7078926806499661,2.7316980151303514,-0.23734730914165736,0.056333745156785464,ar_gaussian,0.5962174266448408,0.3554752198349961,256,704,before,older256,2026108998,1.293675656999033,"[0.18273343041072793, 0.06631245218547614, 0.12377382455517383, 6.43229359942679e-24, 8.449560835468233e-17, 0.14992553891689175, -3.0906708616388002e-24, 0.47725475393173045]",markov_stationary
1.5775467240247365,1.621617433850234,0.056769170394328494,0.003222738707260303,-0.6383432162821117,1.7136753102668916,-0.5372807688929293,0.2886706246221773,0,128,640,0,0.25045776637627104,1,512,640,-0.01165567289773561,1.6027163914760103,2.5849391719761243,-0.33705391258517403,0.11360533998897414,raw,0.5940499392872578,0.35289533036719467,512,640,before,full512,2026108998,1.201978997168822,"[0.34482265160513503, 0.12267523688151549, 0.07489419009503998, 2.5514474310792573e-17, -1.983325029617258e-25, 0.17315215485366628, 2.6900024124329213e-17, 0.28445576656464316]",markov_stationary
1.5775467240247365,1.621617433850234,0.12182798393425465,0.014842057669485008,-0.5610468478151233,1.8191758165288476,-0.4722219553530031,0.22299357511741366,0,128,640,0,0.25045776637627104,1,512,640,-0.01165567289773561,1.6027163914760103,2.5849391719761243,-0.2962403772394647,0.08775836110698038,iid_oic,0.5940499392872578,0.35289533036719467,512,640,before,full512,2026108998,1.201978997168822,"[0.34482265160513503, 0.12267523688151549, 0.07489419009503998, 2.5514474310792573e-17, -1.983325029617258e-25, 0.17315215485366628, 2.6900024124329213e-17, 0.28445576656464316]",markov_stationary
1.5775467240247365,1.621617433850234,0.10774437395767289,0.01160885011953086,-0.5777795831181909,1.7963375890592757,-0.4863055653295848,0.23649310287052708,0,128,640,0,0.25045776637627104,1,512,640,-0.01165567289773561,1.6027163914760103,2.5849391719761243,-0.3050754893833658,0.09307105422250014,hac,0.5940499392872578,0.35289533036719467,512,640,before,full512,2026108998,1.201978997168822,"[0.34482265160513503, 0.12267523688151549, 0.07489419009503998, 2.5514474310792573e-17, -1.983325029617258e-25, 0.17315215485366628, 2.6900024124329213e-17, 0.28445576656464316]",markov_stationary
1.5775467240247365,1.621617433850234,0.10936086717602866,0.011959799269492984,-0.575859027721746,1.7989589226438618,-0.4846890721112292,0.23492349662404433,0,128,640,0,0.25045776637627104,1,512,640,-0.01165567289773561,1.6027163914760103,2.5849391719761243,-0.30406140997561637,0.09245334103635985,block_bootstrap,0.5940499392872578,0.35289533036719467,512,640,before,full512,2026108998,1.201978997168822,"[0.34482265160513503, 0.12267523688151549, 0.07489419009503998, 2.5514474310792573e-17, -1.983325029617258e-25, 0.17315215485366628, 2.6900024124329213e-17, 0.28445576656464316]",markov_stationary
1.5775467240247365,1.621617433850234,0.09835480757963677,0.009673668174027376,-0.588935325791803,1.7811113045243583,-0.4956951317076209,0.24571366359863564,0,128,640,0,0.25045776637627104,1,512,640,-0.01165567289773561,1.6027163914760103,2.5849391719761243,-0.3109658734589328,0.096699774456077,gaussian_iid,0.5940499392872578,0.35289533036719467,512,640,before,full512,2026108998,1.201978997168822,"[0.34482265160513503, 0.12267523688151549, 0.07489419009503998, 2.5514474310792573e-17, -1.983325029617258e-25, 0.17315215485366628, 2.6900024124329213e-17, 0.28445576656464316]",markov_stationary
1.5775467240247365,1.621617433850234,0.0783528233083215,0.0061391649203850485,-0.612699680875802,1.7486757381183953,-0.5156971159789362,0.26594351542899236,0,128,640,0,0.25045776637627104,1,512,640,-0.01165567289773561,1.6027163914760103,2.5849391719761243,-0.3235137766195193,0.10466116366262423,ewma_gaussian,0.5940499392872578,0.35289533036719467,512,640,before,full512,2026108998,1.201978997168822,"[0.34482265160513503, 0.12267523688151549, 0.07489419009503998, 2.5514474310792573e-17, -1.983325029617258e-25, 0.17315215485366628, 2.6900024124329213e-17, 0.28445576656464316]",markov_stationary
1.5775467240247365,1.621617433850234,0.15890173963303922,0.02524976285840619,-0.5169995231710962,1.879295265108301,-0.43514819965421864,0.18935395566230773,0,128,640,0,0.25045776637627104,1,512,640,-0.01165567289773561,1.6027163914760103,2.5849391719761243,-0.2729827898922571,0.07451960357736019,ar_gaussian,0.5940499392872578,0.35289533036719467,512,640,before,full512,2026108998,1.201978997168822,"[0.34482265160513503, 0.12267523688151549, 0.07489419009503998, 2.5514474310792573e-17, -1.983325029617258e-25, 0.17315215485366628, 2.6900024124329213e-17, 0.28445576656464316]",markov_stationary
1.60764622714615,1.6575831427946222,0.14333478639975294,0.0205448609922628,-0.46299597270914045,1.8951724685069204,-0.4147832225902939,0.17204512174238928,0,128,640,0,0.125,1,512,640,-0.010950663439050998,1.6394315076756338,2.582710146186621,-0.266207835476564,0.07086661166911737,raw,0.5581180089900468,0.311495711959014,512,640,before,equal512,2026108998,1.2859881617241065,"[0.125, 0.125, 0.125, 0.125, 0.125, 0.125, 0.125, 0.125]",markov_stationary
1.60764622714615,1.6575831427946222,0.15031911095170702,0.022595835117311606,-0.4551998180829865,1.9067495671480463,-0.4077988980383397,0.16629994124128417,0,128,640,0,0.125,1,512,640,-0.010950663439050998,1.6394315076756338,2.582710146186621,-0.2617252965984713,0.06850013087955778,iid_oic,0.5581180089900468,0.311495711959014,512,640,before,equal512,2026108998,1.2859881617241065,"[0.125, 0.125, 0.125, 0.125, 0.125, 0.125, 0.125, 0.125]",markov_stationary
1.60764622714615,1.6575831427946222,0.15225447892371013,0.023181426352330493,-0.45303949064459176,1.909957600473543,-0.40586353006633674,0.16472520503790822,0,128,640,0,0.125,1,512,640,-0.010950663439050998,1.6394315076756338,2.582710146186621,-0.2604831776056632,0.06785148581554348,hac,0.5581180089900468,0.311495711959014,512,640,before,equal512,2026108998,1.2859881617241065,"[0.125, 0.125, 0.125, 0.125, 0.125, 0.125, 0.125, 0.125]",markov_stationary
1.60764622714615,1.6575831427946222,0.13134053331989937,0.017250335692755595,-0.4763843900056417,1.8752909967913427,-0.42677747567014745,0.1821390137393833,0,128,640,0,0.125,1,512,640,-0.010950663439050998,1.6394315076756338,2.582710146186621,-0.27390574603959517,0.0750243577135072,block_bootstrap,0.5581180089900468,0.311495711959014,512,640,before,equal512,2026108998,1.2859881617241065,"[0.125, 0.125, 0.125, 0.125, 0.125, 0.125, 0.125, 0.125]",markov_stationary
1.60764622714615,1.6575831427946222,0.12788248323449736,0.016353929518221497,-0.48024439006294645,1.869558991262841,-0.43023552575554935,0.18510260762215397,0,128,640,0,0.125,1,512,640,-0.010950663439050998,1.6394315076756338,2.582710146186621,-0.2761251222777553,0.07624508315290533,gaussian_iid,0.5581180089900468,0.311495711959014,512,640,before,equal512,2026108998,1.2859881617241065,"[0.125, 0.125, 0.125, 0.125, 0.125, 0.125, 0.125, 0.125]",markov_stationary
1.60764622714615,1.6575831427946222,-0.01132539705878699,0.000128264618539181,-0.6356332400329718,1.638810355544521,-0.5694434060488338,0.324265792692497,0,128,640,0,0.125,1,512,640,-0.010950663439050998,1.6394315076756338,2.582710146186621,-0.36546872750539616,0.13356739078441351,ewma_gaussian,0.5581180089900468,0.311495711959014,512,640,before,equal512,2026108998,1.2859881617241065,"[0.125, 0.125, 0.125, 0.125, 0.125, 0.125, 0.125, 0.125]",markov_stationary
1.60764622714615,1.6575831427946222,0.18050851843355797,0.03258332522707814,-0.4215013140902668,1.9567910200809202,-0.3776094905564888,0.142588927358331,0,128,640,0,0.125,1,512,640,-0.010950663439050998,1.6394315076756338,2.582710146186621,-0.2423497375537368,0.0587333952923651,ar_gaussian,0.5581180089900468,0.311495711959014,512,640,before,equal512,2026108998,1.2859881617241065,"[0.125, 0.125, 0.125, 0.125, 0.125, 0.125, 0.125, 0.125]",markov_stationary
1.6594705305751831,1.7015335033400678,0.032847896381341446,0.0010789842966793446,-0.679718310644803,1.7574252995471633,-0.5667817628552443,0.32124156670529835,0,128,384,0,0.29538405817269847,1,512,640,-0.011765150883153054,1.681514704940532,2.7218234581275067,-0.3543206138886783,0.12554309742644984,raw,0.5996296592365858,0.35955572823618404,256,640,before,older256,2026108998,1.2389266717985563,"[0.22949939296959213, 0.047795727482895504, 0.12985832459853008, 6.624032757738483e-24, 3.659758706908117e-17, 0.14177375127299816, 2.370270185413088e-16, 0.451072803675984]",markov_stationary
1.6594705305751831,1.7015335033400678,0.22870437876968142,0.0523056928684259,-0.4448355990572097,2.090681666177258,-0.3709252804669043,0.13758556368945163,0,128,384,0,0.29538405817269847,1,512,640,-0.011765150883153054,1.681514704940532,2.7218234581275067,-0.23188197238348673,0.05376924911645611,iid_oic,0.5996296592365858,0.35955572823618404,256,640,before,older256,2026108998,1.2389266717985563,"[0.22949939296959213, 0.047795727482895504, 0.12985832459853008, 6.624032757738483e-24, 3.659758706908117e-17, 0.14177375127299816, 2.370270185413088e-16, 0.451072803675984]",markov_stationary
1.6594705305751831,1.7015335033400678,0.18707019127847402,0.034995256464964854,-0.4947657863730995,2.0198397012766263,-0.4125594679581118,0.1702053146018803,0,128,384,0,0.29538405817269847,1,512,640,-0.011765150883153054,1.681514704940532,2.7218234581275067,-0.2579093639430289,0.06651724000949773,hac,0.5996296592365858,0.35955572823618404,256,640,before,older256,2026108998,1.2389266717985563,"[0.22949939296959213, 0.047795727482895504, 0.12985832459853008, 6.624032757738483e-24, 3.659758706908117e-17, 0.14177375127299816, 2.370270185413088e-16, 0.451072803675984]",markov_stationary
1.6594705305751831,1.7015335033400678,0.06393801085595219,0.00408806923221586,-0.6424332011487286,1.8103261709483913,-0.5356916483806337,0.28696554214476044,256,128,384,0,0.29538405817269847,1,512,640,-0.011765150883153054,1.681514704940532,2.7218234581275067,-0.3348847936692356,0.11214782503088652,chronological,0.5996296592365858,0.35955572823618404,256,640,before,older256,2026108998,1.2389266717985563,"[0.22949939296959213, 0.047795727482895504, 0.12985832459853008, 6.624032757738483e-24, 3.659758706908117e-17, 0.14177375127299816, 2.370270185413088e-16, 0.451072803675984]",markov_stationary
1.6594705305751831,1.7015335033400678,0.08626306579618981,0.007441316520557772,-0.6156596709762232,1.8483129998931134,-0.513366593440396,0.26354525926059685,240,128,384,16,0.29538405817269847,1,512,640,-0.011765150883153054,1.681514704940532,2.7218234581275067,-0.3209284039440712,0.10299504045808892,blocked_holdout,0.5996296592365858,0.35955572823618404,256,640,before,older256,2026108998,1.2389266717985563,"[0.22949939296959213, 0.047795727482895504, 0.12985832459853008, 6.624032757738483e-24, 3.659758706908117e-17, 0.14177375127299816, 2.370270185413088e-16, 0.451072803675984]",markov_stationary
1.6594705305751831,1.7015335033400678,0.08460225880461736,0.007157542194843455,-0.6176514092370519,1.8454870811543713,-0.5150274004319685,0.2652532231957112,0,128,384,0,0.29538405817269847,1,512,640,-0.011765150883153054,1.681514704940532,2.7218234581275067,-0.3219666486290098,0.10366252282939627,gaussian_iid,0.5996296592365858,0.35955572823618404,256,640,before,older256,2026108998,1.2389266717985563,"[0.22949939296959213, 0.047795727482895504, 0.12985832459853008, 6.624032757738483e-24, 3.659758706908117e-17, 0.14177375127299816, 2.370270185413088e-16, 0.451072803675984]",markov_stationary
1.6594705305751831,1.7015335033400678,-0.013277382427118845,0.0001762888841159643,-0.7350344810730224,1.6789415923036664,-0.6129070416637047,0.3756550417209542,0,128,384,0,0.29538405817269847,1,512,640,-0.011765150883153054,1.681514704940532,2.7218234581275067,-0.3831555873727742,0.1468082041349756,ewma_gaussian,0.5996296592365858,0.35955572823618404,256,640,before,older256,2026108998,1.2389266717985563,"[0.22949939296959213, 0.047795727482895504, 0.12985832459853008, 6.624032757738483e-24, 3.659758706908117e-17, 0.14177375127299816, 2.370270185413088e-16, 0.451072803675984]",markov_stationary
1.6594705305751831,1.7015335033400678,0.1385799869749702,0.019204412789982913,-0.5529181157387444,1.9373319940704097,-0.4610496722616157,0.21256680029254324,0,128,384,0,0.29538405817269847,1,512,640,-0.011765150883153054,1.681514704940532,2.7218234581275067,-0.28822275806116837,0.0830723582643868,ar_gaussian,0.5996296592365858,0.35955572823618404,256,640,before,older256,2026108998,1.2389266717985563,"[0.22949939296959213, 0.047795727482895504, 0.12985832459853008, 6.624032757738483e-24, 3.659758706908117e-17, 0.14177375127299816, 2.370270185413088e-16, 0.451072803675984]",markov_stationary
1.7024025365654998,1.7431041002133352,-0.026264018719516002,0.000689798679299087,-0.5026118155732835,1.697323181495267,-0.5146081877136919,0.2648215868619703,0,64,576,0,0.28207539076572674,1,512,576,-0.07416769307748254,1.6138220903066112,2.594338823502357,-0.34575886306019166,0.11954919138467637,raw,0.4883441689941759,0.23848002739061222,512,576,before,full512,2026108998,1.217131325477715,"[0.313069431161571, 0.11854332778016054, 0.06071680236989821, 1.4966800033402548e-24, 1.0374846957647473e-16, 0.11697902798322377, 6.404515765099164e-17, 0.39069141070514646]",markov_stationary
1.7024025365654998,1.7431041002133352,0.02410894209581449,0.000581241088979336,-0.453413132195006,1.7851284960323552,-0.46423522689836144,0.21551434589337312,0,64,576,0,0.28207539076572674,1,512,576,-0.07416769307748254,1.6138220903066112,2.594338823502357,-0.3119138950314778,0.09729027791370776,iid_oic,0.4883441689941759,0.23848002739061222,512,576,before,full512,2026108998,1.217131325477715,"[0.313069431161571, 0.11854332778016054, 0.06071680236989821, 1.4966800033402548e-24, 1.0374846957647473e-16, 0.11697902798322377, 6.404515765099164e-17, 0.39069141070514646]",markov_stationary
1.7024025365654998,1.7431041002133352,0.01181559998259174,0.00013960840294862192,-0.4654198960718917,1.7636999209894715,-0.47652856901158414,0.2270794770842281,0,64,576,0,0.28207539076572674,1,512,576,-0.07416769307748254,1.6138220903066112,2.594338823502357,-0.3201736392286352,0.10251115925690824,hac,0.4883441689941759,0.23848002739061222,512,576,before,full512,2026108998,1.217131325477715,"[0.313069431161571, 0.11854332778016054, 0.06071680236989821, 1.4966800033402548e-24, 1.0374846957647473e-16, 0.11697902798322377, 6.404515765099164e-17, 0.39069141070514646]",markov_stationary
1.7024025365654998,1.7431041002133352,0.005394263711367531,2.9098080987776606e-05,-0.471691540322298,1.752506863406252,-0.48294990528280834,0.23324061101267354,0,64,576,0,0.28207539076572674,1,512,576,-0.07416769307748254,1.6138220903066112,2.594338823502357,-0.3244880554805991,0.10529249814958037,block_bootstrap,0.4883441689941759,0.23848002739061222,512,576,before,full512,2026108998,1.217131325477715,"[0.313069431161571, 0.11854332778016054, 0.06071680236989821, 1.4966800033402548e-24, 1.0374846957647473e-16, 0.11697902798322377, 6.404515765099164e-17, 0.39069141070514646]",markov_stationary
1.7024025365654998,1.7431041002133352,0.006636197005207567,4.403911069192588e-05,-0.4704785585576449,1.754671682422936,-0.48170797198896825,0.23204257027772462,0,64,576,0,0.28207539076572674,1,512,576,-0.07416769307748254,1.6138220903066112,2.594338823502357,-0.32365361589349784,0.10475166308093584,gaussian_iid,0.4883441689941759,0.23848002739061222,512,576,before,full512,2026108998,1.217131325477715,"[0.313069431161571, 0.11854332778016054, 0.06071680236989821, 1.4966800033402548e-24, 1.0374846957647473e-16, 0.11697902798322377, 6.404515765099164e-17, 0.39069141070514646]",markov_stationary
1.7024025365654998,1.7431041002133352,0.13899459891649046,0.01931949852795605,-0.34120565097611977,1.9853861554921777,-0.3493495700776854,0.12204512211346363,0,64,576,0,0.28207539076572674,1,512,576,-0.07416769307748254,1.6138220903066112,2.594338823502357,-0.23472364615354802,0.05509519006361602,ewma_gaussian,0.4883441689941759,0.23848002739061222,512,576,before,full512,2026108998,1.217131325477715,"[0.313069431161571, 0.11854332778016054, 0.06071680236989821, 1.4966800033402548e-24, 1.0374846957647473e-16, 0.11697902798322377, 6.404515765099164e-17, 0.39069141070514646]",markov_stationary
1.7024025365654998,1.7431041002133352,0.007285012661193413,5.307140947374833e-05,-0.4698448678729393,1.7558026356531675,-0.4810591563329824,0.2314179118918008,0,64,576,0,0.28207539076572674,1,512,576,-0.07416769307748254,1.6138220903066112,2.594338823502357,-0.32321768469592793,0.10446967170019629,ar_gaussian,0.4883441689941759,0.23848002739061222,512,576,before,full512,2026108998,1.217131325477715,"[0.313069431161571, 0.11854332778016054, 0.06071680236989821, 1.4966800033402548e-24, 1.0374846957647473e-16, 0.11697902798322377, 6.404515765099164e-17, 0.39069141070514646]",markov_stationary
1.722158369810789,1.764582385829716,0.11394878637210071,0.012984325915674643,-0.31953209326794046,1.965654407148598,-0.3467732112810089,0.12025166006214325,0,64,576,0,0.125,1,512,576,-0.06997255191223135,1.6411100532338372,2.577564307652673,-0.2373985000829434,0.05635804784163127,raw,0.4607219976531095,0.21226475912147183,512,576,before,equal512,2026108998,1.2944447626931357,"[0.125, 0.125, 0.125, 0.125, 0.125, 0.125, 0.125, 0.125]",markov_stationary
1.722158369810789,1.764582385829716,0.1201610798127164,0.014438685101758001,-0.31380781278000475,1.9766165107295142,-0.34056091784039305,0.11598173876029094,0,64,576,0,0.125,1,512,576,-0.06997255191223135,1.6411100532338372,2.577564307652673,-0.23314560771150172,0.05435687439516545,iid_oic,0.4607219976531095,0.21226475912147183,512,576,before,equal512,2026108998,1.2944447626931357,"[0.125, 0.125, 0.125, 0.125, 0.125, 0.125, 0.125, 0.125]",markov_stationary
1.722158369810789,1.764582385829716,0.12143249209907014,0.014745850137390734,-0.3126362775631856,1.9788600224551414,-0.33928950555403936,0.11511736857910451,0,64,576,0,0.125,1,512,576,-0.06997255191223135,1.6411100532338372,2.577564307652673,-0.232275207807621,0.05395177216207352,hac,0.4607219976531095,0.21226475912147183,512,576,before,equal512,2026108998,1.2944447626931357,"[0.125, 0.125, 0.125, 0.125, 0.125, 0.125, 0.125, 0.125]",markov_stationary
1.722158369810789,1.764582385829716,0.13270084141515048,0.017609513312288917,-0.3022531247488704,1.9987439531756732,-0.32802115623795897,0.10759787893968749,0,64,576,0,0.125,1,512,576,-0.06997255191223135,1.6411100532338372,2.577564307652673,-0.22456097516500673,0.05042763156705877,block_bootstrap,0.4607219976531095,0.21226475912147183,512,576,before,equal512,2026108998,1.2944447626931357,"[0.125, 0.125, 0.125, 0.125, 0.125, 0.125, 0.125, 0.125]",markov_stationary
1.722158369810789,1.764582385829716,0.092700484790194,0.008593379880336987,-0.339111213171044,1.9281600284483678,-0.36802151286291557,0.13543983392990913,0,64,576,0,0.125,1,512,576,-0.06997255191223135,1.6411100532338372,2.577564307652673,-0.2519449378144526,0.06347625169032839,gaussian_iid,0.4607219976531095,0.21226475912147183,512,576,before,equal512,2026108998,1.2944447626931357,"[0.125, 0.125, 0.125, 0.125, 0.125, 0.125, 0.125, 0.125]",markov_stationary
1.722158369810789,1.764582385829716,0.043556530048453945,0.0018971713098618714,-0.38439461517342083,1.8414414715410807,-0.4171654676046555,0.1740270273618109,0,64,576,0,0.125,1,512,576,-0.06997255191223135,1.6411100532338372,2.577564307652673,-0.2855885433880646,0.08156081611451646,ewma_gaussian,0.4607219976531095,0.21226475912147183,512,576,before,equal512,2026108998,1.2944447626931357,"[0.125, 0.125, 0.125, 0.125, 0.125, 0.125, 0.125, 0.125]",markov_stationary
1.722158369810789,1.764582385829716,0.09108333515275446,0.008296173942548998,-0.34060132599397425,1.9253064346828912,-0.36963866250035504,0.1366327408150514,0,64,576,0,0.125,1,512,576,-0.06997255191223135,1.6411100532338372,2.577564307652673,-0.2530520270758162,0.06403532840717961,ar_gaussian,0.4607219976531095,0.21226475912147183,512,576,before,equal512,2026108998,1.2944447626931357,"[0.125, 0.125, 0.125, 0.125, 0.125, 0.125, 0.125, 0.125]",markov_stationary
1.7576056739962382,1.7970439065125892,0.0508287779939236,0.0025835646723555723,-0.4009761285010996,1.888385452282051,-0.42306521524233764,0.17898417634804548,0,64,320,0,0.355517222017551,1,512,576,-0.07197306013503166,1.6677051573638664,2.6486522193907307,-0.2870391067361663,0.08239144879589626,raw,0.4738939932362613,0.22457551682540966,256,576,before,older256,2026108998,1.2871635056872992,"[0.3130268982219782, 0.11607216720460832, 0.0011254642110681975, -1.5031329988432172e-23, -6.192403603951152e-25, 0.08273021612178015, 8.912904258221402e-24, 0.4870452542405653]",markov_stationary
1.7576056739962382,1.7970439065125892,0.24641926488415877,0.060722454106049206,-0.21559781475822323,2.2398701449199785,-0.22747472835210245,0.0517447520388628,0,64,320,0,0.355517222017551,1,512,576,-0.07197306013503166,1.6677051573638664,2.6486522193907307,-0.1543358812750374,0.023819564248942438,iid_oic,0.4738939932362613,0.22457551682540966,256,576,before,older256,2026108998,1.2871635056872992,"[0.3130268982219782, 0.11607216720460832, 0.0011254642110681975, -1.5031329988432172e-23, -6.192403603951152e-25, 0.08273021612178015, 8.912904258221402e-24, 0.4870452542405653]",markov_stationary
1.7576056739962382,1.7970439065125892,0.19972981693415726,0.03989199977255197,-0.2598495126202689,2.1559671569829915,-0.27416417630210405,0.07516599556741119,0,64,320,0,0.355517222017551,1,512,576,-0.07197306013503166,1.6677051573638664,2.6486522193907307,-0.18601349728016447,0.034601021170397754,hac,0.4738939932362613,0.22457551682540966,256,576,before,older256,2026108998,1.2871635056872992,"[0.3130268982219782, 0.11607216720460832, 0.0011254642110681975, -1.5031329988432172e-23, -6.192403603951152e-25, 0.08273021612178015, 8.912904258221402e-24, 0.4870452542405653]",markov_stationary
1.7576056739962382,1.7970439065125892,-0.13933954211679267,0.01941550799731744,-0.5812153777096976,1.5466446314153526,-0.613233535353054,0.37605536888160535,256,64,320,0,0.355517222017551,1,512,576,-0.07197306013503166,1.6677051573638664,2.6486522193907307,-0.416063528426874,0.1731088596870202,chronological,0.4738939932362613,0.22457551682540966,256,576,before,older256,2026108998,1.2871635056872992,"[0.3130268982219782, 0.11607216720460832, 0.0011254642110681975, -1.5031329988432172e-23, -6.192403603951152e-25, 0.08273021612178015, 8.912904258221402e-24, 0.4870452542405653]",markov_stationary
1.7576056739962382,1.7970439065125892,-0.1368423534248807,0.018725829690859962,-0.5788485722675484,1.5511321891375651,-0.6107363466611421,0.3729988851329987,240,64,320,16,0.355517222017551,1,512,576,-0.07197306013503166,1.6677051573638664,2.6486522193907307,-0.41436924871383385,0.1717018742796671,blocked_holdout,0.4738939932362613,0.22457551682540966,256,576,before,older256,2026108998,1.2871635056872992,"[0.3130268982219782, 0.11607216720460832, 0.0011254642110681975, -1.5031329988432172e-23, -6.192403603951152e-25, 0.08273021612178015, 8.912904258221402e-24, 0.4870452542405653]",markov_stationary
1.7576056739962382,1.7970439065125892,-0.00892613040427559,7.96758039941331e-05,-0.45761111281367883,1.781003258260849,-0.48282012364053684,0.23311527179226327,0,64,320,0,0.355517222017551,1,512,576,-0.07197306013503166,1.6677051573638664,2.6486522193907307,-0.32758130900608273,0.10730951401013866,gaussian_iid,0.4738939932362613,0.22457551682540966,256,576,before,older256,2026108998,1.2871635056872992,"[0.3130268982219782, 0.11607216720460832, 0.0011254642110681975, -1.5031329988432172e-23, -6.192403603951152e-25, 0.08273021612178015, 8.912904258221402e-24, 0.4870452542405653]",markov_stationary
1.7576056739962382,1.7970439065125892,0.11084465411814826,0.01228653734657192,-0.3440938021129364,1.9962366167651031,-0.36304933911811305,0.13180482263409865,0,64,320,0,0.355517222017551,1,512,576,-0.07197306013503166,1.6677051573638664,2.6486522193907307,-0.24631984442853838,0.06067346575929935,ewma_gaussian,0.4738939932362613,0.22457551682540966,256,576,before,older256,2026108998,1.2871635056872992,"[0.3130268982219782, 0.11607216720460832, 0.0011254642110681975, -1.5031329988432172e-23, -6.192403603951152e-25, 0.08273021612178015, 8.912904258221402e-24, 0.4870452542405653]",markov_stationary
1.7576056739962382,1.7970439065125892,-0.006510470468473195,4.238622572086158e-05,-0.45532157934712236,1.7853443052286893,-0.4804044637047345,0.23078844874743357,0,64,320,0,0.355517222017551,1,512,576,-0.07197306013503166,1.6677051573638664,2.6486522193907307,-0.3259423445032841,0.10623841194029753,ar_gaussian,0.4738939932362613,0.22457551682540966,256,576,before,older256,2026108998,1.2871635056872992,"[0.3130268982219782, 0.11607216720460832, 0.0011254642110681975, -1.5031329988432172e-23, -6.192403603951152e-25, 0.08273021612178015, 8.912904258221402e-24, 0.4870452542405653]",markov_stationary
1.5684565732542812,1.7465525806648285,0.22888834675691982,0.05238987528111597,-0.1389568706817604,2.146318113377233,-0.17291606075486482,0.029899964066980103,0,320,832,0,0.2543729194360604,1,512,832,-0.004920492152830536,1.7379586823971613,2.4483251055270383,-0.12335248757120998,0.015215836190005513,raw,0.4018044075117846,0.16144678189589626,512,832,after,full512,2026108999,1.5532551006548005,"[0.34839523847149156, 0.11717261818531349, 0.15142994768618726, 0.2994427671945755, -1.228749808207048e-23, 0.0019289559562391018, 1.1725666563325697e-16, 0.0816304725061932]",markov_stationary
1.5684565732542812,1.7465525806648285,0.31463633174330363,0.09899602125288222,-0.07004903407619374,2.2960814778420104,-0.08716807576848104,0.007598273433179652,0,320,832,0,0.2543729194360604,1,512,832,-0.004920492152830536,1.7379586823971613,2.4483251055270383,-0.06218276622714092,0.003866696415659257,iid_oic,0.4018044075117846,0.16144678189589626,512,832,after,full512,2026108999,1.5532551006548005,"[0.34839523847149156, 0.11717261818531349, 0.15142994768618726, 0.2994427671945755, -1.228749808207048e-23, 0.0019289559562391018, 1.1725666563325697e-16, 0.0816304725061932]",markov_stationary
1.5684565732542812,1.7465525806648285,0.3189705358034962,0.10174220271076946,-0.06656602948731198,2.303651393128468,-0.08283387170828839,0.0068614503021851795,0,320,832,0,0.2543729194360604,1,512,832,-0.004920492152830536,1.7379586823971613,2.4483251055270383,-0.05909089118596744,0.0034917334211518446,hac,0.4018044075117846,0.16144678189589626,512,832,after,full512,2026108999,1.5532551006548005,"[0.34839523847149156, 0.11717261818531349, 0.15142994768618726, 0.2994427671945755, -1.228749808207048e-23, 0.0019289559562391018, 1.1725666563325697e-16, 0.0816304725061932]",markov_stationary
1.5684565732542812,1.7465525806648285,0.3392957638411147,0.11512161536052548,-0.05023249706891761,2.3391504726101715,-0.06250864367066995,0.003907330533546787,0,320,832,0,0.2543729194360604,1,512,832,-0.004920492152830536,1.7379586823971613,2.4483251055270383,-0.04459155880499999,0.001988407116659772,block_bootstrap,0.4018044075117846,0.16144678189589626,512,832,after,full512,2026108999,1.5532551006548005,"[0.34839523847149156, 0.11717261818531349, 0.15142994768618726, 0.2994427671945755, -1.228749808207048e-23, 0.0019289559562391018, 1.1725666563325697e-16, 0.0816304725061932]",markov_stationary
1.5684565732542812,1.7465525806648285,0.09614577512060785,0.009244010073542495,-0.24562997137759832,1.9144762323217464,-0.3056586323911768,0.09342719955524456,0,320,832,0,0.2543729194360604,1,512,832,-0.004920492152830536,1.7379586823971613,2.4483251055270383,-0.21804656252559773,0.0475443034292294,gaussian_iid,0.4018044075117846,0.16144678189589626,512,832,after,full512,2026108999,1.5532551006548005,"[0.34839523847149156, 0.11717261818531349, 0.15142994768618726, 0.2994427671945755, -1.228749808207048e-23, 0.0019289559562391018, 1.1725666563325697e-16, 0.0816304725061932]",markov_stationary
1.5684565732542812,1.7465525806648285,-0.033751180723683105,0.001139142200242718,-0.3500163101387978,1.6876043688713949,-0.43555558823546764,0.18970867044314424,0,320,832,0,0.2543729194360604,1,512,832,-0.004920492152830536,1.7379586823971613,2.4483251055270383,-0.310710671118935,0.096541121147179,ewma_gaussian,0.4018044075117846,0.16144678189589626,512,832,after,full512,2026108999,1.5532551006548005,"[0.34839523847149156, 0.11717261818531349, 0.15142994768618726, 0.2994427671945755, -1.228749808207048e-23, 0.0019289559562391018, 1.1725666563325697e-16, 0.0816304725061932]",markov_stationary
1.5684565732542812,1.7465525806648285,0.09673944278019664,0.00935851978942294,-0.24515289481315822,1.9155131041046587,-0.30506496473158784,0.09306463270668493,0,320,832,0,0.2543729194360604,1,512,832,-0.004920492152830536,1.7379586823971613,2.4483251055270383,-0.21762306003380372,0.047359796258476534,ar_gaussian,0.4018044075117846,0.16144678189589626,512,832,after,full512,2026108999,1.5532551006548005,"[0.34839523847149156, 0.11717261818531349, 0.15142994768618726, 0.2994427671945755, -1.228749808207048e-23, 0.0019289559562391018, 1.1725666563325697e-16, 0.0816304725061932]",markov_stationary
1.6002604558941118,1.7483899773468798,0.3890529920188366,0.15136223059880893,-0.03193430500877523,2.4286063292494293,-0.037438393907331495,0.001401633338360516,0,320,832,0,0.125,1,512,832,-0.005222808606543051,1.739258471125599,2.494063241924972,-0.02624508936871295,0.0006888047159717294,raw,0.42649138592616803,0.1818949022692236,512,832,after,equal512,2026108999,1.5320873990248227,"[0.125, 0.125, 0.125, 0.125, 0.125, 0.125, 0.125, 0.125]",markov_stationary
1.6002604558941118,1.7483899773468798,0.4025690612283981,0.16206184905831372,-0.020405330829855375,2.4522376891885536,-0.02392232469776991,0.0005722776189455322,0,320,832,0,0.125,1,512,832,-0.005222808606543051,1.739258471125599,2.494063241924972,-0.016770044974535936,0.000281234408447958,iid_oic,0.42649138592616803,0.1818949022692236,512,832,after,equal512,2026108999,1.5320873990248227,"[0.125, 0.125, 0.125, 0.125, 0.125, 0.125, 0.125, 0.125]",markov_stationary
1.6002604558941118,1.7483899773468798,0.40914785133200815,0.16740196424959905,-0.01479373621184345,2.463739979868774,-0.01734353459415997,0.00030079819221882356,0,320,832,0,0.125,1,512,832,-0.005222808606543051,1.739258471125599,2.494063241924972,-0.012158176884397687,0.00014782126515230223,hac,0.42649138592616803,0.1818949022692236,512,832,after,equal512,2026108999,1.5320873990248227,"[0.125, 0.125, 0.125, 0.125, 0.125, 0.125, 0.125, 0.125]",markov_stationary
1.6002604558941118,1.7483899773468798,0.3925104117728173,0.1540644233500666,-0.02898518552356762,2.4346512472947706,-0.03398097415335064,0.0011547066044106844,0,320,832,0,0.125,1,512,832,-0.005222808606543051,1.739258471125599,2.494063241924972,-0.023821366528118282,0.0005674575032669541,block_bootstrap,0.42649138592616803,0.1818949022692236,512,832,after,equal512,2026108999,1.5320873990248227,"[0.125, 0.125, 0.125, 0.125, 0.125, 0.125, 0.125, 0.125]",markov_stationary
1.6002604558941118,1.7483899773468798,0.1595554919720621,0.02545795501844677,-0.22769171873185448,2.027355200341484,-0.2669358939541059,0.07125477148107766,0,320,832,0,0.125,1,512,832,-0.005222808606543051,1.739258471125599,2.494063241924972,-0.18712758912371164,0.03501673461125264,gaussian_iid,0.42649138592616803,0.1818949022692236,512,832,after,equal512,2026108999,1.5320873990248227,"[0.125, 0.125, 0.125, 0.125, 0.125, 0.125, 0.125, 0.125]",markov_stationary
1.6002604558941118,1.7483899773468798,-0.040867410624999434,0.0016701452511923166,-0.3986490017317868,1.6769378062100115,-0.4673587965511674,0.2184242447137555,0,320,832,0,0.125,1,512,832,-0.005222808606543051,1.739258471125599,2.494063241924972,-0.32762819401655807,0.10734023351455142,ewma_gaussian,0.42649138592616803,0.1818949022692236,512,832,after,equal512,2026108999,1.5320873990248227,"[0.125, 0.125, 0.125, 0.125, 0.125, 0.125, 0.125, 0.125]",markov_stationary
1.6002604558941118,1.7483899773468798,0.16336393474218913,0.02668777517445023,-0.22444318266135052,2.034013843510073,-0.26312745118397884,0.06923605556657716,0,320,832,0,0.125,1,512,832,-0.005222808606543051,1.739258471125599,2.494063241924972,-0.1844577918801381,0.03402467698529635,ar_gaussian,0.42649138592616803,0.1818949022692236,512,832,after,equal512,2026108999,1.5320873990248227,"[0.125, 0.125, 0.125, 0.125, 0.125, 0.125, 0.125, 0.125]",markov_stationary
1.5718585019541478,1.6322431700763744,0.0723735304133355,0.005237927904489998,-0.514100571985098,1.750374370787856,-0.4721042616358996,0.22288243385477793,0,320,576,0,0.2149396227274905,1,512,832,-0.006667668778845339,1.6213599132517726,2.520963327407003,-0.30567241825439584,0.09343562728149031,raw,0.5444777920492351,0.29645606603481006,256,832,after,older256,2026108999,1.3040533629288649,"[0.30392338286065557, 0.07891271444469122, 0.10716208370572394, 0.27163114693164553, -9.194093501257383e-25, 6.836453375980216e-17, 0.15569220360805852, 0.08267846844922552]",markov_stationary
1.5718585019541478,1.6322431700763744,0.5480665649358469,0.3003769596005789,0.003908014274937105,2.5268210774401303,0.0035887728866117997,1.2879290831679989e-05,0,320,576,0,0.2149396227274905,1,512,832,-0.006667668778845339,1.6213599132517726,2.520963327407003,0.0023236157263550883,5.399190043764685e-06,iid_oic,0.5444777920492351,0.29645606603481006,256,832,after,older256,2026108999,1.3040533629288649,"[0.30392338286065557, 0.07891271444469122, 0.10716208370572394, 0.27163114693164553, -9.194093501257383e-25, 6.836453375980216e-17, 0.15569220360805852, 0.08267846844922552]",markov_stationary
1.5718585019541478,1.6322431700763744,0.5648426502750044,0.3190472195696909,0.022176426084325126,2.5542037281555885,0.020364858225769285,0.0004147274505556829,0,320,576,0,0.2149396227274905,1,512,832,-0.006667668778845339,1.6213599132517726,2.520963327407003,0.013185594723734262,0.0001738599082185688,hac,0.5444777920492351,0.29645606603481006,256,832,after,older256,2026108999,1.3040533629288649,"[0.30392338286065557, 0.07891271444469122, 0.10716208370572394, 0.27163114693164553, -9.194093501257383e-25, 6.836453375980216e-17, 0.15569220360805852, 0.08267846844922552]",markov_stationary
1.5718585019541478,1.6322431700763744,0.6920444004089374,0.47892545213736576,0.1606934821997698,2.7618279160334622,0.1475666083597023,0.021775903902785766,256,320,576,0,0.2149396227274905,1,512,832,-0.006667668778845339,1.6213599132517726,2.520963327407003,0.09554466183933208,0.00912878240599232,chronological,0.5444777920492351,0.29645606603481006,256,832,after,older256,2026108999,1.3040533629288649,"[0.30392338286065557, 0.07891271444469122, 0.10716208370572394, 0.27163114693164553, -9.194093501257383e-25, 6.836453375980216e-17, 0.15569220360805852, 0.08267846844922552]",markov_stationary
1.5718585019541478,1.6322431700763744,0.7512683698763412,0.5644041635766549,0.22518575446377637,2.8584958357014436,0.206790577827106,0.04276234307806838,240,320,576,16,0.2149396227274905,1,512,832,-0.006667668778845339,1.6213599132517726,2.520963327407003,0.1338902889323732,0.01792660947039438,blocked_holdout,0.5444777920492351,0.29645606603481006,256,832,after,older256,2026108999,1.3040533629288649,"[0.30392338286065557, 0.07891271444469122, 0.10716208370572394, 0.27163114693164553, -9.194093501257383e-25, 6.836453375980216e-17, 0.15569220360805852, 0.08267846844922552]",markov_stationary
1.5718585019541478,1.6322431700763744,0.23846788875360092,0.05686693396659979,-0.33323119298321363,2.0214807527769723,-0.30600990329563416,0.09364206091500336,0,320,576,0,0.2149396227274905,1,512,832,-0.006667668778845339,1.6213599132517726,2.520963327407003,-0.19813163055560412,0.0392561430266224,gaussian_iid,0.5444777920492351,0.29645606603481006,256,832,after,older256,2026108999,1.3040533629288649,"[0.30392338286065557, 0.07891271444469122, 0.10716208370572394, 0.27163114693164553, -9.194093501257383e-25, 6.836453375980216e-17, 0.15569220360805852, 0.08267846844922552]",markov_stationary
1.5718585019541478,1.6322431700763744,0.0008217528965182019,6.752778229360547e-07,-0.5920172796642077,1.6335844706292066,-0.543656039152717,0.29556188890722057,0,320,576,0,0.2149396227274905,1,512,832,-0.006667668778845339,1.6213599132517726,2.520963327407003,-0.35199990699211436,0.12390393452245717,ewma_gaussian,0.5444777920492351,0.29645606603481006,256,832,after,older256,2026108999,1.3040533629288649,"[0.30392338286065557, 0.07891271444469122, 0.10716208370572394, 0.27163114693164553, -9.194093501257383e-25, 6.836453375980216e-17, 0.15569220360805852, 0.08267846844922552]",markov_stationary
1.5718585019541478,1.6322431700763744,0.24561456085533795,0.06032651250416051,-0.3254487844903064,2.033145859503808,-0.2988632311938971,0.08931923095965681,0,320,576,0,0.2149396227274905,1,512,832,-0.006667668778845339,1.6213599132517726,2.520963327407003,-0.19350438881828214,0.03744394849193691,ar_gaussian,0.5444777920492351,0.29645606603481006,256,832,after,older256,2026108999,1.3040533629288649,"[0.30392338286065557, 0.07891271444469122, 0.10716208370572394, 0.27163114693164553, -9.194093501257383e-25, 6.836453375980216e-17, 0.15569220360805852, 0.08267846844922552]",markov_stationary
0.907001535376014,1.1005430554270366,0.17427134738847427,0.03037050252059428,-0.03280580128724535,1.2923361765553345,-0.06776922059180938,0.004592667259621321,0,128,640,0,0.2673389217491168,1,512,640,,,1.3669191216493533,-0.05456280764001997,0.002977099977561822,raw,0.24204056798028362,0.05858363654821829,512,640,before,full512,2026108998,1.0456481888804,"[0.384141447877234, 0.12537917623723688, 0.18775183491663425, 1.505389381777404e-17, -6.712538265921893e-26, 0.04416862508860654, 4.0738312537340265e-18, 0.2585589158802884]",ar1_stationary
0.907001535376014,1.1005430554270366,0.21055213933035133,0.04433220337658768,-0.015242954310472479,1.3322647501723606,-0.03148842864993226,0.0009915211388418748,0,128,640,0,0.2673389217491168,1,512,640,,,1.3669191216493533,-0.02535217404463408,0.0006427327287894179,iid_oic,0.24204056798028362,0.05858363654821829,512,640,before,full512,2026108998,1.0456481888804,"[0.384141447877234, 0.12537917623723688, 0.18775183491663425, 1.505389381777404e-17, -6.712538265921893e-26, 0.04416862508860654, 4.0738312537340265e-18, 0.2585589158802884]",ar1_stationary
0.907001535376014,1.1005430554270366,0.22720601131037244,0.051622571575569084,-0.007181129044242051,1.3505930533259436,-0.014834556669911257,0.00022006407159280857,0,128,640,0,0.2673389217491168,1,512,640,,,1.3669191216493533,-0.01194369737377754,0.0001426519069563805,hac,0.24204056798028362,0.05858363654821829,512,640,before,full512,2026108998,1.0456481888804,"[0.384141447877234, 0.12537917623723688, 0.18775183491663425, 1.505389381777404e-17, -6.712538265921893e-26, 0.04416862508860654, 4.0738312537340265e-18, 0.2585589158802884]",ar1_stationary
0.907001535376014,1.1005430554270366,0.24931269760142838,0.062156821185301275,0.0035203007678562795,1.3749224134020694,0.007272129621144831,5.288386922673207e-05,0,128,640,0,0.2673389217491168,1,512,640,,,1.3669191216493533,0.005854985584706096,3.428085619711619e-05,block_bootstrap,0.24204056798028362,0.05858363654821829,512,640,before,full512,2026108998,1.0456481888804,"[0.384141447877234, 0.12537917623723688, 0.18775183491663425, 1.505389381777404e-17, -6.712538265921893e-26, 0.04416862508860654, 4.0738312537340265e-18, 0.2585589158802884]",ar1_stationary
0.907001535376014,1.1005430554270366,0.21535663091605817,0.0463784784795153,-0.012917190565950523,1.3375523000218679,-0.026683937064225415,0.0007120324972475429,0,128,640,0,0.2673389217491168,1,512,640,,,1.3669191216493533,-0.021483949680980996,0.00046156009389492343,gaussian_iid,0.24204056798028362,0.05858363654821829,512,640,before,full512,2026108998,1.0456481888804,"[0.384141447877234, 0.12537917623723688, 0.18775183491663425, 1.505389381777404e-17, -6.712538265921893e-26, 0.04416862508860654, 4.0738312537340265e-18, 0.2585589158802884]",ar1_stationary
0.907001535376014,1.1005430554270366,0.11739862456023187,0.013782437048634277,-0.06033681355911143,1.2297452964034856,-0.1246419434200518,0.015535614059527395,0,128,640,0,0.2673389217491168,1,512,640,,,1.3669191216493533,-0.10035255420258571,0.010070635134982903,ewma_gaussian,0.24204056798028362,0.05858363654821829,512,640,before,full512,2026108998,1.0456481888804,"[0.384141447877234, 0.12537917623723688, 0.18775183491663425, 1.505389381777404e-17, -6.712538265921893e-26, 0.04416862508860654, 4.0738312537340265e-18, 0.2585589158802884]",ar1_stationary
0.907001535376014,1.1005430554270366,-0.007659022095393708,5.866061945772903e-05,-0.12087486121272184,1.0921139718485888,-0.2496995900756773,0.06234988528396128,0,128,640,0,0.2673389217491168,1,512,640,,,1.3669191216493533,-0.20103980217145456,0.04041700205713759,ar_gaussian,0.24204056798028362,0.05858363654821829,512,640,before,full512,2026108998,1.0456481888804,"[0.384141447877234, 0.12537917623723688, 0.18775183491663425, 1.505389381777404e-17, -6.712538265921893e-26, 0.04416862508860654, 4.0738312537340265e-18, 0.2585589158802884]",ar1_stationary
0.606747883946665,1.2121707352955924,0.22516747884342014,0.05070039352870206,0.010301394550148512,1.4851121636898756,0.025840433587189002,0.0006677280079739255,0,128,640,0,0.125,1,512,640,,,1.4537891463081358,0.021545777433600977,0.0004642205252182691,raw,0.19932704525623107,0.03973127097057959,512,640,before,equal512,2026108998,1.2074894149535704,"[0.125, 0.125, 0.125, 0.125, 0.125, 0.125, 0.125, 0.125]",ar1_stationary
0.606747883946665,1.2121707352955924,0.2335242721734574,0.05453358569414301,0.013632864394735137,1.4952420240054602,0.03419722691722629,0.0011694503288282665,0,128,640,0,0.125,1,512,640,,,1.4537891463081358,0.02851367944422556,0.0008130299154480512,iid_oic,0.19932704525623107,0.03973127097057959,512,640,before,equal512,2026108998,1.2074894149535704,"[0.125, 0.125, 0.125, 0.125, 0.125, 0.125, 0.125, 0.125]",ar1_stationary
0.606747883946665,1.2121707352955924,0.24292718166626126,0.059013615592312704,0.017381372726759867,1.5066399557192702,0.043600136410030174,0.001900971894973239,0,128,640,0,0.125,1,512,640,,,1.4537891463081358,0.036353834079273284,0.0013216012522633317,hac,0.19932704525623107,0.03973127097057959,512,640,before,equal512,2026108998,1.2074894149535704,"[0.125, 0.125, 0.125, 0.125, 0.125, 0.125, 0.125, 0.125]",ar1_stationary
0.606747883946665,1.2121707352955924,0.20356427387834852,0.041438413599619285,0.001689188522643585,1.4589253908426234,0.004237228622117399,1.7954106396090913e-05,0,128,640,0,0.125,1,512,640,,,1.4537891463081358,0.0035330051455748634,1.2482125358658462e-05,block_bootstrap,0.19932704525623107,0.03973127097057959,512,640,before,equal512,2026108998,1.2074894149535704,"[0.125, 0.125, 0.125, 0.125, 0.125, 0.125, 0.125, 0.125]",ar1_stationary
0.606747883946665,1.2121707352955924,0.21092206727451535,0.04448811846335518,0.004622402957171072,1.467844292673808,0.011595022018284228,0.00013444453560449606,0,128,640,0,0.125,1,512,640,,,1.4537891463081358,0.009667940087023652,9.34690655262789e-05,gaussian_iid,0.19932704525623107,0.03973127097057959,512,640,before,equal512,2026108998,1.2074894149535704,"[0.125, 0.125, 0.125, 0.125, 0.125, 0.125, 0.125, 0.125]",ar1_stationary
0.606747883946665,1.2121707352955924,0.038151756532304626,0.0014555565265002488,-0.06425318813932035,1.2584171780641746,-0.16117528872392634,0.025977473695241015,0,128,640,0,0.125,1,512,640,,,1.4537891463081358,-0.1343881048638338,0.018060162728892788,ewma_gaussian,0.19932704525623107,0.03973127097057959,512,640,before,equal512,2026108998,1.2074894149535704,"[0.125, 0.125, 0.125, 0.125, 0.125, 0.125, 0.125, 0.125]",ar1_stationary
0.606747883946665,1.2121707352955924,-0.0003721877096329873,1.3852369120184887e-07,-0.07961091609404282,1.2117195802459386,-0.19969923296586403,0.039879783647154436,0,128,640,0,0.125,1,512,640,,,1.4537891463081358,-0.16650940521665558,0.027725382025604407,ar_gaussian,0.19932704525623107,0.03973127097057959,512,640,before,equal512,2026108998,1.2074894149535704,"[0.125, 0.125, 0.125, 0.125, 0.125, 0.125, 0.125, 0.125]",ar1_stationary
0.8352813929999074,1.1489991410885367,0.1594298204678939,0.02541786765442488,-0.023116232315523347,1.3321838678700464,-0.05412298825287141,0.0029292978574204567,0,128,384,0,0.24815841802357363,1,512,640,,,1.3943711348857406,-0.04459879113948384,0.0019890521711033024,raw,0.21355280872076526,0.04560480211252776,256,640,before,older256,2026108998,1.1234044608398717,"[0.3584092338507829, 0.04882241681593078, 0.2136055478526222, -3.715697752498253e-25, 0.07592765882633308, 0.05174391260837006, 1.3099078642546334e-16, 0.2514912300459609]",ar1_stationary
0.8352813929999074,1.1489991410885367,0.2095933456622825,0.04392937054590903,-0.001691108914330185,1.3898217152323722,-0.003959463058482701,1.5677347711489185e-05,0,128,384,0,0.24815841802357363,1,512,640,,,1.3943711348857406,-0.00326270355111824,1.0645234462479575e-05,iid_oic,0.21355280872076526,0.04560480211252776,256,640,before,older256,2026108998,1.1234044608398717,"[0.3584092338507829, 0.04882241681593078, 0.2136055478526222, -3.715697752498253e-25, 0.07592765882633308, 0.05174391260837006, 1.3099078642546334e-16, 0.2514912300459609]",ar1_stationary
0.8352813929999074,1.1489991410885367,0.21898006776935786,0.04795227008027256,0.002318012826964253,1.4006070508710384,0.005427259048592546,2.9455140780529668e-05,0,128,384,0,0.24815841802357363,1,512,640,,,1.3943711348857406,0.004472206738422413,2.0000633111190835e-05,hac,0.21355280872076526,0.04560480211252776,256,640,before,older256,2026108998,1.1234044608398717,"[0.3584092338507829, 0.04882241681593078, 0.2136055478526222, -3.715697752498253e-25, 0.07592765882633308, 0.05174391260837006, 1.3099078642546334e-16, 0.2514912300459609]",ar1_stationary
0.8352813929999074,1.1489991410885367,0.13517722452589553,0.018272882030524372,-0.03347465227989049,1.304317655963523,-0.07837558419486972,0.006142732197887112,256,128,384,0,0.24815841802357363,1,512,640,,,1.3943711348857406,-0.06458357941380999,0.004171038729899901,chronological,0.21355280872076526,0.04560480211252776,256,640,before,older256,2026108998,1.1234044608398717,"[0.3584092338507829, 0.04882241681593078, 0.2136055478526222, -3.715697752498253e-25, 0.07592765882633308, 0.05174391260837006, 1.3099078642546334e-16, 0.2514912300459609]",ar1_stationary
0.8352813929999074,1.1489991410885367,0.14565895843940702,0.0212165321736529,-0.028997844844902303,1.3163611592272664,-0.06789385028135815,0.004609574906027476,240,128,384,16,0.24815841802357363,1,512,640,,,1.3943711348857406,-0.05594635008337767,0.003129994087651853,blocked_holdout,0.21355280872076526,0.04560480211252776,256,640,before,older256,2026108998,1.1234044608398717,"[0.3584092338507829, 0.04882241681593078, 0.2136055478526222, -3.715697752498253e-25, 0.07592765882633308, 0.05174391260837006, 1.3099078642546334e-16, 0.2514912300459609]",ar1_stationary
0.8352813929999074,1.1489991410885367,0.1904825788286726,0.036283612837221466,-0.009853424782580285,1.367863460555011,-0.023070229892092647,0.0005322355072740052,0,128,384,0,0.24815841802357363,1,512,640,,,1.3943711348857406,-0.019010486998428666,0.0003613986159174254,gaussian_iid,0.21355280872076526,0.04560480211252776,256,640,before,older256,2026108998,1.1234044608398717,"[0.3584092338507829, 0.04882241681593078, 0.2136055478526222, -3.715697752498253e-25, 0.07592765882633308, 0.05174391260837006, 1.3099078642546334e-16, 0.2514912300459609]",ar1_stationary
0.8352813929999074,1.1489991410885367,0.0946817521687533,0.00896463419374522,-0.050770496004574145,1.257788393007192,-0.11887105655201193,0.014130328085791618,0,128,384,0,0.24815841802357363,1,512,640,,,1.3943711348857406,-0.09795293266002714,0.00959477701669981,ewma_gaussian,0.21355280872076526,0.04560480211252776,256,640,before,older256,2026108998,1.1234044608398717,"[0.3584092338507829, 0.04882241681593078, 0.2136055478526222, -3.715697752498253e-25, 0.07592765882633308, 0.05174391260837006, 1.3099078642546334e-16, 0.2514912300459609]",ar1_stationary
0.8352813929999074,1.1489991410885367,-0.00492495857457953,2.4255216961324436e-05,-0.09331308169792527,1.1433403679164482,-0.2184777672953448,0.04773253480235883,0,128,384,0,0.24815841802357363,1,512,640,,,1.3943711348857406,-0.18003152868612893,0.032411351321064465,ar_gaussian,0.21355280872076526,0.04560480211252776,256,640,before,older256,2026108998,1.1234044608398717,"[0.3584092338507829, 0.04882241681593078, 0.2136055478526222, -3.715697752498253e-25, 0.07592765882633308, 0.05174391260837006, 1.3099078642546334e-16, 0.2514912300459609]",ar1_stationary
1.6676271724581673,1.7088686865842433,-0.004851974524227698,2.3541656783754597e-05,-0.49754884165909014,1.700577299251686,-0.5012048022129305,0.2512062537613028,0,0,512,0,0.2636057161787654,1,512,512,-0.06645527952159398,1.5953053403515882,2.557070491319012,-0.3349509506973043,0.11219213937302797,raw,0.4963528276887028,0.2463661295545711,512,512,before,full512,2026108998,1.213041347969,"[0.3287637726531511, 0.09840050397322085, 0.1088186402022243, 5.532259316440649e-26, 4.7909293963036204e-17, 0.11724788719026279, 1.9562052497048527e-17, 0.346769195981141]",markov_shift
1.6676271724581673,1.7088686865842433,0.054986154602630455,0.0030234771979843786,-0.4381471924676546,1.8028328043803585,-0.44136667308607236,0.19480454011106788,0,0,512,0,0.2636057161787654,1,512,512,-0.06645527952159398,1.5953053403515882,2.557070491319012,-0.29496163265706277,0.08700236473972003,iid_oic,0.4963528276887028,0.2463661295545711,512,512,before,full512,2026108998,1.213041347969,"[0.3287637726531511, 0.09840050397322085, 0.1088186402022243, 5.532259316440649e-26, 4.7909293963036204e-17, 0.11724788719026279, 1.9562052497048527e-17, 0.346769195981141]",markov_shift
1.6676271724581673,1.7088686865842433,0.04122261601139199,0.001699304070822671,-0.45181033506518214,1.7793127242651974,-0.45513021167731077,0.2071435095814337,0,0,512,0,0.2636057161787654,1,512,512,-0.06645527952159398,1.5953053403515882,2.557070491319012,-0.30415968965041096,0.0925131168082343,hac,0.4963528276887028,0.2463661295545711,512,512,before,full512,2026108998,1.213041347969,"[0.3287637726531511, 0.09840050397322085, 0.1088186402022243, 5.532259316440649e-26, 4.7909293963036204e-17, 0.11724788719026279, 1.9562052497048527e-17, 0.346769195981141]",markov_shift
1.6676271724581673,1.7088686865842433,0.058542551594598535,0.0034272303472062315,-0.43461673706096077,1.808910219836995,-0.43781027609410433,0.19167783785359588,0,0,512,0,0.2636057161787654,1,512,512,-0.06645527952159398,1.5953053403515882,2.557070491319012,-0.2925849224813877,0.08560593686343963,block_bootstrap,0.4963528276887028,0.2463661295545711,512,512,before,full512,2026108998,1.213041347969,"[0.3287637726531511, 0.09840050397322085, 0.1088186402022243, 5.532259316440649e-26, 4.7909293963036204e-17, 0.11724788719026279, 1.9562052497048527e-17, 0.346769195981141]",markov_shift
1.6676271724581673,1.7088686865842433,0.03442162657680825,0.001184848376193232,-0.45856171573905546,1.767690726382647,-0.46193120111189456,0.21338043456067757,0,0,512,0,0.2636057161787654,1,512,512,-0.06645527952159398,1.5953053403515882,2.557070491319012,-0.30870473364587614,0.09529861257537132,gaussian_iid,0.4963528276887028,0.2463661295545711,512,512,before,full512,2026108998,1.213041347969,"[0.3287637726531511, 0.09840050397322085, 0.1088186402022243, 5.532259316440649e-26, 4.7909293963036204e-17, 0.11724788719026279, 1.9562052497048527e-17, 0.346769195981141]",markov_shift
1.6676271724581673,1.7088686865842433,0.08665800647200439,0.007509610085701955,-0.4067063660006517,1.8569558402860662,-0.4096948212166985,0.16784984653178253,0,0,512,0,0.2636057161787654,1,512,512,-0.06645527952159398,1.5953053403515882,2.557070491319012,-0.2737956006335227,0.07496403092627146,ewma_gaussian,0.4963528276887028,0.2463661295545711,512,512,before,full512,2026108998,1.213041347969,"[0.3287637726531511, 0.09840050397322085, 0.1088186402022243, 5.532259316440649e-26, 4.7909293963036204e-17, 0.11724788719026279, 1.9562052497048527e-17, 0.346769195981141]",markov_shift
1.6676271724581673,1.7088686865842433,-0.0046480954449074074,2.160479126496899e-05,-0.49734644974403575,1.700925701826186,-0.5010009231336102,0.2510019249807296,0,0,512,0,0.2636057161787654,1,512,512,-0.06645527952159398,1.5953053403515882,2.557070491319012,-0.334814700024637,0.11210088335258765,ar_gaussian,0.4963528276887028,0.2463661295545711,512,512,before,full512,2026108998,1.213041347969,"[0.3287637726531511, 0.09840050397322085, 0.1088186402022243, 5.532259316440649e-26, 4.7909293963036204e-17, 0.11724788719026279, 1.9562052497048527e-17, 0.346769195981141]",markov_shift
1.7083463293157393,1.7532227688010351,0.12343252634975599,0.015235588561083207,-0.3194325801226549,1.969627484408061,-0.34266621320311524,0.11742013367096284,0,0,512,0,0.125,1,512,512,-0.062404645030198456,1.6438135242551448,2.5703976914945925,-0.23372655876344395,0.05462810427140162,raw,0.46609873955287123,0.2172480350127753,512,512,before,equal512,2026108998,1.306723431411975,"[0.125, 0.125, 0.125, 0.125, 0.125, 0.125, 0.125, 0.125]",markov_shift
1.7083463293157393,1.7532227688010351,0.12980030640170237,0.016848119541975817,-0.31349655161073064,1.9807916213818504,-0.33629843315116886,0.11309663613993119,0,0,512,0,0.125,1,512,512,-0.062404645030198456,1.6438135242551448,2.5703976914945925,-0.22938320870102702,0.05261665643397892,iid_oic,0.46609873955287123,0.2172480350127753,512,512,before,equal512,2026108998,1.306723431411975,"[0.125, 0.125, 0.125, 0.125, 0.125, 0.125, 0.125, 0.125]",markov_shift
1.7083463293157393,1.7532227688010351,0.1316874370487311,0.017341581076463514,-0.31173737317882727,1.9841001817999235,-0.3344113025041401,0.1118309192425155,0,0,512,0,0.125,1,512,512,-0.062404645030198456,1.6438135242551448,2.5703976914945925,-0.22809603028928893,0.05202779903373221,hac,0.46609873955287123,0.2172480350127753,512,512,before,equal512,2026108998,1.306723431411975,"[0.125, 0.125, 0.125, 0.125, 0.125, 0.125, 0.125, 0.125]",markov_shift
1.7083463293157393,1.7532227688010351,0.13799721576611823,0.01904323155920059,-0.305855413364764,1.9951626295133427,-0.32810152378675306,0.10765060991118929,0,0,512,0,0.125,1,512,512,-0.062404645030198456,1.6438135242551448,2.5703976914945925,-0.22379224191053937,0.05008296753934537,block_bootstrap,0.46609873955287123,0.2172480350127753,512,512,before,equal512,2026108998,1.306723431411975,"[0.125, 0.125, 0.125, 0.125, 0.125, 0.125, 0.125, 0.125]",markov_shift
1.7083463293157393,1.7532227688010351,0.10615654871251579,0.011269212834552737,-0.33553720292517747,1.939338847061154,-0.3599421908403555,0.1295583807469549,0,0,512,0,0.125,1,512,512,-0.062404645030198456,1.6438135242551448,2.5703976914945925,-0.24551019732145063,0.060275256988817624,gaussian_iid,0.46609873955287123,0.2172480350127753,512,512,before,equal512,2026108998,1.306723431411975,"[0.125, 0.125, 0.125, 0.125, 0.125, 0.125, 0.125, 0.125]",markov_shift
1.7083463293157393,1.7532227688010351,0.14524707106478174,0.021096711652897757,-0.2990971165314685,2.0078732408934723,-0.32085166848808955,0.10294579317159092,0,0,512,0,0.125,1,512,512,-0.062404645030198456,1.6438135242551448,2.5703976914945925,-0.2188472439352499,0.04789411617805477,ewma_gaussian,0.46609873955287123,0.2172480350127753,512,512,before,equal512,2026108998,1.306723431411975,"[0.125, 0.125, 0.125, 0.125, 0.125, 0.125, 0.125, 0.125]",markov_shift
1.7083463293157393,1.7532227688010351,0.08032653140353219,0.006452351647322643,-0.3596158799458697,1.894053072596519,-0.3857722081493391,0.148820196580417,0,0,512,0,0.125,1,512,512,-0.062404645030198456,1.6438135242551448,2.5703976914945925,-0.26312839493129325,0.06923655221911863,ar_gaussian,0.46609873955287123,0.2172480350127753,512,512,before,equal512,2026108998,1.306723431411975,"[0.125, 0.125, 0.125, 0.125, 0.125, 0.125, 0.125, 0.125]",markov_shift
1.6913237034813846,1.73209860377906,0.023439132847688393,0.000549392948651585,-0.47004198485205795,1.772697493058333,-0.4732117077410542,0.2239293203432049,0,0,256,0,0.34089234235987076,1,512,512,-0.06649517962786661,1.6169223959875945,2.5923468313285176,-0.3161804309379904,0.09997006490813333,raw,0.49665084058874265,0.24666205745750466,256,512,before,older256,2026108998,1.2262936463445737,"[0.36311425275784537, 0.029591324677748665, 0.19464840975466177, -2.4115775863665928e-23, 1.7014942533220944e-16, -1.1166933088540124e-23, 5.864708852685003e-25, 0.4126460128097444]",markov_shift
1.6913237034813846,1.73209860377906,0.10910187208053324,0.011903218491477038,-0.3849530419578048,1.921073804079433,-0.38754896850820947,0.15019420299177713,0,0,256,0,0.34089234235987076,1,512,512,-0.06649517962786661,1.6169223959875945,2.5923468313285176,-0.25894414247999087,0.06705206892469781,iid_oic,0.49665084058874265,0.24666205745750466,256,512,before,older256,2026108998,1.2262936463445737,"[0.36311425275784537, 0.029591324677748665, 0.19464840975466177, -2.4115775863665928e-23, 1.7014942533220944e-16, -1.1166933088540124e-23, 5.864708852685003e-25, 0.4126460128097444]",markov_shift
1.6913237034813846,1.73209860377906,0.09540265817815285,0.009101667187457476,-0.39856049415784917,1.8973454148062494,-0.40124818241058985,0.16100010388780198,0,0,256,0,0.34089234235987076,1,512,512,-0.06649517962786661,1.6169223959875945,2.5923468313285176,-0.26809738886910284,0.07187620991843095,hac,0.49665084058874265,0.24666205745750466,256,512,before,older256,2026108998,1.2262936463445737,"[0.36311425275784537, 0.029591324677748665, 0.19464840975466177, -2.4115775863665928e-23, 1.7014942533220944e-16, -1.1166933088540124e-23, 5.864708852685003e-25, 0.4126460128097444]",markov_shift
1.6913237034813846,1.73209860377906,0.00016116101930374604,2.5972874143022406e-08,-0.4931640334035947,1.7323777505555795,-0.49648967956943896,0.24650200191896418,256,0,256,0,0.34089234235987076,1,512,512,-0.06649517962786661,1.6169223959875945,2.5923468313285176,-0.33173380597850943,0.11004731802898735,chronological,0.49665084058874265,0.24666205745750466,256,512,before,older256,2026108998,1.2262936463445737,"[0.36311425275784537, 0.029591324677748665, 0.19464840975466177, -2.4115775863665928e-23, 1.7014942533220944e-16, -1.1166933088540124e-23, 5.864708852685003e-25, 0.4126460128097444]",markov_shift
1.6913237034813846,1.73209860377906,-0.07937820523883832,0.006300899466939139,-0.5721706196275989,1.5946077253143804,-0.576029045827581,0.3318094616370334,240,0,256,16,0.34089234235987076,1,512,512,-0.06649517962786661,1.6169223959875945,2.5923468313285176,-0.3848787106557108,0.14813162191600235,blocked_holdout,0.49665084058874265,0.24666205745750466,256,512,before,older256,2026108998,1.2262936463445737,"[0.36311425275784537, 0.029591324677748665, 0.19464840975466177, -2.4115775863665928e-23, 1.7014942533220944e-16, -1.1166933088540124e-23, 5.864708852685003e-25, 0.4126460128097444]",markov_shift
1.6913237034813846,1.73209860377906,0.032932968400630536,0.0010845804076769295,-0.4606117420364979,1.7891417523640922,-0.463717872188112,0.21503426498667016,0,0,256,0,0.34089234235987076,1,512,512,-0.06649517962786661,1.6169223959875945,2.5923468313285176,-0.30983704389308175,0.09599899376840347,gaussian_iid,0.49665084058874265,0.24666205745750466,256,512,before,older256,2026108998,1.2262936463445737,"[0.36311425275784537, 0.029591324677748665, 0.19464840975466177, -2.4115775863665928e-23, 1.7014942533220944e-16, -1.1166933088540124e-23, 5.864708852685003e-25, 0.4126460128097444]",markov_shift
1.6913237034813846,1.73209860377906,0.04304746466342069,0.0018530842139484528,-0.4505649958944051,1.8066610572187995,-0.45360337592532185,0.20575602265084886,0,0,256,0,0.34089234235987076,1,512,512,-0.06649517962786661,1.6169223959875945,2.5923468313285176,-0.30307895711125676,0.09185685424364702,ewma_gaussian,0.49665084058874265,0.24666205745750466,256,512,before,older256,2026108998,1.2262936463445737,"[0.36311425275784537, 0.029591324677748665, 0.19464840975466177, -2.4115775863665928e-23, 1.7014942533220944e-16, -1.1166933088540124e-23, 5.864708852685003e-25, 0.4126460128097444]",markov_shift
1.6913237034813846,1.73209860377906,0.009961369607335957,9.922888445395652e-05,-0.4834294697372122,1.7493526781676538,-0.48668947098140664,0.23686664116416145,0,0,256,0,0.34089234235987076,1,512,512,-0.06649517962786661,1.6169223959875945,2.5923468313285176,-0.3251857131820779,0.10574574805773664,ar_gaussian,0.49665084058874265,0.24666205745750466,256,512,before,older256,2026108998,1.2262936463445737,"[0.36311425275784537, 0.029591324677748665, 0.19464840975466177, -2.4115775863665928e-23, 1.7014942533220944e-16, -1.1166933088540124e-23, 5.864708852685003e-25, 0.4126460128097444]",markov_shift
3.638949849866419,4.76787850976135,-0.4393556556296424,0.19303339213375292,0.025222926314678817,2.6730841211426695,-0.03087400138087727,0.0009532039612664115,0,384,896,0,0.254676028793403,1,512,896,0.0,4.76787850976135,2.8202876088368964,-0.052194495069577185,0.0027242653155681172,raw,-0.4084816542487652,0.16685726185780775,512,896,after,full512,2026108998,1.8190572852762217,"[0.20770051560290134, 0.3848381179941423, 0.230469497902627, 0.007831191033787143, 0.07814423619449595, 4.163684588586739e-25, 0.04325959966009307, 0.047756841611953225]",markov_shift
3.638949849866419,4.76787850976135,-0.410866291943775,0.16881110985562733,0.001948161500883167,2.808917946017292,-0.002384637695009844,5.686496936461863e-06,0,384,896,0,0.254676028793403,1,512,896,0.0,4.76787850976135,2.8202876088368964,-0.004031384169465357,1.625205832181589e-05,iid_oic,-0.4084816542487652,0.16685726185780775,512,896,after,full512,2026108998,1.8190572852762217,"[0.20770051560290134, 0.3848381179941423, 0.230469497902627, 0.007831191033787143, 0.07814423619449595, 4.163684588586739e-25, 0.04325959966009307, 0.047756841611953225]",markov_shift
3.638949849866419,4.76787850976135,-0.40953402255692306,0.16771811563165437,0.0008597462947906151,2.8152700445960765,-0.0010523683081578859,1.107479056015091e-06,0,384,896,0,0.254676028793403,1,512,896,0.0,4.76787850976135,2.8202876088368964,-0.0017790966513834272,3.165184894963724e-06,hac,-0.4084816542487652,0.16685726185780775,512,896,after,full512,2026108998,1.8190572852762217,"[0.20770051560290134, 0.3848381179941423, 0.230469497902627, 0.007831191033787143, 0.07814423619449595, 4.163684588586739e-25, 0.04325959966009307, 0.047756841611953225]",markov_shift
3.638949849866419,4.76787850976135,-0.3783972165436974,0.1431844534880178,-0.02457788176182003,2.963726552849143,0.030084437705067787,0.0009050733920301044,0,384,896,0,0.254676028793403,1,512,896,0.0,4.76787850976135,2.8202876088368964,0.050859686637208634,0.0025867077248350584,block_bootstrap,-0.4084816542487652,0.16685726185780775,512,896,after,full512,2026108998,1.8190572852762217,"[0.20770051560290134, 0.3848381179941423, 0.230469497902627, 0.007831191033787143, 0.07814423619449595, 4.163684588586739e-25, 0.04325959966009307, 0.047756841611953225]",markov_shift
3.638949849866419,4.76787850976135,-0.4870421855996341,0.2372100905536684,0.06418107160972977,2.445720539693656,-0.07856053135086884,0.0061717570861308454,0,384,896,0,0.254676028793403,1,512,896,0.0,4.76787850976135,2.8202876088368964,-0.13281165650254867,0.01763893610295098,gaussian_iid,-0.4084816542487652,0.16685726185780775,512,896,after,full512,2026108998,1.8190572852762217,"[0.20770051560290134, 0.3848381179941423, 0.230469497902627, 0.007831191033787143, 0.07814423619449595, 4.163684588586739e-25, 0.04325959966009307, 0.047756841611953225]",markov_shift
3.638949849866419,4.76787850976135,-0.39690377836703383,0.1575326092820275,-0.009458699785713,2.8754895144420876,0.011577875881731344,0.00013404720993277633,0,384,896,0,0.254676028793403,1,512,896,0.0,4.76787850976135,2.8202876088368964,0.01957314758687212,0.0003831081064574779,ewma_gaussian,-0.4084816542487652,0.16685726185780775,512,896,after,full512,2026108998,1.8190572852762217,"[0.20770051560290134, 0.3848381179941423, 0.230469497902627, 0.007831191033787143, 0.07814423619449595, 4.163684588586739e-25, 0.04325959966009307, 0.047756841611953225]",markov_shift
3.638949849866419,4.76787850976135,-0.475929342802049,0.22650873933999027,0.05510228679100178,2.498705224050618,-0.06744768855328384,0.0045491906911807765,0,384,896,0,0.254676028793403,1,512,896,0.0,4.76787850976135,2.8202876088368964,-0.11402467740476341,0.013001627057260363,ar_gaussian,-0.4084816542487652,0.16685726185780775,512,896,after,full512,2026108998,1.8190572852762217,"[0.20770051560290134, 0.3848381179941423, 0.230469497902627, 0.007831191033787143, 0.07814423619449595, 4.163684588586739e-25, 0.04325959966009307, 0.047756841611953225]",markov_shift
3.7461059016522134,4.721260229340721,-0.36455312649933413,0.1328989820404395,-0.017096554000274964,3.0001100517175976,0.02210793349665506,0.0004887607234925228,0,384,896,0,0.125,1,512,896,0.0,4.721260229340721,2.8957327445469305,0.03604521424403684,0.0012992574698985162,raw,-0.3866610599959892,0.14950677531722198,512,896,after,equal512,2026108998,1.9610573842010006,"[0.125, 0.125, 0.125, 0.125, 0.125, 0.125, 0.125, 0.125]",markov_shift
3.7461059016522134,4.721260229340721,-0.3569784107144831,0.1274335857162382,-0.022954249269352706,3.0358722561011744,0.029682649281506143,0.0008810596683688971,0,384,896,0,0.125,1,512,896,0.0,4.721260229340721,2.8957327445469305,0.04839518143314381,0.0023420935859469073,iid_oic,-0.3866610599959892,0.14950677531722198,512,896,after,equal512,2026108998,1.9610573842010006,"[0.125, 0.125, 0.125, 0.125, 0.125, 0.125, 0.125, 0.125]",markov_shift
3.7461059016522134,4.721260229340721,-0.35304974878653517,0.1246441251182356,-0.025992370440205127,3.0544204914161197,0.033611311209454015,0.001129720241218769,0,384,896,0,0.125,1,512,896,0.0,4.721260229340721,2.8957327445469305,0.05480054993611572,0.0030031002733007122,hac,-0.3866610599959892,0.14950677531722198,512,896,after,equal512,2026108998,1.9610573842010006,"[0.125, 0.125, 0.125, 0.125, 0.125, 0.125, 0.125, 0.125]",markov_shift
3.7461059016522134,4.721260229340721,-0.3383624633023453,0.11448915657203099,-0.03735037318776627,3.1237629882495987,0.04829859669364391,0.0023327544425752705,0,384,896,0,0.125,1,512,896,0.0,4.721260229340721,2.8957327445469305,0.07874699214976966,0.006201088772635884,block_bootstrap,-0.3866610599959892,0.14950677531722198,512,896,after,equal512,2026108998,1.9610573842010006,"[0.125, 0.125, 0.125, 0.125, 0.125, 0.125, 0.125, 0.125]",markov_shift
3.7461059016522134,4.721260229340721,-0.45296271251328946,0.2051752189273969,0.05127253448365012,2.5827053893774328,-0.06630165251730025,0.004395909126524826,0,384,896,0,0.125,1,512,896,0.0,4.721260229340721,2.8957327445469305,-0.1080995322372108,0.011685508869903778,gaussian_iid,-0.3866610599959892,0.14950677531722198,512,896,after,equal512,2026108998,1.9610573842010006,"[0.125, 0.125, 0.125, 0.125, 0.125, 0.125, 0.125, 0.125]",markov_shift
3.7461059016522134,4.721260229340721,-0.22683151467353635,0.05145253604909074,-0.12359972282611327,3.6503296203514375,0.1598295453224529,0.025545483557982022,0,384,896,0,0.125,1,512,896,0.0,4.721260229340721,2.8957327445469305,0.2605892678547488,0.06790676652107401,ewma_gaussian,-0.3866610599959892,0.14950677531722198,512,896,after,equal512,2026108998,1.9610573842010006,"[0.125, 0.125, 0.125, 0.125, 0.125, 0.125, 0.125, 0.125]",markov_shift
3.7461059016522134,4.721260229340721,-0.4462158720835373,0.19910860449927173,0.04605505353926659,2.6145589787721297,-0.059554812087548085,0.0035467756427831633,0,384,896,0,0.125,1,512,896,0.0,4.721260229340721,2.8957327445469305,-0.09709934948392263,0.009428283670200946,ar_gaussian,-0.3866610599959892,0.14950677531722198,512,896,after,equal512,2026108998,1.9610573842010006,"[0.125, 0.125, 0.125, 0.125, 0.125, 0.125, 0.125, 0.125]",markov_shift
3.5645058168873143,6.610325620678043,-0.7648912932259111,0.5850586904528067,0.17357144997332075,1.5541451080332416,-0.13856258523611187,0.019199590027314768,0,384,640,0,0.2819631203892117,1,512,896,0.0,6.610325620678043,2.470088915286897,-0.3708141037292457,0.1375030995245238,raw,-0.6263287079897992,0.3922876504521712,256,896,after,older256,2026108998,1.1863625108006817,"[0.4564652522673574, 0.23089016303163712, 0.026088043416580185, 0.045471759794341496, 0.016616565673013825, 0.09022961785468724, 0.059485009740790386, 0.07475358822159245]",markov_shift
3.5645058168873143,6.610325620678043,-0.7169562270493757,0.5140262315048759,0.11352523384181082,1.8710115041088913,-0.09062751905957643,0.008213347210893888,0,384,640,0,0.2819631203892117,1,512,896,0.0,6.610325620678043,2.470088915286897,-0.24253273129984632,0.05882212575176345,iid_oic,-0.6263287079897992,0.3922876504521712,256,896,after,older256,2026108998,1.1863625108006817,"[0.4564652522673574, 0.23089016303163712, 0.026088043416580185, 0.045471759794341496, 0.016616565673013825, 0.09022961785468724, 0.059485009740790386, 0.07475358822159245]",markov_shift
3.5645058168873143,6.610325620678043,-0.7207708152330854,0.5195105680917665,0.11830360601904295,1.8457958341057792,-0.09444210724328615,0.008919311620552362,0,384,640,0,0.2819631203892117,1,512,896,0.0,6.610325620678043,2.470088915286897,-0.2527411370973288,0.06387808238125076,hac,-0.6263287079897992,0.3922876504521712,256,896,after,older256,2026108998,1.1863625108006817,"[0.4564652522673574, 0.23089016303163712, 0.026088043416580185, 0.045471759794341496, 0.016616565673013825, 0.09022961785468724, 0.059485009740790386, 0.07475358822159245]",markov_shift
3.5645058168873143,6.610325620678043,-0.19788026793249414,0.039156600437035664,-0.5366991158026736,5.302272615737241,0.42844844005730504,0.1835680657875381,256,384,640,0,0.2819631203892117,1,512,896,0.0,6.610325620678043,2.470088915286897,1.1465918019883872,1.3146727603869768,chronological,-0.6263287079897992,0.3922876504521712,256,896,after,older256,2026108998,1.1863625108006817,"[0.4564652522673574, 0.23089016303163712, 0.026088043416580185, 0.045471759794341496, 0.016616565673013825, 0.09022961785468724, 0.059485009740790386, 0.07475358822159245]",markov_shift
3.5645058168873143,6.610325620678043,-0.1568755284117037,0.02460993141445126,-0.5880640068537035,5.573327295960752,0.4694531795780955,0.2203862878159836,240,384,640,16,0.2819631203892117,1,512,896,0.0,6.610325620678043,2.470088915286897,1.2563265886780512,1.5783564974194293,blocked_holdout,-0.6263287079897992,0.3922876504521712,256,896,after,older256,2026108998,1.1863625108006817,"[0.4564652522673574, 0.23089016303163712, 0.026088043416580185, 0.045471759794341496, 0.016616565673013825, 0.09022961785468724, 0.059485009740790386, 0.07475358822159245]",markov_shift
3.5645058168873143,6.610325620678043,-0.5075055481991008,0.2575618814528698,-0.14884471230194718,3.2555486927812716,0.1188231597906984,0.014118943302645844,0,384,640,0,0.2819631203892117,1,512,896,0.0,6.610325620678043,2.470088915286897,0.3179884629388512,0.10111666256221313,gaussian_iid,-0.6263287079897992,0.3922876504521712,256,896,after,older256,2026108998,1.1863625108006817,"[0.4564652522673574, 0.23089016303163712, 0.026088043416580185, 0.045471759794341496, 0.016616565673013825, 0.09022961785468724, 0.059485009740790386, 0.07475358822159245]",markov_shift
3.5645058168873143,6.610325620678043,-0.2898420814976228,0.08400843220687462,-0.42150246805338204,4.694375083403654,0.3364866264921764,0.11322324980808544,0,384,640,0,0.2819631203892117,1,512,896,0.0,6.610325620678043,2.470088915286897,0.9004882999762012,0.8108791783940289,ewma_gaussian,-0.6263287079897992,0.3922876504521712,256,896,after,older256,2026108998,1.1863625108006817,"[0.4564652522673574, 0.23089016303163712, 0.026088043416580185, 0.045471759794341496, 0.016616565673013825, 0.09022961785468724, 0.059485009740790386, 0.07475358822159245]",markov_shift
3.5645058168873143,6.610325620678043,-0.4419330780363977,0.19530484546272478,-0.23098455333535817,3.6890040723089346,0.1843956299534015,0.034001748345911784,0,384,640,0,0.2819631203892117,1,512,896,0.0,6.610325620678043,2.470088915286897,0.4934701538387587,0.24351279272964818,ar_gaussian,-0.6263287079897992,0.3922876504521712,256,896,after,older256,2026108998,1.1863625108006817,"[0.4564652522673574, 0.23089016303163712, 0.026088043416580185, 0.045471759794341496, 0.016616565673013825, 0.09022961785468724, 0.059485009740790386, 0.07475358822159245]",markov_shift
1.3175068027798034,1.457095410655329,-0.16613522453791751,0.02760091283226427,0.012655494538355544,1.2150205374329368,-0.10699418617514725,0.011447755875282071,0,384,896,0,0.238240253733576,1,512,896,,,1.3709212750755457,-0.11371968651811748,0.012932167101778911,raw,-0.05914103836277031,0.0034976624186266693,512,896,after,full512,2026108998,0.968335629231859,"[0.3245902704727098, 0.3092487040236319, 0.1272105723719344, -6.018625058320596e-25, -1.5484578990921008e-25, 0.04736628618356094, 0.11109417165027877, 0.08048999529788428]",ar1_stationary
1.3175068027798034,1.457095410655329,-0.13407900653690408,0.017977179993923165,0.008863818501229014,1.2617295055651803,-0.0749379681741338,0.00561569907406749,0,384,896,0,0.238240253733576,1,512,896,,,1.3709212750755457,-0.07964846085297517,0.006343877316247918,iid_oic,-0.05914103836277031,0.0034976624186266693,512,896,after,full512,2026108998,0.968335629231859,"[0.3245902704727098, 0.3092487040236319, 0.1272105723719344, -6.018625058320596e-25, -1.5484578990921008e-25, 0.04736628618356094, 0.11109417165027877, 0.08048999529788428]",ar1_stationary
1.3175068027798034,1.457095410655329,-0.11773769607526419,0.01386216507711128,0.006930934363409438,1.2855403540429298,-0.05859665771249384,0.0034335682950751636,0,384,896,0,0.238240253733576,1,512,896,,,1.3709212750755457,-0.06227995916680995,0.003878793313819515,hac,-0.05914103836277031,0.0034976624186266693,512,896,after,full512,2026108998,0.968335629231859,"[0.3245902704727098, 0.3092487040236319, 0.1272105723719344, -6.018625058320596e-25, -1.5484578990921008e-25, 0.04736628618356094, 0.11109417165027877, 0.08048999529788428]",ar1_stationary
1.3175068027798034,1.457095410655329,-0.13337806496939175,0.017789708214979286,0.008780909676960404,1.26275084430634,-0.0742370266066215,0.0055111361193922286,0,384,896,0,0.238240253733576,1,512,896,,,1.3709212750755457,-0.07890345910872598,0.006225755859322393,block_bootstrap,-0.05914103836277031,0.0034976624186266693,512,896,after,full512,2026108998,0.968335629231859,"[0.3245902704727098, 0.3092487040236319, 0.1272105723719344, -6.018625058320596e-25, -1.5484578990921008e-25, 0.04736628618356094, 0.11109417165027877, 0.08048999529788428]",ar1_stationary
1.3175068027798034,1.457095410655329,-0.13664807141820612,0.01867269542231516,0.009167692830632077,1.2579861329169593,-0.07750703305543585,0.006007340173056426,0,384,896,0,0.238240253733576,1,512,896,,,1.3709212750755457,-0.08237901345018017,0.0067863018570249655,gaussian_iid,-0.05914103836277031,0.0034976624186266693,512,896,after,full512,2026108998,0.968335629231859,"[0.3245902704727098, 0.3092487040236319, 0.1272105723719344, -6.018625058320596e-25, -1.5484578990921008e-25, 0.04736628618356094, 0.11109417165027877, 0.08048999529788428]",ar1_stationary
1.3175068027798034,1.457095410655329,-0.24733870218627918,0.061176433599192906,0.02226041051193977,1.0966993228222566,-0.18819766382350883,0.03541836066862644,0,384,896,0,0.238240253733576,1,512,896,,,1.3709212750755457,-0.20002749774101936,0.0400109998525335,ewma_gaussian,-0.05914103836277031,0.0034976624186266693,512,896,after,full512,2026108998,0.968335629231859,"[0.3245902704727098, 0.3092487040236319, 0.1272105723719344, -6.018625058320596e-25, -1.5484578990921008e-25, 0.04736628618356094, 0.11109417165027877, 0.08048999529788428]",ar1_stationary
1.3175068027798034,1.457095410655329,-0.06392052320376185,0.004085833286642657,0.0005653273926707239,1.3639571096484402,-0.0047794848409915755,2.2843475345268265e-05,0,384,896,0,0.238240253733576,1,512,896,,,1.3709212750755457,-0.005079916369903681,2.5805550325215392e-05,ar_gaussian,-0.05914103836277031,0.0034976624186266693,512,896,after,full512,2026108998,0.968335629231859,"[0.3245902704727098, 0.3092487040236319, 0.1272105723719344, -6.018625058320596e-25, -1.5484578990921008e-25, 0.04736628618356094, 0.11109417165027877, 0.08048999529788428]",ar1_stationary
1.569542397000547,1.8375055853493278,-0.2290240700043572,0.05245202464136071,0.008741321062928391,1.416672577536886,-0.021011523619213525,0.00044148412480076783,0,384,896,0,0.125,1,512,896,,,1.4552813695438902,-0.026530121813560292,0.0007038473634423477,raw,-0.2080125463851437,0.043269219453631554,512,896,after,equal512,2026108998,1.09058366660236,"[0.125, 0.125, 0.125, 0.125, 0.125, 0.125, 0.125, 0.125]",ar1_stationary
1.569542397000547,1.8375055853493278,-0.22356055033840594,0.04997931966761093,0.006468359787048714,1.4267118254387374,-0.01554800395326223,0.00024174042693065795,0,384,896,0,0.125,1,512,896,,,1.4552813695438902,-0.019631629115204663,0.0003854008617169514,iid_oic,-0.2080125463851437,0.043269219453631554,512,896,after,equal512,2026108998,1.09058366660236,"[0.125, 0.125, 0.125, 0.125, 0.125, 0.125, 0.125, 0.125]",ar1_stationary
1.569542397000547,1.8375055853493278,-0.21832558121202017,0.04766605941156642,0.004290481270594517,1.4363311104476024,-0.01031303482687654,0.00010635868734036842,0,384,896,0,0.125,1,512,896,,,1.4552813695438902,-0.013021714901927939,0.00016956505898709214,hac,-0.2080125463851437,0.043269219453631554,512,896,after,equal512,2026108998,1.09058366660236,"[0.125, 0.125, 0.125, 0.125, 0.125, 0.125, 0.125, 0.125]",ar1_stationary
1.569542397000547,1.8375055853493278,-0.21814521563453892,0.04758733510423949,0.004215444664490278,1.4366625332036291,-0.010132669249395205,0.00010267098611763918,0,384,896,0,0.125,1,512,896,,,1.4552813695438902,-0.012793976979239785,0.00016368584694531756,block_bootstrap,-0.2080125463851437,0.043269219453631554,512,896,after,equal512,2026108998,1.09058366660236,"[0.125, 0.125, 0.125, 0.125, 0.125, 0.125, 0.125, 0.125]",ar1_stationary
1.569542397000547,1.8375055853493278,-0.24669144314535785,0.06085666812113932,0.01609139161292049,1.3842086807118466,-0.03867889676021422,0.0014960570545873102,0,384,896,0,0.125,1,512,896,,,1.4552813695438902,-0.04883776451719368,0.0023851272430368622,gaussian_iid,-0.2080125463851437,0.043269219453631554,512,896,after,equal512,2026108998,1.09058366660236,"[0.125, 0.125, 0.125, 0.125, 0.125, 0.125, 0.125, 0.125]",ar1_stationary
1.569542397000547,1.8375055853493278,-0.33361223206055957,0.11129712138042865,0.05225262088503385,1.2244912455971935,-0.12559968567541593,0.015775281041763282,0,384,896,0,0.125,1,512,896,,,1.4552813695438902,-0.1585879739661824,0.02515014548669855,ewma_gaussian,-0.2080125463851437,0.043269219453631554,512,896,after,equal512,2026108998,1.09058366660236,"[0.125, 0.125, 0.125, 0.125, 0.125, 0.125, 0.125, 0.125]",ar1_stationary
1.569542397000547,1.8375055853493278,-0.02725922016602178,0.0007430650840596485,-0.0751979193088482,1.7874166160419958,0.18075332621912188,0.032671764939276295,0,384,896,0,0.125,1,512,896,,,1.4552813695438902,0.2282275121835733,0.05208779731750309,ar_gaussian,-0.2080125463851437,0.043269219453631554,512,896,after,equal512,2026108998,1.09058366660236,"[0.125, 0.125, 0.125, 0.125, 0.125, 0.125, 0.125, 0.125]",ar1_stationary
1.252712004114485,1.4004729744472366,-0.15692993470768124,0.024627004407357097,0.0013120433242222445,1.1806968420073596,-0.15263186994339303,0.023296487722416846,0,384,640,0,0.26311752837821034,1,512,896,,,1.394453650902427,-0.15329072340033223,0.023498045880597163,raw,-0.004298064764288236,1.847336071801609e-05,256,896,after,older256,2026108998,0.8978850528805395,"[0.38769628643537407, 0.25505206607944475, 0.05522682437565188, 4.755067990474941e-25, 2.852790858179254e-25, 0.043067469836725956, 0.06120241079221141, 0.19775494248059208]",ar1_stationary
1.252712004114485,1.4004729744472366,-0.027136119339256082,0.0007363689727943479,0.00019631887530712207,1.3624695726812335,-0.022838054574967844,0.0005215767367692097,0,384,640,0,0.26311752837821034,1,512,896,,,1.394453650902427,-0.022936637729403797,0.0005260893503299098,iid_oic,-0.004298064764288236,1.847336071801609e-05,256,896,after,older256,2026108998,0.8978850528805395,"[0.38769628643537407, 0.25505206607944475, 0.05522682437565188, 4.755067990474941e-25, 2.852790858179254e-25, 0.043067469836725956, 0.06120241079221141, 0.19775494248059208]",ar1_stationary
1.252712004114485,1.4004729744472366,0.032438026164235634,0.0010522255414316356,-0.000315788195995155,1.445901553434661,0.03673609092852395,0.0013495403767087798,0,384,640,0,0.26311752837821034,1,512,896,,,1.394453650902427,0.036894666595006065,0.0013612164231566564,hac,-0.004298064764288236,1.847336071801609e-05,256,896,after,older256,2026108998,0.8978850528805395,"[0.38769628643537407, 0.25505206607944475, 0.05522682437565188, 4.755067990474941e-25, 2.852790858179254e-25, 0.043067469836725956, 0.06120241079221141, 0.19775494248059208]",ar1_stationary
1.252712004114485,1.4004729744472366,-0.04929421091563291,0.0024299192297949027,0.00038679270060371676,1.3314377642631907,-0.0449961461513447,0.0020246531684731724,256,384,640,0,0.26311752837821034,1,512,896,,,1.394453650902427,-0.04519037731978781,0.0020421702023047925,chronological,-0.004298064764288236,1.847336071801609e-05,256,896,after,older256,2026108998,0.8978850528805395,"[0.38769628643537407, 0.25505206607944475, 0.05522682437565188, 4.755067990474941e-25, 2.852790858179254e-25, 0.043067469836725956, 0.06120241079221141, 0.19775494248059208]",ar1_stationary
1.252712004114485,1.4004729744472366,-0.07071685271095351,0.0050008732573426935,0.0005709445043205882,1.3014359333875805,-0.06641878794666525,0.004411455392304086,240,384,640,16,0.26311752837821034,1,512,896,,,1.394453650902427,-0.06670549247344992,0.004449622726125485,blocked_holdout,-0.004298064764288236,1.847336071801609e-05,256,896,after,older256,2026108998,0.8978850528805395,"[0.38769628643537407, 0.25505206607944475, 0.05522682437565188, 4.755067990474941e-25, 2.852790858179254e-25, 0.043067469836725956, 0.06120241079221141, 0.19775494248059208]",ar1_stationary
1.252712004114485,1.4004729744472366,-0.09206154741009787,0.008475328511541697,0.0007544262647023526,1.2715432653136016,-0.08776348264580959,0.007702428886121321,0,384,640,0,0.26311752837821034,1,512,896,,,1.394453650902427,-0.08814232406310774,0.007769069291245901,gaussian_iid,-0.004298064764288236,1.847336071801609e-05,256,896,after,older256,2026108998,0.8978850528805395,"[0.38769628643537407, 0.25505206607944475, 0.05522682437565188, 4.755067990474941e-25, 2.852790858179254e-25, 0.043067469836725956, 0.06120241079221141, 0.19775494248059208]",ar1_stationary
1.252712004114485,1.4004729744472366,-0.1685454338900706,0.02840756328519216,0.0014118916597331374,1.1644296493177093,-0.1642473691257824,0.026977198264741015,0,384,640,0,0.26311752837821034,1,512,896,,,1.394453650902427,-0.16495636225403165,0.027210601448083318,ewma_gaussian,-0.004298064764288236,1.847336071801609e-05,256,896,after,older256,2026108998,0.8978850528805395,"[0.38769628643537407, 0.25505206607944475, 0.05522682437565188, 4.755067990474941e-25, 2.852790858179254e-25, 0.043067469836725956, 0.06120241079221141, 0.19775494248059208]",ar1_stationary
1.252712004114485,1.4004729744472366,-0.06371885237190311,0.004060092147592383,0.0005107887869650887,1.3112364437375932,-0.05942078760761482,0.0035308299999092714,0,384,640,0,0.26311752837821034,1,512,896,,,1.394453650902427,-0.05967728444109954,0.0035613782782639015,ar_gaussian,-0.004298064764288236,1.847336071801609e-05,256,896,after,older256,2026108998,0.8978850528805395,"[0.38769628643537407, 0.25505206607944475, 0.05522682437565188, 4.755067990474941e-25, 2.852790858179254e-25, 0.043067469836725956, 0.06120241079221141, 0.19775494248059208]",ar1_stationary
0.8769541539761567,1.1317293736963423,0.19207530975392317,0.03689292461706553,-0.002172819585612728,1.3491066437066808,-0.005498747201666093,3.0236220787830686e-05,0,192,704,0,0.2521650561054907,1,512,704,,,1.3553297374333368,-0.00459157174433511,2.1082531083376565e-05,raw,0.1975740569555893,0.03903550798189045,512,704,before,full512,2026108998,1.0959096895119922,"[0.36003960068494945, 0.17468952829361942, 0.20600289803795013, -9.336819008133115e-24, 1.5284556535070152e-17, 0.04026683413375718, 8.17332312243362e-24, 0.2190011388497239]",ar1_stationary
0.8769541539761567,1.1317293736963423,0.23534439947066055,0.05538698636220585,0.0149248796066096,1.3980755435122147,0.037770342515071234,0.0014265987737057976,0,192,704,0,0.2521650561054907,1,512,704,,,1.3553297374333368,0.031539045369009644,0.0009947113827884486,iid_oic,0.1975740569555893,0.03903550798189045,512,704,before,full512,2026108998,1.0959096895119922,"[0.36003960068494945, 0.17468952829361942, 0.20600289803795013, -9.336819008133115e-24, 1.5284556535070152e-17, 0.04026683413375718, 8.17332312243362e-24, 0.2190011388497239]",ar1_stationary
0.8769541539761567,1.1317293736963423,0.2544406883967254,0.06474006391179951,0.022470742158447018,1.4196873746184344,0.056866631441136,0.003233813771461997,0,192,704,0,0.2521650561054907,1,512,704,,,1.3553297374333368,0.04748485583071105,0.002254811533263413,hac,0.1975740569555893,0.03903550798189045,512,704,before,full512,2026108998,1.0959096895119922,"[0.36003960068494945, 0.17468952829361942, 0.20600289803795013, -9.336819008133115e-24, 1.5284556535070152e-17, 0.04026683413375718, 8.17332312243362e-24, 0.2190011388497239]",ar1_stationary
0.8769541539761567,1.1317293736963423,0.24075503376131335,0.05796298628141113,0.017062881541624227,1.4041989172692753,0.043180976805724094,0.0018645967578964822,0,192,704,0,0.2521650561054907,1,512,704,,,1.3553297374333368,0.03605704094450446,0.001300110201673671,block_bootstrap,0.1975740569555893,0.03903550798189045,512,704,before,full512,2026108998,1.0959096895119922,"[0.36003960068494945, 0.17468952829361942, 0.20600289803795013, -9.336819008133115e-24, 1.5284556535070152e-17, 0.04026683413375718, 8.17332312243362e-24, 0.2190011388497239]",ar1_stationary
0.8769541539761567,1.1317293736963423,0.2007973123017881,0.04031956062762182,0.0012736632707045854,1.3589775901875538,0.0032232553461988165,1.0389375026799252e-05,0,192,704,0,0.2521650561054907,1,512,704,,,1.3553297374333368,0.002691487284212535,7.2441038010777665e-06,gaussian_iid,0.1975740569555893,0.03903550798189045,512,704,before,full512,2026108998,1.0959096895119922,"[0.36003960068494945, 0.17468952829361942, 0.20600289803795013, -9.336819008133115e-24, 1.5284556535070152e-17, 0.04026683413375718, 8.17332312243362e-24, 0.2190011388497239]",ar1_stationary
0.8769541539761567,1.1317293736963423,0.1856213202736765,0.034455274540142786,-0.004723101355934798,1.3418024742343584,-0.011952736681912789,0.00014286791418714355,0,192,704,0,0.2521650561054907,1,512,704,,,1.3553297374333368,-0.00998079126087481,9.9616194193155e-05,ewma_gaussian,0.1975740569555893,0.03903550798189045,512,704,before,full512,2026108998,1.0959096895119922,"[0.36003960068494945, 0.17468952829361942, 0.20600289803795013, -9.336819008133115e-24, 1.5284556535070152e-17, 0.04026683413375718, 8.17332312243362e-24, 0.2190011388497239]",ar1_stationary
0.8769541539761567,1.1317293736963423,-0.0003072388006100102,9.43956806002776e-08,-0.07819242079636227,1.1313816625209527,-0.1978812957561993,0.039157007210152424,0,192,704,0,0.2521650561054907,1,512,704,,,1.3553297374333368,-0.16523512229318238,0.027302645639242937,ar_gaussian,0.1975740569555893,0.03903550798189045,512,704,before,full512,2026108998,1.0959096895119922,"[0.36003960068494945, 0.17468952829361942, 0.20600289803795013, -9.336819008133115e-24, 1.5284556535070152e-17, 0.04026683413375718, 8.17332312243362e-24, 0.2190011388497239]",ar1_stationary
1.1799774207944478,1.3297213544065878,0.1538478811998394,0.023669170549679895,0.010795874183329342,1.534296167368222,0.05413456707287196,0.002930551352167273,0,192,704,0,0.125,1,512,704,,,1.4623122775198685,0.049226072265795784,0.002423206190717349,raw,0.09971331412696745,0.009942745014183286,512,704,before,equal512,2026108998,1.249597502096943,"[0.125, 0.125, 0.125, 0.125, 0.125, 0.125, 0.125, 0.125]",ar1_stationary
1.1799774207944478,1.3297213544065878,0.1619404450648616,0.02622470774780546,0.012409746908860363,1.5450570223514413,0.062227130937894226,0.0038722158247618326,0,192,704,0,0.125,1,512,704,,,1.4623122775198685,0.056584866381557575,0.003201847103418725,iid_oic,0.09971331412696745,0.009942745014183286,512,704,before,equal512,2026108998,1.249597502096943,"[0.125, 0.125, 0.125, 0.125, 0.125, 0.125, 0.125, 0.125]",ar1_stationary
1.1799774207944478,1.3297213544065878,0.17084995397548908,0.029189706773426735,0.014186540230305163,1.5569041866071782,0.07113663984852157,0.005060421528938267,0,192,704,0,0.125,1,512,704,,,1.4623122775198685,0.06468653142114134,0.004184347347298305,hac,0.09971331412696745,0.009942745014183286,512,704,before,equal512,2026108998,1.249597502096943,"[0.125, 0.125, 0.125, 0.125, 0.125, 0.125, 0.125, 0.125]",ar1_stationary
1.1799774207944478,1.3297213544065878,0.17743498772876598,0.031483174870307336,0.015499771308659541,1.5656604466083988,0.07772167360179853,0.006040658547464507,0,192,704,0,0.125,1,512,704,,,1.4623122775198685,0.07067448634419748,0.004994883020016157,block_bootstrap,0.09971331412696745,0.009942745014183286,512,704,before,equal512,2026108998,1.249597502096943,"[0.125, 0.125, 0.125, 0.125, 0.125, 0.125, 0.125, 0.125]",ar1_stationary
1.1799774207944478,1.3297213544065878,0.12250584401088194,0.015007681816818538,0.004545437384126106,1.4926199912274598,0.022792529883914437,0.0005194994185091327,0,192,704,0,0.125,1,512,704,,,1.4623122775198685,0.020725883365346753,0.0004295622412739573,gaussian_iid,0.09971331412696745,0.009942745014183286,512,704,before,equal512,2026108998,1.249597502096943,"[0.125, 0.125, 0.125, 0.125, 0.125, 0.125, 0.125, 0.125]",ar1_stationary
1.1799774207944478,1.3297213544065878,0.1142112171047045,0.013044202112537946,0.0028912679076027892,1.4815904487034803,0.014497902977737084,0.0002101891907518778,0,192,704,0,0.125,1,512,704,,,1.4623122775198685,0.013183347688435099,0.00017380065627416706,ewma_gaussian,0.09971331412696745,0.009942745014183286,512,704,before,equal512,2026108998,1.249597502096943,"[0.125, 0.125, 0.125, 0.125, 0.125, 0.125, 0.125, 0.125]",ar1_stationary
1.1799774207944478,1.3297213544065878,0.0031472241567891412,9.90501989307712e-06,-0.019257849726418776,1.3339062855749746,-0.09656608997017829,0.009325009732128568,0,192,704,0,0.125,1,512,704,,,1.4623122775198685,-0.08781023993224946,0.007710638236959217,ar_gaussian,0.09971331412696745,0.009942745014183286,512,704,before,equal512,2026108998,1.249597502096943,"[0.125, 0.125, 0.125, 0.125, 0.125, 0.125, 0.125, 0.125]",ar1_stationary
0.982737443636567,1.2192540630487199,0.12343454653045804,0.015236087277179813,-0.019722620025003586,1.3697521354265572,-0.055202921020432096,0.003047362489188064,0,192,448,0,0.3013576599033694,1,512,704,,,1.4370585211728766,-0.04683621770071433,0.0021936312885087066,raw,0.1786374675508902,0.031911344812995346,256,704,before,older256,2026108998,1.1754895224330306,"[0.34934173697342574, 0.005343899764461471, 0.17856185956738174, -1.5020400358498917e-23, 0.026154743696963755, 0.06272690901494532, -4.119506996036887e-24, 0.3778708509828221]",ar1_stationary
0.982737443636567,1.2192540630487199,0.17358067512912223,0.030130250778281874,-0.0018066651843103045,1.430893006466642,-0.005056792421767909,2.5571149596849353e-05,0,192,448,0,0.3013576599033694,1,512,704,,,1.4370585211728766,-0.004290371349110034,1.840728631326425e-05,iid_oic,0.1786374675508902,0.031911344812995346,256,704,before,older256,2026108998,1.1754895224330306,"[0.34934173697342574, 0.005343899764461471, 0.17856185956738174, -1.5020400358498917e-23, 0.026154743696963755, 0.06272690901494532, -4.119506996036887e-24, 0.3778708509828221]",ar1_stationary
0.982737443636567,1.2192540630487199,0.17926254633823402,0.0321350605196675,0.00022332498318179095,1.4378206510240712,0.0006250787873438986,3.907234903873188e-07,0,192,448,0,0.3013576599033694,1,512,704,,,1.4370585211728766,0.0005303401635812222,2.812606891073575e-07,hac,0.1786374675508902,0.031911344812995346,256,704,before,older256,2026108998,1.1754895224330306,"[0.34934173697342574, 0.005343899764461471, 0.17856185956738174, -1.5020400358498917e-23, 0.026154743696963755, 0.06272690901494532, -4.119506996036887e-24, 0.3778708509828221]",ar1_stationary
0.982737443636567,1.2192540630487199,0.17805355933407396,0.0317030699915326,-0.00020861577026840924,1.4363465887070759,-0.0005839082168162142,3.409488056654911e-07,256,192,448,0,0.3013576599033694,1,512,704,,,1.4370585211728766,-0.0004954095155565996,2.454305881040247e-07,chronological,0.1786374675508902,0.031911344812995346,256,704,before,older256,2026108998,1.1754895224330306,"[0.34934173697342574, 0.005343899764461471, 0.17856185956738174, -1.5020400358498917e-23, 0.026154743696963755, 0.06272690901494532, -4.119506996036887e-24, 0.3778708509828221]",ar1_stationary
0.982737443636567,1.2192540630487199,0.19205758772226145,0.03688611700169415,0.0047946725632847294,1.453421057218423,0.013420120171371171,0.0001800996254140434,240,192,448,16,0.3013576599033694,1,512,704,,,1.4370585211728766,0.01138613063035998,0.00012964397073162177,blocked_holdout,0.1786374675508902,0.031911344812995346,256,704,before,older256,2026108998,1.1754895224330306,"[0.34934173697342574, 0.005343899764461471, 0.17856185956738174, -1.5020400358498917e-23, 0.026154743696963755, 0.06272690901494532, -4.119506996036887e-24, 0.3778708509828221]",ar1_stationary
0.982737443636567,1.2192540630487199,0.17144617826530206,0.029393792041777732,-0.0025692674128066566,1.4282905124928644,-0.00719128928558821,5.171464158901579e-05,0,192,448,0,0.3013576599033694,1,512,704,,,1.4370585211728766,-0.006101358122045042,3.7226570933445004e-05,gaussian_iid,0.1786374675508902,0.031911344812995346,256,704,before,older256,2026108998,1.1754895224330306,"[0.34934173697342574, 0.005343899764461471, 0.17856185956738174, -1.5020400358498917e-23, 0.026154743696963755, 0.06272690901494532, -4.119506996036887e-24, 0.3778708509828221]",ar1_stationary
0.982737443636567,1.2192540630487199,0.19213121380826625,0.036914403319437725,0.004820977318383927,1.4535108261229308,0.01349374625737607,0.00018208118805845068,0,192,448,0,0.3013576599033694,1,512,704,,,1.4370585211728766,0.011448597748563882,0.00013107039040842198,ewma_gaussian,0.1786374675508902,0.031911344812995346,256,704,before,older256,2026108998,1.1754895224330306,"[0.34934173697342574, 0.005343899764461471, 0.17856185956738174, -1.5020400358498917e-23, 0.026154743696963755, 0.06272690901494532, -4.119506996036887e-24, 0.3778708509828221]",ar1_stationary
0.982737443636567,1.2192540630487199,-0.0025283540012810413,6.392573955793851e-06,-0.06472600713771269,1.2161713571598325,-0.1811658215521712,0.03282105489867314,0,192,448,0,0.3013576599033694,1,512,704,,,1.4370585211728766,-0.1537078419275255,0.02362610067001717,ar_gaussian,0.1786374675508902,0.031911344812995346,256,704,before,older256,2026108998,1.1754895224330306,"[0.34934173697342574, 0.005343899764461471, 0.17856185956738174, -1.5020400358498917e-23, 0.026154743696963755, 0.06272690901494532, -4.119506996036887e-24, 0.3778708509828221]",ar1_stationary
1.5217030941297613,1.6694072296170717,0.23692866660369605,0.05613519305860536,-0.1610703681103531,2.0649376585488146,-0.18905636896033773,0.035742310644467354,0,0,512,0,0.24835479869107552,1,512,512,-0.007223490780238378,1.6573482818854695,2.380549727696355,-0.13257949013858927,0.01757732120540829,raw,0.4259850355640337,0.18146325052449108,512,512,before,full512,2026108999,1.4604645226286983,"[0.3911506125305073, 0.17857198855605214, 1.3369986702439449e-16, 0.2007129997173986, 2.0911849429791106e-24, 0.026358628838808407, 0.07126096872493344, 0.13194480163230077]",markov_stationary
1.5217030941297613,1.6694072296170717,0.30384285732115046,0.092320481945081,-0.10406148028532639,2.1766446922965086,-0.12214217824288331,0.014918711705916278,0,0,512,0,0.24835479869107552,1,512,512,-0.007223490780238378,1.6573482818854695,2.380549727696355,-0.08565460029148986,0.007336710551094894,iid_oic,0.4259850355640337,0.18146325052449108,512,512,before,full512,2026108999,1.4604645226286983,"[0.3911506125305073, 0.17857198855605214, 1.3369986702439449e-16, 0.2007129997173986, 2.0911849429791106e-24, 0.026358628838808407, 0.07126096872493344, 0.13194480163230077]",markov_stationary
1.5217030941297613,1.6694072296170717,0.3057895788434024,0.09350726652922542,-0.1024029318115468,2.1798945632798072,-0.1201954567206313,0.014446947816281152,0,0,512,0,0.24835479869107552,1,512,512,-0.007223490780238378,1.6573482818854695,2.380549727696355,-0.08428942360751301,0.007104706932086772,hac,0.4259850355640337,0.18146325052449108,512,512,before,full512,2026108999,1.4604645226286983,"[0.3911506125305073, 0.17857198855605214, 1.3369986702439449e-16, 0.2007129997173986, 2.0911849429791106e-24, 0.026358628838808407, 0.07126096872493344, 0.13194480163230077]",markov_stationary
1.5217030941297613,1.6694072296170717,0.33009785942566583,0.10896459679740664,-0.08169300427487483,2.220474982623398,-0.0958871761383679,0.009194350547790392,0,0,512,0,0.24835479869107552,1,512,512,-0.007223490780238378,1.6573482818854695,2.380549727696355,-0.0672427646482564,0.004521589397540801,block_bootstrap,0.4259850355640337,0.18146325052449108,512,512,before,full512,2026108999,1.4604645226286983,"[0.3911506125305073, 0.17857198855605214, 1.3369986702439449e-16, 0.2007129997173986, 2.0911849429791106e-24, 0.026358628838808407, 0.07126096872493344, 0.13194480163230077]",markov_stationary
1.5217030941297613,1.6694072296170717,0.06644731711257612,0.004415245951459252,-0.3063153755623114,1.7803348611934644,-0.3595377184514576,0.1292673709892796,0,0,512,0,0.24835479869107552,1,512,512,-0.007223490780238378,1.6573482818854695,2.380549727696355,-0.2521328832242943,0.06357099080299562,gaussian_iid,0.4259850355640337,0.18146325052449108,512,512,before,full512,2026108999,1.4604645226286983,"[0.3911506125305073, 0.17857198855605214, 1.3369986702439449e-16, 0.2007129997173986, 2.0911849429791106e-24, 0.026358628838808407, 0.07126096872493344, 0.13194480163230077]",markov_stationary
1.5217030941297613,1.6694072296170717,0.06932573998957414,0.00480605822510204,-0.30386304541905884,1.78514012115422,-0.3566592955744597,0.1272058531196698,0,0,512,0,0.24835479869107552,1,512,512,-0.007223490780238378,1.6573482818854695,2.380549727696355,-0.2501143326748775,0.06255717940939928,ewma_gaussian,0.4259850355640337,0.18146325052449108,512,512,before,full512,2026108999,1.4604645226286983,"[0.3911506125305073, 0.17857198855605214, 1.3369986702439449e-16, 0.2007129997173986, 2.0911849429791106e-24, 0.026358628838808407, 0.07126096872493344, 0.13194480163230077]",markov_stationary
1.5217030941297613,1.6694072296170717,0.0646947438666936,0.00418540988397709,-0.30780851551526317,1.7774091027463546,-0.3612902916973402,0.13053067487474918,0,0,512,0,0.24835479869107552,1,512,512,-0.007223490780238378,1.6573482818854695,2.380549727696355,-0.2533619096181017,0.06419225724533112,ar_gaussian,0.4259850355640337,0.18146325052449108,512,512,before,full512,2026108999,1.4604645226286983,"[0.3911506125305073, 0.17857198855605214, 1.3369986702439449e-16, 0.2007129997173986, 2.0911849429791106e-24, 0.026358628838808407, 0.07126096872493344, 0.13194480163230077]",markov_stationary
1.6049926521288786,1.7251334691886746,0.34492577658698176,0.11897379135413245,-0.09549995229157272,2.320176470764772,-0.10591351872463176,0.011217673448632922,0,0,512,0,0.125,1,512,512,-0.007644948111241963,1.7119449133317604,2.5028914267561757,-0.07300155094150762,0.005329226439865532,raw,0.4508392953116135,0.20325607019707223,512,512,before,equal512,2026108999,1.482495932692071,"[0.125, 0.125, 0.125, 0.125, 0.125, 0.125, 0.125, 0.125]",markov_stationary
1.6049926521288786,1.7251334691886746,0.355784131359,0.12658234812687816,-0.08570920626425224,2.3389085820023054,-0.09505516395261343,0.009035484194058219,0,0,512,0,0.125,1,512,512,-0.007644948111241963,1.7119449133317604,2.5028914267561757,-0.06551736243964723,0.0042925247810480975,iid_oic,0.4508392953116135,0.20325607019707223,512,512,before,equal512,2026108999,1.482495932692071,"[0.125, 0.125, 0.125, 0.125, 0.125, 0.125, 0.125, 0.125]",markov_stationary
1.6049926521288786,1.7251334691886746,0.3705580311398837,0.13731325444226702,-0.07238789713181615,2.3643955309847473,-0.08028126417172964,0.0064450813770110405,0,0,512,0,0.125,1,512,512,-0.007644948111241963,1.7119449133317604,2.5028914267561757,-0.05533436020871407,0.0030618914197077193,hac,0.4508392953116135,0.20325607019707223,512,512,before,equal512,2026108999,1.482495932692071,"[0.125, 0.125, 0.125, 0.125, 0.125, 0.125, 0.125, 0.125]",markov_stationary
1.6049926521288786,1.7251334691886746,0.3343013718578889,0.1117574072260665,-0.10507975057391186,2.3018479545764077,-0.11653792345372455,0.013581087602906161,0,0,512,0,0.125,1,512,512,-0.007644948111241963,1.7119449133317604,2.5028914267561757,-0.08032448792248514,0.006452023360009462,block_bootstrap,0.4508392953116135,0.20325607019707223,512,512,before,equal512,2026108999,1.482495932692071,"[0.125, 0.125, 0.125, 0.125, 0.125, 0.125, 0.125, 0.125]",markov_stationary
1.6049926521288786,1.7251334691886746,0.12272568620008562,0.015061594053281885,-0.2958530166279829,1.9368516579815889,-0.3281136091115279,0.10765854048419254,0,0,512,0,0.125,1,512,512,-0.007644948111241963,1.7119449133317604,2.5028914267561757,-0.2261543440213033,0.051145787319706,gaussian_iid,0.4508392953116135,0.20325607019707223,512,512,before,equal512,2026108999,1.482495932692071,"[0.125, 0.125, 0.125, 0.125, 0.125, 0.125, 0.125, 0.125]",markov_stationary
1.6049926521288786,1.7251334691886746,0.07489998512253249,0.005610007771355588,-0.33897642737115874,1.854345940365289,-0.37593931018908106,0.1413303649454421,0,0,512,0,0.125,1,512,512,-0.007644948111241963,1.7119449133317604,2.5028914267561757,-0.25911850568421235,0.06714239998801919,ewma_gaussian,0.4508392953116135,0.20325607019707223,512,512,before,equal512,2026108999,1.482495932692071,"[0.125, 0.125, 0.125, 0.125, 0.125, 0.125, 0.125, 0.125]",markov_stationary
1.6049926521288786,1.7251334691886746,0.1317069341086885,0.017346716492310413,-0.28775481767171607,1.9523455093438005,-0.31913236120292504,0.10184546396695422,0,0,512,0,0.125,1,512,512,-0.007644948111241963,1.7119449133317604,2.5028914267561757,-0.2199639630896414,0.04838414505810112,ar_gaussian,0.4508392953116135,0.20325607019707223,512,512,before,equal512,2026108999,1.482495932692071,"[0.125, 0.125, 0.125, 0.125, 0.125, 0.125, 0.125, 0.125]",markov_stationary
1.5156830776873462,1.6910098716180473,0.29863484193386847,0.0891827688168666,-0.08310284801696692,2.196004337337314,-0.10336244806243684,0.010683795669459954,0,0,256,0,0.32901570477773356,1,512,512,-0.006816727057381924,1.6794827188718886,2.3707912573655023,-0.07372514112542206,0.0054353964339633985,raw,0.40199728999630524,0.16160182116437352,256,512,before,older256,2026108999,1.5002666153925115,"[0.49999999999999994, 0.22079915958469953, -1.729937274143482e-24, 0.13950176988808685, 2.565030835981306e-19, 0.024317795009152286, 0.015530718532822679, 0.09985055698523873]",markov_stationary
1.5156830776873462,1.6910098716180473,0.37745348031996406,0.1424711298056535,-0.019733089952148553,2.3292874329156947,-0.02454380967634125,0.0006023985934284624,0,0,256,0,0.32901570477773356,1,512,512,-0.006816727057381924,1.6794827188718886,2.3707912573655023,-0.017506317488249823,0.00030647115199940156,iid_oic,0.40199728999630524,0.16160182116437352,256,512,before,older256,2026108999,1.5002666153925115,"[0.49999999999999994, 0.22079915958469953, -1.729937274143482e-24, 0.13950176988808685, 2.565030835981306e-19, 0.024317795009152286, 0.015530718532822679, 0.09985055698523873]",markov_stationary
1.5156830776873462,1.6910098716180473,0.3845505372948723,0.147879115733775,-0.014027094610423431,2.3412886263197006,-0.01744675270143283,0.00030438917982495377,0,0,256,0,0.32901570477773356,1,512,512,-0.006816727057381924,1.6794827188718886,2.3707912573655023,-0.012444212856844272,0.0001548584336264483,hac,0.40199728999630524,0.16160182116437352,256,512,before,older256,2026108999,1.5002666153925115,"[0.49999999999999994, 0.22079915958469953, -1.729937274143482e-24, 0.13950176988808685, 2.565030835981306e-19, 0.024317795009152286, 0.015530718532822679, 0.09985055698523873]",markov_stationary
1.5156830776873462,1.6910098716180473,0.20637652950889462,0.04259127193213565,-0.15727803116591085,2.039994620287861,-0.19562076048741073,0.038267481933672916,256,0,256,0,0.32901570477773356,1,512,512,-0.006816727057381924,1.6794827188718886,2.3707912573655023,-0.13953005607302293,0.019468636547740923,chronological,0.40199728999630524,0.16160182116437352,256,512,before,older256,2026108999,1.5002666153925115,"[0.49999999999999994, 0.22079915958469953, -1.729937274143482e-24, 0.13950176988808685, 2.565030835981306e-19, 0.024317795009152286, 0.015530718532822679, 0.09985055698523873]",markov_stationary
1.5156830776873462,1.6910098716180473,0.22708440791440343,0.05156732831783517,-0.1406290091647357,2.075011847091843,-0.17491288208190187,0.030594516318197307,240,0,256,16,0.32901570477773356,1,512,512,-0.006816727057381924,1.6794827188718886,2.3707912573655023,-0.12475978614934613,0.015565004240030579,blocked_holdout,0.40199728999630524,0.16160182116437352,256,512,before,older256,2026108999,1.5002666153925115,"[0.49999999999999994, 0.22079915958469953, -1.729937274143482e-24, 0.13950176988808685, 2.565030835981306e-19, 0.024317795009152286, 0.015530718532822679, 0.09985055698523873]",markov_stationary
1.5156830776873462,1.6910098716180473,0.06781175975852416,0.004598434761547796,-0.2686833550231326,1.805680226781503,-0.3341855302377811,0.1116799686203069,0,0,256,0,0.32901570477773356,1,512,512,-0.006816727057381924,1.6794827188718886,2.3707912573655023,-0.2383638917295352,0.05681734488044958,gaussian_iid,0.40199728999630524,0.16160182116437352,256,512,before,older256,2026108999,1.5002666153925115,"[0.49999999999999994, 0.22079915958469953, -1.729937274143482e-24, 0.13950176988808685, 2.565030835981306e-19, 0.024317795009152286, 0.015530718532822679, 0.09985055698523873]",markov_stationary
1.5156830776873462,1.6910098716180473,0.041420714853377616,0.001715675618964817,-0.28990161208721205,1.7610527093245851,-0.3605765751429276,0.13001546654180332,0,0,256,0,0.32901570477773356,1,512,512,-0.006816727057381924,1.6794827188718886,2.3707912573655023,-0.25718778325447256,0.06614555585534955,ewma_gaussian,0.40199728999630524,0.16160182116437352,256,512,before,older256,2026108999,1.5002666153925115,"[0.49999999999999994, 0.22079915958469953, -1.729937274143482e-24, 0.13950176988808685, 2.565030835981306e-19, 0.024317795009152286, 0.015530718532822679, 0.09985055698523873]",markov_stationary
1.5156830776873462,1.6910098716180473,0.05747327675714131,0.0033031775412029596,-0.2769954393215901,1.7881977499686095,-0.3445240132391638,0.11869679569841952,0,0,256,0,0.32901570477773356,1,512,512,-0.006816727057381924,1.6794827188718886,2.3707912573655023,-0.24573800227536235,0.06038716576228599,ar_gaussian,0.40199728999630524,0.16160182116437352,256,512,before,older256,2026108999,1.5002666153925115,"[0.49999999999999994, 0.22079915958469953, -1.729937274143482e-24, 0.13950176988808685, 2.565030835981306e-19, 0.024317795009152286, 0.015530718532822679, 0.09985055698523873]",markov_stationary
0.6112521029498172,1.076642787195343,0.28044623684246406,0.07865009175909944,0.01097533976725342,1.3785832052878588,0.021164926531097264,0.00044795411506674484,0,448,960,0,0.2903914393305676,1,512,960,,,1.3557961397966336,0.016807147344912288,0.00028248020187359216,raw,0.2592813103113668,0.06722679787677929,512,960,after,full512,2026108999,1.0671182913094273,"[0.46204440887393994, 0.2190617496355742, 0.1121022642554919, 0.04334082688140418, 0.036880534721679605, 1.299704593865033e-17, 0.11379661588895224, 0.012773599742957826]",ar1_stationary
0.6112521029498172,1.076642787195343,0.34518355063646977,0.1191516836300003,0.04454569086034926,1.4482821672465767,0.08590224032510298,0.007379194892871748,0,448,960,0,0.2903914393305676,1,512,960,,,1.3557961397966336,0.06821529043725971,0.004653325849439696,iid_oic,0.2592813103113668,0.06722679787677929,512,960,after,full512,2026108999,1.0671182913094273,"[0.46204440887393994, 0.2190617496355742, 0.1121022642554919, 0.04334082688140418, 0.036880534721679605, 1.299704593865033e-17, 0.11379661588895224, 0.012773599742957826]",ar1_stationary
0.6112521029498172,1.076642787195343,0.38800391834597003,0.15054704065182617,0.06675073295581685,1.4943844072860626,0.12872260803460334,0.016569509819230128,0,448,960,0,0.2903914393305676,1,512,960,,,1.3557961397966336,0.10221910464372397,0.01044874535416459,hac,0.2592813103113668,0.06722679787677929,512,960,after,full512,2026108999,1.0671182913094273,"[0.46204440887393994, 0.2190617496355742, 0.1121022642554919, 0.04334082688140418, 0.036880534721679605, 1.299704593865033e-17, 0.11379661588895224, 0.012773599742957826]",ar1_stationary
0.6112521029498172,1.076642787195343,0.36713512324190756,0.13478819871785064,0.055928955877415316,1.4719161695598162,0.10785381293054082,0.011632444963656095,0,448,960,0,0.2903914393305676,1,512,960,,,1.3557961397966336,0.08564711637296774,0.007335428543004678,block_bootstrap,0.2592813103113668,0.06722679787677929,512,960,after,full512,2026108999,1.0671182913094273,"[0.46204440887393994, 0.2190617496355742, 0.1121022642554919, 0.04334082688140418, 0.036880534721679605, 1.299704593865033e-17, 0.11379661588895224, 0.012773599742957826]",ar1_stationary
0.6112521029498172,1.076642787195343,0.2804401034811992,0.07864665164054571,0.010972159235362709,1.3785766018486918,0.021158793169832445,0.00044769452840374817,0,448,960,0,0.2903914393305676,1,512,960,,,1.3557961397966336,0.016802276819784412,0.00028231650632866455,gaussian_iid,0.2592813103113668,0.06722679787677929,512,960,after,full512,2026108999,1.0671182913094273,"[0.46204440887393994, 0.2190617496355742, 0.1121022642554919, 0.04334082688140418, 0.036880534721679605, 1.299704593865033e-17, 0.11379661588895224, 0.012773599742957826]",ar1_stationary
0.6112521029498172,1.076642787195343,0.5575007797618468,0.31080711943506717,0.1546454695989621,1.6768719805817147,0.2982194694504799,0.08893485195932571,0,448,960,0,0.2903914393305676,1,512,960,,,1.3557961397966336,0.23681719645052368,0.056082384534685926,ewma_gaussian,0.2592813103113668,0.06722679787677929,512,960,after,full512,2026108999,1.0671182913094273,"[0.46204440887393994, 0.2190617496355742, 0.1121022642554919, 0.04334082688140418, 0.036880534721679605, 1.299704593865033e-17, 0.11379661588895224, 0.012773599742957826]",ar1_stationary
0.6112521029498172,1.076642787195343,0.0033979620797863763,1.1546146295666156e-05,-0.13269153963268787,1.0803011785597083,-0.25588334823158043,0.06547628790220425,0,448,960,0,0.2903914393305676,1,512,960,,,1.3557961397966336,-0.20319792419400817,0.04128939639675389,ar_gaussian,0.2592813103113668,0.06722679787677929,512,960,after,full512,2026108999,1.0671182913094273,"[0.46204440887393994, 0.2190617496355742, 0.1121022642554919, 0.04334082688140418, 0.036880534721679605, 1.299704593865033e-17, 0.11379661588895224, 0.012773599742957826]",ar1_stationary
0.6641829087115794,1.2297737856719424,0.24728990154858366,0.061152295407908196,0.02318677613675911,1.533884424057786,0.0628610237573781,0.003951508307825655,0,448,960,0,0.125,1,512,960,,,1.4565795849004612,0.053072856408740376,0.0028167280873827743,raw,0.18442887779120554,0.034014010963323425,512,960,after,equal512,2026108999,1.2237968148871439,"[0.125, 0.125, 0.125, 0.125, 0.125, 0.125, 0.125, 0.125]",ar1_stationary
0.6641829087115794,1.2297737856719424,0.2551270065752431,0.06508978948404415,0.02607755310715639,1.5435222903751298,0.07069812878403768,0.004998225413564377,0,448,960,0,0.125,1,512,960,,,1.4565795849004612,0.059689636169526494,0.0035628526660504453,iid_oic,0.18442887779120554,0.034014010963323425,512,960,after,equal512,2026108999,1.2237968148871439,"[0.125, 0.125, 0.125, 0.125, 0.125, 0.125, 0.125, 0.125]",ar1_stationary
0.6641829087115794,1.2297737856719424,0.2660432704550333,0.07077902175440999,0.03010410170120112,1.5569468255319732,0.0816143926638278,0.00666090908988547,0,448,960,0,0.125,1,512,960,,,1.4565795849004612,0.06890611517006184,0.004748052707829827,hac,0.18442887779120554,0.034014010963323425,512,960,after,equal512,2026108999,1.2237968148871439,"[0.125, 0.125, 0.125, 0.125, 0.125, 0.125, 0.125, 0.125]",ar1_stationary
0.6641829087115794,1.2297737856719424,0.22802013148462774,0.051993180362266925,0.01607897200037921,1.5101869659772071,0.04359125369342223,0.0019001973985642974,0,448,960,0,0.125,1,512,960,,,1.4565795849004612,0.03680360594948828,0.0013545054108852093,block_bootstrap,0.18442887779120554,0.034014010963323425,512,960,after,equal512,2026108999,1.2237968148871439,"[0.125, 0.125, 0.125, 0.125, 0.125, 0.125, 0.125, 0.125]",ar1_stationary
0.6641829087115794,1.2297737856719424,0.2462291764456348,0.06062880733309556,0.022795519455995488,1.5325799721323754,0.06180029865442929,0.003819276913776655,0,448,960,0,0.125,1,512,960,,,1.4565795849004612,0.05217729811660643,0.002722470438749221,gaussian_iid,0.18442887779120554,0.034014010963323425,512,960,after,equal512,2026108999,1.2237968148871439,"[0.125, 0.125, 0.125, 0.125, 0.125, 0.125, 0.125, 0.125]",ar1_stationary
0.6641829087115794,1.2297737856719424,0.2142223256637732,0.0458912048127957,0.010989544313336829,1.4932187860789283,0.029793447872567557,0.0008876495361354003,0,448,960,0,0.125,1,512,960,,,1.4565795849004612,0.025154273448759756,0.00063273747273498,ewma_gaussian,0.18442887779120554,0.034014010963323425,512,960,after,equal512,2026108999,1.2237968148871439,"[0.125, 0.125, 0.125, 0.125, 0.125, 0.125, 0.125, 0.125]",ar1_stationary
0.6641829087115794,1.2297737856719424,0.0009866021868236707,9.733838750452493e-07,-0.06766410605836234,1.2309870831781848,-0.18344227560438178,0.03365106847891396,0,448,960,0,0.125,1,512,960,,,1.4565795849004612,-0.15487825317673443,0.02398727330707665,ar_gaussian,0.18442887779120554,0.034014010963323425,512,960,after,equal512,2026108999,1.2237968148871439,"[0.125, 0.125, 0.125, 0.125, 0.125, 0.125, 0.125, 0.125]",ar1_stationary
0.5130449887666101,0.9828994461965654,0.1635265153502119,0.026740921222583088,-0.195870128912918,1.1436295675727428,-0.2416873486964153,0.05841277451990264,0,448,704,0,0.26820003362795847,1,512,960,,,1.3811839287591656,-0.17199328506510936,0.02958169010748797,raw,0.4052138640466271,0.1641982756155984,256,960,after,older256,2026108999,0.9736456318242932,"[0.3946790580006889, 0.23500936013742063, 2.5241845851561826e-18, 0.17246040324240913, 2.633860149112749e-24, 4.8524824617203074e-17, 0.036140478318542495, 0.16171070030093873]",ar1_stationary
0.5130449887666101,0.9828994461965654,0.20327815809749095,0.04132200955950852,-0.1636542953932659,1.1827014352144471,-0.2019357059491362,0.040778029337176,0,448,704,0,0.26820003362795847,1,512,960,,,1.3811839287591656,-0.1437046069041884,0.020651014045487314,iid_oic,0.4052138640466271,0.1641982756155984,256,960,after,older256,2026108999,0.9736456318242932,"[0.3946790580006889, 0.23500936013742063, 2.5241845851561826e-18, 0.17246040324240913, 2.633860149112749e-24, 4.8524824617203074e-17, 0.036140478318542495, 0.16171070030093873]",ar1_stationary
0.5130449887666101,0.9828994461965654,0.21828914671365052,0.04765015157297364,-0.15148897399263797,1.1974557276121334,-0.1869247173329766,0.0349408499500132,0,448,704,0,0.26820003362795847,1,512,960,,,1.3811839287591656,-0.13302225527058575,0.01769492039727288,hac,0.4052138640466271,0.1641982756155984,256,960,after,older256,2026108999,0.9736456318242932,"[0.3946790580006889, 0.23500936013742063, 2.5241845851561826e-18, 0.17246040324240913, 2.633860149112749e-24, 4.8524824617203074e-17, 0.036140478318542495, 0.16171070030093873]",ar1_stationary
0.5130449887666101,0.9828994461965654,0.7601165613947456,0.5777771869065721,0.2876229867060034,1.7300175934362985,0.3549026973481184,0.12595592458497012,256,448,704,0,0.26820003362795847,1,512,960,,,1.3811839287591656,0.2525613406105294,0.06378723077098783,chronological,0.4052138640466271,0.1641982756155984,256,960,after,older256,2026108999,0.9736456318242932,"[0.3946790580006889, 0.23500936013742063, 2.5241845851561826e-18, 0.17246040324240913, 2.633860149112749e-24, 4.8524824617203074e-17, 0.036140478318542495, 0.16171070030093873]",ar1_stationary
0.5130449887666101,0.9828994461965654,0.810667684787636,0.6571820951589459,0.32859101878986524,1.7797042646237846,0.4054538207410087,0.16439280075348203,240,448,704,16,0.26820003362795847,1,512,960,,,1.3811839287591656,0.2885353120367129,0.08325262629212328,blocked_holdout,0.4052138640466271,0.1641982756155984,256,960,after,older256,2026108999,0.9736456318242932,"[0.3946790580006889, 0.23500936013742063, 2.5241845851561826e-18, 0.17246040324240913, 2.633860149112749e-24, 4.8524824617203074e-17, 0.036140478318542495, 0.16171070030093873]",ar1_stationary
0.5130449887666101,0.9828994461965654,0.4702291011370707,0.22111540755617748,0.0526901508866525,1.445087369289701,0.06501523709044361,0.004226981053926595,0,448,704,0,0.26820003362795847,1,512,960,,,1.3811839287591656,0.04626714748117955,0.002140648936045219,gaussian_iid,0.4052138640466271,0.1641982756155984,256,960,after,older256,2026108999,0.9736456318242932,"[0.3946790580006889, 0.23500936013742063, 2.5241845851561826e-18, 0.17246040324240913, 2.633860149112749e-24, 4.8524824617203074e-17, 0.036140478318542495, 0.16171070030093873]",ar1_stationary
0.5130449887666101,0.9828994461965654,0.7653585062543646,0.5857736430959123,0.2918712041693746,1.735169898135811,0.3601446422077375,0.12970416331093926,0,448,704,0,0.26820003362795847,1,512,960,,,1.3811839287591656,0.25629169439776267,0.06568543261727618,ewma_gaussian,0.4052138640466271,0.1641982756155984,256,960,after,older256,2026108999,0.9736456318242932,"[0.3946790580006889, 0.23500936013742063, 2.5241845851561826e-18, 0.17246040324240913, 2.633860149112749e-24, 4.8524824617203074e-17, 0.036140478318542495, 0.16171070030093873]",ar1_stationary
0.5130449887666101,0.9828994461965654,0.0018671791704387708,3.4863580545204165e-06,-0.32688333745815507,0.9847346955691395,-0.40334668487618835,0.16268854820061118,0,448,704,0,0.26820003362795847,1,512,960,,,1.3811839287591656,-0.2870357994580708,0.08238955017053383,ar_gaussian,0.4052138640466271,0.1641982756155984,256,960,after,older256,2026108999,0.9736456318242932,"[0.3946790580006889, 0.23500936013742063, 2.5241845851561826e-18, 0.17246040324240913, 2.633860149112749e-24, 4.8524824617203074e-17, 0.036140478318542495, 0.16171070030093873]",ar1_stationary
1.102392262654366,1.1772585713711747,0.0745441404445637,0.005556828874618837,-0.05107975133584012,1.265016299655034,-0.12682876123988585,0.01608553467764397,0,0,512,0,0.3288622337511449,1,512,512,,,1.4143265459210779,-0.1055698535084808,0.011144993969802097,raw,0.20137290168444957,0.040551045532814994,512,512,before,full512,2026108999,1.013051634180112,"[0.4999999999999999, 0.025485652354657343, 0.13203655208417142, 4.2265683878177534e-18, -3.464163906303205e-25, 2.991573054301774e-17, 0.20390037327318036, 0.13857742228799097]",ar1_stationary
1.102392262654366,1.1772585713711747,0.09881390239359034,0.009764187306249998,-0.04130520656210743,1.2935880849346637,-0.10255899929085915,0.010518348335542448,0,0,512,0,0.3288622337511449,1,512,512,,,1.4143265459210779,-0.0853681643285451,0.00728772348082548,iid_oic,0.20137290168444957,0.040551045532814994,512,512,before,full512,2026108999,1.013051634180112,"[0.4999999999999999, 0.025485652354657343, 0.13203655208417142, 4.2265683878177534e-18, -3.464163906303205e-25, 2.991573054301774e-17, 0.20390037327318036, 0.13857742228799097]",ar1_stationary
1.102392262654366,1.1772585713711747,0.12099635254194285,0.014640117328454121,-0.03237131785641869,1.3197025645058253,-0.08037654914250676,0.006460389652057805,0,0,512,0,0.3288622337511449,1,512,512,,,1.4143265459210779,-0.0669039138720463,0.00447613369139819,hac,0.20137290168444957,0.040551045532814994,512,512,before,full512,2026108999,1.013051634180112,"[0.4999999999999999, 0.025485652354657343, 0.13203655208417142, 4.2265683878177534e-18, -3.464163906303205e-25, 2.991573054301774e-17, 0.20390037327318036, 0.13857742228799097]",ar1_stationary
1.102392262654366,1.1772585713711747,0.14806946078231498,0.021924565216365512,-0.021467737128456812,1.3515746132354631,-0.053303440902134534,0.002841256812007349,0,0,512,0,0.3288622337511449,1,512,512,,,1.4143265459210779,-0.044368772449751126,0.0019685879686977947,block_bootstrap,0.20137290168444957,0.040551045532814994,512,512,before,full512,2026108999,1.013051634180112,"[0.4999999999999999, 0.025485652354657343, 0.13203655208417142, 4.2265683878177534e-18, -3.464163906303205e-25, 2.991573054301774e-17, 0.20390037327318036, 0.13857742228799097]",ar1_stationary
1.102392262654366,1.1772585713711747,0.13079179538597807,0.017106493740287554,-0.02842624435884361,1.3312343335543422,-0.0705811062984716,0.004981692566316147,0,0,512,0,0.3288622337511449,1,512,512,,,1.4143265459210779,-0.05875037317681264,0.0034516063484147466,gaussian_iid,0.20137290168444957,0.040551045532814994,512,512,before,full512,2026108999,1.013051634180112,"[0.4999999999999999, 0.025485652354657343, 0.13203655208417142, 4.2265683878177534e-18, -3.464163906303205e-25, 2.991573054301774e-17, 0.20390037327318036, 0.13857742228799097]",ar1_stationary
1.102392262654366,1.1772585713711747,0.7661803407820167,0.5870323146008473,0.22747382580808026,2.0792509447728915,0.5648074390975671,0.319007443259952,0,0,512,0,0.3288622337511449,1,512,512,,,1.4143265459210779,0.47013499164634753,0.22102691037031127,ewma_gaussian,0.20137290168444957,0.040551045532814994,512,512,before,full512,2026108999,1.013051634180112,"[0.4999999999999999, 0.025485652354657343, 0.13203655208417142, 4.2265683878177534e-18, -3.464163906303205e-25, 2.991573054301774e-17, 0.20390037327318036, 0.13857742228799097]",ar1_stationary
1.102392262654366,1.1772585713711747,-0.02664583545207,0.0007100005469387904,-0.09183358947120941,1.1458895331938794,-0.22801873713651957,0.05199254448533321,0,0,512,0,0.3288622337511449,1,512,512,,,1.4143265459210779,-0.18979846874922313,0.036023458739549825,ar_gaussian,0.20137290168444957,0.040551045532814994,512,512,before,full512,2026108999,1.013051634180112,"[0.4999999999999999, 0.025485652354657343, 0.13203655208417142, 4.2265683878177534e-18, -3.464163906303205e-25, 2.991573054301774e-17, 0.20390037327318036, 0.13857742228799097]",ar1_stationary
1.4645912068796443,1.5508931931013668,-0.04150004537199903,0.001722253765877978,-0.003067116132557073,1.4865310552205355,0.023568387797094643,0.0005554689033542397,0,0,512,0,0.125,1,512,512,,,1.4499790030136481,0.025208676905608574,0.000635477391331363,raw,-0.0650684331690937,0.004233900995080814,512,512,before,equal512,2026108999,1.169897503240043,"[0.125, 0.125, 0.125, 0.125, 0.125, 0.125, 0.125, 0.125]",ar1_stationary
1.4645912068796443,1.5508931931013668,-0.03497922339423787,0.0012235460692639978,-0.0039157154706920974,1.4966441536392712,0.03008920977485585,0.0009053605448752808,0,0,512,0,0.125,1,512,512,,,1.4499790030136481,0.0321833285369193,0.001035766635715284,iid_oic,-0.0650684331690937,0.004233900995080814,512,512,before,equal512,2026108999,1.169897503240043,"[0.125, 0.125, 0.125, 0.125, 0.125, 0.125, 0.125, 0.125]",ar1_stationary
1.4645912068796443,1.5508931931013668,-0.0257259594157081,0.0006618249878586602,-0.005119906248257994,1.510994977757543,0.03934247375338564,0.001547830241035838,0,0,512,0,0.125,1,512,512,,,1.4499790030136481,0.04208059193759284,0.0017707762178182033,hac,-0.0650684331690937,0.004233900995080814,512,512,before,equal512,2026108999,1.169897503240043,"[0.125, 0.125, 0.125, 0.125, 0.125, 0.125, 0.125, 0.125]",ar1_stationary
1.4645912068796443,1.5508931931013668,-0.030057783791288983,0.0009034703664438748,-0.004556176198492523,1.5042767808197441,0.035010649377804764,0.0012257455698555812,0,0,512,0,0.125,1,512,512,,,1.4499790030136481,0.03744728557671739,0.0014022991970642266,block_bootstrap,-0.0650684331690937,0.004233900995080814,512,512,before,equal512,2026108999,1.169897503240043,"[0.125, 0.125, 0.125, 0.125, 0.125, 0.125, 0.125, 0.125]",ar1_stationary
1.4645912068796443,1.5508931931013668,-0.06967626273566718,0.004854781588809723,0.0005996485004143181,1.4428327515038781,-0.004607829566573457,2.1232093314588535e-05,0,0,512,0,0.125,1,512,512,,,1.4499790030136481,-0.004928520685414828,2.4290316146561844e-05,gaussian_iid,-0.0650684331690937,0.004233900995080814,512,512,before,equal512,2026108999,1.169897503240043,"[0.125, 0.125, 0.125, 0.125, 0.125, 0.125, 0.125, 0.125]",ar1_stationary
1.4645912068796443,1.5508931931013668,0.3350086646754604,0.11223080540763508,-0.05206477980716668,2.0704558507765167,0.4000770978445542,0.160061684219721,0,0,512,0,0.125,1,512,512,,,1.4499790030136481,0.42792126401366115,0.1831166081950495,ewma_gaussian,-0.0650684331690937,0.004233900995080814,512,512,before,equal512,2026108999,1.169897503240043,"[0.125, 0.125, 0.125, 0.125, 0.125, 0.125, 0.125, 0.125]",ar1_stationary
1.4645912068796443,1.5508931931013668,-0.0292663613707681,0.0008565199078843874,-0.004659169432248892,1.5055041924645978,0.03580207179832564,0.001281788345052464,0,0,512,0,0.125,1,512,512,,,1.4499790030136481,0.03829378862421162,0.0014664142471957995,ar_gaussian,-0.0650684331690937,0.004233900995080814,512,512,before,equal512,2026108999,1.169897503240043,"[0.125, 0.125, 0.125, 0.125, 0.125, 0.125, 0.125, 0.125]",ar1_stationary
1.1329693421612674,1.2012948689164484,0.037025130642356796,0.0013708602990835882,-0.03083455120307603,1.245772968378073,-0.10702623615593027,0.011454615225704954,0,0,256,0,0.2920656276547251,1,512,512,,,1.374343036711632,-0.09355020173215745,0.008751640244127354,raw,0.14405136679828717,0.020750796276454674,256,512,before,older256,2026108999,1.0137016976357092,"[0.47630691392552404, 0.09670244869389488, 0.13089568747357783, 0.019012070790537856, 2.937060937560759e-17, 0.007936751280229675, 0.1667292211640038, 0.10241690667223186]",ar1_stationary
1.1329693421612674,1.2012948689164484,0.11693791334972858,0.01367447557858863,-0.00781146005577319,1.3417717842052737,-0.02711345344855857,0.0007351393579071527,0,0,256,0,0.2920656276547251,1,512,512,,,1.374343036711632,-0.023699507063601133,0.00056166663505768,iid_oic,0.14405136679828717,0.020750796276454674,256,512,before,older256,2026108999,1.0137016976357092,"[0.47630691392552404, 0.09670244869389488, 0.13089568747357783, 0.019012070790537856, 2.937060937560759e-17, 0.007936751280229675, 0.1667292211640038, 0.10241690667223186]",ar1_stationary
1.1329693421612674,1.2012948689164484,0.15016319877427842,0.02254898626612345,0.0017608354995660303,1.3816851491040698,0.006111831975991245,3.735449010274905e-05,0,0,256,0,0.2920656276547251,1,512,512,,,1.374343036711632,0.005342270594978382,2.853985510997068e-05,hac,0.14405136679828717,0.020750796276454674,256,512,before,older256,2026108999,1.0137016976357092,"[0.47630691392552404, 0.09670244869389488, 0.13089568747357783, 0.019012070790537856, 2.937060937560759e-17, 0.007936751280229675, 0.1667292211640038, 0.10241690667223186]",ar1_stationary
1.1329693421612674,1.2012948689164484,0.08948490446788138,0.008007548127625856,-0.015720746960084426,1.3087926254991928,-0.054566462330405845,0.0029774988112556,256,0,256,0,0.2920656276547251,1,512,512,,,1.374343036711632,-0.047695814990470375,0.0022748907676051785,chronological,0.14405136679828717,0.020750796276454674,256,512,before,older256,2026108999,1.0137016976357092,"[0.47630691392552404, 0.09670244869389488, 0.13089568747357783, 0.019012070790537856, 2.937060937560759e-17, 0.007936751280229675, 0.1667292211640038, 0.10241690667223186]",ar1_stationary
1.1329693421612674,1.2012948689164484,0.10057539727947074,0.010115410537923369,-0.012525545664132352,1.32211557760751,-0.04347596951881642,0.0018901599256010541,240,0,256,16,0.2920656276547251,1,512,512,,,1.374343036711632,-0.038001763540117195,0.0014441340321589805,blocked_holdout,0.14405136679828717,0.020750796276454674,256,512,before,older256,2026108999,1.0137016976357092,"[0.47630691392552404, 0.09670244869389488, 0.13089568747357783, 0.019012070790537856, 2.937060937560759e-17, 0.007936751280229675, 0.1667292211640038, 0.10241690667223186]",ar1_stationary
1.1329693421612674,1.2012948689164484,0.09158320583755386,0.008387483591483759,-0.0151162205995723,1.311313304168021,-0.0524681609607332,0.0027529079146014074,0,0,256,0,0.2920656276547251,1,512,512,,,1.374343036711632,-0.04586171782440962,0.002103297161805771,gaussian_iid,0.14405136679828717,0.020750796276454674,256,512,before,older256,2026108999,1.0137016976357092,"[0.47630691392552404, 0.09670244869389488, 0.13089568747357783, 0.019012070790537856, 2.937060937560759e-17, 0.007936751280229675, 0.1667292211640038, 0.10241690667223186]",ar1_stationary
1.1329693421612674,1.2012948689164484,0.6570528256492829,0.43171841569370695,0.1477971226340024,1.9906090569759858,0.5130014588509957,0.26317049678324983,0,0,256,0,0.2920656276547251,1,512,512,,,1.374343036711632,0.44840771466990015,0.20106947857548257,ewma_gaussian,0.14405136679828717,0.020750796276454674,256,512,before,older256,2026108999,1.0137016976357092,"[0.47630691392552404, 0.09670244869389488, 0.13089568747357783, 0.019012070790537856, 2.937060937560759e-17, 0.007936751280229675, 0.1667292211640038, 0.10241690667223186]",ar1_stationary
1.1329693421612674,1.2012948689164484,-0.0282357487086764,0.000797257505139521,-0.04963638894102494,1.1673754088727013,-0.17228711550696352,0.029682850169709788,0,0,256,0,0.2920656276547251,1,512,512,,,1.374343036711632,-0.1505938636209332,0.022678511760280223,ar_gaussian,0.14405136679828717,0.020750796276454674,256,512,before,older256,2026108999,1.0137016976357092,"[0.47630691392552404, 0.09670244869389488, 0.13089568747357783, 0.019012070790537856, 2.937060937560759e-17, 0.007936751280229675, 0.1667292211640038, 0.10241690667223186]",ar1_stationary
0.8798769488837814,1.046809689524813,0.20845187768872675,0.043452185311955896,-0.06758435889473201,1.2650191348890132,-0.10709189233737808,0.011468673404400578,0,128,640,0,0.3014497689369537,1,512,640,,,1.3771239654573286,-0.08140503932853027,0.00662678042807956,raw,0.3155437700261048,0.09956787080228731,512,640,before,full512,2026108999,0.9800626863395427,"[0.49999999999999994, 0.11525554017859767, 0.0689837795667171, 0.09709599037110475, 0.0014255715851849127, -1.4867856660556718e-24, 0.1224233030573135, 0.09481581524108221]",ar1_stationary
0.8798769488837814,1.046809689524813,0.250843575815592,0.06292249952795266,-0.04083148640521275,1.3093951752436266,-0.06470019421051283,0.004186115130878078,0,128,640,0,0.3014497689369537,1,512,640,,,1.3771239654573286,-0.049181331465108835,0.002418803364680904,iid_oic,0.3155437700261048,0.09956787080228731,512,640,before,full512,2026108999,0.9800626863395427,"[0.49999999999999994, 0.11525554017859767, 0.0689837795667171, 0.09709599037110475, 0.0014255715851849127, -1.4867856660556718e-24, 0.1224233030573135, 0.09481581524108221]",ar1_stationary
0.8798769488837814,1.046809689524813,0.2945138671573193,0.08673841794795913,-0.0132717096689988,1.3551096593645182,-0.021029902868785585,0.00044225681467055614,0,128,640,0,0.3014497689369537,1,512,640,,,1.3771239654573286,-0.015985711268556524,0.00025554296476165505,hac,0.3155437700261048,0.09956787080228731,512,640,before,full512,2026108999,0.9800626863395427,"[0.49999999999999994, 0.11525554017859767, 0.0689837795667171, 0.09709599037110475, 0.0014255715851849127, -1.4867856660556718e-24, 0.1224233030573135, 0.09481581524108221]",ar1_stationary
0.8798769488837814,1.046809689524813,0.2663828676884852,0.070959832197941,-0.031024832922995342,1.3256618565445253,-0.04916090233761971,0.002416794318648983,0,128,640,0,0.3014497689369537,1,512,640,,,1.3771239654573286,-0.03736926391787343,0.0013964618857636771,block_bootstrap,0.3155437700261048,0.09956787080228731,512,640,before,full512,2026108999,0.9800626863395427,"[0.49999999999999994, 0.11525554017859767, 0.0689837795667171, 0.09709599037110475, 0.0014255715851849127, -1.4867856660556718e-24, 0.1224233030573135, 0.09481581524108221]",ar1_stationary
0.8798769488837814,1.046809689524813,0.1978720482452052,0.039153347476752816,-0.07426115743241594,1.253944066914015,-0.1176717217808996,0.013846634106881441,0,128,640,0,0.3014497689369537,1,512,640,,,1.3771239654573286,-0.08944721145885137,0.008000803637764472,gaussian_iid,0.3155437700261048,0.09956787080228731,512,640,before,full512,2026108999,0.9800626863395427,"[0.49999999999999994, 0.11525554017859767, 0.0689837795667171, 0.09709599037110475, 0.0014255715851849127, -1.4867856660556718e-24, 0.1224233030573135, 0.09481581524108221]",ar1_stationary
0.8798769488837814,1.046809689524813,0.17899990291449175,0.03204096524339747,-0.08617113320468374,1.2341885223197036,-0.13654386711161315,0.018644227645793873,0,128,640,0,0.3014497689369537,1,512,640,,,1.3771239654573286,-0.1037927207157111,0.010772928873569605,ewma_gaussian,0.3155437700261048,0.09956787080228731,512,640,before,full512,2026108999,0.9800626863395427,"[0.49999999999999994, 0.11525554017859767, 0.0689837795667171, 0.09709599037110475, 0.0014255715851849127, -1.4867856660556718e-24, 0.1224233030573135, 0.09481581524108221]",ar1_stationary
0.8798769488837814,1.046809689524813,-0.01623253303419747,0.0002634951287063122,-0.20937989094594253,1.0298173166590834,-0.33177630306030226,0.11007551527236153,0,128,640,0,0.3014497689369537,1,512,640,,,1.3771239654573286,-0.2521970842929222,0.06360336932585131,ar_gaussian,0.3155437700261048,0.09956787080228731,512,640,before,full512,2026108999,0.9800626863395427,"[0.49999999999999994, 0.11525554017859767, 0.0689837795667171, 0.09709599037110475, 0.0014255715851849127, -1.4867856660556718e-24, 0.1224233030573135, 0.09481581524108221]",ar1_stationary
1.4505045239630021,1.544982640965864,-0.054508255126298755,0.0029711498769136747,-0.0008793000360125119,1.4607683330063939,0.007132461206815498,5.0872002866728e-05,0,128,640,0,0.125,1,512,640,,,1.4497488042545015,0.007600991785303712,5.777507612025452e-05,raw,-0.061640716333114264,0.0037995779100594594,512,640,before,equal512,2026108999,1.1397637046871534,"[0.125, 0.125, 0.125, 0.125, 0.125, 0.125, 0.125, 0.125]",ar1_stationary
1.4505045239630021,1.544982640965864,-0.04714037733707643,0.0022222151754819493,-0.0017876225655775236,1.4721515762915003,0.014500338996037814,0.00021025983100001494,0,128,640,0,0.125,1,512,640,,,1.4497488042545015,0.015452864641967379,0.0002387910256429656,iid_oic,-0.061640716333114264,0.0037995779100594594,512,640,before,equal512,2026108999,1.1397637046871534,"[0.125, 0.125, 0.125, 0.125, 0.125, 0.125, 0.125, 0.125]",ar1_stationary
1.4505045239630021,1.544982640965864,-0.03627816459892497,0.0013161052266666927,-0.003126731713862201,1.4889335064144227,0.025362551734189342,0.0006432590304694308,0,128,640,0,0.125,1,512,640,,,1.4497488042545015,0.027028614919307303,0.0007305460244562014,hac,-0.061640716333114264,0.0037995779100594594,512,640,before,equal512,2026108999,1.1397637046871534,"[0.125, 0.125, 0.125, 0.125, 0.125, 0.125, 0.125, 0.125]",ar1_stationary
1.4505045239630021,1.544982640965864,-0.04567654198264037,0.0020863464874919086,-0.00196808628525988,1.4744131765033361,0.015964174350473894,0.0002548548626923286,0,128,640,0,0.125,1,512,640,,,1.4497488042545015,0.01701285917701978,0.0002894373773771061,block_bootstrap,-0.061640716333114264,0.0037995779100594594,512,640,before,equal512,2026108999,1.1397637046871534,"[0.125, 0.125, 0.125, 0.125, 0.125, 0.125, 0.125, 0.125]",ar1_stationary
1.4505045239630021,1.544982640965864,-0.08232044290930418,0.006776655320784009,0.002549426319458577,1.4177989856743676,-0.020679726576189942,0.0004276510912659766,0,128,640,0,0.125,1,512,640,,,1.4497488042545015,-0.02203817550072984,0.0004856811794009689,gaussian_iid,-0.061640716333114264,0.0037995779100594594,512,640,before,equal512,2026108999,1.1397637046871534,"[0.125, 0.125, 0.125, 0.125, 0.125, 0.125, 0.125, 0.125]",ar1_stationary
1.4505045239630021,1.544982640965864,-0.028227031255794177,0.0007967652935155814,-0.004119286966990197,1.501372367669661,0.03341368507732005,0.0011164743504463207,0,128,640,0,0.125,1,512,640,,,1.4497488042545015,0.03560862631075312,0.0012679742677388596,ewma_gaussian,-0.061640716333114264,0.0037995779100594594,512,640,before,equal512,2026108999,1.1397637046871534,"[0.125, 0.125, 0.125, 0.125, 0.125, 0.125, 0.125, 0.125]",ar1_stationary
1.4505045239630021,1.544982640965864,-0.024288805099017208,0.0005899460531380444,-0.004604797129761277,1.5074568587180792,0.03735191123409702,0.0013951652728398632,0,128,640,0,0.125,1,512,640,,,1.4497488042545015,0.039805554103045315,0.0015844821374504678,ar_gaussian,-0.061640716333114264,0.0037995779100594594,512,640,before,equal512,2026108999,1.1397637046871534,"[0.125, 0.125, 0.125, 0.125, 0.125, 0.125, 0.125, 0.125]",ar1_stationary
1.1049847064064304,1.168035628455511,0.044411593884815304,0.0019723896713897643,-0.09159523115614923,1.219909952429472,-0.1929469697047402,0.03722853311824194,0,128,384,0,0.30790732643303087,1,512,640,,,1.4452788874471347,-0.1559345652767007,0.02431558864803363,raw,0.2373585635895555,0.05633908770929707,256,640,before,older256,2026108999,0.9454852183486033,"[0.4418983675121162, 2.813925289495109e-17, 0.25738815176617874, -4.575608195392186e-24, -1.71687690327707e-24, -4.397766695309738e-24, 0.12616790192587976, 0.17454557879582536]",ar1_stationary
1.1049847064064304,1.168035628455511,0.09619406559336818,0.00925329825538122,-0.06701320494843144,1.2803937243145513,-0.14116449799618735,0.019927415494515585,0,128,384,0,0.30790732643303087,1,512,640,,,1.4452788874471347,-0.11408536066269392,0.01301546951753695,iid_oic,0.2373585635895555,0.05633908770929707,256,640,before,older256,2026108999,0.9454852183486033,"[0.4418983675121162, 2.813925289495109e-17, 0.25738815176617874, -4.575608195392186e-24, -1.71687690327707e-24, -4.397766695309738e-24, 0.12616790192587976, 0.17454557879582536]",ar1_stationary
1.1049847064064304,1.168035628455511,0.1314641844994675,0.01728283180611003,-0.05026987542606228,1.3215904798167377,-0.10589437909008796,0.011213619522875258,0,128,384,0,0.30790732643303087,1,512,640,,,1.4452788874471347,-0.08558099665378338,0.007324106988254882,hac,0.2373585635895555,0.05633908770929707,256,640,before,older256,2026108999,0.9454852183486033,"[0.4418983675121162, 2.813925289495109e-17, 0.25738815176617874, -4.575608195392186e-24, -1.71687690327707e-24, -4.397766695309738e-24, 0.12616790192587976, 0.17454557879582536]",ar1_stationary
1.1049847064064304,1.168035628455511,0.29828322853181466,0.08897288442336278,0.028921981915739185,1.5164410667514079,0.0609246649422592,0.0037118147983265467,256,128,384,0,0.30790732643303087,1,512,640,,,1.4452788874471347,0.04923767995391559,0.0024243491272442214,chronological,0.2373585635895555,0.05633908770929707,256,640,before,older256,2026108999,0.9454852183486033,"[0.4418983675121162, 2.813925289495109e-17, 0.25738815176617874, -4.575608195392186e-24, -1.71687690327707e-24, -4.397766695309738e-24, 0.12616790192587976, 0.17454557879582536]",ar1_stationary
1.1049847064064304,1.168035628455511,0.32909208330391304,0.10830159929330964,0.043547472944828164,1.5524269067971304,0.09173351971435756,0.008415038639184427,240,128,384,16,0.30790732643303087,1,512,640,,,1.4452788874471347,0.0741365699593497,0.0054962310053375514,blocked_holdout,0.2373585635895555,0.05633908770929707,256,640,before,older256,2026108999,0.9454852183486033,"[0.4418983675121162, 2.813925289495109e-17, 0.25738815176617874, -4.575608195392186e-24, -1.71687690327707e-24, -4.397766695309738e-24, 0.12616790192587976, 0.17454557879582536]",ar1_stationary
1.1049847064064304,1.168035628455511,0.14579955841265435,0.02125751123332501,-0.04346462790495583,1.3383347072945717,-0.09155900517690108,0.008383051428983799,0,128,384,0,0.30790732643303087,1,512,640,,,1.4452788874471347,-0.07399553199138176,0.005475338754687601,gaussian_iid,0.2373585635895555,0.05633908770929707,256,640,before,older256,2026108999,0.9454852183486033,"[0.4418983675121162, 2.813925289495109e-17, 0.25738815176617874, -4.575608195392186e-24, -1.71687690327707e-24, -4.397766695309738e-24, 0.12616790192587976, 0.17454557879582536]",ar1_stationary
1.1049847064064304,1.168035628455511,0.18926720333852987,0.03582207425958841,-0.022829792380502593,1.3891064652530476,-0.04809136025102566,0.002312778930793931,0,128,384,0,0.30790732643303087,1,512,640,,,1.4452788874471347,-0.03886614734496485,0.0015105774094405183,ewma_gaussian,0.2373585635895555,0.05633908770929707,256,640,before,older256,2026108999,0.9454852183486033,"[0.4418983675121162, 2.813925289495109e-17, 0.25738815176617874, -4.575608195392186e-24, -1.71687690327707e-24, -4.397766695309738e-24, 0.12616790192587976, 0.17454557879582536]",ar1_stationary
1.1049847064064304,1.168035628455511,-0.020728117647316968,0.00042965486120101313,-0.12251816787995909,1.1438244485326272,-0.2580866812368725,0.06660873503186304,0,128,384,0,0.30790732643303087,1,512,640,,,1.4452788874471347,-0.20857873281950512,0.0435050877845905,ar_gaussian,0.2373585635895555,0.05633908770929707,256,640,before,older256,2026108999,0.9454852183486033,"[0.4418983675121162, 2.813925289495109e-17, 0.25738815176617874, -4.575608195392186e-24, -1.71687690327707e-24, -4.397766695309738e-24, 0.12616790192587976, 0.17454557879582536]",ar1_stationary
3.5691520960594048,4.544359013884292,-0.39655912246138847,0.1572591376073465,0.034206785096633156,2.7422519911888363,-0.049244693318785615,0.0024250398200612484,0,448,960,0,0.24695155203532565,1,512,960,0.019284251080298208,4.631993574107053,2.9660375571580273,-0.0754493365834571,0.005692602390883797,raw,-0.3473144291426029,0.12062731269065213,512,960,after,full512,2026108999,1.8286338291104374,"[0.3378978569896876, 0.23380819251014176, 0.20441534179060578, 0.18698552915659164, 7.951826197767062e-17, 3.212274151901269e-17, 0.036893079552973, 3.5476575571545554e-26]",markov_shift
3.5691520960594048,4.544359013884292,-0.36825416744418304,0.1356111318400084,0.014545346509217605,2.8708798686588635,-0.020939738301580135,0.0004384726401386621,0,448,960,0,0.24695155203532565,1,512,960,0.019284251080298208,4.631993574107053,2.9660375571580273,-0.032082428716897704,0.0010292822323748224,iid_oic,-0.3473144291426029,0.12062731269065213,512,960,after,full512,2026108999,1.8286338291104374,"[0.3378978569896876, 0.23380819251014176, 0.20441534179060578, 0.18698552915659164, 7.951826197767062e-17, 3.212274151901269e-17, 0.036893079552973, 3.5476575571545554e-26]",markov_shift
3.5691520960594048,4.544359013884292,-0.36318074898032926,0.13190025642991293,0.011021203634067755,2.8939353035862845,-0.015866319837726333,0.0002517401051930282,0,448,960,0,0.24695155203532565,1,512,960,0.019284251080298208,4.631993574107053,2.9660375571580273,-0.024309285429557792,0.0005909413580957107,hac,-0.3473144291426029,0.12062731269065213,512,960,after,full512,2026108999,1.8286338291104374,"[0.3378978569896876, 0.23380819251014176, 0.20441534179060578, 0.18698552915659164, 7.951826197767062e-17, 3.212274151901269e-17, 0.036893079552973, 3.5476575571545554e-26]",markov_shift
3.5691520960594048,4.544359013884292,-0.34972240984436964,0.12230576394735325,0.0016726528856410468,2.955094828350694,-0.0024079807017667507,5.798371060081093e-06,0,448,960,0,0.24695155203532565,1,512,960,0.019284251080298208,4.631993574107053,2.9660375571580273,-0.0036893426318640454,1.3611249055289522e-05,block_bootstrap,-0.3473144291426029,0.12062731269065213,512,960,after,full512,2026108999,1.8286338291104374,"[0.3378978569896876, 0.23380819251014176, 0.20441534179060578, 0.18698552915659164, 7.951826197767062e-17, 3.212274151901269e-17, 0.036893079552973, 3.5476575571545554e-26]",markov_shift
3.5691520960594048,4.544359013884292,-0.4900524935599446,0.24015144644431957,0.09914997872005822,2.317384547498684,-0.1427380644173417,0.020374155033609186,0,448,960,0,0.24695155203532565,1,512,960,0.019284251080298208,4.631993574107053,2.9660375571580273,-0.21869345790781702,0.047826828531678134,gaussian_iid,-0.3473144291426029,0.12062731269065213,512,960,after,full512,2026108999,1.8286338291104374,"[0.3378978569896876, 0.23380819251014176, 0.20441534179060578, 0.18698552915659164, 7.951826197767062e-17, 3.212274151901269e-17, 0.036893079552973, 3.5476575571545554e-26]",markov_shift
3.5691520960594048,4.544359013884292,-0.016790350673483223,0.00028191587573853853,-0.22959156326277436,4.46805763245497,0.33052407846911963,0.10924616644786075,0,448,960,0,0.24695155203532565,1,512,960,0.019284251080298208,4.631993574107053,2.9660375571580273,0.5064062899918691,0.256447330543329,ewma_gaussian,-0.3473144291426029,0.12062731269065213,512,960,after,full512,2026108999,1.8286338291104374,"[0.3378978569896876, 0.23380819251014176, 0.20441534179060578, 0.18698552915659164, 7.951826197767062e-17, 3.212274151901269e-17, 0.036893079552973, 3.5476575571545554e-26]",markov_shift
3.5691520960594048,4.544359013884292,-0.486284724830493,0.2364728336034683,0.09653277782923654,2.3345066412865987,-0.13897029568789007,0.0193127430835796,0,448,960,0,0.24695155203532565,1,512,960,0.019284251080298208,4.631993574107053,2.9660375571580273,-0.21292074146105677,0.04533524214432618,ar_gaussian,-0.3473144291426029,0.12062731269065213,512,960,after,full512,2026108999,1.8286338291104374,"[0.3378978569896876, 0.23380819251014176, 0.20441534179060578, 0.18698552915659164, 7.951826197767062e-17, 3.212274151901269e-17, 0.036893079552973, 3.5476575571545554e-26]",markov_shift
3.7229943923990367,4.4758876811980075,-0.31897513883037243,0.10174513919185536,0.0019260139794866052,3.0481907866987195,-0.0030481951891923975,9.291493911415676e-06,0,448,960,0,0.125,1,512,960,0.01754149552394837,4.554401444923438,3.0618341659959127,-0.004455949786149049,1.9855488496681757e-05,raw,-0.31592694364118,0.09980983371845734,512,960,after,equal512,2026108999,2.047433785115786,"[0.125, 0.125, 0.125, 0.125, 0.125, 0.125, 0.125, 0.125]",markov_shift
3.7229943923990367,4.4758876811980075,-0.31121185197195034,0.09685281680781113,-0.002979249000095454,3.0829383867139373,0.004715091669229694,2.2232089449239258e-05,0,448,960,0,0.125,1,512,960,0.01754149552394837,4.554401444923438,3.0618341659959127,0.006892672683714851,4.750893672482889e-05,iid_oic,-0.31592694364118,0.09980983371845734,512,960,after,equal512,2026108999,2.047433785115786,"[0.125, 0.125, 0.125, 0.125, 0.125, 0.125, 0.125, 0.125]",markov_shift
3.7229943923990367,4.4758876811980075,-0.30440730249271086,0.09266380581088877,-0.007278730039758069,3.1133947859041675,0.01151964114846916,0.00013270213218950387,0,448,960,0,0.125,1,512,960,0.01754149552394837,4.554401444923438,3.0618341659959127,0.016839782010690252,0.000283578258167567,hac,-0.31592694364118,0.09980983371845734,512,960,after,equal512,2026108999,2.047433785115786,"[0.125, 0.125, 0.125, 0.125, 0.125, 0.125, 0.125, 0.125]",markov_shift
3.7229943923990367,4.4758876811980075,-0.3292486432041979,0.10840466905180521,0.008417367654100578,3.00220773502918,-0.0133216995630179,0.00017746767924731134,0,448,960,0,0.125,1,512,960,0.01754149552394837,4.554401444923438,3.0618341659959127,-0.019474088972202153,0.0003792401412972455,block_bootstrap,-0.31592694364118,0.09980983371845734,512,960,after,equal512,2026108999,2.047433785115786,"[0.125, 0.125, 0.125, 0.125, 0.125, 0.125, 0.125, 0.125]",markov_shift
3.7229943923990367,4.4758876811980075,-0.4541737431377624,0.20627378895576615,0.08735177766626057,2.443057019164109,-0.13824679949658233,0.019112177571048238,0,448,960,0,0.125,1,512,960,0.01754149552394837,4.554401444923438,3.0618341659959127,-0.2020936188196646,0.04084183076762789,gaussian_iid,-0.31592694364118,0.09980983371845734,512,960,after,equal512,2026108999,2.047433785115786,"[0.125, 0.125, 0.125, 0.125, 0.125, 0.125, 0.125, 0.125]",markov_shift
3.7229943923990367,4.4758876811980075,-0.07889666929062933,0.006224684425154933,-0.1497685002519997,4.122755051032526,0.23703027435055063,0.0561833509586973,0,448,960,0,0.125,1,512,960,0.01754149552394837,4.554401444923438,3.0618341659959127,0.3464984801655746,0.1200611967570531,ewma_gaussian,-0.31592694364118,0.09980983371845734,512,960,after,equal512,2026108999,2.047433785115786,"[0.125, 0.125, 0.125, 0.125, 0.125, 0.125, 0.125, 0.125]",markov_shift
3.7229943923990367,4.4758876811980075,-0.4432091207909019,0.1964343247522443,0.08042373841381376,2.49213343725541,-0.1272821771497219,0.016200752619973186,0,448,960,0,0.125,1,512,960,0.01754149552394837,4.554401444923438,3.0618341659959127,-0.1860651811477837,0.03462025163555756,ar_gaussian,-0.31592694364118,0.09980983371845734,512,960,after,equal512,2026108999,2.047433785115786,"[0.125, 0.125, 0.125, 0.125, 0.125, 0.125, 0.125, 0.125]",markov_shift
3.621504965180714,5.2125253069653175,-0.5591610298770555,0.31266105733316935,0.02461774202922216,2.2978842880623755,-0.022955509690244784,0.0005269554251389222,0,448,704,0,0.31486594700085435,1,512,960,0.022156760027443087,5.328017979328722,2.417540463257064,-0.049495004122280584,0.002449755433064572,raw,-0.5362055201868108,0.28751635987880836,256,960,after,older256,2026108999,1.6090808286913891,"[0.43838551431523004, 0.11045888248040484, -2.6867327981598914e-24, 0.050880290135960175, -3.953641249302214e-24, 0.08227342092754943, 9.975846570459088e-25, 0.3180018921408558]",markov_shift
3.621504965180714,5.2125253069653175,-0.5110772989501134,0.2612000055021436,-0.026947781879185093,2.548521952372372,0.02512822123669731,0.0006314275025204057,0,448,704,0,0.31486594700085435,1,512,960,0.022156760027443087,5.328017979328722,2.417540463257064,0.05417964708596501,0.0029354341583597166,iid_oic,-0.5362055201868108,0.28751635987880836,256,960,after,older256,2026108999,1.6090808286913891,"[0.43838551431523004, 0.11045888248040484, -2.6867327981598914e-24, 0.050880290135960175, -3.953641249302214e-24, 0.08227342092754943, 9.975846570459088e-25, 0.3180018921408558]",markov_shift
3.621504965180714,5.2125253069653175,-0.5157260920964859,0.2659734020691131,-0.02196236478460205,2.524290000450059,0.02047942809032486,0.0004194069749067869,0,448,704,0,0.31486594700085435,1,512,960,0.022156760027443087,5.328017979328722,2.417540463257064,0.04415625666474887,0.0019497750026431792,hac,-0.5362055201868108,0.28751635987880836,256,960,after,older256,2026108999,1.6090808286913891,"[0.43838551431523004, 0.11045888248040484, -2.6867327981598914e-24, 0.050880290135960175, -3.953641249302214e-24, 0.08227342092754943, 9.975846570459088e-25, 0.3180018921408558]",markov_shift
3.621504965180714,5.2125253069653175,-0.2793705278315983,0.07804789182090585,-0.2754326813560045,3.7562993606228527,0.25683499235521245,0.06596421329810204,256,448,704,0,0.31486594700085435,1,512,960,0.022156760027443087,5.328017979328722,2.417540463257064,0.5537689721073491,0.30666007446883,chronological,-0.5362055201868108,0.28751635987880836,256,960,after,older256,2026108999,1.6090808286913891,"[0.43838551431523004, 0.11045888248040484, -2.6867327981598914e-24, 0.050880290135960175, -3.953641249302214e-24, 0.08227342092754943, 9.975846570459088e-25, 0.3180018921408558]",markov_shift
3.621504965180714,5.2125253069653175,-0.26176275799351467,0.06851974147237133,-0.29431544812672306,3.848080306503084,0.27444276219329605,0.07531882972028604,240,448,704,16,0.31486594700085435,1,512,960,0.022156760027443087,5.328017979328722,2.417540463257064,0.5917335676436646,0.35014861507629935,blocked_holdout,-0.5362055201868108,0.28751635987880836,256,960,after,older256,2026108999,1.6090808286913891,"[0.43838551431523004, 0.11045888248040484, -2.6867327981598914e-24, 0.050880290135960175, -3.953641249302214e-24, 0.08227342092754943, 9.975846570459088e-25, 0.3180018921408558]",markov_shift
3.621504965180714,5.2125253069653175,-0.5246953764829182,0.27530523810255125,-0.012343605184341268,2.4775373786004113,0.011510143703892521,0.00013248340808425665,0,448,704,0,0.31486594700085435,1,512,960,0.022156760027443087,5.328017979328722,2.417540463257064,0.02481733656797447,0.0006159001943281228,gaussian_iid,-0.5362055201868108,0.28751635987880836,256,960,after,older256,2026108999,1.6090808286913891,"[0.43838551431523004, 0.11045888248040484, -2.6867327981598914e-24, 0.050880290135960175, -3.953641249302214e-24, 0.08227342092754943, 9.975846570459088e-25, 0.3180018921408558]",markov_shift
3.621504965180714,5.2125253069653175,-0.06614001237262701,0.004374501236651254,-0.5041034402787635,4.86776881867,0.47006550781418377,0.22096158163660645,0,448,704,0,0.31486594700085435,1,512,960,0.022156760027443087,5.328017979328722,2.417540463257064,1.013521135489841,1.0272250920846167,ewma_gaussian,-0.5362055201868108,0.28751635987880836,256,960,after,older256,2026108999,1.6090808286913891,"[0.43838551431523004, 0.11045888248040484, -2.6867327981598914e-24, 0.050880290135960175, -3.953641249302214e-24, 0.08227342092754943, 9.975846570459088e-25, 0.3180018921408558]",markov_shift
3.621504965180714,5.2125253069653175,-0.5074711586505236,0.2575269768621049,-0.030815046549601374,2.567319049944451,0.028734361536287053,0.0008256635328980529,0,448,704,0,0.31486594700085435,1,512,960,0.022156760027443087,5.328017979328722,2.417540463257064,0.06195494510383326,0.003838415222818993,ar_gaussian,-0.5362055201868108,0.28751635987880836,256,960,after,older256,2026108999,1.6090808286913891,"[0.43838551431523004, 0.11045888248040484, -2.6867327981598914e-24, 0.050880290135960175, -3.953641249302214e-24, 0.08227342092754943, 9.975846570459088e-25, 0.3180018921408558]",markov_shift
1.503042874595336,1.6626575970998705,0.299075977430868,0.08944644027622907,-0.11101715260065073,2.1599185430853725,-0.12951431170400823,0.016773956936163004,0,448,960,0,0.20336229331187516,1,512,960,-0.00015186448535635646,1.662405098459563,2.3752564973732024,-0.09065882127929015,0.008219021875750273,raw,0.4285902891348762,0.18368963594071677,512,960,after,full512,2026108999,1.4710309232639753,"[0.33675711664443725, 0.12401648562991789, 0.15732432825529413, 0.12124834316440045, 1.1614818732675534e-23, 0.10630019574440537, 5.632087871414002e-24, 0.15435353056154494]",markov_stationary
1.503042874595336,1.6626575970998705,0.4023744834293723,0.1619052249150542,-0.022471679494451263,2.3316685888528523,-0.026215805705503848,0.0006872684687887281,0,448,960,0,0.20336229331187516,1,512,960,-0.00015186448535635646,1.662405098459563,2.3752564973732024,-0.018350821719066546,0.00033675265776496446,iid_oic,0.4285902891348762,0.18368963594071677,512,960,after,full512,2026108999,1.4710309232639753,"[0.33675711664443725, 0.12401648562991789, 0.15732432825529413, 0.12124834316440045, 1.1614818732675534e-23, 0.10630019574440537, 5.632087871414002e-24, 0.15435353056154494]",markov_stationary
1.503042874595336,1.6626575970998705,0.3991584870078597,0.15932749775040372,-0.025228369166756887,2.3263214879703784,-0.02943180212701645,0.00086623097644385,0,448,960,0,0.20336229331187516,1,512,960,-0.00015186448535635646,1.662405098459563,2.3752564973732024,-0.020601989493320483,0.00042444197108288756,hac,0.4285902891348762,0.18368963594071677,512,960,after,full512,2026108999,1.4710309232639753,"[0.33675711664443725, 0.12401648562991789, 0.15732432825529413, 0.12124834316440045, 1.1614818732675534e-23, 0.10630019574440537, 5.632087871414002e-24, 0.15435353056154494]",markov_stationary
1.503042874595336,1.6626575970998705,0.40960042021842913,0.1677725042431137,-0.016277746819066945,2.343682847551341,-0.01898986891644713,0.0003606151214638449,0,448,960,0,0.20336229331187516,1,512,960,-0.00015186448535635646,1.662405098459563,2.3752564973732024,-0.01329273274561249,0.00017669674384627858,block_bootstrap,0.4285902891348762,0.18368963594071677,512,960,after,full512,2026108999,1.4710309232639753,"[0.33675711664443725, 0.12401648562991789, 0.15732432825529413, 0.12124834316440045, 1.1614818732675534e-23, 0.10630019574440537, 5.632087871414002e-24, 0.15435353056154494]",markov_stationary
1.503042874595336,1.6626575970998705,0.12721386997225892,0.0161833687133188,-0.25833401325467953,1.8741707044657219,-0.30137641916261726,0.09082774602728158,0,448,960,0,0.20336229331187516,1,512,960,-0.00015186448535635646,1.662405098459563,2.3752564973732024,-0.21096070822735635,0.044504420415787775,gaussian_iid,0.4285902891348762,0.18368963594071677,512,960,after,full512,2026108999,1.4710309232639753,"[0.33675711664443725, 0.12401648562991789, 0.15732432825529413, 0.12124834316440045, 1.1614818732675534e-23, 0.10630019574440537, 5.632087871414002e-24, 0.15435353056154494]",markov_stationary
1.503042874595336,1.6626575970998705,-0.002727886899070331,7.441366934119545e-06,-0.36971756355103313,1.658122055223102,-0.4313181760339465,0.18603536897725048,0,448,960,0,0.20336229331187516,1,512,960,-0.00015186448535635646,1.662405098459563,2.3752564973732024,-0.3019187371735136,0.09115492385644917,ewma_gaussian,0.4285902891348762,0.18368963594071677,512,960,after,full512,2026108999,1.4710309232639753,"[0.33675711664443725, 0.12401648562991789, 0.15732432825529413, 0.12124834316440045, 1.1614818732675534e-23, 0.10630019574440537, 5.632087871414002e-24, 0.15435353056154494]",markov_stationary
1.503042874595336,1.6626575970998705,0.13711558970017967,0.018800684938828017,-0.24984645141243542,1.890633873995703,-0.2914746994346965,0.08495750041054667,0,448,960,0,0.20336229331187516,1,512,960,-0.00015186448535635646,1.662405098459563,2.3752564973732024,-0.20402959592509018,0.041628076013355574,ar_gaussian,0.4285902891348762,0.18368963594071677,512,960,after,full512,2026108999,1.4710309232639753,"[0.33675711664443725, 0.12401648562991789, 0.15732432825529413, 0.12124834316440045, 1.1614818732675534e-23, 0.10630019574440537, 5.632087871414002e-24, 0.15435353056154494]",markov_stationary
1.5880912553449806,1.7414365377386511,0.36566057089241144,0.13370765310536425,-0.057247489159403434,2.3782112163010707,-0.06626940916629834,0.004391634591250266,0,448,960,0,0.125,1,512,960,-0.00015304785431329018,1.7411700146131275,2.4936151867576153,-0.04627978329190463,0.002141818341545655,raw,0.43192998005870975,0.1865635076735174,512,960,after,equal512,2026108999,1.535373983400487,"[0.125, 0.125, 0.125, 0.125, 0.125, 0.125, 0.125, 0.125]",markov_stationary
1.5880912553449806,1.7414365377386511,0.3793615621901436,0.1439151948673462,-0.04541175136337533,2.402070623150181,-0.05256841786856607,0.002763438557204177,0,448,960,0,0.125,1,512,960,-0.00015304785431329018,1.7411700146131275,2.4936151867576153,-0.03671158408626285,0.0013477404061227477,iid_oic,0.43192998005870975,0.1865635076735174,512,960,after,equal512,2026108999,1.535373983400487,"[0.125, 0.125, 0.125, 0.125, 0.125, 0.125, 0.125, 0.125]",markov_stationary
1.5880912553449806,1.7414365377386511,0.3857985729103366,0.1488405388596523,-0.039851075539354006,2.4132802688121404,-0.04613140714837308,0.0021281067254889665,0,448,960,0,0.125,1,512,960,-0.00015304785431329018,1.7411700146131275,2.4936151867576153,-0.032216245061425175,0.001037886445857802,hac,0.43192998005870975,0.1865635076735174,512,960,after,equal512,2026108999,1.535373983400487,"[0.125, 0.125, 0.125, 0.125, 0.125, 0.125, 0.125, 0.125]",markov_stationary
1.5880912553449806,1.7414365377386511,0.3760137021931471,0.14138630423699672,-0.04830383356685941,2.3962405374281777,-0.05591627786556255,0.0031266301303388006,0,448,960,0,0.125,1,512,960,-0.00015304785431329018,1.7411700146131275,2.4936151867576153,-0.03904958946614834,0.0015248704374747233,block_bootstrap,0.43192998005870975,0.1865635076735174,512,960,after,equal512,2026108999,1.535373983400487,"[0.125, 0.125, 0.125, 0.125, 0.125, 0.125, 0.125, 0.125]",markov_stationary
1.5880912553449806,1.7414365377386511,0.1442475454120109,0.02080735435739015,-0.24851733652037936,1.9926344837982424,-0.2876824346466988,0.08276118320425212,0,448,960,0,0.125,1,512,960,-0.00015304785431329018,1.7411700146131275,2.4936151867576153,-0.20090537851222567,0.04036297111514067,gaussian_iid,0.43192998005870975,0.1865635076735174,512,960,after,equal512,2026108999,1.535373983400487,"[0.125, 0.125, 0.125, 0.125, 0.125, 0.125, 0.125, 0.125]",markov_stationary
1.5880912553449806,1.7414365377386511,-0.037350629410952685,0.0013950695173943236,-0.4053927285803409,1.6763927869748823,-0.46928060946966244,0.22022429042421782,0,448,960,0,0.125,1,512,960,-0.00015304785431329018,1.7411700146131275,2.4936151867576153,-0.3277259475008839,0.10740429666535212,ewma_gaussian,0.43192998005870975,0.1865635076735174,512,960,after,equal512,2026108999,1.535373983400487,"[0.125, 0.125, 0.125, 0.125, 0.125, 0.125, 0.125, 0.125]",markov_stationary
1.5880912553449806,1.7414365377386511,0.15799468867520816,0.02496232164957595,-0.23664172988930532,2.016574261366302,-0.27393529138350153,0.07504054386536389,0,448,960,0,0.125,1,512,960,-0.00015304785431329018,1.7411700146131275,2.4936151867576153,-0.19130494870445414,0.036597583398813825,ar_gaussian,0.43192998005870975,0.1865635076735174,512,960,after,equal512,2026108999,1.535373983400487,"[0.125, 0.125, 0.125, 0.125, 0.125, 0.125, 0.125, 0.125]",markov_stationary
1.5351048116636359,1.766743197985842,0.300632876742956,0.09038012657874539,-0.04989579831893413,2.2978842880623755,-0.06772697658103416,0.004586943356807949,0,448,704,0,0.31486594700085435,1,512,960,-0.00013052274157662142,1.766512597819979,2.417540463257064,-0.049495004122280584,0.002449755433064572,raw,0.36835985332399024,0.1356889815408716,256,960,after,older256,2026108999,1.6090808286913891,"[0.43838551431523004, 0.11045888248040484, -2.6867327981598914e-24, 0.050880290135960175, -3.953641249302214e-24, 0.08227342092754943, 9.975846570459088e-25, 0.3180018921408558]",markov_stationary
1.5351048116636359,1.766743197985842,0.44249710726368696,0.1958036899367309,0.054618375974140126,2.548521952372372,0.07413725393969661,0.005496332421719061,0,448,704,0,0.31486594700085435,1,512,960,-0.00013052274157662142,1.766512597819979,2.417540463257064,0.05417964708596501,0.0029354341583597166,iid_oic,0.36835985332399024,0.1356889815408716,256,960,after,older256,2026108999,1.6090808286913891,"[0.43838551431523004, 0.11045888248040484, -2.6867327981598914e-24, 0.050880290135960175, -3.953641249302214e-24, 0.08227342092754943, 9.975846570459088e-25, 0.3180018921408558]",markov_stationary
1.5351048116636359,1.766743197985842,0.42878150221710243,0.183853576643555,0.044513819447720884,2.524290000450059,0.06042164889311219,0.0036507756549625254,0,448,704,0,0.31486594700085435,1,512,960,-0.00013052274157662142,1.766512597819979,2.417540463257064,0.04415625666474887,0.0019497750026431792,hac,0.36835985332399024,0.1356889815408716,256,960,after,older256,2026108999,1.6090808286913891,"[0.43838551431523004, 0.11045888248040484, -2.6867327981598914e-24, 0.050880290135960175, -3.953641249302214e-24, 0.08227342092754943, 9.975846570459088e-25, 0.3180018921408558]",markov_stationary
1.5351048116636359,1.766743197985842,0.2013939682946273,0.04055953046545735,-0.12300705783905272,2.122554621585751,-0.16696588502936296,0.02787760676363845,256,448,704,0,0.31486594700085435,1,512,960,-0.00013052274157662142,1.766512597819979,2.417540463257064,-0.12201898837047365,0.014888633522953783,chronological,0.36835985332399024,0.1356889815408716,256,960,after,older256,2026108999,1.6090808286913891,"[0.43838551431523004, 0.11045888248040484, -2.6867327981598914e-24, 0.050880290135960175, -3.953641249302214e-24, 0.08227342092754943, 9.975846570459088e-25, 0.3180018921408558]",markov_stationary
1.5351048116636359,1.766743197985842,0.1916951223757013,0.036747019942635094,-0.13015238875926782,2.1054192515301757,-0.17666473094828894,0.03121042716103132,240,448,704,16,0.31486594700085435,1,512,960,-0.00013052274157662142,1.766512597819979,2.417540463257064,-0.1291069235326795,0.01666859770407315,blocked_holdout,0.36835985332399024,0.1356889815408716,256,960,after,older256,2026108999,1.6090808286913891,"[0.43838551431523004, 0.11045888248040484, -2.6867327981598914e-24, 0.050880290135960175, -3.953641249302214e-24, 0.08227342092754943, 9.975846570459088e-25, 0.3180018921408558]",markov_stationary
1.5351048116636359,1.766743197985842,0.08766946383936314,0.0076859348898814005,-0.20679014140002183,1.9216326268951025,-0.28069038948462705,0.07878709474903163,0,448,704,0,0.31486594700085435,1,512,960,-0.00013052274157662142,1.766512597819979,2.417540463257064,-0.20512907390755442,0.04207793696217092,gaussian_iid,0.36835985332399024,0.1356889815408716,256,960,after,older256,2026108999,1.6090808286913891,"[0.43838551431523004, 0.11045888248040484, -2.6867327981598914e-24, 0.050880290135960175, -3.953641249302214e-24, 0.08227342092754943, 9.975846570459088e-25, 0.3180018921408558]",markov_stationary
1.5351048116636359,1.766743197985842,-0.03182452887286946,0.001012800637980102,-0.29482372065717377,1.7105174280705957,-0.4001843821968597,0.16014753975428228,0,448,704,0,0.31486594700085435,1,512,960,-0.00013052274157662142,1.766512597819979,2.417540463257064,-0.292455512506261,0.08553022679529979,ewma_gaussian,0.36835985332399024,0.1356889815408716,256,960,after,older256,2026108999,1.6090808286913891,"[0.43838551431523004, 0.11045888248040484, -2.6867327981598914e-24, 0.050880290135960175, -3.953641249302214e-24, 0.08227342092754943, 9.975846570459088e-25, 0.3180018921408558]",markov_stationary
1.5351048116636359,1.766743197985842,0.09623135605404576,0.009260473888000529,-0.20048242667926924,1.936759291727281,-0.2721284972699445,0.07405391902639819,0,448,704,0,0.31486594700085435,1,512,960,-0.00013052274157662142,1.766512597819979,2.417540463257064,-0.19887202668866366,0.03955008299925655,ar_gaussian,0.36835985332399024,0.1356889815408716,256,960,after,older256,2026108999,1.6090808286913891,"[0.43838551431523004, 0.11045888248040484, -2.6867327981598914e-24, 0.050880290135960175, -3.953641249302214e-24, 0.08227342092754943, 9.975846570459088e-25, 0.3180018921408558]",markov_stationary
3.5382496345589507,5.98164803908358,-0.6958025106336163,0.4841411338040437,0.125881004061358,1.8196023157625771,-0.10687266485432392,0.011421766493064645,0,128,640,0,0.23623231987283838,1,512,640,0.0,5.98164803908358,2.4588769819200804,-0.2599864372467745,0.06759294755227102,raw,-0.5889298457792924,0.34683836324962114,512,640,before,full512,2026108999,1.2679507888139003,"[0.35710710812315927, 0.176189580959436, 0.0042282340425654165, 0.22819939054798336, 8.908356724795002e-24, 0.013694751538889736, 0.08731543380507749, 0.13326550098288914]",markov_shift
3.5382496345589507,5.98164803908358,-0.667892482683192,0.44608036842471793,0.09300690714827982,1.9865502797230001,-0.0789626369038997,0.006235098026817102,0,128,640,0,0.23623231987283838,1,512,640,0.0,5.98164803908358,2.4588769819200804,-0.19209041593786902,0.036898727895183524,iid_oic,-0.5889298457792924,0.34683836324962114,512,640,before,full512,2026108999,1.2679507888139003,"[0.35710710812315927, 0.176189580959436, 0.0042282340425654165, 0.22819939054798336, 8.908356724795002e-24, 0.013694751538889736, 0.08731543380507749, 0.13326550098288914]",markov_shift
3.5382496345589507,5.98164803908358,-0.6668173898845748,0.4446454314524771,0.09174059867610358,1.9929811064536822,-0.07788754410528238,0.006066469526752308,0,128,640,0,0.23623231987283838,1,512,640,0.0,5.98164803908358,2.4588769819200804,-0.18947506479262366,0.035900800178168935,hac,-0.5889298457792924,0.34683836324962114,512,640,before,full512,2026108999,1.2679507888139003,"[0.35710710812315927, 0.176189580959436, 0.0042282340425654165, 0.22819939054798336, 8.908356724795002e-24, 0.013694751538889736, 0.08731543380507749, 0.13326550098288914]",markov_shift
3.5382496345589507,5.98164803908358,-0.6738399368813983,0.45406026053632687,0.10001217371573773,1.9509747019807608,-0.08491009110210584,0.007209723570967914,0,128,640,0,0.23623231987283838,1,512,640,0.0,5.98164803908358,2.4588769819200804,-0.20655863781469475,0.04266647085586224,block_bootstrap,-0.5889298457792924,0.34683836324962114,512,640,before,full512,2026108999,1.2679507888139003,"[0.35710710812315927, 0.176189580959436, 0.0042282340425654165, 0.22819939054798336, 8.908356724795002e-24, 0.013694751538889736, 0.08731543380507749, 0.13326550098288914]",markov_shift
3.5382496345589507,5.98164803908358,-0.7219247220850169,0.5211753043575289,0.15664930398433283,1.66334844085778,-0.1329948763057245,0.017687637123574962,0,128,640,0,0.23623231987283838,1,512,640,0.0,5.98164803908358,2.4588769819200804,-0.3235332824341177,0.10467378484259458,gaussian_iid,-0.5889298457792924,0.34683836324962114,512,640,before,full512,2026108999,1.2679507888139003,"[0.35710710812315927, 0.176189580959436, 0.0042282340425654165, 0.22819939054798336, 8.908356724795002e-24, 0.013694751538889736, 0.08731543380507749, 0.13326550098288914]",markov_shift
3.5382496345589507,5.98164803908358,-0.31726083940983496,0.10065444022303309,-0.3199879720483564,4.08390536114973,0.27166900636945746,0.07380404902176832,0,128,640,0,0.23623231987283838,1,512,640,0.0,5.98164803908358,2.4588769819200804,0.6608823422962391,0.43676547035896335,ewma_gaussian,-0.5889298457792924,0.34683836324962114,512,640,before,full512,2026108999,1.2679507888139003,"[0.35710710812315927, 0.176189580959436, 0.0042282340425654165, 0.22819939054798336, 8.908356724795002e-24, 0.013694751538889736, 0.08731543380507749, 0.13326550098288914]",markov_shift
3.5382496345589507,5.98164803908358,-0.7024331041562679,0.49341226581461034,0.1336909129027988,1.7799404390198477,-0.11350325837697556,0.012882989662190472,0,128,640,0,0.23623231987283838,1,512,640,0.0,5.98164803908358,2.4588769819200804,-0.27611651493441813,0.07624032981952875,ar_gaussian,-0.5889298457792924,0.34683836324962114,512,640,before,full512,2026108999,1.2679507888139003,"[0.35710710812315927, 0.176189580959436, 0.0042282340425654165, 0.22819939054798336, 8.908356724795002e-24, 0.013694751538889736, 0.08731543380507749, 0.13326550098288914]",markov_shift
3.6828175320932393,6.338009105139423,-0.6746774066526968,0.4551896030476084,0.09691754167482247,2.061897558742778,-0.08172448242991459,0.006678891028437418,0,128,640,0,0.125,1,512,640,0.0,6.338009105139423,2.5798680724963834,-0.20077403153890594,0.0403102117403856,raw,-0.5929529242227821,0.3515931703443484,512,640,before,equal512,2026108999,1.2906235685630787,"[0.125, 0.125, 0.125, 0.125, 0.125, 0.125, 0.125, 0.125]",markov_shift
3.6828175320932393,6.338009105139423,-0.6724240128845638,0.45215405310378,0.0942452288263428,2.076179588962669,-0.07947108866178162,0.006315653933088756,0,128,640,0,0.125,1,512,640,0.0,6.338009105139423,2.5798680724963834,-0.19523807783175717,0.03811790703543927,iid_oic,-0.5929529242227821,0.3515931703443484,512,640,before,equal512,2026108999,1.2906235685630787,"[0.125, 0.125, 0.125, 0.125, 0.125, 0.125, 0.125, 0.125]",markov_shift
3.6828175320932393,6.338009105139423,-0.6710937361099978,0.45036680264607537,0.09266764581933366,2.084610895272224,-0.07814081188721561,0.006105986482393216,0,128,640,0,0.125,1,512,640,0.0,6.338009105139423,2.5798680724963834,-0.19196996253569232,0.03685246651595511,hac,-0.5929529242227821,0.3515931703443484,512,640,before,equal512,2026108999,1.2906235685630787,"[0.125, 0.125, 0.125, 0.125, 0.125, 0.125, 0.125, 0.125]",markov_shift
3.6828175320932393,6.338009105139423,-0.6663246534439261,0.44398854378716823,0.08701196279391893,2.1148373846329487,-0.07337172922114396,0.0053834106489008705,0,128,640,0,0.125,1,512,640,0.0,6.338009105139423,2.5798680724963834,-0.1802536698760152,0.032491385503771474,block_bootstrap,-0.5929529242227821,0.3515931703443484,512,640,before,equal512,2026108999,1.2906235685630787,"[0.125, 0.125, 0.125, 0.125, 0.125, 0.125, 0.125, 0.125]",markov_shift
3.6828175320932393,6.338009105139423,-0.7066377685046009,0.49933693587716194,0.13481952171343214,1.8593324943218585,-0.11368484428181877,0.012924243819381382,0,128,640,0,0.125,1,512,640,0.0,6.338009105139423,2.5798680724963834,-0.27929163737326534,0.07800381870663954,gaussian_iid,-0.5929529242227821,0.3515931703443484,512,640,before,equal512,2026108999,1.2906235685630787,"[0.125, 0.125, 0.125, 0.125, 0.125, 0.125, 0.125, 0.125]",markov_shift
3.6828175320932393,6.338009105139423,-0.301336444853617,0.09080365299701695,-0.34582968838699824,4.428135973946855,0.2916164793691652,0.08504017103966674,0,128,640,0,0.125,1,512,640,0.0,6.338009105139423,2.5798680724963834,0.7164195414310521,0.5132569593442791,ewma_gaussian,-0.5929529242227821,0.3515931703443484,512,640,before,equal512,2026108999,1.2906235685630787,"[0.125, 0.125, 0.125, 0.125, 0.125, 0.125, 0.125, 0.125]",markov_shift
3.6828175320932393,6.338009105139423,-0.7163014934800342,0.5130878295617275,0.14627978967956795,1.798083717437999,-0.12334856925725206,0.015214869537811107,0,128,640,0,0.125,1,512,640,0.0,6.338009105139423,2.5798680724963834,-0.3030326873660243,0.09182880961227462,ar_gaussian,-0.5929529242227821,0.3515931703443484,512,640,before,equal512,2026108999,1.2906235685630787,"[0.125, 0.125, 0.125, 0.125, 0.125, 0.125, 0.125, 0.125]",markov_shift
3.550398558015279,6.378503877385523,-0.7446784395425718,0.5545459783195599,0.17040397320770734,1.6285695633578279,-0.14118016635559924,0.019931839372194674,0,128,384,0,0.2220513171297055,1,512,640,0.0,6.378503877385523,2.5290878018669507,-0.35606444262012893,0.12678188729838308,raw,-0.6034982731869726,0.3642101657396578,256,640,before,older256,2026108999,1.1750564565313801,"[0.30458865684143127, 0.22499761048747724, 0.08441794660925318, 0.24474893034473522, 1.0845113583568619e-17, 0.041471711985342635, 0.0002525471091266858, 0.09952259662263378]",markov_shift
3.550398558015279,6.378503877385523,-0.70464172399864,0.49651995919977554,0.12207979581802553,1.8839439086925784,-0.10114345081166738,0.010229997642092179,0,128,384,0,0.2220513171297055,1,512,640,0.0,6.378503877385523,2.5290878018669507,-0.2550895594443706,0.0650706833375231,iid_oic,-0.6034982731869726,0.3642101657396578,256,640,before,older256,2026108999,1.1750564565313801,"[0.30458865684143127, 0.22499761048747724, 0.08441794660925318, 0.24474893034473522, 1.0845113583568619e-17, 0.041471711985342635, 0.0002525471091266858, 0.09952259662263378]",markov_shift
3.550398558015279,6.378503877385523,-0.6958109961796499,0.4841529424045168,0.11142113783853615,1.940270740326143,-0.09231272299267727,0.008521638826322767,0,128,384,0,0.2220513171297055,1,512,640,0.0,6.378503877385523,2.5290878018669507,-0.23281795954499807,0.054204202286696354,hac,-0.6034982731869726,0.3642101657396578,256,640,before,older256,2026108999,1.1750564565313801,"[0.30458865684143127, 0.22499761048747724, 0.08441794660925318, 0.24474893034473522, 1.0845113583568619e-17, 0.041471711985342635, 0.0002525471091266858, 0.09952259662263378]",markov_shift
3.550398558015279,6.378503877385523,-0.6721016552276169,0.4517206349597024,0.08280404519263009,2.0915008635189403,-0.06860338204064437,0.004706424027414606,256,128,384,0,0.2220513171297055,1,512,640,0.0,6.378503877385523,2.5290878018669507,-0.17302164757782923,0.02993649053054654,chronological,-0.6034982731869726,0.3642101657396578,256,640,before,older256,2026108999,1.1750564565313801,"[0.30458865684143127, 0.22499761048747724, 0.08441794660925318, 0.24474893034473522, 1.0845113583568619e-17, 0.041471711985342635, 0.0002525471091266858, 0.09952259662263378]",markov_shift
3.550398558015279,6.378503877385523,-0.667873246018971,0.446054672747917,0.07770036988113867,2.118471788051461,-0.06437497283199844,0.004144137127120538,240,128,384,16,0.2220513171297055,1,512,640,0.0,6.378503877385523,2.5290878018669507,-0.16235735806102758,0.026359911716556716,blocked_holdout,-0.6034982731869726,0.3642101657396578,256,640,before,older256,2026108999,1.1750564565313801,"[0.30458865684143127, 0.22499761048747724, 0.08441794660925318, 0.24474893034473522, 1.0845113583568619e-17, 0.041471711985342635, 0.0002525471091266858, 0.09952259662263378]",markov_shift
3.550398558015279,6.378503877385523,-0.7310345248543022,0.5344114765289554,0.15393581529994524,1.7155973260996724,-0.12753625166732968,0.016265495489352452,0,128,384,0,0.2220513171297055,1,512,640,0.0,6.378503877385523,2.5290878018669507,-0.32165371054605807,0.10346110950804731,gaussian_iid,-0.6034982731869726,0.3642101657396578,256,640,before,older256,2026108999,1.1750564565313801,"[0.30458865684143127, 0.22499761048747724, 0.08441794660925318, 0.24474893034473522, 1.0845113583568619e-17, 0.041471711985342635, 0.0002525471091266858, 0.09952259662263378]",markov_shift
3.550398558015279,6.378503877385523,-0.2785832921414627,0.07760865066037556,-0.39217125998708624,4.601559268286379,0.32491498104550987,0.10556974490780403,0,128,384,0,0.2220513171297055,1,512,640,0.0,6.378503877385523,2.5290878018669507,0.8194541387173462,0.6715050854609876,ewma_gaussian,-0.6034982731869726,0.3642101657396578,256,640,before,older256,2026108999,1.1750564565313801,"[0.30458865684143127, 0.22499761048747724, 0.08441794660925318, 0.24474893034473522, 1.0845113583568619e-17, 0.041471711985342635, 0.0002525471091266858, 0.09952259662263378]",markov_shift
3.550398558015279,6.378503877385523,-0.7089553030544863,0.5026176217290785,0.12728627084094302,1.8564297279594537,-0.1054570298675137,0.011121185148477675,0,128,384,0,0.2220513171297055,1,512,640,0.0,6.378503877385523,2.5290878018669507,-0.26596865218002574,0.0707393239424595,ar_gaussian,-0.6034982731869726,0.3642101657396578,256,640,before,older256,2026108999,1.1750564565313801,"[0.30458865684143127, 0.22499761048747724, 0.08441794660925318, 0.24474893034473522, 1.0845113583568619e-17, 0.041471711985342635, 0.0002525471091266858, 0.09952259662263378]",markov_shift
3.5382496345589507,5.98164803908358,-0.6958025106336163,0.4841411338040437,0.125881004061358,1.8196023157625771,-0.10687266485432392,0.011421766493064645,0,128,640,0,0.23623231987283838,1,512,640,0.0,5.98164803908358,2.4588769819200804,-0.2599864372467745,0.06759294755227102,raw,-0.5889298457792924,0.34683836324962114,512,640,before,full512,2026108999,1.2679507888139003,"[0.35710710812315927, 0.176189580959436, 0.0042282340425654165, 0.22819939054798336, 8.908356724795002e-24, 0.013694751538889736, 0.08731543380507749, 0.13326550098288914]",markov_stationary
3.5382496345589507,5.98164803908358,-0.667892482683192,0.44608036842471793,0.09300690714827982,1.9865502797230001,-0.0789626369038997,0.006235098026817102,0,128,640,0,0.23623231987283838,1,512,640,0.0,5.98164803908358,2.4588769819200804,-0.19209041593786902,0.036898727895183524,iid_oic,-0.5889298457792924,0.34683836324962114,512,640,before,full512,2026108999,1.2679507888139003,"[0.35710710812315927, 0.176189580959436, 0.0042282340425654165, 0.22819939054798336, 8.908356724795002e-24, 0.013694751538889736, 0.08731543380507749, 0.13326550098288914]",markov_stationary
3.5382496345589507,5.98164803908358,-0.6668173898845748,0.4446454314524771,0.09174059867610358,1.9929811064536822,-0.07788754410528238,0.006066469526752308,0,128,640,0,0.23623231987283838,1,512,640,0.0,5.98164803908358,2.4588769819200804,-0.18947506479262366,0.035900800178168935,hac,-0.5889298457792924,0.34683836324962114,512,640,before,full512,2026108999,1.2679507888139003,"[0.35710710812315927, 0.176189580959436, 0.0042282340425654165, 0.22819939054798336, 8.908356724795002e-24, 0.013694751538889736, 0.08731543380507749, 0.13326550098288914]",markov_stationary
3.5382496345589507,5.98164803908358,-0.6738399368813983,0.45406026053632687,0.10001217371573773,1.9509747019807608,-0.08491009110210584,0.007209723570967914,0,128,640,0,0.23623231987283838,1,512,640,0.0,5.98164803908358,2.4588769819200804,-0.20655863781469475,0.04266647085586224,block_bootstrap,-0.5889298457792924,0.34683836324962114,512,640,before,full512,2026108999,1.2679507888139003,"[0.35710710812315927, 0.176189580959436, 0.0042282340425654165, 0.22819939054798336, 8.908356724795002e-24, 0.013694751538889736, 0.08731543380507749, 0.13326550098288914]",markov_stationary
3.5382496345589507,5.98164803908358,-0.7219247220850169,0.5211753043575289,0.15664930398433283,1.66334844085778,-0.1329948763057245,0.017687637123574962,0,128,640,0,0.23623231987283838,1,512,640,0.0,5.98164803908358,2.4588769819200804,-0.3235332824341177,0.10467378484259458,gaussian_iid,-0.5889298457792924,0.34683836324962114,512,640,before,full512,2026108999,1.2679507888139003,"[0.35710710812315927, 0.176189580959436, 0.0042282340425654165, 0.22819939054798336, 8.908356724795002e-24, 0.013694751538889736, 0.08731543380507749, 0.13326550098288914]",markov_stationary
3.5382496345589507,5.98164803908358,-0.31726083940983496,0.10065444022303309,-0.3199879720483564,4.08390536114973,0.27166900636945746,0.07380404902176832,0,128,640,0,0.23623231987283838,1,512,640,0.0,5.98164803908358,2.4588769819200804,0.6608823422962391,0.43676547035896335,ewma_gaussian,-0.5889298457792924,0.34683836324962114,512,640,before,full512,2026108999,1.2679507888139003,"[0.35710710812315927, 0.176189580959436, 0.0042282340425654165, 0.22819939054798336, 8.908356724795002e-24, 0.013694751538889736, 0.08731543380507749, 0.13326550098288914]",markov_stationary
3.5382496345589507,5.98164803908358,-0.7024331041562679,0.49341226581461034,0.1336909129027988,1.7799404390198477,-0.11350325837697556,0.012882989662190472,0,128,640,0,0.23623231987283838,1,512,640,0.0,5.98164803908358,2.4588769819200804,-0.27611651493441813,0.07624032981952875,ar_gaussian,-0.5889298457792924,0.34683836324962114,512,640,before,full512,2026108999,1.2679507888139003,"[0.35710710812315927, 0.176189580959436, 0.0042282340425654165, 0.22819939054798336, 8.908356724795002e-24, 0.013694751538889736, 0.08731543380507749, 0.13326550098288914]",markov_stationary
3.6828175320932393,6.338009105139423,-0.6746774066526968,0.4551896030476084,0.09691754167482247,2.061897558742778,-0.08172448242991459,0.006678891028437418,0,128,640,0,0.125,1,512,640,0.0,6.338009105139423,2.5798680724963834,-0.20077403153890594,0.0403102117403856,raw,-0.5929529242227821,0.3515931703443484,512,640,before,equal512,2026108999,1.2906235685630787,"[0.125, 0.125, 0.125, 0.125, 0.125, 0.125, 0.125, 0.125]",markov_stationary
3.6828175320932393,6.338009105139423,-0.6724240128845638,0.45215405310378,0.0942452288263428,2.076179588962669,-0.07947108866178162,0.006315653933088756,0,128,640,0,0.125,1,512,640,0.0,6.338009105139423,2.5798680724963834,-0.19523807783175717,0.03811790703543927,iid_oic,-0.5929529242227821,0.3515931703443484,512,640,before,equal512,2026108999,1.2906235685630787,"[0.125, 0.125, 0.125, 0.125, 0.125, 0.125, 0.125, 0.125]",markov_stationary
3.6828175320932393,6.338009105139423,-0.6710937361099978,0.45036680264607537,0.09266764581933366,2.084610895272224,-0.07814081188721561,0.006105986482393216,0,128,640,0,0.125,1,512,640,0.0,6.338009105139423,2.5798680724963834,-0.19196996253569232,0.03685246651595511,hac,-0.5929529242227821,0.3515931703443484,512,640,before,equal512,2026108999,1.2906235685630787,"[0.125, 0.125, 0.125, 0.125, 0.125, 0.125, 0.125, 0.125]",markov_stationary
3.6828175320932393,6.338009105139423,-0.6663246534439261,0.44398854378716823,0.08701196279391893,2.1148373846329487,-0.07337172922114396,0.0053834106489008705,0,128,640,0,0.125,1,512,640,0.0,6.338009105139423,2.5798680724963834,-0.1802536698760152,0.032491385503771474,block_bootstrap,-0.5929529242227821,0.3515931703443484,512,640,before,equal512,2026108999,1.2906235685630787,"[0.125, 0.125, 0.125, 0.125, 0.125, 0.125, 0.125, 0.125]",markov_stationary
3.6828175320932393,6.338009105139423,-0.7066377685046009,0.49933693587716194,0.13481952171343214,1.8593324943218585,-0.11368484428181877,0.012924243819381382,0,128,640,0,0.125,1,512,640,0.0,6.338009105139423,2.5798680724963834,-0.27929163737326534,0.07800381870663954,gaussian_iid,-0.5929529242227821,0.3515931703443484,512,640,before,equal512,2026108999,1.2906235685630787,"[0.125, 0.125, 0.125, 0.125, 0.125, 0.125, 0.125, 0.125]",markov_stationary
3.6828175320932393,6.338009105139423,-0.301336444853617,0.09080365299701695,-0.34582968838699824,4.428135973946855,0.2916164793691652,0.08504017103966674,0,128,640,0,0.125,1,512,640,0.0,6.338009105139423,2.5798680724963834,0.7164195414310521,0.5132569593442791,ewma_gaussian,-0.5929529242227821,0.3515931703443484,512,640,before,equal512,2026108999,1.2906235685630787,"[0.125, 0.125, 0.125, 0.125, 0.125, 0.125, 0.125, 0.125]",markov_stationary
3.6828175320932393,6.338009105139423,-0.7163014934800342,0.5130878295617275,0.14627978967956795,1.798083717437999,-0.12334856925725206,0.015214869537811107,0,128,640,0,0.125,1,512,640,0.0,6.338009105139423,2.5798680724963834,-0.3030326873660243,0.09182880961227462,ar_gaussian,-0.5929529242227821,0.3515931703443484,512,640,before,equal512,2026108999,1.2906235685630787,"[0.125, 0.125, 0.125, 0.125, 0.125, 0.125, 0.125, 0.125]",markov_stationary
3.550398558015279,6.378503877385523,-0.7446784395425718,0.5545459783195599,0.17040397320770734,1.6285695633578279,-0.14118016635559924,0.019931839372194674,0,128,384,0,0.2220513171297055,1,512,640,0.0,6.378503877385523,2.5290878018669507,-0.35606444262012893,0.12678188729838308,raw,-0.6034982731869726,0.3642101657396578,256,640,before,older256,2026108999,1.1750564565313801,"[0.30458865684143127, 0.22499761048747724, 0.08441794660925318, 0.24474893034473522, 1.0845113583568619e-17, 0.041471711985342635, 0.0002525471091266858, 0.09952259662263378]",markov_stationary
3.550398558015279,6.378503877385523,-0.70464172399864,0.49651995919977554,0.12207979581802553,1.8839439086925784,-0.10114345081166738,0.010229997642092179,0,128,384,0,0.2220513171297055,1,512,640,0.0,6.378503877385523,2.5290878018669507,-0.2550895594443706,0.0650706833375231,iid_oic,-0.6034982731869726,0.3642101657396578,256,640,before,older256,2026108999,1.1750564565313801,"[0.30458865684143127, 0.22499761048747724, 0.08441794660925318, 0.24474893034473522, 1.0845113583568619e-17, 0.041471711985342635, 0.0002525471091266858, 0.09952259662263378]",markov_stationary
3.550398558015279,6.378503877385523,-0.6958109961796499,0.4841529424045168,0.11142113783853615,1.940270740326143,-0.09231272299267727,0.008521638826322767,0,128,384,0,0.2220513171297055,1,512,640,0.0,6.378503877385523,2.5290878018669507,-0.23281795954499807,0.054204202286696354,hac,-0.6034982731869726,0.3642101657396578,256,640,before,older256,2026108999,1.1750564565313801,"[0.30458865684143127, 0.22499761048747724, 0.08441794660925318, 0.24474893034473522, 1.0845113583568619e-17, 0.041471711985342635, 0.0002525471091266858, 0.09952259662263378]",markov_stationary
3.550398558015279,6.378503877385523,-0.6721016552276169,0.4517206349597024,0.08280404519263009,2.0915008635189403,-0.06860338204064437,0.004706424027414606,256,128,384,0,0.2220513171297055,1,512,640,0.0,6.378503877385523,2.5290878018669507,-0.17302164757782923,0.02993649053054654,chronological,-0.6034982731869726,0.3642101657396578,256,640,before,older256,2026108999,1.1750564565313801,"[0.30458865684143127, 0.22499761048747724, 0.08441794660925318, 0.24474893034473522, 1.0845113583568619e-17, 0.041471711985342635, 0.0002525471091266858, 0.09952259662263378]",markov_stationary
3.550398558015279,6.378503877385523,-0.667873246018971,0.446054672747917,0.07770036988113867,2.118471788051461,-0.06437497283199844,0.004144137127120538,240,128,384,16,0.2220513171297055,1,512,640,0.0,6.378503877385523,2.5290878018669507,-0.16235735806102758,0.026359911716556716,blocked_holdout,-0.6034982731869726,0.3642101657396578,256,640,before,older256,2026108999,1.1750564565313801,"[0.30458865684143127, 0.22499761048747724, 0.08441794660925318, 0.24474893034473522, 1.0845113583568619e-17, 0.041471711985342635, 0.0002525471091266858, 0.09952259662263378]",markov_stationary
3.550398558015279,6.378503877385523,-0.7310345248543022,0.5344114765289554,0.15393581529994524,1.7155973260996724,-0.12753625166732968,0.016265495489352452,0,128,384,0,0.2220513171297055,1,512,640,0.0,6.378503877385523,2.5290878018669507,-0.32165371054605807,0.10346110950804731,gaussian_iid,-0.6034982731869726,0.3642101657396578,256,640,before,older256,2026108999,1.1750564565313801,"[0.30458865684143127, 0.22499761048747724, 0.08441794660925318, 0.24474893034473522, 1.0845113583568619e-17, 0.041471711985342635, 0.0002525471091266858, 0.09952259662263378]",markov_stationary
3.550398558015279,6.378503877385523,-0.2785832921414627,0.07760865066037556,-0.39217125998708624,4.601559268286379,0.32491498104550987,0.10556974490780403,0,128,384,0,0.2220513171297055,1,512,640,0.0,6.378503877385523,2.5290878018669507,0.8194541387173462,0.6715050854609876,ewma_gaussian,-0.6034982731869726,0.3642101657396578,256,640,before,older256,2026108999,1.1750564565313801,"[0.30458865684143127, 0.22499761048747724, 0.08441794660925318, 0.24474893034473522, 1.0845113583568619e-17, 0.041471711985342635, 0.0002525471091266858, 0.09952259662263378]",markov_stationary
3.550398558015279,6.378503877385523,-0.7089553030544863,0.5026176217290785,0.12728627084094302,1.8564297279594537,-0.1054570298675137,0.011121185148477675,0,128,384,0,0.2220513171297055,1,512,640,0.0,6.378503877385523,2.5290878018669507,-0.26596865218002574,0.0707393239424595,ar_gaussian,-0.6034982731869726,0.3642101657396578,256,640,before,older256,2026108999,1.1750564565313801,"[0.30458865684143127, 0.22499761048747724, 0.08441794660925318, 0.24474893034473522, 1.0845113583568619e-17, 0.041471711985342635, 0.0002525471091266858, 0.09952259662263378]",markov_stationary
3.6114071540875132,5.573137386453656,-0.6153984028987711,0.3787151942903582,0.0619448791807059,2.1434375396946446,-0.05529801487880581,0.003057870449536629,0,384,896,0,0.2634886899061679,1,512,896,0.0,5.573137386453656,2.4516209738123877,-0.12570598694075585,0.015801995152749482,raw,-0.5601003880199653,0.3137124446601157,512,896,after,full512,2026108998,1.4448873812813894,"[0.1433633049756755, 0.436408155560639, 0.16125257059014478, 9.23296960758787e-24, 0.005650565693631748, 0.06011967220921737, 0.05093749670500295, 0.14226823426568863]",markov_stationary
3.6114071540875132,5.573137386453656,-0.5845020074224243,0.34164259668084374,0.027334712991265574,2.3156273964305307,-0.024401619402458975,0.0005954390294624623,0,384,896,0,0.2634886899061679,1,512,896,0.0,5.573137386453656,2.4516209738123877,-0.05547088185103122,0.0030770187333310647,iid_oic,-0.5601003880199653,0.3137124446601157,512,896,after,full512,2026108998,1.4448873812813894,"[0.1433633049756755, 0.436408155560639, 0.16125257059014478, 9.23296960758787e-24, 0.005650565693631748, 0.06011967220921737, 0.05093749670500295, 0.14226823426568863]",markov_stationary
3.6114071540875132,5.573137386453656,-0.5845255595447065,0.34167012976105227,0.02736109609692347,2.3154961372173095,-0.024425171524741166,0.0005965890040130267,0,384,896,0,0.2634886899061679,1,512,896,0.0,5.573137386453656,2.4516209738123877,-0.055524421617015984,0.003082961395904152,hac,-0.5601003880199653,0.3137124446601157,512,896,after,full512,2026108998,1.4448873812813894,"[0.1433633049756755, 0.436408155560639, 0.16125257059014478, 9.23296960758787e-24, 0.005650565693631748, 0.06011967220921737, 0.05093749670500295, 0.14226823426568863]",markov_stationary
3.6114071540875132,5.573137386453656,-0.5869854558249205,0.34455192534998963,0.030116673818996912,2.3017867972912507,-0.02688506780495515,0.000722806870877036,0,384,896,0,0.2634886899061679,1,512,896,0.0,5.573137386453656,2.4516209738123877,-0.06111637081001875,0.003735210780987712,block_bootstrap,-0.5601003880199653,0.3137124446601157,512,896,after,full512,2026108998,1.4448873812813894,"[0.1433633049756755, 0.436408155560639, 0.16125257059014478, 9.23296960758787e-24, 0.005650565693631748, 0.06011967220921737, 0.05093749670500295, 0.14226823426568863]",markov_stationary
3.6114071540875132,5.573137386453656,-0.6224491911460484,0.38744299555836986,0.06984317764699906,2.104142528109776,-0.06234880312608303,0.0038873732512550606,0,384,896,0,0.2634886899061679,1,512,896,0.0,5.573137386453656,2.4516209738123877,-0.1417341625864239,0.020088572844074847,gaussian_iid,-0.5601003880199653,0.3137124446601157,512,896,after,full512,2026108998,1.4448873812813894,"[0.1433633049756755, 0.436408155560639, 0.16125257059014478, 9.23296960758787e-24, 0.005650565693631748, 0.06011967220921737, 0.05093749670500295, 0.14226823426568863]",markov_stationary
3.6114071540875132,5.573137386453656,-0.686510404307798,0.47129653522285625,0.14160459834485042,1.747120586016452,-0.12641001628783266,0.015979492217890117,0,384,896,0,0.2634886899061679,1,512,896,0.0,5.573137386453656,2.4516209738123877,-0.28736105430702197,0.08257637553244322,ewma_gaussian,-0.5601003880199653,0.3137124446601157,512,896,after,full512,2026108998,1.4448873812813894,"[0.1433633049756755, 0.436408155560639, 0.16125257059014478, 9.23296960758787e-24, 0.005650565693631748, 0.06011967220921737, 0.05093749670500295, 0.14226823426568863]",markov_stationary
3.6114071540875132,5.573137386453656,-0.6304521731668447,0.3974699426507971,0.07880812431732866,2.0595408098065597,-0.0703517851468793,0.004949373673352667,0,384,896,0,0.2634886899061679,1,512,896,0.0,5.573137386453656,2.4516209738123877,-0.1599269088468127,0.02557661617329674,ar_gaussian,-0.5601003880199653,0.3137124446601157,512,896,after,full512,2026108998,1.4448873812813894,"[0.1433633049756755, 0.436408155560639, 0.16125257059014478, 9.23296960758787e-24, 0.005650565693631748, 0.06011967220921737, 0.05093749670500295, 0.14226823426568863]",markov_stationary
3.6828175320932384,5.4141087839441635,-0.5628282670556649,0.31677565819688286,0.024609366708833402,2.3668953194260167,-0.02278460854121378,0.000519138386376352,0,384,896,0,0.125,1,512,896,0.0,5.4141087839441635,2.4902536686677315,-0.0495364591944204,0.0024538607895204776,raw,-0.5400436585144511,0.2916471531016731,512,896,after,equal512,2026108998,1.5655892345483944,"[0.125, 0.125, 0.125, 0.125, 0.125, 0.125, 0.125, 0.125]",markov_stationary
3.6828175320932384,5.4141087839441635,-0.5592042183911534,0.3127093578664608,0.020695077709999055,2.3865163131339893,-0.019160559876702333,0.0003671270547886953,0,384,896,0,0.125,1,512,896,0.0,5.4141087839441635,2.4902536686677315,-0.041657344727150214,0.0017353343697166298,iid_oic,-0.5400436585144511,0.2916471531016731,512,896,after,equal512,2026108998,1.5655892345483944,"[0.125, 0.125, 0.125, 0.125, 0.125, 0.125, 0.125, 0.125]",markov_stationary
3.6828175320932384,5.4141087839441635,-0.5567129412095706,0.3099292989102108,0.01800428082296794,2.4000043588060365,-0.01666928269511951,0.0002778649855698108,0,384,896,0,0.125,1,512,896,0.0,5.4141087839441635,2.4902536686677315,-0.03624101070393271,0.001313410856842565,hac,-0.5400436585144511,0.2916471531016731,512,896,after,equal512,2026108998,1.5655892345483944,"[0.125, 0.125, 0.125, 0.125, 0.125, 0.125, 0.125, 0.125]",markov_stationary
3.6828175320932384,5.4141087839441635,-0.5331656353247056,0.284265594691197,-0.007428865613474715,2.527492034435504,0.006878023189745432,4.730720299867592e-05,0,384,896,0,0.125,1,512,896,0.0,5.4141087839441635,2.4902536686677315,0.014953643573063946,0.00022361145611023665,block_bootstrap,-0.5400436585144511,0.2916471531016731,512,896,after,equal512,2026108998,1.5655892345483944,"[0.125, 0.125, 0.125, 0.125, 0.125, 0.125, 0.125, 0.125]",markov_stationary
3.6828175320932384,5.4141087839441635,-0.6098727468912049,0.3719447674006236,0.07542151271542195,2.112191387912336,-0.06982908837675365,0.004876101583528472,0,384,896,0,0.125,1,512,896,0.0,5.4141087839441635,2.4902536686677315,-0.15181677493829615,0.023048333152665267,gaussian_iid,-0.5400436585144511,0.2916471531016731,512,896,after,equal512,2026108998,1.5655892345483944,"[0.125, 0.125, 0.125, 0.125, 0.125, 0.125, 0.125, 0.125]",markov_stationary
3.6828175320932384,5.4141087839441635,-0.5638934242152233,0.31797579387316977,0.025759829447514912,2.361128442692171,-0.023849765700772133,0.0005688113239817269,0,384,896,0,0.125,1,512,896,0.0,5.4141087839441635,2.4902536686677315,-0.051852238027076836,0.002688654588416633,ewma_gaussian,-0.5400436585144511,0.2916471531016731,512,896,after,equal512,2026108998,1.5655892345483944,"[0.125, 0.125, 0.125, 0.125, 0.125, 0.125, 0.125, 0.125]",markov_stationary
3.6828175320932384,5.4141087839441635,-0.6300144436176525,0.3969181991668602,0.0971763038931006,2.0031420507421367,-0.08997078510320128,0.008094742172086425,0,384,896,0,0.125,1,512,896,0.0,5.4141087839441635,2.4902536686677315,-0.19560722831348987,0.03826218776848575,ar_gaussian,-0.5400436585144511,0.2916471531016731,512,896,after,equal512,2026108998,1.5655892345483944,"[0.125, 0.125, 0.125, 0.125, 0.125, 0.125, 0.125, 0.125]",markov_stationary
3.504072953299121,6.174511230636869,-0.7482966586372312,0.5599478893276448,0.1779976006970602,1.5541451080332416,-0.14834272269340104,0.022005563376091282,0,384,640,0,0.2819631203892117,1,512,896,0.0,6.174511230636869,2.470088915286897,-0.3708141037292457,0.1375030995245238,raw,-0.5999539359438302,0.3599447252544935,256,896,after,older256,2026108998,1.1863625108006817,"[0.4564652522673574, 0.23089016303163712, 0.026088043416580185, 0.045471759794341496, 0.016616565673013825, 0.09022961785468724, 0.059485009740790386, 0.07475358822159245]",markov_stationary
3.504072953299121,6.174511230636869,-0.6969782005051263,0.485778611979364,0.11642017881121018,1.8710115041088913,-0.09702426456129613,0.009413707913660386,0,384,640,0,0.2819631203892117,1,512,896,0.0,6.174511230636869,2.470088915286897,-0.24253273129984632,0.05882212575176345,iid_oic,-0.5999539359438302,0.3599447252544935,256,896,after,older256,2026108998,1.1863625108006817,"[0.4564652522673574, 0.23089016303163712, 0.026088043416580185, 0.045471759794341496, 0.016616565673013825, 0.09022961785468724, 0.059485009740790386, 0.07475358822159245]",markov_stationary
3.504072953299121,6.174511230636869,-0.7010620330646973,0.4914879742048067,0.12132040164691066,1.8457958341057792,-0.10110809712086721,0.010222847303402716,0,384,640,0,0.2819631203892117,1,512,896,0.0,6.174511230636869,2.470088915286897,-0.2527411370973288,0.06387808238125076,hac,-0.5999539359438302,0.3599447252544935,256,896,after,older256,2026108998,1.1863625108006817,"[0.4564652522673574, 0.23089016303163712, 0.026088043416580185, 0.045471759794341496, 0.016616565673013825, 0.09022961785468724, 0.059485009740790386, 0.07475358822159245]",markov_stationary
3.504072953299121,6.174511230636869,-0.4706929822378184,0.22155188352793123,-0.1551012358795499,3.2682121256274987,0.12926095370601173,0.016708394152987707,256,384,640,0,0.2819631203892117,1,512,896,0.0,6.174511230636869,2.470088915286897,0.3231151742761864,0.10440341584753032,chronological,-0.5999539359438302,0.3599447252544935,256,896,after,older256,2026108998,1.1863625108006817,"[0.4564652522673574, 0.23089016303163712, 0.026088043416580185, 0.045471759794341496, 0.016616565673013825, 0.09022961785468724, 0.059485009740790386, 0.07475358822159245]",markov_stationary
3.504072953299121,6.174511230636869,-0.4487559183164762,0.20138187422406387,-0.18142369156487126,3.4036627731770253,0.15119801762735396,0.02286084053444164,240,384,640,16,0.2819631203892117,1,512,896,0.0,6.174511230636869,2.470088915286897,0.37795151911836955,0.14284735080388325,blocked_holdout,-0.5999539359438302,0.3599447252544935,256,896,after,older256,2026108998,1.1863625108006817,"[0.4564652522673574, 0.23089016303163712, 0.026088043416580185, 0.045471759794341496, 0.016616565673013825, 0.09022961785468724, 0.059485009740790386, 0.07475358822159245]",markov_stationary
3.504072953299121,6.174511230636869,-0.6336982760067918,0.40157350501398015,0.040490099273201956,2.26173410859771,-0.03374434006296175,0.0011386804862848056,0,384,640,0,0.2819631203892117,1,512,896,0.0,6.174511230636869,2.470088915286897,-0.08435113626870672,0.0071151141898219295,gaussian_iid,-0.5999539359438302,0.3599447252544935,256,896,after,older256,2026108998,1.1863625108006817,"[0.4564652522673574, 0.23089016303163712, 0.026088043416580185, 0.045471759794341496, 0.016616565673013825, 0.09022961785468724, 0.059485009740790386, 0.07475358822159245]",markov_stationary
3.504072953299121,6.174511230636869,-0.6314644189360794,0.3987473123822804,0.037809676589382224,2.2755270841684614,-0.031510482992249345,0.0009929105384048353,0,384,640,0,0.2819631203892117,1,512,896,0.0,6.174511230636869,2.470088915286897,-0.07876713664610635,0.00620426181542639,ewma_gaussian,-0.5999539359438302,0.3599447252544935,256,896,after,older256,2026108998,1.1863625108006817,"[0.4564652522673574, 0.23089016303163712, 0.026088043416580185, 0.045471759794341496, 0.016616565673013825, 0.09022961785468724, 0.059485009740790386, 0.07475358822159245]",markov_stationary
3.504072953299121,6.174511230636869,-0.6207860281549402,0.38537529275238624,0.024996591432000576,2.341460927971735,-0.02083209221111006,0.00043397606589219245,0,384,640,0,0.2819631203892117,1,512,896,0.0,6.174511230636869,2.470088915286897,-0.05207423365171526,0.002711725810413434,ar_gaussian,-0.5999539359438302,0.3599447252544935,256,896,after,older256,2026108998,1.1863625108006817,"[0.4564652522673574, 0.23089016303163712, 0.026088043416580185, 0.045471759794341496, 0.016616565673013825, 0.09022961785468724, 0.059485009740790386, 0.07475358822159245]",markov_stationary
1.9773736347483446,2.0537872769023986,0.16269781275780182,0.02647057827617274,-0.07949484887140228,2.3879339747242208,-0.13397658910350665,0.01794972642780986,0,320,832,0,0.2378912110770245,1,512,832,-0.014650916608161717,2.023697410777598,2.6630933888277832,-0.10332323126853604,0.010675690119771384,raw,0.2966744018613085,0.08801570071976517,512,832,after,full512,2026108999,1.5665960084189288,"[0.3116551890957642, 0.1731728423462572, 0.22795485508542726, 0.24018806058761424, 5.38205267333045e-24, 0.02614459744356428, 3.501191269923739e-25, 0.020884455441373462]",markov_shift
1.9773736347483446,2.0537872769023986,0.24638684001355493,0.060706474931865116,-0.02983806466449171,2.5598134341184244,-0.05028756184775359,0.0025288388765916424,0,320,832,0,0.2378912110770245,1,512,832,-0.014650916608161717,2.023697410777598,2.6630933888277832,-0.03878195002197038,0.0015040396475066082,iid_oic,0.2966744018613085,0.08801570071976517,512,832,after,full512,2026108999,1.5665960084189288,"[0.3116551890957642, 0.1731728423462572, 0.22795485508542726, 0.24018806058761424, 5.38205267333045e-24, 0.02614459744356428, 3.501191269923739e-25, 0.020884455441373462]",markov_shift
1.9773736347483446,2.0537872769023986,0.25983934674264586,0.06751648611564495,-0.02185603588971513,2.5874420212810754,-0.03683505511866263,0.0013568212855949138,0,320,832,0,0.2378912110770245,1,512,832,-0.014650916608161717,2.023697410777598,2.6630933888277832,-0.02840732805844537,0.0008069762874201375,hac,0.2966744018613085,0.08801570071976517,512,832,after,full512,2026108999,1.5665960084189288,"[0.3116551890957642, 0.1731728423462572, 0.22795485508542726, 0.24018806058761424, 5.38205267333045e-24, 0.02614459744356428, 3.501191269923739e-25, 0.020884455441373462]",markov_shift
1.9773736347483446,2.0537872769023986,0.24971511499894206,0.06235763865893486,-0.02786323668345238,2.566649002937445,-0.04695928686236652,0.002205174622622029,0,320,832,0,0.2378912110770245,1,512,832,-0.014650916608161717,2.023697410777598,2.6630933888277832,-0.03621517228608728,0.0013115387037109843,block_bootstrap,0.2966744018613085,0.08801570071976517,512,832,after,full512,2026108999,1.5665960084189288,"[0.3116551890957642, 0.1731728423462572, 0.22795485508542726, 0.24018806058761424, 5.38205267333045e-24, 0.02614459744356428, 3.501191269923739e-25, 0.020884455441373462]",markov_shift
1.9773736347483446,2.0537872769023986,-0.018100371608516963,0.00032762345236640695,-0.18677123528037873,2.016612963985621,-0.3147747734698255,0.09908315801297997,0,320,832,0,0.2378912110770245,1,512,832,-0.014650916608161717,2.023697410777598,2.6630933888277832,-0.24275544656236192,0.05893020683569175,gaussian_iid,0.2966744018613085,0.08801570071976517,512,832,after,full512,2026108999,1.5665960084189288,"[0.3116551890957642, 0.1731728423462572, 0.22795485508542726, 0.24018806058761424, 5.38205267333045e-24, 0.02614459744356428, 3.501191269923739e-25, 0.020884455441373462]",markov_shift
1.9773736347483446,2.0537872769023986,0.0031636158048544694,1.0008464960724992e-05,-0.17415427378628198,2.060284670791416,-0.29351078605645403,0.08614858153147753,0,320,832,0,0.2378912110770245,1,512,832,-0.014650916608161717,2.023697410777598,2.6630933888277832,-0.22635658237344292,0.051237302383785245,ewma_gaussian,0.2966744018613085,0.08801570071976517,512,832,after,full512,2026108999,1.5665960084189288,"[0.3116551890957642, 0.1731728423462572, 0.22795485508542726, 0.24018806058761424, 5.38205267333045e-24, 0.02614459744356428, 3.501191269923739e-25, 0.020884455441373462]",markov_shift
1.9773736347483446,2.0537872769023986,-0.015342527427909314,0.00023539314787614959,-0.18513487173496174,2.0222769892754324,-0.31201692928921776,0.09735456416307271,0,320,832,0,0.2378912110770245,1,512,832,-0.014650916608161717,2.023697410777598,2.6630933888277832,-0.24062858713130586,0.05790211694480846,ar_gaussian,0.2966744018613085,0.08801570071976517,512,832,after,full512,2026108999,1.5665960084189288,"[0.3116551890957642, 0.1731728423462572, 0.22795485508542726, 0.24018806058761424, 5.38205267333045e-24, 0.02614459744356428, 3.501191269923739e-25, 0.020884455441373462]",markov_shift
2.030059889767664,2.124468961554668,0.26013455281585274,0.06766998556870368,-0.010192677754650317,2.677116744839851,-0.018303324687779503,0.0003350116946262786,0,320,832,0,0.125,1,512,832,-0.013750327288993159,2.095256818017984,2.716001590032296,-0.014316944929322561,0.000204974912109255,raw,0.2784378775036323,0.07752765162872775,512,832,after,equal512,2026108999,1.6584331873928357,"[0.125, 0.125, 0.125, 0.125, 0.125, 0.125, 0.125, 0.125]",markov_shift
2.030059889767664,2.124468961554668,0.2758375315198589,0.07608634379496915,-0.0014480696329939294,2.710477235700466,-0.002600345983773416,6.761799235326535e-06,0,320,832,0,0.125,1,512,832,-0.013750327288993159,2.095256818017984,2.716001590032296,-0.0020340026132916744,4.137166630877361e-06,iid_oic,0.2784378775036323,0.07752765162872775,512,832,after,equal512,2026108999,1.6584331873928357,"[0.125, 0.125, 0.125, 0.125, 0.125, 0.125, 0.125, 0.125]",markov_shift
2.030059889767664,2.124468961554668,0.288943202339329,0.08348817417810643,0.005850160699475145,2.7383198265767827,0.01050532483569666,0.00011036184990350505,0,320,832,0,0.125,1,512,832,-0.013750327288993159,2.095256818017984,2.716001590032296,0.008217313504673474,6.752424123408905e-05,hac,0.2784378775036323,0.07752765162872775,512,832,after,equal512,2026108999,1.6584331873928357,"[0.125, 0.125, 0.125, 0.125, 0.125, 0.125, 0.125, 0.125]",markov_shift
2.030059889767664,2.124468961554668,0.3152108827960254,0.09935790063304965,0.020477995086087466,2.79412469839907,0.03677300529239296,0.0013522539182343608,0,320,832,0,0.125,1,512,832,-0.013750327288993159,2.095256818017984,2.716001590032296,0.02876401422351349,0.0008273685142504864,block_bootstrap,0.2784378775036323,0.07752765162872775,512,832,after,equal512,2026108999,1.6584331873928357,"[0.125, 0.125, 0.125, 0.125, 0.125, 0.125, 0.125, 0.125]",markov_shift
2.030059889767664,2.124468961554668,0.0005676609121680887,3.2223891120350647e-07,-0.1547391866584038,2.125674939543257,-0.27787021659146427,0.07721185726858726,0,320,832,0,0.125,1,512,832,-0.013750327288993159,2.095256818017984,2.716001590032296,-0.21735136409917166,0.04724161547577069,gaussian_iid,0.2784378775036323,0.07752765162872775,512,832,after,equal512,2026108999,1.6584331873928357,"[0.125, 0.125, 0.125, 0.125, 0.125, 0.125, 0.125, 0.125]",markov_shift
2.030059889767664,2.124468961554668,-0.008038392563791685,6.461575500962146e-05,-0.15953168918546176,2.107391646052101,-0.286476270067424,0.08206865331174365,0,320,832,0,0.125,1,512,832,-0.013750327288993159,2.095256818017984,2.716001590032296,-0.22408305879267099,0.050213217237879644,ewma_gaussian,0.2784378775036323,0.07752765162872775,512,832,after,equal512,2026108999,1.6584331873928357,"[0.125, 0.125, 0.125, 0.125, 0.125, 0.125, 0.125, 0.125]",markov_shift
2.030059889767664,2.124468961554668,0.009021796599289589,8.139281387895319e-05,-0.15003128346470412,2.1436354884073183,-0.2694160809043427,0.07258502464985533,0,320,832,0,0.125,1,512,832,-0.013750327288993159,2.095256818017984,2.716001590032296,-0.2107385002002784,0.04441071546666274,ar_gaussian,0.2784378775036323,0.07752765162872775,512,832,after,equal512,2026108999,1.6584331873928357,"[0.125, 0.125, 0.125, 0.125, 0.125, 0.125, 0.125, 0.125]",markov_shift
1.997286816551052,2.031160511679905,-0.13823926729444935,0.019110095022106213,-0.182972391499439,1.750374370787856,-0.37938358499389024,0.14393190456281635,0,320,576,0,0.2149396227274905,1,512,832,-0.019385795933566475,1.9917848484921599,2.520963327407003,-0.30567241825439584,0.09343562728149031,raw,0.2411443176994409,0.05815058195872888,256,832,after,older256,2026108999,1.3040533629288649,"[0.30392338286065557, 0.07891271444469122, 0.10716208370572394, 0.27163114693164553, -9.194093501257383e-25, 6.836453375980216e-17, 0.15569220360805852, 0.08267846844922552]",markov_shift
1.997286816551052,2.031160511679905,0.24402826015472368,0.0595497917541415,0.001390892671327188,2.5268210774401303,0.0028839424552826874,8.317124085381935e-06,0,320,576,0,0.2149396227274905,1,512,832,-0.019385795933566475,1.9917848484921599,2.520963327407003,0.0023236157263550883,5.399190043764685e-06,iid_oic,0.2411443176994409,0.05815058195872888,256,832,after,older256,2026108999,1.3040533629288649,"[0.30392338286065557, 0.07891271444469122, 0.10716208370572394, 0.27163114693164553, -9.194093501257383e-25, 6.836453375980216e-17, 0.15569220360805852, 0.08267846844922552]",markov_shift
1.997286816551052,2.031160511679905,0.25750954366629153,0.0663111650792217,0.007892762499546735,2.5542037281555885,0.016365225966850628,0.0002678206209460821,0,320,576,0,0.2149396227274905,1,512,832,-0.019385795933566475,1.9917848484921599,2.520963327407003,0.013185594723734262,0.0001738599082185688,hac,0.2411443176994409,0.05815058195872888,256,832,after,older256,2026108999,1.3040533629288649,"[0.30392338286065557, 0.07891271444469122, 0.10716208370572394, 0.27163114693164553, -9.194093501257383e-25, 6.836453375980216e-17, 0.15569220360805852, 0.08267846844922552]",markov_shift
1.997286816551052,2.031160511679905,0.628298738834459,0.3947593052209717,0.18672017745785188,3.3073360995387437,0.38715442113501813,0.14988854580439098,256,320,576,0,0.2149396227274905,1,512,832,-0.019385795933566475,1.9917848484921599,2.520963327407003,0.3119334436889978,0.09730247329167716,chronological,0.2411443176994409,0.05815058195872888,256,832,after,older256,2026108999,1.3040533629288649,"[0.30392338286065557, 0.07891271444469122, 0.10716208370572394, 0.27163114693164553, -9.194093501257383e-25, 6.836453375980216e-17, 0.15569220360805852, 0.08267846844922552]",markov_shift
1.997286816551052,2.031160511679905,0.6937958431433835,0.4813526719630384,0.21830868651758123,3.4403712314404107,0.4526515254439425,0.20489340348672813,240,320,576,16,0.2149396227274905,1,512,832,-0.019385795933566475,1.9917848484921599,2.520963327407003,0.3647049895720167,0.1330097294187248,blocked_holdout,0.2411443176994409,0.05815058195872888,256,832,after,older256,2026108999,1.3040533629288649,"[0.30392338286065557, 0.07891271444469122, 0.10716208370572394, 0.27163114693164553, -9.194093501257383e-25, 6.836453375980216e-17, 0.15569220360805852, 0.08267846844922552]",markov_shift
1.997286816551052,2.031160511679905,0.08420076201935611,0.007089768324640242,-0.07569209330359652,2.202185774546978,-0.1569435556800848,0.02463127966950788,0,320,576,0,0.2149396227274905,1,512,832,-0.019385795933566475,1.9917848484921599,2.520963327407003,-0.12645069025574085,0.015989777066153312,gaussian_iid,0.2411443176994409,0.05815058195872888,256,832,after,older256,2026108999,1.3040533629288649,"[0.30392338286065557, 0.07891271444469122, 0.10716208370572394, 0.27163114693164553, -9.194093501257383e-25, 6.836453375980216e-17, 0.15569220360805852, 0.08267846844922552]",markov_shift
1.997286816551052,2.031160511679905,0.20342059214192987,0.04137993730737338,-0.018193724121293955,2.4443403857011363,-0.03772372555751111,0.0014230794699384172,0,320,576,0,0.2149396227274905,1,512,832,-0.019385795933566475,1.9917848484921599,2.520963327407003,-0.030394310330836505,0.0009238141004871946,ewma_gaussian,0.2411443176994409,0.05815058195872888,256,832,after,older256,2026108999,1.3040533629288649,"[0.30392338286065557, 0.07891271444469122, 0.10716208370572394, 0.27163114693164553, -9.194093501257383e-25, 6.836453375980216e-17, 0.15569220360805852, 0.08267846844922552]",markov_shift
1.997286816551052,2.031160511679905,0.1088246922631706,0.011842813646173782,-0.06381625158814992,2.252200929300575,-0.1323196254362702,0.017508483275594847,0,320,576,0,0.2149396227274905,1,512,832,-0.019385795933566475,1.9917848484921599,2.520963327407003,-0.10661099080043734,0.011365903359450936,ar_gaussian,0.2411443176994409,0.05815058195872888,256,832,after,older256,2026108999,1.3040533629288649,"[0.30392338286065557, 0.07891271444469122, 0.10716208370572394, 0.27163114693164553, -9.194093501257383e-25, 6.836453375980216e-17, 0.15569220360805852, 0.08267846844922552]",markov_shift
1.1778781171388433,1.2560444547513792,0.07066287931548176,0.00499324251315434,-0.004227330584311447,1.344800172472356,-0.022651108755073028,0.000513072727834146,0,0,512,0,0.2851915028313824,1,512,512,,,1.3732509720181358,-0.0207178440980591,0.0004292290640714823,raw,0.09331398807055478,0.008707500369631641,512,512,before,full512,2026108998,1.10043200325957,"[0.4142040723367308, 0.09827038769054333, 0.16001736765593422, 1.7293003861676114e-18, 2.1892740877710266e-27, 0.052549183443803445, 8.704822511782624e-26, 0.2749589888729882]",ar1_stationary
1.1778781171388433,1.2560444547513792,0.09940084777872715,0.009880528539129687,0.0011359783083910557,1.3808963384014352,0.006086859708172271,3.7049861106971024e-05,0,0,512,0,0.2851915028313824,1,512,512,,,1.3732509720181358,0.0055673482408418185,3.0995366434804494e-05,iid_oic,0.09331398807055478,0.008707500369631641,512,512,before,full512,2026108998,1.10043200325957,"[0.4142040723367308, 0.09827038769054333, 0.16001736765593422, 1.7293003861676114e-18, 2.1892740877710266e-27, 0.052549183443803445, 8.704822511782624e-26, 0.2749589888729882]",ar1_stationary
1.1778781171388433,1.2560444547513792,0.10947865949224211,0.011985576884218294,0.003016779912415527,1.3935545179202242,0.016164671421687267,0.00026129660217111305,0,0,512,0,0.2851915028313824,1,512,512,,,1.3732509720181358,0.014785022050448848,0.00021859687703225866,hac,0.09331398807055478,0.008707500369631641,512,512,before,full512,2026108998,1.10043200325957,"[0.4142040723367308, 0.09827038769054333, 0.16001736765593422, 1.7293003861676114e-18, 2.1892740877710266e-27, 0.052549183443803445, 8.704822511782624e-26, 0.2749589888729882]",ar1_stationary
1.1778781171388433,1.2560444547513792,0.1335451692870422,0.017834312239904757,0.007508263928199257,1.4237831240932026,0.040231181216487354,0.0016185479420738448,0,0,512,0,0.2851915028313824,1,512,512,,,1.3732509720181358,0.03679746317659949,0.0013540532962331953,block_bootstrap,0.09331398807055478,0.008707500369631641,512,512,before,full512,2026108998,1.10043200325957,"[0.4142040723367308, 0.09827038769054333, 0.16001736765593422, 1.7293003861676114e-18, 2.1892740877710266e-27, 0.052549183443803445, 8.704822511782624e-26, 0.2749589888729882]",ar1_stationary
1.1778781171388433,1.2560444547513792,0.14095029557408734,0.019866985822422585,0.008890267660219848,1.4330842919027795,0.04763630750353264,0.0022692177925711203,0,0,512,0,0.2851915028313824,1,512,512,,,1.3732509720181358,0.04357056437885665,0.0018983940802920916,gaussian_iid,0.09331398807055478,0.008707500369631641,512,512,before,full512,2026108998,1.10043200325957,"[0.4142040723367308, 0.09827038769054333, 0.16001736765593422, 1.7293003861676114e-18, 2.1892740877710266e-27, 0.052549183443803445, 8.704822511782624e-26, 0.2749589888729882]",ar1_stationary
1.1778781171388433,1.2560444547513792,0.1995667698962773,0.03982689564683369,0.01982974163149745,1.5067091894322426,0.10625278182572244,0.011289653645704573,0,0,512,0,0.2851915028313824,1,512,512,,,1.3732509720181358,0.09718414196203051,0.0094447574488961,ewma_gaussian,0.09331398807055478,0.008707500369631641,512,512,before,full512,2026108998,1.10043200325957,"[0.4142040723367308, 0.09827038769054333, 0.16001736765593422, 1.7293003861676114e-18, 2.1892740877710266e-27, 0.052549183443803445, 8.704822511782624e-26, 0.2749589888729882]",ar1_stationary
1.1778781171388433,1.2560444547513792,0.008977465313384059,8.059488345301393e-05,-0.015739554556949392,1.2673205502759781,-0.08433652275717067,0.007112649070770766,0,0,512,0,0.2851915028313824,1,512,512,,,1.3732509720181358,-0.07713842837226026,0.005950337131742326,ar_gaussian,0.09331398807055478,0.008707500369631641,512,512,before,full512,2026108998,1.10043200325957,"[0.4142040723367308, 0.09827038769054333, 0.16001736765593422, 1.7293003861676114e-18, 2.1892740877710266e-27, 0.052549183443803445, 8.704822511782624e-26, 0.2749589888729882]",ar1_stationary
0.9495096669668139,1.2789492778163452,0.1992869750788424,0.03971529843607516,0.015871776923970335,1.5338272106716346,0.05500117412452724,0.003025129155076565,0,0,512,0,0.125,1,512,512,,,1.4634834987460195,0.048065941287270375,0.002310334711831323,raw,0.14428580095431517,0.02081839235702826,512,512,before,equal512,2026108998,1.2541440272842856,"[0.125, 0.125, 0.125, 0.125, 0.125, 0.125, 0.125, 0.125]",ar1_stationary
0.9495096669668139,1.2789492778163452,0.20650947888228854,0.04264616486823438,0.017955986416321977,1.543064426695078,0.062223677927973425,0.0038717860948841673,0,0,512,0,0.125,1,512,512,,,1.4634834987460195,0.05437774188588196,0.002956938812607601,iid_oic,0.14428580095431517,0.02081839235702826,512,512,before,equal512,2026108998,1.2541440272842856,"[0.125, 0.125, 0.125, 0.125, 0.125, 0.125, 0.125, 0.125]",ar1_stationary
0.9495096669668139,1.2789492778163452,0.2133924634797888,0.045536343469973,0.01994222030753503,1.5518674148752718,0.0691066625254736,0.004775730805409696,0,0,512,0,0.125,1,512,512,,,1.4634834987460195,0.06039283408728813,0.003647294409094711,hac,0.14428580095431517,0.02081839235702826,512,512,before,equal512,2026108998,1.2541440272842856,"[0.125, 0.125, 0.125, 0.125, 0.125, 0.125, 0.125, 0.125]",ar1_stationary
0.9495096669668139,1.2789492778163452,0.2243544303956484,0.05033491043815584,0.02310553266051406,1.5658872145457572,0.08006862944133326,0.00641098542061354,0,0,512,0,0.125,1,512,512,,,1.4634834987460195,0.0699725797301316,0.004896161914089624,block_bootstrap,0.14428580095431517,0.02081839235702826,512,512,before,equal512,2026108998,1.2541440272842856,"[0.125, 0.125, 0.125, 0.125, 0.125, 0.125, 0.125, 0.125]",ar1_stationary
0.9495096669668139,1.2789492778163452,0.2202089966063847,0.048492002186390756,0.021909278191340073,1.560585414994743,0.07592319565206956,0.0057643316380224345,0,0,512,0,0.125,1,512,512,,,1.4634834987460195,0.06634985384660963,0.004402303105466459,gaussian_iid,0.14428580095431517,0.02081839235702826,512,512,before,equal512,2026108998,1.2541440272842856,"[0.125, 0.125, 0.125, 0.125, 0.125, 0.125, 0.125, 0.125]",ar1_stationary
0.9495096669668139,1.2789492778163452,0.5617664990656581,0.31558159947248604,0.12047307381992356,1.9974201360977852,0.41748069811134303,0.17429013329553433,0,0,512,0,0.125,1,512,512,,,1.4634834987460195,0.36483953376260647,0.13310788539611607,ewma_gaussian,0.14428580095431517,0.02081839235702826,512,512,before,equal512,2026108998,1.2541440272842856,"[0.125, 0.125, 0.125, 0.125, 0.125, 0.125, 0.125, 0.125]",ar1_stationary
0.9495096669668139,1.2789492778163452,0.005370867337065599,2.884621595235812e-05,-0.04008690492296074,1.2858183447183327,-0.13891493361724952,0.019297358781884842,0,0,512,0,0.125,1,512,512,,,1.4634834987460195,-0.12139880919731483,0.014737670874526052,ar_gaussian,0.14428580095431517,0.02081839235702826,512,512,before,equal512,2026108998,1.2541440272842856,"[0.125, 0.125, 0.125, 0.125, 0.125, 0.125, 0.125, 0.125]",ar1_stationary
1.1846195380082367,1.2564862413686222,0.08841763948296233,0.007817678971739099,-0.0014551198290538225,1.3675817888732555,-0.007579013361108532,5.744144352786164e-05,0,0,256,0,0.25058032550647147,1,512,512,,,1.3771047148846374,-0.006915179294974316,4.781970468164148e-05,raw,0.09599665284407097,0.009215357357265079,256,512,before,older256,2026108998,1.0832006260432459,"[0.3395289915884444, 0.151009700242196, 0.12798364126088374, 2.316420343675142e-17, 0.0008438066229287522, 0.08151695869926297, -4.992056581520186e-24, 0.2991169015862842]",ar1_stationary
1.1846195380082367,1.2564862413686222,0.15105933292759177,0.022818922064529013,0.010571665969283762,1.4462902148224632,0.055062680083520735,0.003031898737980151,0,0,256,0,0.25058032550647147,1,512,512,,,1.3771047148846374,0.050239825040190755,0.002524040020068978,iid_oic,0.09599665284407097,0.009215357357265079,256,512,before,older256,2026108998,1.0832006260432459,"[0.3395289915884444, 0.151009700242196, 0.12798364126088374, 2.316420343675142e-17, 0.0008438066229287522, 0.08151695869926297, -4.992056581520186e-24, 0.2991169015862842]",ar1_stationary
1.1846195380082367,1.2564862413686222,0.17303689297744929,0.029941766331289237,0.014791210374215578,1.473904716643962,0.07704024013337839,0.005935198599808606,0,0,256,0,0.25058032550647147,1,512,512,,,1.3771047148846374,0.07029240457392083,0.004941022140783766,hac,0.09599665284407097,0.009215357357265079,256,512,before,older256,2026108998,1.0832006260432459,"[0.3395289915884444, 0.151009700242196, 0.12798364126088374, 2.316420343675142e-17, 0.0008438066229287522, 0.08151695869926297, -4.992056581520186e-24, 0.2991169015862842]",ar1_stationary
1.1846195380082367,1.2564862413686222,0.0720798236883633,0.005195500982945539,-0.004591871091182845,1.3470535481133268,-0.023916829155707656,0.0005720147168633078,256,0,256,0,0.25058032550647147,1,512,512,,,1.3771047148846374,-0.021821991055943846,0.0004761992936456932,chronological,0.09599665284407097,0.009215357357265079,256,512,before,older256,2026108998,1.0832006260432459,"[0.3395289915884444, 0.151009700242196, 0.12798364126088374, 2.316420343675142e-17, 0.0008438066229287522, 0.08151695869926297, -4.992056581520186e-24, 0.2991169015862842]",ar1_stationary
1.1846195380082367,1.2564862413686222,0.08593541818402262,0.007384896098462845,-0.0019316897016867873,1.3644629119631055,-0.010061234660048327,0.00010122844288455778,240,0,256,16,0.25058032550647147,1,512,512,,,1.3771047148846374,-0.00917998666687514,8.427215520400534e-05,blocked_holdout,0.09599665284407097,0.009215357357265079,256,512,before,older256,2026108998,1.0832006260432459,"[0.3395289915884444, 0.151009700242196, 0.12798364126088374, 2.316420343675142e-17, 0.0008438066229287522, 0.08151695869926297, -4.992056581520186e-24, 0.2991169015862842]",ar1_stationary
1.1846195380082367,1.2564862413686222,0.1438050535067701,0.020679893414085007,0.009178892882894757,1.4371753125391573,0.047808400662699105,0.002285643173925168,0,0,256,0,0.25058032550647147,1,512,512,,,1.3771047148846374,0.04362093674158407,0.001902786122213279,gaussian_iid,0.09599665284407097,0.009215357357265079,256,512,before,older256,2026108998,1.0832006260432459,"[0.3395289915884444, 0.151009700242196, 0.12798364126088374, 2.316420343675142e-17, 0.0008438066229287522, 0.08151695869926297, -4.992056581520186e-24, 0.2991169015862842]",ar1_stationary
1.1846195380082367,1.2564862413686222,0.23535400188190447,0.05539150620182749,0.026755678113709866,1.55220530658428,0.13935734903783353,0.01942047073085256,0,0,256,0,0.25058032550647147,1,512,512,,,1.3771047148846374,0.12715125422710583,0.016167441451526095,ewma_gaussian,0.09599665284407097,0.009215357357265079,256,512,before,older256,2026108998,1.0832006260432459,"[0.3395289915884444, 0.151009700242196, 0.12798364126088374, 2.316420343675142e-17, 0.0008438066229287522, 0.08151695869926297, -4.992056581520186e-24, 0.2991169015862842]",ar1_stationary
1.1846195380082367,1.2564862413686222,0.011760742213029252,0.00013831505740132818,-0.016172730939704574,1.2712634521475767,-0.0842359106310416,0.007095688639840828,0,0,256,0,0.25058032550647147,1,512,512,,,1.3771047148846374,-0.07685781741436204,0.0059071240976994125,ar_gaussian,0.09599665284407097,0.009215357357265079,256,512,before,older256,2026108998,1.0832006260432459,"[0.3395289915884444, 0.151009700242196, 0.12798364126088374, 2.316420343675142e-17, 0.0008438066229287522, 0.08151695869926297, -4.992056581520186e-24, 0.2991169015862842]",ar1_stationary
1.5149859791929556,1.8760143115185546,-0.2911449300117577,0.08476537027155127,0.010239702474585569,1.3298222560904291,-0.018799079271352385,0.0003534053814505909,0,320,832,0,0.2813659993760079,1,512,832,,,1.365089597846858,-0.025835184600377703,0.0006674567633355932,raw,-0.27234585074040535,0.07417226241551515,512,832,after,full512,2026108999,1.0084572826154863,"[0.4454987534515306, 0.2369398329528294, 0.0672269460554263, 0.08939588737082424, 0.03305376340384214, 1.089090130283264e-24, 0.11381962863377237, 0.01406518813177496]",ar1_stationary
1.5149859791929556,1.8760143115185546,-0.26264335469352973,0.06898153176467127,-0.005284869080383543,1.383291619288249,0.00970249604687566,9.41384295396378e-05,0,320,832,0,0.2813659993760079,1,512,832,,,1.365089597846858,0.013333939010377716,0.00017779392953247265,iid_oic,-0.27234585074040535,0.07417226241551515,512,832,after,full512,2026108999,1.0084572826154863,"[0.4454987534515306, 0.2369398329528294, 0.0672269460554263, 0.08939588737082424, 0.03305376340384214, 1.089090130283264e-24, 0.11381962863377237, 0.01406518813177496]",ar1_stationary
1.5149859791929556,1.8760143115185546,-0.2417585889464594,0.05844721532938312,-0.016660627670183392,1.4224717387224652,0.03058726179394591,0.0009355805840513832,0,320,832,0,0.2813659993760079,1,512,832,,,1.365089597846858,0.04203543926062836,0.0017669781538339762,hac,-0.27234585074040535,0.07417226241551515,512,832,after,full512,2026108999,1.0084572826154863,"[0.4454987534515306, 0.2369398329528294, 0.0672269460554263, 0.08939588737082424, 0.03305376340384214, 1.089090130283264e-24, 0.11381962863377237, 0.01406518813177496]",ar1_stationary
1.5149859791929556,1.8760143115185546,-0.2700104839254468,0.07290566142965396,-0.0012720549240215707,1.3694707794143657,0.002335366814958507,5.453938160409442e-06,0,320,832,0,0.2813659993760079,1,512,832,,,1.365089597846858,0.0032094461597378388,1.030054465225596e-05,block_bootstrap,-0.27234585074040535,0.07417226241551515,512,832,after,full512,2026108999,1.0084572826154863,"[0.4454987534515306, 0.2369398329528294, 0.0672269460554263, 0.08939588737082424, 0.03305376340384214, 1.089090130283264e-24, 0.11381962863377237, 0.01406518813177496]",ar1_stationary
1.5149859791929556,1.8760143115185546,-0.30361474335911365,0.09218191238502045,0.017031906323904982,1.3064287077888244,-0.03126889261870829,0.0009777436456003099,0,320,832,0,0.2813659993760079,1,512,832,,,1.365089597846858,-0.042972190360661244,0.001846609144392907,gaussian_iid,-0.27234585074040535,0.07417226241551515,512,832,after,full512,2026108999,1.0084572826154863,"[0.4454987534515306, 0.2369398329528294, 0.0672269460554263, 0.08939588737082424, 0.03305376340384214, 1.089090130283264e-24, 0.11381962863377237, 0.01406518813177496]",ar1_stationary
1.5149859791929556,1.8760143115185546,-0.2060030862726525,0.042437271553857916,-0.03613635325888094,1.489549573454067,0.0663427644677528,0.0044013623972237225,0,320,832,0,0.2813659993760079,1,512,832,,,1.365089597846858,0.09117348473207798,0.008312604318190456,ewma_gaussian,-0.27234585074040535,0.07417226241551515,512,832,after,full512,2026108999,1.0084572826154863,"[0.4454987534515306, 0.2369398329528294, 0.0672269460554263, 0.08939588737082424, 0.03305376340384214, 1.089090130283264e-24, 0.11381962863377237, 0.01406518813177496]",ar1_stationary
1.5149859791929556,1.8760143115185546,-0.0025191021741410857,6.345875763762345e-06,-0.14697239078159335,1.8712884397876883,0.2698267485662642,0.07280647424184196,0,320,832,0,0.2813659993760079,1,512,832,,,1.365089597846858,0.3708173022043775,0.13750547161413262,ar_gaussian,-0.27234585074040535,0.07417226241551515,512,832,after,full512,2026108999,1.0084572826154863,"[0.4454987534515306, 0.2369398329528294, 0.0672269460554263, 0.08939588737082424, 0.03305376340384214, 1.089090130283264e-24, 0.11381962863377237, 0.01406518813177496]",ar1_stationary
1.777540076598747,2.277548352489801,-0.335485720413918,0.11255066860164556,-0.01991883348764506,1.513463402677228,0.02744188277833153,0.0007530569304196886,0,320,832,0,0.125,1,512,832,,,1.4509631877662208,0.043074983182190385,0.0018554541761459846,raw,-0.3629276031922495,0.1317164451588709,512,832,after,equal512,2026108999,1.1839703266987625,"[0.125, 0.125, 0.125, 0.125, 0.125, 0.125, 0.125, 0.125]",ar1_stationary
1.777540076598747,2.277548352489801,-0.33109074518354176,0.10962108154619297,-0.023108949140544528,1.5234731712724048,0.03183685800870772,0.0010135855278666167,0,320,832,0,0.125,1,512,832,,,1.4509631877662208,0.04997368928278201,0.0024973696205320413,iid_oic,-0.3629276031922495,0.1317164451588709,512,832,after,equal512,2026108999,1.1839703266987625,"[0.125, 0.125, 0.125, 0.125, 0.125, 0.125, 0.125, 0.125]",ar1_stationary
1.777540076598747,2.277548352489801,-0.32331507068176135,0.10453263492995234,-0.028752962960813026,1.5411826459234317,0.039612532510488116,0.0015691527318944778,0,320,832,0,0.125,1,512,832,,,1.4509631877662208,0.06217901247798374,0.003866229592737258,hac,-0.3629276031922495,0.1317164451588709,512,832,after,equal512,2026108999,1.1839703266987625,"[0.125, 0.125, 0.125, 0.125, 0.125, 0.125, 0.125, 0.125]",ar1_stationary
1.777540076598747,2.277548352489801,-0.3143566528683339,0.09882010520258219,-0.035255477171656995,1.5615858756553187,0.04857095032391559,0.002359137215368276,0,320,832,0,0.125,1,512,832,,,1.4509631877662208,0.07624086456624934,0.005812669429809175,block_bootstrap,-0.3629276031922495,0.1317164451588709,512,832,after,equal512,2026108999,1.1839703266987625,"[0.125, 0.125, 0.125, 0.125, 0.125, 0.125, 0.125, 0.125]",ar1_stationary
1.777540076598747,2.277548352489801,-0.35340906835937136,0.12489796959863882,-0.006909078065596764,1.472642111092959,0.009518534832878085,9.060250536471343e-05,0,320,832,0,0.125,1,512,832,,,1.4509631877662208,0.01494105674735513,0.00022323517672768626,gaussian_iid,-0.3629276031922495,0.1317164451588709,512,832,after,equal512,2026108999,1.1839703266987625,"[0.125, 0.125, 0.125, 0.125, 0.125, 0.125, 0.125, 0.125]",ar1_stationary
1.777540076598747,2.277548352489801,-0.22806906882936084,0.052015500156691735,-0.0978877692926856,1.758110020523607,0.13485853436288867,0.018186824290506422,0,320,832,0,0.125,1,512,832,,,1.4509631877662208,0.21168478659354784,0.04481044887515589,ewma_gaussian,-0.3629276031922495,0.1317164451588709,512,832,after,equal512,2026108999,1.1839703266987625,"[0.125, 0.125, 0.125, 0.125, 0.125, 0.125, 0.125, 0.125]",ar1_stationary
1.777540076598747,2.277548352489801,0.04624177811645169,0.0021383020433711508,-0.2969977257160451,2.3828662380551244,0.40916938130870123,0.16741958260054535,0,320,832,0,0.125,1,512,832,,,1.4509631877662208,0.6422651230205103,0.41250448824855124,ar_gaussian,-0.3629276031922495,0.1317164451588709,512,832,after,equal512,2026108999,1.1839703266987625,"[0.125, 0.125, 0.125, 0.125, 0.125, 0.125, 0.125, 0.125]",ar1_stationary
1.4861169418736013,1.9511274270461048,-0.41637379452737133,0.17336713676912163,0.07559641874004216,1.1387290966404913,-0.1337317105923776,0.01788417041796344,0,320,576,0,0.3142608511420867,1,512,832,,,1.3996567050430713,-0.18642257595197287,0.034753376824569096,raw,-0.28264208393499374,0.07988654761111605,256,832,after,older256,2026108999,0.9315648555526175,"[0.49999999999999994, 0.19747311215717342, 3.669206374096568e-17, 0.10454942822616983, 0.042486298203126355, 1.4669504762230632e-23, 0.06289967216671852, 0.092591489246812]",ar1_stationary
1.4861169418736013,1.9511274270461048,-0.37017412559574336,0.1370288832605732,0.04948047733215794,1.2288705378134404,-0.08753204166074965,0.0076618583172992135,0,320,576,0,0.3142608511420867,1,512,832,,,1.3996567050430713,-0.12202004006716449,0.014888890177992428,iid_oic,-0.28264208393499374,0.07988654761111605,256,832,after,older256,2026108999,0.9315648555526175,"[0.49999999999999994, 0.19747311215717342, 3.669206374096568e-17, 0.10454942822616983, 0.042486298203126355, 1.4669504762230632e-23, 0.06289967216671852, 0.092591489246812]",ar1_stationary
1.4861169418736013,1.9511274270461048,-0.3566274467964844,0.12718313580857932,0.04182275427971684,1.2553018343640585,-0.07398536286149068,0.005473833917746445,0,320,576,0,0.3142608511420867,1,512,832,,,1.3996567050430713,-0.1031359119410431,0.010637016331910597,hac,-0.28264208393499374,0.07988654761111605,256,832,after,older256,2026108999,0.9315648555526175,"[0.49999999999999994, 0.19747311215717342, 3.669206374096568e-17, 0.10454942822616983, 0.042486298203126355, 1.4669504762230632e-23, 0.06289967216671852, 0.092591489246812]",ar1_stationary
1.4861169418736013,1.9511274270461048,-0.1876730943252587,0.035221190333617446,-0.05368446626499253,1.5849533053894818,0.09496898960973499,0.009019108987493953,256,320,576,0,0.3142608511420867,1,512,832,,,1.3996567050430713,0.13238717728338134,0.01752636470906144,chronological,-0.28264208393499374,0.07988654761111605,256,832,after,older256,2026108999,0.9315648555526175,"[0.49999999999999994, 0.19747311215717342, 3.669206374096568e-17, 0.10454942822616983, 0.042486298203126355, 1.4669504762230632e-23, 0.06289967216671852, 0.092591489246812]",ar1_stationary
1.4861169418736013,1.9511274270461048,-0.16660527286324645,0.027757316945836802,-0.06559377218897962,1.6260593096721245,0.11603681107174729,0.013464541523700375,240,320,576,16,0.3142608511420867,1,512,832,,,1.3996567050430713,0.16175581041644516,0.026164942203480947,blocked_holdout,-0.28264208393499374,0.07988654761111605,256,832,after,older256,2026108999,0.9315648555526175,"[0.49999999999999994, 0.19747311215717342, 3.669206374096568e-17, 0.10454942822616983, 0.042486298203126355, 1.4669504762230632e-23, 0.06289967216671852, 0.092591489246812]",ar1_stationary
1.4861169418736013,1.9511274270461048,-0.3204445889175118,0.10268473456651314,0.0213691575724438,1.3258992007606332,-0.0378025049825181,0.0014290293829533058,0,320,576,0,0.3142608511420867,1,512,832,,,1.3996567050430713,-0.052696853461769666,0.0027769583647712258,gaussian_iid,-0.28264208393499374,0.07988654761111605,256,832,after,older256,2026108999,0.9315648555526175,"[0.49999999999999994, 0.19747311215717342, 3.669206374096568e-17, 0.10454942822616983, 0.042486298203126355, 1.4669504762230632e-23, 0.06289967216671852, 0.092591489246812]",ar1_stationary
1.4861169418736013,1.9511274270461048,-0.1580460897032978,0.02497856647050286,-0.07043214291919796,1.6427593666886113,0.12459599423169586,0.015524161778584787,0,320,576,0,0.3142608511420867,1,512,832,,,1.3996567050430713,0.17368734831164123,0.030167294963529382,ewma_gaussian,-0.28264208393499374,0.07988654761111605,256,832,after,older256,2026108999,0.9315648555526175,"[0.49999999999999994, 0.19747311215717342, 3.669206374096568e-17, 0.10454942822616983, 0.042486298203126355, 1.4669504762230632e-23, 0.06289967216671852, 0.092591489246812]",ar1_stationary
1.4861169418736013,1.9511274270461048,-0.019943558879537915,0.00039774554078159563,-0.1484993171366464,1.9122150023233295,0.2626985250554558,0.06901051506631195,0,320,576,0,0.3142608511420867,1,512,832,,,1.3996567050430713,0.3662028663410615,0.13410453931640934,ar_gaussian,-0.28264208393499374,0.07988654761111605,256,832,after,older256,2026108999,0.9315648555526175,"[0.49999999999999994, 0.19747311215717342, 3.669206374096568e-17, 0.10454942822616983, 0.042486298203126355, 1.4669504762230632e-23, 0.06289967216671852, 0.092591489246812]",ar1_stationary
1.5093777019632046,1.6490664842126441,0.29470450872328957,0.08685074746183546,-0.13345528133624393,2.135053812294574,-0.15003693093866302,0.022511080645493137,0,192,704,0,0.24218774688360034,1,512,704,-0.001960784510969087,1.6458330201928417,2.38247468649965,-0.10385036852945073,0.010784899043702731,raw,0.4447414396619527,0.1977949481525863,512,704,before,full512,2026108999,1.4407719275365154,"[0.39008483026618873, 0.11358106738625391, 0.05379946931787975, 0.20352225692956444, 1.4690782643270198e-24, 0.028991095726616005, 0.03461792568333713, 0.17540335469016072]",markov_stationary
1.5093777019632046,1.6490664842126441,0.4221645674608481,0.17822292201940496,-0.020081741291566393,2.3452439232344564,-0.02257687220110464,0.0005097151583850115,0,192,704,0,0.24218774688360034,1,512,704,-0.001960784510969087,1.6458330201928417,2.38247468649965,-0.015626929207753104,0.00024420091646412705,iid_oic,0.4447414396619527,0.1977949481525863,512,704,before,full512,2026108999,1.4407719275365154,"[0.39008483026618873, 0.11358106738625391, 0.05379946931787975, 0.20352225692956444, 1.4690782643270198e-24, 0.028991095726616005, 0.03461792568333713, 0.17540335469016072]",markov_stationary
1.5093777019632046,1.6490664842126441,0.4392949148284977,0.19298002219417704,-0.004844590591170768,2.3734930049413676,-0.005446524833455068,2.966463276144276e-05,0,192,704,0,0.24218774688360034,1,512,704,-0.001960784510969087,1.6458330201928417,2.38247468649965,-0.003769895902431819,1.4212115115172218e-05,hac,0.4447414396619527,0.1977949481525863,512,704,before,full512,2026108999,1.4407719275365154,"[0.39008483026618873, 0.11358106738625391, 0.05379946931787975, 0.20352225692956444, 1.4690782643270198e-24, 0.028991095726616005, 0.03461792568333713, 0.17540335469016072]",markov_stationary
1.5093777019632046,1.6490664842126441,0.34642607167425443,0.12001102313565568,-0.0874498365994871,2.2203461082681044,-0.0983153679876982,0.009665911582556513,0,192,704,0,0.24218774688360034,1,512,704,-0.001960784510969087,1.6458330201928417,2.38247468649965,-0.06805049352685733,0.004630869669248851,block_bootstrap,0.4447414396619527,0.1977949481525863,512,704,before,full512,2026108999,1.4407719275365154,"[0.39008483026618873, 0.11358106738625391, 0.05379946931787975, 0.20352225692956444, 1.4690782643270198e-24, 0.028991095726616005, 0.03461792568333713, 0.17540335469016072]",markov_stationary
1.5093777019632046,1.6490664842126441,0.09711629429791624,0.009431574618159478,-0.3092066152237943,1.8092177102102693,-0.34762514536403644,0.12084324168936747,0,192,704,0,0.24218774688360034,1,512,704,-0.001960784510969087,1.6458330201928417,2.38247468649965,-0.24061408901330839,0.057895139831704294,gaussian_iid,0.4447414396619527,0.1977949481525863,512,704,before,full512,2026108999,1.4407719275365154,"[0.39008483026618873, 0.11358106738625391, 0.05379946931787975, 0.20352225692956444, 1.4690782643270198e-24, 0.028991095726616005, 0.03461792568333713, 0.17540335469016072]",markov_stationary
1.5093777019632046,1.6490664842126441,0.5182422880267084,0.26857506909915774,0.06537774623623267,2.5036824720991646,0.07350084836475572,0.0054023747103388135,0,192,704,0,0.24218774688360034,1,512,704,-0.001960784510969087,1.6458330201928417,2.38247468649965,0.05087474225281019,0.0025882393992898703,ewma_gaussian,0.4447414396619527,0.1977949481525863,512,704,before,full512,2026108999,1.4407719275365154,"[0.39008483026618873, 0.11358106738625391, 0.05379946931787975, 0.20352225692956444, 1.4690782643270198e-24, 0.028991095726616005, 0.03461792568333713, 0.17540335469016072]",markov_stationary
1.5093777019632046,1.6490664842126441,0.07083813698536723,0.0050180416515576524,-0.3325805862534869,1.7658832817192773,-0.37390330267658545,0.13980367975245828,0,192,704,0,0.24218774688360034,1,512,704,-0.001960784510969087,1.6458330201928417,2.38247468649965,-0.25880291961727986,0.06697895120242822,ar_gaussian,0.4447414396619527,0.1977949481525863,512,704,before,full512,2026108999,1.4407719275365154,"[0.39008483026618873, 0.11358106738625391, 0.05379946931787975, 0.20352225692956444, 1.4690782643270198e-24, 0.028991095726616005, 0.03461792568333713, 0.17540335469016072]",markov_stationary
1.5922769872352056,1.6859264482473126,0.4118776514203637,0.16964319973955463,-0.08185692050492355,2.380321874218891,-0.08274657431439583,0.006846995560767832,0,192,704,0,0.125,1,512,704,-0.0021807086861705335,1.682249933797375,2.5198265123573926,-0.05536279480129358,0.0030650390482101393,raw,0.49462422573475945,0.24465312468371028,512,704,before,equal512,2026108999,1.4204013862550815,"[0.125, 0.125, 0.125, 0.125, 0.125, 0.125, 0.125, 0.125]",markov_stationary
1.5922769872352056,1.6859264482473126,0.42504477493133597,0.18066306069643004,-0.06883136396138632,2.402520675993378,-0.06957945080342355,0.004841299974106038,0,192,704,0,0.125,1,512,704,-0.0021807086861705335,1.682249933797375,2.5198265123573926,-0.04655313998354216,0.0021671948423272716,iid_oic,0.49462422573475945,0.24465312468371028,512,704,before,equal512,2026108999,1.4204013862550815,"[0.125, 0.125, 0.125, 0.125, 0.125, 0.125, 0.125, 0.125]",markov_stationary
1.5922769872352056,1.6859264482473126,0.43342984168909915,0.18786142766663755,-0.060536449655800406,2.4166572818106107,-0.06119438404566022,0.0037447526387277543,0,192,704,0,0.125,1,512,704,-0.0021807086861705335,1.682249933797375,2.5198265123573926,-0.040942989543459984,0.0016763283927558735,hac,0.49462422573475945,0.24465312468371028,512,704,before,equal512,2026108999,1.4204013862550815,"[0.125, 0.125, 0.125, 0.125, 0.125, 0.125, 0.125, 0.125]",markov_stationary
1.5922769872352056,1.6859264482473126,0.43350076914786406,0.18792291685178972,-0.060466284777050676,2.416776860289249,-0.061123456586895435,0.003736076945130091,0,192,704,0,0.125,1,512,704,-0.0021807086861705335,1.682249933797375,2.5198265123573926,-0.040895534499213015,0.0016724447419763219,block_bootstrap,0.49462422573475945,0.24465312468371028,512,704,before,equal512,2026108999,1.4204013862550815,"[0.125, 0.125, 0.125, 0.125, 0.125, 0.125, 0.125, 0.125]",markov_stationary
1.5922769872352056,1.6859264482473126,0.18475598190324205,0.0341347728490311,-0.3065366803699079,1.9974114446098903,-0.3098682438315174,0.09601832853522872,0,192,704,0,0.125,1,512,704,-0.0021807086861705335,1.682249933797375,2.5198265123573926,-0.20732183949392746,0.04298234513114582,gaussian_iid,0.49462422573475945,0.24465312468371028,512,704,before,equal512,2026108999,1.4204013862550815,"[0.125, 0.125, 0.125, 0.125, 0.125, 0.125, 0.125, 0.125]",markov_stationary
1.5922769872352056,1.6859264482473126,0.938639651073053,0.8810443945665427,0.4392415719444867,3.2684038613650017,0.4440154253382936,0.19714969793834575,0,192,704,0,0.125,1,512,704,-0.0021807086861705335,1.682249933797375,2.5198265123573926,0.29707495549258534,0.08825352918092155,ewma_gaussian,0.49462422573475945,0.24465312468371028,512,704,before,equal512,2026108999,1.4204013862550815,"[0.125, 0.125, 0.125, 0.125, 0.125, 0.125, 0.125, 0.125]",markov_stationary
1.5922769872352056,1.6859264482473126,0.14657382308449995,0.021483885613606292,-0.34430832185511173,1.9330391332061936,-0.3480504026502595,0.12113908278500776,0,192,704,0,0.125,1,512,704,-0.0021807086861705335,1.682249933797375,2.5198265123573926,-0.23286816623031614,0.05422758284347015,ar_gaussian,0.49462422573475945,0.24465312468371028,512,704,before,equal512,2026108999,1.4204013862550815,"[0.125, 0.125, 0.125, 0.125, 0.125, 0.125, 0.125, 0.125]",markov_stationary
1.5177086185113853,1.5659985837872554,0.1172674935876139,0.013751665052321067,-0.5696661446870165,1.7496393126697398,-0.4782749871699725,0.22874696335243738,0,192,448,0,0.21889650698428398,1,512,704,-0.002625639006747789,1.5618868368211518,2.4986172652387846,-0.29975697478319774,0.08985424393117465,raw,0.5955424807575864,0.3546708463869002,256,704,before,older256,2026108999,1.196209737737091,"[0.31127589908757686, 0.18822099138922987, 0.17833590476041328, 0.2217470733007261, -4.193529027293594e-24, 3.0556200475590943e-18, 0.06693010141249625, 0.03349003004955772]",markov_stationary
1.5177086185113853,1.5659985837872554,0.3012564698067528,0.09075546060042697,-0.3505196420278275,2.0377657888613783,-0.2942860109508337,0.0866042562413542,0,192,448,0,0.21889650698428398,1,512,704,-0.002625639006747789,1.5618868368211518,2.4986172652387846,-0.18444260463131168,0.03401907440318236,iid_oic,0.5955424807575864,0.3546708463869002,256,704,before,older256,2026108999,1.196209737737091,"[0.31127589908757686, 0.18822099138922987, 0.17833590476041328, 0.2217470733007261, -4.193529027293594e-24, 3.0556200475590943e-18, 0.06693010141249625, 0.03349003004955772]",markov_stationary
1.5177086185113853,1.5659985837872554,0.30694747711576786,0.09421675370773484,-0.3437411688061867,2.046677898247619,-0.2885950036418186,0.0832870761270213,0,192,448,0,0.21889650698428398,1,512,704,-0.002625639006747789,1.5618868368211518,2.4986172652387846,-0.1808757880923293,0.03271605071802121,hac,0.5955424807575864,0.3546708463869002,256,704,before,older256,2026108999,1.196209737737091,"[0.31127589908757686, 0.18822099138922987, 0.17833590476041328, 0.2217470733007261, -4.193529027293594e-24, 3.0556200475590943e-18, 0.06693010141249625, 0.03349003004955772]",markov_stationary
1.5177086185113853,1.5659985837872554,0.7107763074834885,0.5052029592798626,0.13725327807106727,2.6790732746959334,0.11523382672590217,0.013278834821895244,256,192,448,0,0.21889650698428398,1,512,704,-0.002625639006747789,1.5618868368211518,2.4986172652387846,0.07222234952414897,0.005216067770788341,chronological,0.5955424807575864,0.3546708463869002,256,704,before,older256,2026108999,1.196209737737091,"[0.31127589908757686, 0.18822099138922987, 0.17833590476041328, 0.2217470733007261, -4.193529027293594e-24, 3.0556200475590943e-18, 0.06693010141249625, 0.03349003004955772]",markov_stationary
1.5177086185113853,1.5659985837872554,0.5826478621649969,0.3394785312854412,-0.015358586290107404,2.4784243107843125,-0.01289461859258959,0.00016627118864835714,240,192,448,16,0.21889650698428398,1,512,704,-0.002625639006747789,1.5618868368211518,2.4986172652387846,-0.00808165169407904,6.531309410441061e-05,blocked_holdout,0.5955424807575864,0.3546708463869002,256,704,before,older256,2026108999,1.196209737737091,"[0.31127589908757686, 0.18822099138922987, 0.17833590476041328, 0.2217470733007261, -4.193529027293594e-24, 3.0556200475590943e-18, 0.06693010141249625, 0.03349003004955772]",markov_stationary
1.5177086185113853,1.5659985837872554,0.2493376208662268,0.06216924917923026,-0.41235940222006595,1.95646094494865,-0.3462048598913597,0.11985780501239598,0,192,448,0,0.21889650698428398,1,512,704,-0.002625639006747789,1.5618868368211518,2.4986172652387846,-0.21698253983621718,0.047081422593775575,gaussian_iid,0.5955424807575864,0.3546708463869002,256,704,before,older256,2026108999,1.196209737737091,"[0.31127589908757686, 0.18822099138922987, 0.17833590476041328, 0.2217470733007261, -4.193529027293594e-24, 3.0556200475590943e-18, 0.06693010141249625, 0.03349003004955772]",markov_stationary
1.5177086185113853,1.5659985837872554,0.7976497294328904,0.6362450908643632,0.24072690451036174,2.815116930437449,0.20210724867530383,0.040847339967101104,0,192,448,0,0.21889650698428398,1,512,704,-0.002625639006747789,1.5618868368211518,2.4986172652387846,0.12666992644366348,0.016045270265243116,ewma_gaussian,0.5955424807575864,0.3546708463869002,256,704,before,older256,2026108999,1.196209737737091,"[0.31127589908757686, 0.18822099138922987, 0.17833590476041328, 0.2217470733007261, -4.193529027293594e-24, 3.0556200475590943e-18, 0.06693010141249625, 0.03349003004955772]",markov_stationary
1.5177086185113853,1.5659985837872554,0.20965589162096143,0.043955592891380325,-0.4596237131710184,1.8943194131483352,-0.3858865891366251,0.1489084596754985,0,192,448,0,0.21889650698428398,1,512,704,-0.002625639006747789,1.5618868368211518,2.4986172652387846,-0.24185290820549044,0.058492829207453384,ar_gaussian,0.5955424807575864,0.3546708463869002,256,704,before,older256,2026108999,1.196209737737091,"[0.31127589908757686, 0.18822099138922987, 0.17833590476041328, 0.2217470733007261, -4.193529027293594e-24, 3.0556200475590943e-18, 0.06693010141249625, 0.03349003004955772]",markov_stationary
1.546401987261747,1.6005853147939155,0.10441438898123279,0.010902364626324186,-0.5387093592674842,1.7677094524504562,-0.46940594835599864,0.22034194435199447,0,64,576,0,0.232943655492317,1,512,576,-0.0006481506130000977,1.599547894440973,2.5190337200659787,-0.2982589163577547,0.08895838118690211,raw,0.5738203373372313,0.32926977954181386,512,576,before,full512,2026108999,1.2600994560213268,"[0.3668023823539771, 0.055298175069887864, 0.04882684218133545, 0.24849840812648166, 2.8606633597284744e-17, 0.04322535348700292, 0.09448151291570461, 0.14286732586561043]",markov_stationary
1.546401987261747,1.6005853147939155,0.19040024515844567,0.036252253356396216,-0.4400284932718062,1.9053371511276849,-0.3834200921787857,0.14701096708638853,0,64,576,0,0.232943655492317,1,512,576,-0.0006481506130000977,1.599547894440973,2.5190337200659787,-0.24362380068585177,0.059352556260619624,iid_oic,0.5738203373372313,0.32926977954181386,512,576,before,full512,2026108999,1.2600994560213268,"[0.3668023823539771, 0.055298175069887864, 0.04882684218133545, 0.24849840812648166, 2.8606633597284744e-17, 0.04322535348700292, 0.09448151291570461, 0.14286732586561043]",markov_stationary
1.546401987261747,1.6005853147939155,0.19019039104492452,0.036172384845821304,-0.4402693303882309,1.9050012617153338,-0.3836299462923069,0.14717193569223827,0,64,576,0,0.232943655492317,1,512,576,-0.0006481506130000977,1.599547894440973,2.5190337200659787,-0.24375714126389791,0.05941754391714788,hac,0.5738203373372313,0.32926977954181386,512,576,before,full512,2026108999,1.2600994560213268,"[0.3668023823539771, 0.055298175069887864, 0.04882684218133545, 0.24849840812648166, 2.8606633597284744e-17, 0.04322535348700292, 0.09448151291570461, 0.14286732586561043]",markov_stationary
1.546401987261747,1.6005853147939155,0.16311403654234602,0.026606188917137792,-0.4713432561372949,1.8616632463203526,-0.4107063007948853,0.1686796655126188,0,64,576,0,0.232943655492317,1,512,576,-0.0006481506130000977,1.599547894440973,2.5190337200659787,-0.26096136328354036,0.06810083312680393,block_bootstrap,0.5738203373372313,0.32926977954181386,512,576,before,full512,2026108999,1.2600994560213268,"[0.3668023823539771, 0.055298175069887864, 0.04882684218133545, 0.24849840812648166, 2.8606633597284744e-17, 0.04322535348700292, 0.09448151291570461, 0.14286732586561043]",markov_stationary
1.546401987261747,1.6005853147939155,0.02854020784251854,0.0008145434636941567,-0.6257856556998904,1.646266352347817,-0.5452801294947127,0.29733041962177065,0,64,576,0,0.232943655492317,1,512,576,-0.0006481506130000977,1.599547894440973,2.5190337200659787,-0.3464691086768391,0.12004084326732335,gaussian_iid,0.5738203373372313,0.32926977954181386,512,576,before,full512,2026108999,1.2600994560213268,"[0.3668023823539771, 0.055298175069887864, 0.04882684218133545, 0.24849840812648166, 2.8606633597284744e-17, 0.04322535348700292, 0.09448151291570461, 0.14286732586561043]",markov_stationary
1.546401987261747,1.6005853147939155,-0.09521285477730246,0.009065487714843688,-0.7678097039779329,1.4481890176577594,-0.6690331921145338,0.4476054121509627,0,64,576,0,0.232943655492317,1,512,576,-0.0006481506130000977,1.599547894440973,2.5190337200659787,-0.4251013767216152,0.1807111804906126,ewma_gaussian,0.5738203373372313,0.32926977954181386,512,576,before,full512,2026108999,1.2600994560213268,"[0.3668023823539771, 0.055298175069887864, 0.04882684218133545, 0.24849840812648166, 2.8606633597284744e-17, 0.04322535348700292, 0.09448151291570461, 0.14286732586561043]",markov_stationary
1.546401987261747,1.6005853147939155,0.022221515960662463,0.0004937957715899766,-0.6330372435142437,1.6361527469130106,-0.5515988213765688,0.30426125974401985,0,64,576,0,0.232943655492317,1,512,576,-0.0006481506130000977,1.599547894440973,2.5190337200659787,-0.3504839836482394,0.12283902279393935,ar_gaussian,0.5738203373372313,0.32926977954181386,512,576,before,full512,2026108999,1.2600994560213268,"[0.3668023823539771, 0.055298175069887864, 0.04882684218133545, 0.24849840812648166, 2.8606633597284744e-17, 0.04322535348700292, 0.09448151291570461, 0.14286732586561043]",markov_stationary
1.588894515444558,1.6440597094691676,0.19024211834257665,0.03619206359147094,-0.42284896276320927,1.9568291112802632,-0.3744239304510825,0.14019327969443707,0,64,576,0,0.125,1,512,576,-0.0006378105163790914,1.643011110896913,2.5724044095959737,-0.23929958136418916,0.05726428964107619,raw,0.5646660487936592,0.3188477466602431,512,576,before,equal512,2026108999,1.3032229139598592,"[0.125, 0.125, 0.125, 0.125, 0.125, 0.125, 0.125, 0.125]",markov_stationary
1.588894515444558,1.6440597094691676,0.1977465575996442,0.0391037010425094,-0.41437395863580845,1.9691668575049668,-0.3669194911940149,0.13462991301807478,0,64,576,0,0.125,1,512,576,-0.0006378105163790914,1.643011110896913,2.5724044095959737,-0.23450338906305657,0.054991839482059275,iid_oic,0.5646660487936592,0.3188477466602431,512,576,before,equal512,2026108999,1.3032229139598592,"[0.125, 0.125, 0.125, 0.125, 0.125, 0.125, 0.125, 0.125]",markov_stationary
1.588894515444558,1.6440597094691676,0.2001073797807864,0.04004296344273189,-0.41170780636994864,1.9730481901342036,-0.3645586690128728,0.13290302315243735,0,64,576,0,0.125,1,512,576,-0.0006378105163790914,1.643011110896913,2.5724044095959737,-0.2329945545210389,0.05428646243645737,hac,0.5646660487936592,0.3188477466602431,512,576,before,equal512,2026108999,1.3032229139598592,"[0.125, 0.125, 0.125, 0.125, 0.125, 0.125, 0.125, 0.125]",markov_stationary
1.588894515444558,1.6440597094691676,0.13131762570874006,0.01724431882178075,-0.48939428362864845,1.8599537270400597,-0.4333484230849191,0.18779085579018606,0,64,576,0,0.125,1,512,576,-0.0006378105163790914,1.643011110896913,2.5724044095959737,-0.27695905041144475,0.0767063156048092,block_bootstrap,0.5646660487936592,0.3188477466602431,512,576,before,equal512,2026108999,1.3032229139598592,"[0.125, 0.125, 0.125, 0.125, 0.125, 0.125, 0.125, 0.125]",markov_stationary
1.588894515444558,1.6440597094691676,0.07955464317463834,0.006328941250644031,-0.5478518812712612,1.7748522930137869,-0.4851114056190208,0.2353330758616621,0,64,576,0,0.125,1,512,576,-0.0006378105163790914,1.643011110896913,2.5724044095959737,-0.3100414979880445,0.09612573047467059,gaussian_iid,0.5646660487936592,0.3188477466602431,512,576,before,equal512,2026108999,1.3032229139598592,"[0.125, 0.125, 0.125, 0.125, 0.125, 0.125, 0.125, 0.125]",markov_stationary
1.588894515444558,1.6440597094691676,-0.07033602819234497,0.0049471568618743465,-0.717128227574908,1.5284230793940456,-0.6350020769860042,0.4032276377765392,0,64,576,0,0.125,1,512,576,-0.0006378105163790914,1.643011110896913,2.5724044095959737,-0.40583872672100485,0.16470507210652646,ewma_gaussian,0.5646660487936592,0.3188477466602431,512,576,before,equal512,2026108999,1.3032229139598592,"[0.125, 0.125, 0.125, 0.125, 0.125, 0.125, 0.125, 0.125]",markov_stationary
1.588894515444558,1.6440597094691676,0.0630074396341429,0.003969937449250162,-0.5665391693548534,1.7476477023684727,-0.5016586091595163,0.25166136014386037,0,64,576,0,0.125,1,512,576,-0.0006378105163790914,1.643011110896913,2.5724044095959737,-0.3206170476737127,0.10279529125900776,ar_gaussian,0.5646660487936592,0.3188477466602431,512,576,before,equal512,2026108999,1.3032229139598592,"[0.125, 0.125, 0.125, 0.125, 0.125, 0.125, 0.125, 0.125]",markov_stationary
1.587757222914071,1.6318912588865255,0.05492558399256531,0.0030168197769243465,-0.6783171596572141,1.7215238392932304,-0.5555576062513585,0.3086442538637395,0,64,320,0,0.3142257002835972,1,512,576,-0.0006895626178378298,1.630765967678021,2.6281334407427446,-0.3449633064268207,0.11899968278092461,raw,0.6104831902439238,0.3726897255703989,256,576,before,older256,2026108999,1.224713229582956,"[0.48920450922877307, 0.007694991261708185, 0.04316471679728653, 0.1929926338166296, -7.782006197887225e-23, 0.14077786244154758, -1.279537971609379e-23, 0.12616528645405506]",markov_stationary
1.587757222914071,1.6318912588865255,0.15992342376369573,0.0255755014683026,-0.550118327272814,1.8928688962177063,-0.45055976648022805,0.20300410317071763,0,64,320,0,0.3142257002835972,1,512,576,-0.0006895626178378298,1.630765967678021,2.6281334407427446,-0.27976682352827675,0.07826947554710195,iid_oic,0.6104831902439238,0.3726897255703989,256,576,before,older256,2026108999,1.224713229582956,"[0.48920450922877307, 0.007694991261708185, 0.04316471679728653, 0.1929926338166296, -7.782006197887225e-23, 0.14077786244154758, -1.279537971609379e-23, 0.12616528645405506]",markov_stationary
1.587757222914071,1.6318912588865255,0.16546895039171838,0.02737997354373696,-0.5433474256978983,1.9019185926478988,-0.4450142398522055,0.1980376736712363,0,64,320,0,0.3142257002835972,1,512,576,-0.0006895626178378298,1.630765967678021,2.6281334407427446,-0.2763234304760447,0.0763546382300495,hac,0.6104831902439238,0.3726897255703989,256,576,before,older256,2026108999,1.224713229582956,"[0.48920450922877307, 0.007694991261708185, 0.04316471679728653, 0.1929926338166296, -7.782006197887225e-23, 0.14077786244154758, -1.279537971609379e-23, 0.12616528645405506]",markov_stationary
1.587757222914071,1.6318912588865255,0.20610316815176066,0.04247851592219293,-0.4937344119154644,1.9682292174222034,-0.4043800220921632,0.16352320226725842,256,64,320,0,0.3142257002835972,1,512,576,-0.0006895626178378298,1.630765967678021,2.6281334407427446,-0.25109235820767295,0.06304737235029034,chronological,0.6104831902439238,0.3726897255703989,256,576,before,older256,2026108999,1.224713229582956,"[0.48920450922877307, 0.007694991261708185, 0.04316471679728653, 0.1929926338166296, -7.782006197887225e-23, 0.14077786244154758, -1.279537971609379e-23, 0.12616528645405506]",markov_stationary
1.587757222914071,1.6318912588865255,0.2361106923586076,0.05574825904606104,-0.45709623369722885,2.017198233876183,-0.3743724978853161,0.14015476717289102,240,64,320,16,0.3142257002835972,1,512,576,-0.0006895626178378298,1.630765967678021,2.6281334407427446,-0.23245973640284545,0.054037529048480394,blocked_holdout,0.6104831902439238,0.3726897255703989,256,576,before,older256,2026108999,1.224713229582956,"[0.48920450922877307, 0.007694991261708185, 0.04316471679728653, 0.1929926338166296, -7.782006197887225e-23, 0.14077786244154758, -1.279537971609379e-23, 0.12616528645405506]",markov_stationary
1.587757222914071,1.6318912588865255,0.04933879659899709,0.002434316849837207,-0.6851384392396941,1.7124068097804093,-0.5611443936449266,0.31488303051913236,0,64,320,0,0.3142257002835972,1,512,576,-0.0006895626178378298,1.630765967678021,2.6281334407427446,-0.34843231959467746,0.12140508133812745,gaussian_iid,0.6104831902439238,0.3726897255703989,256,576,before,older256,2026108999,1.224713229582956,"[0.48920450922877307, 0.007694991261708185, 0.04316471679728653, 0.1929926338166296, -7.782006197887225e-23, 0.14077786244154758, -1.279537971609379e-23, 0.12616528645405506]",markov_stationary
1.587757222914071,1.6318912588865255,-0.078119183004698,0.006102606753321497,-0.8407603472607116,1.504409246989802,-0.6886023732486217,0.47417322844363413,0,64,320,0,0.3142257002835972,1,512,576,-0.0006895626178378298,1.630765967678021,2.6281334407427446,-0.4275750143932431,0.18282039293338204,ewma_gaussian,0.6104831902439238,0.3726897255703989,256,576,before,older256,2026108999,1.224713229582956,"[0.48920450922877307, 0.007694991261708185, 0.04316471679728653, 0.1929926338166296, -7.782006197887225e-23, 0.14077786244154758, -1.279537971609379e-23, 0.12616528645405506]",markov_stationary
1.587757222914071,1.6318912588865255,0.045400382471868284,0.0020611947285919248,-0.6899471104813568,1.7059797461924724,-0.5650828077720556,0.3193185796395499,0,64,320,0,0.3142257002835972,1,512,576,-0.0006895626178378298,1.630765967678021,2.6281334407427446,-0.35087780561464166,0.12311523447294626,ar_gaussian,0.6104831902439238,0.3726897255703989,256,576,before,older256,2026108999,1.224713229582956,"[0.48920450922877307, 0.007694991261708185, 0.04316471679728653, 0.1929926338166296, -7.782006197887225e-23, 0.14077786244154758, -1.279537971609379e-23, 0.12616528645405506]",markov_stationary
0.9763639774395423,1.1153583380240637,0.14025661762571673,0.01967191878780651,-0.030169294488471388,1.2717947259559597,-0.07130233475913181,0.005084022942103296,0,256,768,0,0.25954179156825935,1,512,768,,,1.3513223795501403,-0.05885172538965555,0.003463525581339428,raw,0.21155895238484848,0.044757190334174586,512,768,after,full512,2026108998,1.0329323516488822,"[0.4254489732572727, 0.17911915169537684, 0.1646002986124017, 2.557516134616736e-17, 6.850591216471744e-24, 0.046766619580001494, 0.10277871119252098, 0.08128624566242647]",ar1_stationary
0.9763639774395423,1.1153583380240637,0.18251183665117932,0.03331057051778676,-0.01229035474883301,1.3189244368210424,-0.029047115733669197,0.0008437349324451726,0,256,768,0,0.25954179156825935,1,512,768,,,1.3513223795501403,-0.023974991622564,0.000574800223302014,iid_oic,0.21155895238484848,0.044757190334174586,512,768,after,full512,2026108998,1.0329323516488822,"[0.4254489732572727, 0.17911915169537684, 0.1646002986124017, 2.557516134616736e-17, 6.850591216471744e-24, 0.046766619580001494, 0.10277871119252098, 0.08128624566242647]",ar1_stationary
0.9763639774395423,1.1153583380240637,0.20293322853231088,0.04118189524254712,-0.003649698203607749,1.3417016065297194,-0.008625723852537697,7.440311198023777e-05,0,256,768,0,0.25954179156825935,1,512,768,,,1.3513223795501403,-0.007119524671547084,5.068763154876761e-05,hac,0.21155895238484848,0.044757190334174586,512,768,after,full512,2026108998,1.0329323516488822,"[0.4254489732572727, 0.17911915169537684, 0.1646002986124017, 2.557516134616736e-17, 6.850591216471744e-24, 0.046766619580001494, 0.10277871119252098, 0.08128624566242647]",ar1_stationary
0.9763639774395423,1.1153583380240637,0.17907061142339376,0.03206628387554808,-0.013746398757054266,1.315086237570213,-0.032488340961454774,0.00105549229842774,0,256,768,0,0.25954179156825935,1,512,768,,,1.3513223795501403,-0.026815319962354534,0.0007190613846834495,block_bootstrap,0.21155895238484848,0.044757190334174586,512,768,after,full512,2026108998,1.0329323516488822,"[0.4254489732572727, 0.17911915169537684, 0.1646002986124017, 2.557516134616736e-17, 6.850591216471744e-24, 0.046766619580001494, 0.10277871119252098, 0.08128624566242647]",ar1_stationary
0.9763639774395423,1.1153583380240637,0.17036676799940853,0.02902483563856429,-0.017429150750054353,1.3053783332344153,-0.04119218438543989,0.0016967960544440777,0,256,768,0,0.25954179156825935,1,512,768,,,1.3513223795501403,-0.033999323189644715,0.0011559539773539128,gaussian_iid,0.21155895238484848,0.044757190334174586,512,768,after,full512,2026108998,1.0329323516488822,"[0.4254489732572727, 0.17911915169537684, 0.1646002986124017, 2.557516134616736e-17, 6.850591216471744e-24, 0.046766619580001494, 0.10277871119252098, 0.08128624566242647]",ar1_stationary
0.9763639774395423,1.1153583380240637,-0.027212508736964125,0.0007405206317593489,-0.10102848034866052,1.085006639505738,-0.23877146112181263,0.05701181064624528,0,256,768,0,0.25954179156825935,1,512,768,,,1.3513223795501403,-0.19707787281156375,0.0388396879519309,ewma_gaussian,0.21155895238484848,0.044757190334174586,512,768,after,full512,2026108998,1.0329323516488822,"[0.4254489732572727, 0.17911915169537684, 0.1646002986124017, 2.557516134616736e-17, 6.850591216471744e-24, 0.046766619580001494, 0.10277871119252098, 0.08128624566242647]",ar1_stationary
0.9763639774395423,1.1153583380240637,0.002413657642255984,5.825743214020716e-06,-0.0884931189039265,1.1180504312004893,-0.2091452947425926,0.04374175431296593,0,256,768,0,0.25954179156825935,1,512,768,,,1.3513223795501403,-0.1726249427078297,0.029799370844881483,ar_gaussian,0.21155895238484848,0.044757190334174586,512,768,after,full512,2026108998,1.0329323516488822,"[0.4254489732572727, 0.17911915169537684, 0.1646002986124017, 2.557516134616736e-17, 6.850591216471744e-24, 0.046766619580001494, 0.10277871119252098, 0.08128624566242647]",ar1_stationary
1.23252656977216,1.319823798337401,0.11676017268821348,0.013632937926181433,0.003500526938770468,1.4739266529492898,0.017661896156426198,0.0003119425758403825,0,256,768,0,0.125,1,512,768,,,1.4506160620782746,0.016069442135928425,0.00025822697055995187,raw,0.09909827653178727,0.009820468411570579,512,768,after,equal512,2026108998,1.179811753526142,"[0.125, 0.125, 0.125, 0.125, 0.125, 0.125, 0.125, 0.125]",ar1_stationary
1.23252656977216,1.319823798337401,0.1251678759002366,0.015666997157377027,0.005166904734575006,1.4850233397378758,0.026069599368449374,0.000679624011231456,0,256,768,0,0.125,1,512,768,,,1.4506160620782746,0.02371907947186691,0.0005625947309927383,iid_oic,0.09909827653178727,0.009820468411570579,512,768,after,equal512,2026108998,1.179811753526142,"[0.125, 0.125, 0.125, 0.125, 0.125, 0.125, 0.125, 0.125]",ar1_stationary
1.23252656977216,1.319823798337401,0.13446628561394736,0.018081181966811667,0.007009817488805316,1.4972956021647228,0.03536800908216003,0.0012508960664357543,0,256,768,0,0.125,1,512,768,,,1.4506160620782746,0.03217911431338427,0.0010354953979938525,hac,0.09909827653178727,0.009820468411570579,512,768,after,equal512,2026108998,1.179811753526142,"[0.125, 0.125, 0.125, 0.125, 0.125, 0.125, 0.125, 0.125]",ar1_stationary
1.23252656977216,1.319823798337401,0.1401809176026807,0.019650689659929554,0.008142437850999114,1.5048379094621933,0.04108264107089342,0.0016877833973598588,0,256,768,0,0.125,1,512,768,,,1.4506160620782746,0.03737849648944036,0.0013971519998111053,block_bootstrap,0.09909827653178727,0.009820468411570579,512,768,after,equal512,2026108998,1.179811753526142,"[0.125, 0.125, 0.125, 0.125, 0.125, 0.125, 0.125, 0.125]",ar1_stationary
1.23252656977216,1.319823798337401,0.0830343117056418,0.006894696920429682,-0.0031838224570765205,1.429414459005073,-0.016063964826145395,0.00025805096593563645,0,256,768,0,0.125,1,512,768,,,1.4506160620782746,-0.014615585493260252,0.00021361533931079954,gaussian_iid,0.09909827653178727,0.009820468411570579,512,768,after,equal512,2026108998,1.179811753526142,"[0.125, 0.125, 0.125, 0.125, 0.125, 0.125, 0.125, 0.125]",ar1_stationary
1.23252656977216,1.319823798337401,-0.046979939852751396,0.002207114748568139,-0.028952198965090534,1.2578185556752801,-0.14607821638453863,0.021338845302088093,0,256,768,0,0.125,1,512,768,,,1.4506160620782746,-0.13290732912937464,0.017664358136303918,ewma_gaussian,0.09909827653178727,0.009820468411570579,512,768,after,equal512,2026108998,1.179811753526142,"[0.125, 0.125, 0.125, 0.125, 0.125, 0.125, 0.125, 0.125]",ar1_stationary
1.23252656977216,1.319823798337401,0.0030676546910601843,9.410505303583555e-06,-0.019032938237383716,1.3238725620037437,-0.09603062184072704,0.00922188033111672,0,256,768,0,0.125,1,512,768,,,1.4506160620782746,-0.08737218853963846,0.007633899330206131,ar_gaussian,0.09909827653178727,0.009820468411570579,512,768,after,equal512,2026108998,1.179811753526142,"[0.125, 0.125, 0.125, 0.125, 0.125, 0.125, 0.125, 0.125]",ar1_stationary
1.0798018960956193,1.2025897934284242,0.08350409629079625,0.006972934097342572,-0.01047382046495207,1.3030109673372001,-0.04179520648820236,0.0017468392853914729,0,256,512,0,0.27535754786687744,1,512,768,,,1.3532734560741457,-0.03714141329776566,0.0013794845817554436,raw,0.12529930277899862,0.01569991527690317,256,768,after,older256,2026108998,1.108059858885932,"[0.43199396707326504, 0.11173196817411081, 0.1607224865842387, -1.5634002044966714e-25, 6.533413412810276e-17, 0.011733101810242777, 0.07116716995202325, 0.2126513064061194]",ar1_stationary
1.0798018960956193,1.2025897934284242,0.15247787611455266,0.023249502704404866,0.006810912578945605,1.385958130967429,0.027178573335554027,0.0007386748485560883,0,256,512,0,0.27535754786687744,1,512,768,,,1.3532734560741457,0.024152306207277263,0.0005833338951300838,iid_oic,0.12529930277899862,0.01569991527690317,256,768,after,older256,2026108998,1.108059858885932,"[0.43199396707326504, 0.11173196817411081, 0.1607224865842387, -1.5634002044966714e-25, 6.533413412810276e-17, 0.011733101810242777, 0.07116716995202325, 0.2126513064061194]",ar1_stationary
1.0798018960956193,1.2025897934284242,0.17486820091999378,0.030578887692995313,0.012421896753179762,1.4128845070499996,0.049568898140995056,0.002457075662912343,0,256,512,0,0.27535754786687744,1,512,768,,,1.3532734560741457,0.04404952355216207,0.0019403605251724812,hac,0.12529930277899862,0.01569991527690317,256,768,after,older256,2026108998,1.108059858885932,"[0.43199396707326504, 0.11173196817411081, 0.1607224865842387, -1.5634002044966714e-25, 6.533413412810276e-17, 0.011733101810242777, 0.07116716995202325, 0.2126513064061194]",ar1_stationary
1.0798018960956193,1.2025897934284242,0.06999014050265506,0.004898619767581397,-0.013860398941032675,1.2867592220375386,-0.05530916227634354,0.0030591034317109032,256,256,512,0,0.27535754786687744,1,512,768,,,1.3532734560741457,-0.04915062342947696,0.0024157837835062494,chronological,0.12529930277899862,0.01569991527690317,256,768,after,older256,2026108998,1.108059858885932,"[0.43199396707326504, 0.11173196817411081, 0.1607224865842387, -1.5634002044966714e-25, 6.533413412810276e-17, 0.011733101810242777, 0.07116716995202325, 0.2126513064061194]",ar1_stationary
1.0798018960956193,1.2025897934284242,0.07987775594236823,0.006380455894388543,-0.011382576299546828,1.298649967446683,-0.04542154683663036,0.0020631169170322056,240,256,512,16,0.27535754786687744,1,512,768,,,1.3532734560741457,-0.04036396958965405,0.0016292500410345168,blocked_holdout,0.12529930277899862,0.01569991527690317,256,768,after,older256,2026108998,1.108059858885932,"[0.43199396707326504, 0.11173196817411081, 0.1607224865842387, -1.5634002044966714e-25, 6.533413412810276e-17, 0.011733101810242777, 0.07116716995202325, 0.2126513064061194]",ar1_stationary
1.0798018960956193,1.2025897934284242,0.10435094245661913,0.010889119191584638,-0.005249629885514778,1.3280811717613912,-0.020948360322379494,0.0004388338001962435,0,256,512,0,0.27535754786687744,1,512,768,,,1.3532734560741457,-0.018615812051643643,0.00034654845834212073,gaussian_iid,0.12529930277899862,0.01569991527690317,256,768,after,older256,2026108998,1.108059858885932,"[0.43199396707326504, 0.11173196817411081, 0.1607224865842387, -1.5634002044966714e-25, 6.533413412810276e-17, 0.011733101810242777, 0.07116716995202325, 0.2126513064061194]",ar1_stationary
1.0798018960956193,1.2025897934284242,-0.04588682646885711,0.002105600843383006,-0.04289900528038372,1.1474067642641554,-0.17118612924785567,0.029304690846863546,0,256,512,0,0.27535754786687744,1,512,768,,,1.3532734560741457,-0.1521249758398504,0.02314200827427507,ewma_gaussian,0.12529930277899862,0.01569991527690317,256,768,after,older256,2026108998,1.108059858885932,"[0.43199396707326504, 0.11173196817411081, 0.1607224865842387, -1.5634002044966714e-25, 6.533413412810276e-17, 0.011733101810242777, 0.07116716995202325, 0.2126513064061194]",ar1_stationary
1.0798018960956193,1.2025897934284242,0.005407183348396183,2.9237631763172956e-05,-0.030044797946701854,1.2090924169344015,-0.1198921194306025,0.014374120301561854,0,256,512,0,0.27535754786687744,1,512,768,,,1.3532734560741457,-0.10654242754307341,0.011351288866771048,ar_gaussian,0.12529930277899862,0.01569991527690317,256,768,after,older256,2026108998,1.108059858885932,"[0.43199396707326504, 0.11173196817411081, 0.1607224865842387, -1.5634002044966714e-25, 6.533413412810276e-17, 0.011733101810242777, 0.07116716995202325, 0.2126513064061194]",ar1_stationary
1.7449291794784694,1.8811660260702654,0.23407097241053476,0.054789220125213325,-0.028856760103911798,2.3214923870581936,-0.05067165461842932,0.002567616581769389,0,448,960,0,0.20095734100591567,1,512,960,-0.07629917413143529,1.73763461187699,2.4168141822111493,-0.039441093922142345,0.0015555998897752539,raw,0.28474262702896397,0.08107836364735568,512,960,after,full512,2026108998,1.5665676770079513,"[0.12629318269039888, 0.33458396663960666, 0.10577192352192982, 8.784220390068165e-24, 0.04734951887834283, 0.06638952048372627, 0.11426575450555021, 0.20534613328044543]",markov_stationary
1.7449291794784694,1.8811660260702654,0.3538270421919685,0.12519357578631704,0.03934255572054695,2.5467734369467268,0.06908441516300444,0.004772656418414358,0,448,960,0,0.20095734100591567,1,512,960,-0.07629917413143529,1.73763461187699,2.4168141822111493,0.05377296098812101,0.0028915313334299843,iid_oic,0.28474262702896397,0.08107836364735568,512,960,after,full512,2026108998,1.5665676770079513,"[0.12629318269039888, 0.33458396663960666, 0.10577192352192982, 8.784220390068165e-24, 0.04734951887834283, 0.06638952048372627, 0.11426575450555021, 0.20534613328044543]",markov_stationary
1.7449291794784694,1.8811660260702654,0.3728176590969845,0.13899300693455535,0.050157432013416776,2.5824979402825585,0.08807503206802045,0.007757211273782831,0,448,960,0,0.20095734100591567,1,512,960,-0.07629917413143529,1.73763461187699,2.4168141822111493,0.06855461180711253,0.004699734800023893,hac,0.28474262702896397,0.08107836364735568,512,960,after,full512,2026108998,1.5665676770079513,"[0.12629318269039888, 0.33458396663960666, 0.10577192352192982, 8.784220390068165e-24, 0.04734951887834283, 0.06638952048372627, 0.11426575450555021, 0.20534613328044543]",markov_stationary
1.7449291794784694,1.8811660260702654,0.3974571288382247,0.15797216926432514,0.06418924669885963,2.628848873660166,0.11271450180926074,0.012704558918109841,0,448,960,0,0.20095734100591567,1,512,960,-0.07629917413143529,1.73763461187699,2.4168141822111493,0.08773313770238866,0.0076971034511062915,block_bootstrap,0.28474262702896397,0.08107836364735568,512,960,after,full512,2026108998,1.5665676770079513,"[0.12629318269039888, 0.33458396663960666, 0.10577192352192982, 8.784220390068165e-24, 0.04734951887834283, 0.06638952048372627, 0.11426575450555021, 0.20534613328044543]",markov_stationary
1.7449291794784694,1.8811660260702654,0.14462843435079842,0.02091738402276321,-0.07979296661444654,2.1532361231747212,-0.1401141926781655,0.019631986989854085,0,448,960,0,0.20095734100591567,1,512,960,-0.07629917413143529,1.73763461187699,2.4168141822111493,-0.10906012591968484,0.011894111065617512,gaussian_iid,0.28474262702896397,0.08107836364735568,512,960,after,full512,2026108998,1.5665676770079513,"[0.12629318269039888, 0.33458396663960666, 0.10577192352192982, 8.784220390068165e-24, 0.04734951887834283, 0.06638952048372627, 0.11426575450555021, 0.20534613328044543]",markov_stationary
1.7449291794784694,1.8811660260702654,-0.12126876707785805,0.01470611386858379,-0.23121750192333707,1.6530393414199704,-0.4060113941068221,0.1648452521445652,0,448,960,0,0.20095734100591567,1,512,960,-0.07629917413143529,1.73763461187699,2.4168141822111493,-0.31602547122278113,0.09987209846158086,ewma_gaussian,0.28474262702896397,0.08107836364735568,512,960,after,full512,2026108998,1.5665676770079513,"[0.12629318269039888, 0.33458396663960666, 0.10577192352192982, 8.784220390068165e-24, 0.04734951887834283, 0.06638952048372627, 0.11426575450555021, 0.20534613328044543]",markov_stationary
1.7449291794784694,1.8811660260702654,0.130142382447078,0.01693703970900151,-0.08804255956313307,2.125985454481552,-0.15460024458188587,0.02390123562477893,0,448,960,0,0.20095734100591567,1,512,960,-0.07629917413143529,1.73763461187699,2.4168141822111493,-0.12033557642545667,0.014480650953646923,ar_gaussian,0.28474262702896397,0.08107836364735568,512,960,after,full512,2026108998,1.5665676770079513,"[0.12629318269039888, 0.33458396663960666, 0.10577192352192982, 8.784220390068165e-24, 0.04734951887834283, 0.06638952048372627, 0.11426575450555021, 0.20534613328044543]",markov_stationary
1.8007751713762326,1.9559496014083928,0.26288698827276935,0.06910956860312717,-0.004842831405106575,2.470143301335969,-0.008908947428894408,7.936934429080429e-05,0,448,960,0,0.125,1,512,960,-0.07282999964809694,1.8134977926261242,2.487568753508483,-0.007005013287748274,4.907021116152988e-05,raw,0.27179593570166377,0.07387303066394295,512,960,after,equal512,2026108998,1.6484267840566016,"[0.125, 0.125, 0.125, 0.125, 0.125, 0.125, 0.125, 0.125]",markov_stationary
1.8007751713762326,1.9559496014083928,0.2743481241233312,0.07526689320999075,0.001387348880308154,2.492560705434563,0.0025521884216675233,6.5136657396937635e-06,0,448,960,0,0.125,1,512,960,-0.07282999964809694,1.8134977926261242,2.487568753508483,0.002006759378625933,4.027083203703141e-06,iid_oic,0.27179593570166377,0.07387303066394295,512,960,after,equal512,2026108998,1.6484267840566016,"[0.125, 0.125, 0.125, 0.125, 0.125, 0.125, 0.125, 0.125]",markov_stationary
1.8007751713762326,1.9559496014083928,0.28151885922297404,0.07925286809820467,0.005285302192460476,2.5065863018945143,0.00972292352131026,9.453524180124831e-05,0,448,960,0,0.125,1,512,960,-0.07282999964809694,1.8134977926261242,2.487568753508483,0.0076450342766238855,5.8446549090754096e-05,hac,0.27179593570166377,0.07387303066394295,512,960,after,equal512,2026108998,1.6484267840566016,"[0.125, 0.125, 0.125, 0.125, 0.125, 0.125, 0.125, 0.125]",markov_stationary
1.8007751713762326,1.9559496014083928,0.2448151318944769,0.05993444880451012,-0.014666545633514699,2.434795661056138,-0.0269808038071868,0.0007279637740819058,0,448,960,0,0.125,1,512,960,-0.07282999964809694,1.8134977926261242,2.487568753508483,-0.021214727182078286,0.0004500646494100113,block_bootstrap,0.27179593570166377,0.07387303066394295,512,960,after,equal512,2026108998,1.6484267840566016,"[0.125, 0.125, 0.125, 0.125, 0.125, 0.125, 0.125, 0.125]",markov_stationary
1.8007751713762326,1.9559496014083928,0.12164606086561736,0.014797764124121482,-0.08162025145310191,2.193883165671398,-0.1501498748360465,0.02254498491328043,0,448,960,0,0.125,1,512,960,-0.07282999964809694,1.8134977926261242,2.487568753508483,-0.11806129475732852,0.013938469319776806,gaussian_iid,0.27179593570166377,0.07387303066394295,512,960,after,equal512,2026108998,1.6484267840566016,"[0.125, 0.125, 0.125, 0.125, 0.125, 0.125, 0.125, 0.125]",markov_stationary
1.8007751713762326,1.9559496014083928,-0.11980524947308302,0.014353297801307658,-0.2128712210929016,1.721616571454883,-0.3916011851747468,0.15335148823026631,0,448,960,0,0.125,1,512,960,-0.07282999964809694,1.8134977926261242,2.487568753508483,-0.3079119646334584,0.09480977796443613,ewma_gaussian,0.27179593570166377,0.07387303066394295,512,960,after,equal512,2026108998,1.6484267840566016,"[0.125, 0.125, 0.125, 0.125, 0.125, 0.125, 0.125, 0.125]",markov_stationary
1.8007751713762326,1.9559496014083928,0.1130234555854428,0.012774301512474561,-0.08630742959372413,2.177017784310539,-0.1587724801162209,0.025208700442255757,0,448,960,0,0.125,1,512,960,-0.07282999964809694,1.8134977926261242,2.487568753508483,-0.12484116017293634,0.015585315273324745,ar_gaussian,0.27179593570166377,0.07387303066394295,512,960,after,equal512,2026108998,1.6484267840566016,"[0.125, 0.125, 0.125, 0.125, 0.125, 0.125, 0.125, 0.125]",markov_stationary
1.786377659545208,1.855877404649807,0.1569540242439269,0.024634565726363196,-0.1280533989057274,2.147164831812969,-0.18644814879042423,0.03476291218737618,0,448,704,0,0.17154031408080972,1,512,960,-0.09201749127220168,1.685104221765167,2.4931897382919024,-0.13878803572968224,0.019262118861703554,raw,0.34340217303435105,0.11792505244471438,256,960,after,older256,2026108998,1.4435854597115274,"[0.21568891766584777, 0.22973956378450877, -8.800116165441954e-24, 0.1239514345311244, 0.049403098407507756, 0.18111921735027592, 0.07167650205357497, 0.1284212662071604]",markov_stationary
1.786377659545208,1.855877404649807,0.3272311018453209,0.10708019401490278,-0.011106361973212292,2.463178212663198,-0.016171071189030165,0.0002615035434006815,0,448,704,0,0.17154031408080972,1,512,960,-0.09201749127220168,1.685104221765167,2.4931897382919024,-0.012037401392990477,0.00014489903229596908,iid_oic,0.34340217303435105,0.11792505244471438,256,960,after,older256,2026108998,1.4435854597115274,"[0.21568891766584777, 0.22973956378450877, -8.800116165441954e-24, 0.1239514345311244, 0.049403098407507756, 0.18111921735027592, 0.07167650205357497, 0.1284212662071604]",markov_stationary
1.786377659545208,1.855877404649807,0.33365539020147206,0.11132591941049658,-0.006694132809809157,2.4751009042643335,-0.009746782832879063,9.499977559130601e-05,0,448,704,0,0.17154031408080972,1,512,960,-0.09201749127220168,1.685104221765167,2.4931897382919024,-0.007255297801747607,5.2639346192043655e-05,hac,0.34340217303435105,0.11792505244471438,256,960,after,older256,2026108998,1.4435854597115274,"[0.21568891766584777, 0.22973956378450877, -8.800116165441954e-24, 0.1239514345311244, 0.049403098407507756, 0.18111921735027592, 0.07167650205357497, 0.1284212662071604]",markov_stationary
1.786377659545208,1.855877404649807,0.4828468426639574,0.2331410734705524,0.09577120513772792,2.751981949856346,0.13944466962960625,0.01944481588811003,256,448,704,0,0.17154031408080972,1,512,960,-0.09201749127220168,1.685104221765167,2.4931897382919024,0.10379964572682043,0.010774366453013431,chronological,0.34340217303435105,0.11792505244471438,256,960,after,older256,2026108998,1.4435854597115274,"[0.21568891766584777, 0.22973956378450877, -8.800116165441954e-24, 0.1239514345311244, 0.049403098407507756, 0.18111921735027592, 0.07167650205357497, 0.1284212662071604]",markov_stationary
1.786377659545208,1.855877404649807,0.5187205417473706,0.26907100043068566,0.12040941757777704,2.818559137406459,0.17531836871301962,0.030736530408194296,240,448,704,16,0.17154031408080972,1,512,960,-0.09201749127220168,1.685104221765167,2.4931897382919024,0.13050326419900515,0.017031101966595342,blocked_holdout,0.34340217303435105,0.11792505244471438,256,960,after,older256,2026108998,1.4435854597115274,"[0.21568891766584777, 0.22973956378450877, -8.800116165441954e-24, 0.1239514345311244, 0.049403098407507756, 0.18111921735027592, 0.07167650205357497, 0.1284212662071604]",markov_stationary
1.786377659545208,1.855877404649807,0.2306158538668739,0.05318367205474733,-0.07746213418131513,2.28387215699536,-0.11278631916747724,0.012720753791348042,0,448,704,0,0.17154031408080972,1,512,960,-0.09201749127220168,1.685104221765167,2.4931897382919024,-0.0839557367342395,0.007048565730588933,gaussian_iid,0.34340217303435105,0.11792505244471438,256,960,after,older256,2026108998,1.4435854597115274,"[0.21568891766584777, 0.22973956378450877, -8.800116165441954e-24, 0.1239514345311244, 0.049403098407507756, 0.18111921735027592, 0.07167650205357497, 0.1284212662071604]",markov_stationary
1.786377659545208,1.855877404649807,-0.1461567475025316,0.02136179484051878,-0.3362311942814334,1.5846283994227515,-0.48955892053688266,0.2396679366772378,0,448,704,0,0.17154031408080972,1,512,960,-0.09201749127220168,1.685104221765167,2.4931897382919024,-0.3644172462748909,0.1327999293825745,ewma_gaussian,0.34340217303435105,0.11792505244471438,256,960,after,older256,2026108998,1.4435854597115274,"[0.21568891766584777, 0.22973956378450877, -8.800116165441954e-24, 0.1239514345311244, 0.049403098407507756, 0.18111921735027592, 0.07167650205357497, 0.1284212662071604]",markov_stationary
1.786377659545208,1.855877404649807,0.2174851838073073,0.04729980517569824,-0.08648033544501955,2.259503243123899,-0.1259169892270437,0.015855088176003437,0,448,704,0,0.17154031408080972,1,512,960,-0.09201749127220168,1.685104221765167,2.4931897382919024,-0.0937299282035805,0.008785299441048356,ar_gaussian,0.34340217303435105,0.11792505244471438,256,960,after,older256,2026108998,1.4435854597115274,"[0.21568891766584777, 0.22973956378450877, -8.800116165441954e-24, 0.1239514345311244, 0.049403098407507756, 0.18111921735027592, 0.07167650205357497, 0.1284212662071604]",markov_stationary
0.863864938566096,1.125258170985184,0.17375231758695642,0.030189867866838565,-0.02027172515828177,1.3207743860775196,-0.04610252200104059,0.0021254425348564317,0,64,576,0,0.2791377694764734,1,512,576,,,1.3726516256622148,-0.03779344927353123,0.0014283448079909784,raw,0.2198548395879971,0.048336150490263935,512,576,before,full512,2026108998,1.0902576579851715,"[0.4047145493091142, 0.1056332436518599, 0.15384832175992944, -3.2240845248575438e-24, -1.1708879059545415e-25, 0.05805184000653826, 1.494799950826874e-17, 0.2777520452725583]",ar1_stationary
0.863864938566096,1.125258170985184,0.20790248830359204,0.04322344464282522,-0.005255564548664551,1.3592021447169527,-0.011952351284405105,0.00014285870122582038,0,64,576,0,0.2791377694764734,1,512,576,,,1.3726516256622148,-0.009798175075029447,9.600423480092832e-05,iid_oic,0.2198548395879971,0.048336150490263935,512,576,before,full512,2026108998,1.0902576579851715,"[0.4047145493091142, 0.1056332436518599, 0.15384832175992944, -3.2240845248575438e-24, -1.1708879059545415e-25, 0.05805184000653826, 1.494799950826874e-17, 0.2777520452725583]",ar1_stationary
0.863864938566096,1.125258170985184,0.21980897513367492,0.04831598554931652,-2.0167044495577523e-05,1.372600016310231,-4.586445432215661e-05,2.10354817026919e-09,0,64,576,0,0.2791377694764734,1,512,576,,,1.3726516256622148,-3.759828861082948e-05,1.4136313064632297e-09,hac,0.2198548395879971,0.048336150490263935,512,576,before,full512,2026108998,1.0902576579851715,"[0.4047145493091142, 0.1056332436518599, 0.15384832175992944, -3.2240845248575438e-24, -1.1708879059545415e-25, 0.05805184000653826, 1.494799950826874e-17, 0.2777520452725583]",ar1_stationary
0.863864938566096,1.125258170985184,0.24262920667692067,0.058868931932671884,0.010014109646106932,1.3982786683180422,0.022774367088923636,0.0005186717963010481,0,64,576,0,0.2791377694764734,1,512,576,,,1.3726516256622148,0.01866973540607142,0.00034855902013271675,block_bootstrap,0.2198548395879971,0.048336150490263935,512,576,before,full512,2026108998,1.0902576579851715,"[0.4047145493091142, 0.1056332436518599, 0.15384832175992944, -3.2240845248575438e-24, -1.1708879059545415e-25, 0.05805184000653826, 1.494799950826874e-17, 0.2777520452725583]",ar1_stationary
0.863864938566096,1.125258170985184,0.22550772260208052,0.0508537329531769,0.002485627376542051,1.3790125784634355,0.005652883014083427,3.195508637091293e-05,0,64,576,0,0.2791377694764734,1,512,576,,,1.3726516256622148,0.004634062046261711,2.1474531048603276e-05,gaussian_iid,0.2198548395879971,0.048336150490263935,512,576,before,full512,2026108998,1.0902576579851715,"[0.4047145493091142, 0.1056332436518599, 0.15384832175992944, -3.2240845248575438e-24, -1.1708879059545415e-25, 0.05805184000653826, 1.494799950826874e-17, 0.2777520452725583]",ar1_stationary
0.863864938566096,1.125258170985184,0.11760016613035629,0.013829799073887398,-0.04496236966030525,1.2575887188325827,-0.10225467345764072,0.010456018243928734,0,64,576,0,0.2791377694764734,1,512,576,,,1.3726516256622148,-0.08382527997526079,0.007026677562930858,ewma_gaussian,0.2198548395879971,0.048336150490263935,512,576,before,full512,2026108998,1.0902576579851715,"[0.4047145493091142, 0.1056332436518599, 0.15384832175992944, -3.2240845248575438e-24, -1.1708879059545415e-25, 0.05805184000653826, 1.494799950826874e-17, 0.2777520452725583]",ar1_stationary
0.863864938566096,1.125258170985184,-0.000613936688928729,3.769182580127709e-07,-0.0969422548850511,1.1245673337094995,-0.22046877627692582,0.048606481313045166,0,64,576,0,0.2791377694764734,1,512,576,,,1.3726516256622148,-0.1807336161009031,0.032664639988908624,ar_gaussian,0.2198548395879971,0.048336150490263935,512,576,before,full512,2026108998,1.0902576579851715,"[0.4047145493091142, 0.1056332436518599, 0.15384832175992944, -3.2240845248575438e-24, -1.1708879059545415e-25, 0.05805184000653826, 1.494799950826874e-17, 0.2777520452725583]",ar1_stationary
0.9300404039348513,1.2664619020091903,0.1865146841311187,0.034787727396530986,0.01018137694035025,1.5026756436265303,0.03320533644578324,0.0011025943684776606,0,64,576,0,0.125,1,512,576,,,1.4606223500745485,0.02879135291188395,0.0008289420024966483,raw,0.1533093476853355,0.023503756087703085,512,576,before,equal512,2026108998,1.242684144551545,"[0.125, 0.125, 0.125, 0.125, 0.125, 0.125, 0.125, 0.125]",ar1_stationary
0.9300404039348513,1.2664619020091903,0.19382525733717504,0.037568230381822124,0.012422935359203044,1.5119342060738499,0.04051590965183963,0.0016415389349160314,0,64,576,0,0.125,1,512,576,,,1.4606223500745485,0.03513013202672299,0.0012341261762149887,iid_oic,0.1533093476853355,0.023503756087703085,512,576,before,equal512,2026108998,1.242684144551545,"[0.125, 0.125, 0.125, 0.125, 0.125, 0.125, 0.125, 0.125]",ar1_stationary
0.9300404039348513,1.2664619020091903,0.20018474945837839,0.040073933915713726,0.014372874536626445,1.5199882605614814,0.04687540177304288,0.0021973032913841914,0,64,576,0,0.125,1,512,576,,,1.4606223500745485,0.04064425721262088,0.0016519556443656846,hac,0.1533093476853355,0.023503756087703085,512,576,before,equal512,2026108998,1.242684144551545,"[0.125, 0.125, 0.125, 0.125, 0.125, 0.125, 0.125, 0.125]",ar1_stationary
0.9300404039348513,1.2664619020091903,0.1905526165893927,0.0363102996890641,0.011419482522701124,1.5077895312478207,0.03724326890405728,0.0013870610786599201,0,64,576,0,0.125,1,512,576,,,1.4606223500745485,0.0322925232322131,0.0010428070567030227,block_bootstrap,0.1533093476853355,0.023503756087703085,512,576,before,equal512,2026108998,1.242684144551545,"[0.125, 0.125, 0.125, 0.125, 0.125, 0.125, 0.125, 0.125]",ar1_stationary
0.9300404039348513,1.2664619020091903,0.20408145461989013,0.041649240119770274,0.015567677189493355,1.5249232891918987,0.05077210693455469,0.0025778068425738564,0,64,576,0,0.125,1,512,576,,,1.4606223500745485,0.0440229735729214,0.0019380222022021359,gaussian_iid,0.1533093476853355,0.023503756087703085,512,576,before,equal512,2026108998,1.242684144551545,"[0.125, 0.125, 0.125, 0.125, 0.125, 0.125, 0.125, 0.125]",ar1_stationary
0.9300404039348513,1.2664619020091903,0.048865325797035064,0.0023878200652503803,-0.03202448973065651,1.328347975460402,-0.10444402188830053,0.010908553708203799,0,64,576,0,0.125,1,512,576,,,1.4606223500745485,-0.09056028384571513,0.008201165010216492,ewma_gaussian,0.1533093476853355,0.023503756087703085,512,576,before,equal512,2026108998,1.242684144551545,"[0.125, 0.125, 0.125, 0.125, 0.125, 0.125, 0.125, 0.125]",ar1_stationary
0.9300404039348513,1.2664619020091903,0.002913229271574558,8.486904788758828e-06,-0.046114261616840346,1.2701513958934574,-0.150396118413761,0.022618992433926018,0,64,576,0,0.125,1,512,576,,,1.4606223500745485,-0.1304039707261564,0.017005195581148252,ar_gaussian,0.1533093476853355,0.023503756087703085,512,576,before,equal512,2026108998,1.242684144551545,"[0.125, 0.125, 0.125, 0.125, 0.125, 0.125, 0.125, 0.125]",ar1_stationary
1.0053741206415334,1.1363551377447185,0.10054160885767427,0.010108615111689565,-0.14239393582008295,1.2506061115272566,-0.22125105783636584,0.0489520305937109,0,64,320,0,0.2528282708357087,1,512,576,,,1.5020258878310648,-0.16738711252630933,0.028018445439895342,raw,0.32179266669404016,0.10355052033806163,256,576,before,older256,2026108998,1.0416873813133285,"[0.27882834381499966, 0.028803163585424753, 0.106645954294143, -9.452007272417642e-25, 0.04991899013678106, 0.17612645869417906, 3.7396160321010983e-16, 0.35967708947447213]",ar1_stationary
1.0053741206415334,1.1363551377447185,0.1655221069630799,0.027397567893497263,-0.100573440283192,1.3244470344025452,-0.1562705597309603,0.02442048783862763,0,64,320,0,0.2528282708357087,1,512,576,,,1.5020258878310648,-0.11822622690274975,0.013977440727660469,iid_oic,0.32179266669404016,0.10355052033806163,256,576,before,older256,2026108998,1.0416873813133285,"[0.27882834381499966, 0.028803163585424753, 0.106645954294143, -9.452007272417642e-25, 0.04991899013678106, 0.17612645869417906, 3.7396160321010983e-16, 0.35967708947447213]",ar1_stationary
1.0053741206415334,1.1363551377447185,0.1871446682376101,0.035023126849765156,-0.0866574769766193,1.3490179429980576,-0.1346479984564301,0.018130083488322804,0,64,320,0,0.2528282708357087,1,512,576,,,1.5020258878310648,-0.10186771484608148,0.010377031327962569,hac,0.32179266669404016,0.10355052033806163,256,576,before,older256,2026108998,1.0416873813133285,"[0.27882834381499966, 0.028803163585424753, 0.106645954294143, -9.452007272417642e-25, 0.04991899013678106, 0.17612645869417906, 3.7396160321010983e-16, 0.35967708947447213]",ar1_stationary
1.0053741206415334,1.1363551377447185,0.35172946287560225,0.12371361505475967,0.01926688295108169,1.5360447199795995,0.029936796181562156,0.0008962117656163944,256,64,320,0,0.2528282708357087,1,512,576,,,1.5020258878310648,0.022648632373212907,0.0005129605483769477,chronological,0.32179266669404016,0.10355052033806163,256,576,before,older256,2026108998,1.0416873813133285,"[0.27882834381499966, 0.028803163585424753, 0.106645954294143, -9.452007272417642e-25, 0.04991899013678106, 0.17612645869417906, 3.7396160321010983e-16, 0.35967708947447213]",ar1_stationary
1.0053741206415334,1.1363551377447185,0.31614649025737185,0.09994860330205452,-0.003633796344361064,1.4956098262286437,-0.005646176436668257,3.1879308353987856e-05,240,64,320,16,0.2528282708357087,1,512,576,,,1.5020258878310648,-0.004271605206276452,1.824661103828809e-05,blocked_holdout,0.32179266669404016,0.10355052033806163,256,576,before,older256,2026108998,1.0416873813133285,"[0.27882834381499966, 0.028803163585424753, 0.106645954294143, -9.452007272417642e-25, 0.04991899013678106, 0.17612645869417906, 3.7396160321010983e-16, 0.35967708947447213]",ar1_stationary
1.0053741206415334,1.1363551377447185,0.2859082245834974,0.08174351288448758,-0.023094700639158916,1.4612484176736467,-0.03588444211054274,0.0012876931855848929,0,64,320,0,0.2528282708357087,1,512,576,,,1.5020258878310648,-0.027148313812554226,0.0007370309428649226,gaussian_iid,0.32179266669404016,0.10355052033806163,256,576,before,older256,2026108998,1.0416873813133285,"[0.27882834381499966, 0.028803163585424753, 0.106645954294143, -9.452007272417642e-25, 0.04991899013678106, 0.17612645869417906, 3.7396160321010983e-16, 0.35967708947447213]",ar1_stationary
1.0053741206415334,1.1363551377447185,0.14588711214005512,0.021283049488565017,-0.11321023497244163,1.30213470715581,-0.17590555455398507,0.03094276412294502,0,64,320,0,0.2528282708357087,1,512,576,,,1.5020258878310648,-0.13308104893178574,0.01771056558478435,ewma_gaussian,0.32179266669404016,0.10355052033806163,256,576,before,older256,2026108998,1.0416873813133285,"[0.27882834381499966, 0.028803163585424753, 0.106645954294143, -9.452007272417642e-25, 0.04991899013678106, 0.17612645869417906, 3.7396160321010983e-16, 0.35967708947447213]",ar1_stationary
1.0053741206415334,1.1363551377447185,-0.009463812947065664,8.956375549704769e-05,-0.2131918118867829,1.1256008852796655,-0.33125647964110577,0.10973085530421832,0,64,320,0,0.2528282708357087,1,512,576,,,1.5020258878310648,-0.25061152780459695,0.06280613786855427,ar_gaussian,0.32179266669404016,0.10355052033806163,256,576,before,older256,2026108998,1.0416873813133285,"[0.27882834381499966, 0.028803163585424753, 0.106645954294143, -9.452007272417642e-25, 0.04991899013678106, 0.17612645869417906, 3.7396160321010983e-16, 0.35967708947447213]",ar1_stationary
3.592198078305641,4.909425547037616,-0.4972940301082669,0.24730135238132187,0.059415217313107484,2.467997531234797,-0.06943281517372017,0.004820915822947986,0,384,896,0,0.2378507285494705,1,512,896,0.005666751331958743,4.9372460407954435,2.8088727678514,-0.12135659561303291,0.0147274232987852,raw,-0.4278612149345467,0.18306521924526636,512,896,after,full512,2026108999,1.7079612192089422,"[0.3225601240370426, 0.206989929575764, 0.20216172161434498, 0.21811498984682506, 5.399519636912872e-25, 4.7583436452021194e-17, 8.061009017519426e-17, 0.05017323492602363]",markov_shift
3.592198078305641,4.909425547037616,-0.4666590171337598,0.2177706382722467,0.0332001495714911,2.6183978465656708,-0.03879780219921312,0.0015052694554892661,0,384,896,0,0.2378507285494705,1,512,896,0.005666751331958743,4.9372460407954435,2.8088727678514,-0.06781187224490404,0.004598450017359187,iid_oic,-0.4278612149345467,0.18306521924526636,512,896,after,full512,2026108999,1.7079612192089422,"[0.3225601240370426, 0.206989929575764, 0.20216172161434498, 0.21811498984682506, 5.399519636912872e-25, 4.7583436452021194e-17, 8.061009017519426e-17, 0.05017323492602363]",markov_shift
3.592198078305641,4.909425547037616,-0.4619958107628188,0.2134401291623943,0.029209739284768457,2.641291511054277,-0.03413459582827214,0.0011651706323594939,0,384,896,0,0.2378507285494705,1,512,896,0.005666751331958743,4.9372460407954435,2.8088727678514,-0.059661391115736206,0.0035594815898648473,hac,-0.4278612149345467,0.18306521924526636,512,896,after,full512,2026108999,1.7079612192089422,"[0.3225601240370426, 0.206989929575764, 0.20216172161434498, 0.21811498984682506, 5.399519636912872e-25, 4.7583436452021194e-17, 8.061009017519426e-17, 0.05017323492602363]",markov_shift
3.592198078305641,4.909425547037616,-0.464345987766552,0.21561719635489487,0.03122083846102542,2.6297534920320893,-0.036484772832005255,0.0013311386486030289,0,384,896,0,0.2378507285494705,1,512,896,0.005666751331958743,4.9372460407954435,2.8088727678514,-0.06376909551382948,0.0040664975426519066,block_bootstrap,-0.4278612149345467,0.18306521924526636,512,896,after,full512,2026108999,1.7079612192089422,"[0.3225601240370426, 0.206989929575764, 0.20216172161434498, 0.21811498984682506, 5.399519636912872e-25, 4.7583436452021194e-17, 8.061009017519426e-17, 0.05017323492602363]",markov_shift
3.592198078305641,4.909425547037616,-0.5746211349144243,0.33018944869034106,0.1255857553325746,2.0883658674209924,-0.14675991997987764,0.021538474112500088,0,384,896,0,0.2378507285494705,1,512,896,0.005666751331958743,4.9372460407954435,2.8088727678514,-0.2565110490859104,0.06579791830315432,gaussian_iid,-0.4278612149345467,0.18306521924526636,512,896,after,full512,2026108999,1.7079612192089422,"[0.3225601240370426, 0.206989929575764, 0.20216172161434498, 0.21811498984682506, 5.399519636912872e-25, 4.7583436452021194e-17, 8.061009017519426e-17, 0.05017323492602363]",markov_shift
3.592198078305641,4.909425547037616,-0.5513330267027164,0.3039681063331782,0.10565759878659753,2.2026971008177276,-0.12347181176816974,0.015245288301314339,0,384,896,0,0.2378507285494705,1,512,896,0.005666751331958743,4.9372460407954435,2.8088727678514,-0.21580744915596728,0.0465728551112054,ewma_gaussian,-0.4278612149345467,0.18306521924526636,512,896,after,full512,2026108999,1.7079612192089422,"[0.3225601240370426, 0.206989929575764, 0.20216172161434498, 0.21811498984682506, 5.399519636912872e-25, 4.7583436452021194e-17, 8.061009017519426e-17, 0.05017323492602363]",markov_shift
3.592198078305641,4.909425547037616,-0.5865852503452273,0.344082255922573,0.1358237172602556,2.0296289334773014,-0.1587240354106806,0.025193319417050986,0,384,896,0,0.2378507285494705,1,512,896,0.005666751331958743,4.9372460407954435,2.8088727678514,-0.2774222610909386,0.07696311094880891,ar_gaussian,-0.4278612149345467,0.18306521924526636,512,896,after,full512,2026108999,1.7079612192089422,"[0.3225601240370426, 0.206989929575764, 0.20216172161434498, 0.21811498984682506, 5.399519636912872e-25, 4.7583436452021194e-17, 8.061009017519426e-17, 0.05017323492602363]",markov_shift
3.7398043349172903,4.969632655353446,-0.43348856232664124,0.18791233366801832,0.016050148904566897,2.815353740292752,-0.01937911461987726,0.00037555008345034054,0,384,896,0,0.125,1,512,896,0.005484617867800736,4.9968891914114035,2.9116608211395314,-0.0330763391627078,0.0010940442124064778,raw,-0.414109447706764,0.1714866346800011,512,896,after,equal512,2026108999,1.8367966027422644,"[0.125, 0.125, 0.125, 0.125, 0.125, 0.125, 0.125, 0.125]",markov_shift
3.7398043349172903,4.969632655353446,-0.42527447920419703,0.180858382662401,0.009247090054061224,2.8561747160118385,-0.011165031497433019,0.0001246579283386714,0,384,896,0,0.125,1,512,896,0.005484617867800736,4.9968891914114035,2.9116608211395314,-0.019056513974720968,0.00036315072486873553,iid_oic,-0.414109447706764,0.1714866346800011,512,896,after,equal512,2026108999,1.8367966027422644,"[0.125, 0.125, 0.125, 0.125, 0.125, 0.125, 0.125, 0.125]",markov_shift
3.7398043349172903,4.969632655353446,-0.41805868785989964,0.174773066495141,0.0032708353173527068,2.8920345483106757,-0.0039492401531355855,1.5596497787138384e-05,0,384,896,0,0.125,1,512,896,0.005484617867800736,4.9968891914114035,2.9116608211395314,-0.00674057661055949,4.5435373042821664e-05,hac,-0.414109447706764,0.1714866346800011,512,896,after,equal512,2026108999,1.8367966027422644,"[0.125, 0.125, 0.125, 0.125, 0.125, 0.125, 0.125, 0.125]",markov_shift
3.7398043349172903,4.969632655353446,-0.41440265455074754,0.1717295600987062,0.00024283944845173805,2.9102036908328976,-0.00029320684398354474,8.597025335879074e-08,0,384,896,0,0.125,1,512,896,0.005484617867800736,4.9968891914114035,2.9116608211395314,-0.0005004464448793433,2.504466441923736e-07,block_bootstrap,-0.414109447706764,0.1714866346800011,512,896,after,equal512,2026108999,1.8367966027422644,"[0.125, 0.125, 0.125, 0.125, 0.125, 0.125, 0.125, 0.125]",markov_shift
3.7398043349172903,4.969632655353446,-0.5554665426806566,0.3085430800376018,0.11707461705814254,2.209167985891376,-0.14135709497389265,0.019981828299458108,0,384,896,0,0.125,1,512,896,0.005484617867800736,4.9968891914114035,2.9116608211395314,-0.24126877352878695,0.05821062108008509,gaussian_iid,-0.414109447706764,0.1714866346800011,512,896,after,equal512,2026108999,1.8367966027422644,"[0.125, 0.125, 0.125, 0.125, 0.125, 0.125, 0.125, 0.125]",markov_shift
3.7398043349172903,4.969632655353446,-0.5198278912664445,0.2702210365385184,0.08755801254983599,2.386278991752203,-0.1057184435596805,0.011176389308681353,0,384,896,0,0.125,1,512,896,0.005484617867800736,4.9968891914114035,2.9116608211395314,-0.1804406013134836,0.03255881060237154,ewma_gaussian,-0.414109447706764,0.1714866346800011,512,896,after,equal512,2026108999,1.8367966027422644,"[0.125, 0.125, 0.125, 0.125, 0.125, 0.125, 0.125, 0.125]",markov_shift
3.7398043349172903,4.969632655353446,-0.5650640387565845,0.31929736789590285,0.12502344465688317,2.1614719559828184,-0.1509545910498205,0.02278728855901855,0,384,896,0,0.125,1,512,896,0.005484617867800736,4.9968891914114035,2.9116608211395314,-0.2576498126808304,0.066383425974467,ar_gaussian,-0.414109447706764,0.1714866346800011,512,896,after,equal512,2026108999,1.8367966027422644,"[0.125, 0.125, 0.125, 0.125, 0.125, 0.125, 0.125, 0.125]",markov_shift
3.6457602019304707,6.105321424667436,-0.6894561469709429,0.47534977859601846,0.10977402722201461,1.8959700391970777,-0.09184384891225435,0.008435292583017003,0,384,640,0,0.23542577617357546,1,512,896,0.00662612013940227,6.145776017916949,2.456706257684983,-0.2282471568319696,0.05209676460187773,raw,-0.5976122980586885,0.35714045879098677,256,896,after,older256,2026108999,1.3721844242440366,"[0.36299138663882713, 0.11933211543123398, -4.275370885200378e-25, 0.18609932505148283, -2.0195353597852503e-24, 0.018247597381006554, 0.2084780611002545, 0.10485151439719603]",markov_shift
3.6457602019304707,6.105321424667436,-0.6478950422309939,0.4197679857475014,0.060099172595016966,2.149713942398736,-0.05028274417230527,0.0025283543614975,0,384,640,0,0.23542577617357546,1,512,896,0.00662612013940227,6.145776017916949,2.456706257684983,-0.12496093675258257,0.015615235714082942,iid_oic,-0.5976122980586885,0.35714045879098677,256,896,after,older256,2026108999,1.3721844242440366,"[0.36299138663882713, 0.11933211543123398, -4.275370885200378e-25, 0.18609932505148283, -2.0195353597852503e-24, 0.018247597381006554, 0.2084780611002545, 0.10485151439719603]",markov_shift
3.6457602019304707,6.105321424667436,-0.6436059510227864,0.41422862019194534,0.05497274528797661,2.175900222844558,-0.04599365296409781,0.002115416112981863,0,384,640,0,0.23542577617357546,1,512,896,0.00662612013940227,6.145776017916949,2.456706257684983,-0.11430183562321206,0.013064909626835788,hac,-0.5976122980586885,0.35714045879098677,256,896,after,older256,2026108999,1.3721844242440366,"[0.36299138663882713, 0.11933211543123398, -4.275370885200378e-25, 0.18609932505148283, -2.0195353597852503e-24, 0.018247597381006554, 0.2084780611002545, 0.10485151439719603]",markov_shift
3.6457602019304707,6.105321424667436,-0.40629396839321796,0.1650747887527092,-0.22866837330426326,3.624766154723168,0.19131832966547058,0.03660270326598568,256,384,640,0,0.23542577617357546,1,512,896,0.00662612013940227,6.145776017916949,2.456706257684983,0.47545769600427423,0.22606002068969286,chronological,-0.5976122980586885,0.35714045879098677,256,896,after,older256,2026108999,1.3721844242440366,"[0.36299138663882713, 0.11933211543123398, -4.275370885200378e-25, 0.18609932505148283, -2.0195353597852503e-24, 0.018247597381006554, 0.2084780611002545, 0.10485151439719603]",markov_shift
3.6457602019304707,6.105321424667436,-0.4467175473269913,0.19955656708984273,-0.1803531174995251,3.3779672121970665,0.15089475073169722,0.02276922579838104,240,384,640,16,0.23542577617357546,1,512,896,0.00662612013940227,6.145776017916949,2.456706257684983,0.3749984157162569,0.14062381178970265,blocked_holdout,-0.5976122980586885,0.35714045879098677,256,896,after,older256,2026108999,1.3721844242440366,"[0.36299138663882713, 0.11933211543123398, -4.275370885200378e-25, 0.18609932505148283, -2.0195353597852503e-24, 0.018247597381006554, 0.2084780611002545, 0.10485151439719603]",markov_shift
3.6457602019304707,6.105321424667436,-0.6204912918209529,0.3850094432256349,0.02734553607907438,2.317022646893398,-0.022878993762264335,0.0005234483555737303,0,384,640,0,0.23542577617357546,1,512,896,0.00662612013940227,6.145776017916949,2.456706257684983,-0.05685808401172576,0.003232841717484465,gaussian_iid,-0.5976122980586885,0.35714045879098677,256,896,after,older256,2026108999,1.3721844242440366,"[0.36299138663882713, 0.11933211543123398, -4.275370885200378e-25, 0.18609932505148283, -2.0195353597852503e-24, 0.018247597381006554, 0.2084780611002545, 0.10485151439719603]",markov_shift
3.6457602019304707,6.105321424667436,-0.6111620677619264,0.3735190730710335,0.016195018021035876,2.3739805584164957,-0.013549769703237804,0.0001835962590107811,0,384,640,0,0.23542577617357546,1,512,896,0.00662612013940227,6.145776017916949,2.456706257684983,-0.03367341903807497,0.0011338991497137898,ewma_gaussian,-0.5976122980586885,0.35714045879098677,256,896,after,older256,2026108999,1.3721844242440366,"[0.36299138663882713, 0.11933211543123398, -4.275370885200378e-25, 0.18609932505148283, -2.0195353597852503e-24, 0.018247597381006554, 0.2084780611002545, 0.10485151439719603]",markov_shift
3.6457602019304707,6.105321424667436,-0.6380645292984082,0.4071263435487992,0.04834950174554066,2.2097323836215215,-0.040452231239719645,0.00163638301227175,0,384,640,0,0.23542577617357546,1,512,896,0.00662612013940227,6.145776017916949,2.456706257684983,-0.10053048600779468,0.010106378616963403,ar_gaussian,-0.5976122980586885,0.35714045879098677,256,896,after,older256,2026108999,1.3721844242440366,"[0.36299138663882713, 0.11933211543123398, -4.275370885200378e-25, 0.18609932505148283, -2.0195353597852503e-24, 0.018247597381006554, 0.2084780611002545, 0.10485151439719603]",markov_shift
0.5666764304254062,1.0265027408698508,0.2580328569488086,0.06658095526516433,-0.0977497029866597,1.291374175762281,-0.12695249602546724,0.016116936247096276,0,64,576,0,0.33250637892743073,1,512,576,,,1.421691260892692,-0.09166342138769545,0.008402182820498224,raw,0.38498535297427583,0.14821372200472774,512,576,before,full512,2026108999,1.0156986259132001,"[0.49999999999999994, 0.016121173165052762, 0.1545209861023189, 7.414139850270259e-18, 1.8684423949633098e-24, 2.4097015921921616e-24, 0.21012921151582387, 0.1192286292168046]",ar1_stationary
0.5666764304254062,1.0265027408698508,0.2862740964950081,0.08195285832403322,-0.07600477583641033,1.3203638855620168,-0.09871125647926773,0.009743912155715776,0,64,576,0,0.33250637892743073,1,512,576,,,1.421691260892692,-0.07127241906730919,0.005079757719706138,iid_oic,0.38498535297427583,0.14821372200472774,512,576,before,full512,2026108999,1.0156986259132001,"[0.49999999999999994, 0.016121173165052762, 0.1545209861023189, 7.414139850270259e-18, 1.8684423949633098e-24, 2.4097015921921616e-24, 0.21012921151582387, 0.1192286292168046]",ar1_stationary
0.5666764304254062,1.0265027408698508,0.30841999330528647,0.09512289227043295,-0.05895308403553645,1.3430967093367885,-0.0765653596689893,0.005862254301241692,0,64,576,0,0.33250637892743073,1,512,576,,,1.421691260892692,-0.05528243277415468,0.0030561473734289314,hac,0.38498535297427583,0.14821372200472774,512,576,before,full512,2026108999,1.0156986259132001,"[0.49999999999999994, 0.016121173165052762, 0.1545209861023189, 7.414139850270259e-18, 1.8684423949633098e-24, 2.4097015921921616e-24, 0.21012921151582387, 0.1192286292168046]",ar1_stationary
0.5666764304254062,1.0265027408698508,0.31801443242210836,0.10113317922875573,-0.05156564697557681,1.352945427387315,-0.06697092055216754,0.0044851041996047366,0,64,576,0,0.33250637892743073,1,512,576,,,1.421691260892692,-0.048354966648814335,0.0023382027996079464,block_bootstrap,0.38498535297427583,0.14821372200472774,512,576,before,full512,2026108999,1.0156986259132001,"[0.49999999999999994, 0.016121173165052762, 0.1545209861023189, 7.414139850270259e-18, 1.8684423949633098e-24, 2.4097015921921616e-24, 0.21012921151582387, 0.1192286292168046]",ar1_stationary
0.5666764304254062,1.0265027408698508,0.2909438987884163,0.08464835224220424,-0.07240916486791467,1.3251574504155206,-0.09404145418585957,0.008843795105391124,0,64,576,0,0.33250637892743073,1,512,576,,,1.421691260892692,-0.06790068500284441,0.004610503023855499,gaussian_iid,0.38498535297427583,0.14821372200472774,512,576,before,full512,2026108999,1.0156986259132001,"[0.49999999999999994, 0.016121173165052762, 0.1545209861023189, 7.414139850270259e-18, 1.8684423949633098e-24, 2.4097015921921616e-24, 0.21012921151582387, 0.1192286292168046]",ar1_stationary
0.5666764304254062,1.0265027408698508,0.5642886561067664,0.3184216874107804,0.13805829089183097,1.6057465930052113,0.17930330313249063,0.03214967451422182,0,64,576,0,0.33250637892743073,1,512,576,,,1.421691260892692,0.12946223781170985,0.016760471019215715,ewma_gaussian,0.38498535297427583,0.14821372200472774,512,576,before,full512,2026108999,1.0156986259132001,"[0.49999999999999994, 0.016121173165052762, 0.1545209861023189, 7.414139850270259e-18, 1.8684423949633098e-24, 2.4097015921921616e-24, 0.21012921151582387, 0.1192286292168046]",ar1_stationary
0.5666764304254062,1.0265027408698508,-0.0034087279691120687,1.1619426367406889e-05,-0.2990520646902193,1.0230036722666775,-0.3883940809433879,0.15084996211185894,0,64,576,0,0.33250637892743073,1,512,576,,,1.421691260892692,-0.28043190500845805,0.07864205334667283,ar_gaussian,0.38498535297427583,0.14821372200472774,512,576,before,full512,2026108999,1.0156986259132001,"[0.49999999999999994, 0.016121173165052762, 0.1545209861023189, 7.414139850270259e-18, 1.8684423949633098e-24, 2.4097015921921616e-24, 0.21012921151582387, 0.1192286292168046]",ar1_stationary
0.7671560246803204,1.1953148183891231,0.2524062354874188,0.06370890771293032,0.016540940306064802,1.4970197319210494,0.03870022193334104,0.0014977071776898511,0,64,576,0,0.125,1,512,576,,,1.4507607831691791,0.031885993396387535,0.0010167165748744694,raw,0.2137060135540778,0.04567026022917569,512,576,before,equal512,2026108999,1.1816143436214401,"[0.125, 0.125, 0.125, 0.125, 0.125, 0.125, 0.125, 0.125]",ar1_stationary
0.7671560246803204,1.1953148183891231,0.26177800873888835,0.0685277258592975,0.020546548909073342,1.5082219513631137,0.04807199518481048,0.002310916721048442,0,64,576,0,0.125,1,512,576,,,1.4507607831691791,0.03960761061407436,0.001568762818556136,iid_oic,0.2137060135540778,0.04567026022917569,512,576,before,equal512,2026108999,1.1816143436214401,"[0.125, 0.125, 0.125, 0.125, 0.125, 0.125, 0.125, 0.125]",ar1_stationary
0.7671560246803204,1.1953148183891231,0.27330787923435307,0.07469719685157972,0.025474554229834426,1.5220037764204501,0.05960186568027518,0.0035523823925695643,0,64,576,0,0.125,1,512,576,,,1.4507607831691791,0.04910733325423999,0.002411530179342985,hac,0.2137060135540778,0.04567026022917569,512,576,before,equal512,2026108999,1.1816143436214401,"[0.125, 0.125, 0.125, 0.125, 0.125, 0.125, 0.125, 0.125]",ar1_stationary
0.7671560246803204,1.1953148183891231,0.2573920396333147,0.06625066206659784,0.01867193296282643,1.5029793374982248,0.04368602607923698,0.0019084688745957736,0,64,576,0,0.125,1,512,576,,,1.4507607831691791,0.03599391087411008,0.0012955616200133798,block_bootstrap,0.2137060135540778,0.04567026022917569,512,576,before,equal512,2026108999,1.1816143436214401,"[0.125, 0.125, 0.125, 0.125, 0.125, 0.125, 0.125, 0.125]",ar1_stationary
0.7671560246803204,1.1953148183891231,0.2158044141444575,0.04657154516423253,0.0008968816500191793,1.4532690324897766,0.0020984005903797965,4.403285037706279e-06,0,64,576,0,0.125,1,512,576,,,1.4507607831691791,0.0017289199912877695,2.989164336274501e-06,gaussian_iid,0.2137060135540778,0.04567026022917569,512,576,before,equal512,2026108999,1.1816143436214401,"[0.125, 0.125, 0.125, 0.125, 0.125, 0.125, 0.125, 0.125]",ar1_stationary
0.7671560246803204,1.1953148183891231,0.3739365112245385,0.13982851442677943,0.06848444181388019,1.6422866713925446,0.16023049767046063,0.02567381238372349,0,64,576,0,0.125,1,512,576,,,1.4507607831691791,0.13201755275254845,0.017428634234771912,ewma_gaussian,0.2137060135540778,0.04567026022917569,512,576,before,equal512,2026108999,1.1816143436214401,"[0.125, 0.125, 0.125, 0.125, 0.125, 0.125, 0.125, 0.125]",ar1_stationary
0.7671560246803204,1.1953148183891231,-0.0035697837559445222,1.274335606420538e-05,-0.0928662889698174,1.1910478029671978,-0.21727579731002236,0.04720877209670592,0,64,576,0,0.125,1,512,576,,,1.4507607831691791,-0.17901847307633978,0.03204761370258419,ar_gaussian,0.2137060135540778,0.04567026022917569,512,576,before,equal512,2026108999,1.1816143436214401,"[0.125, 0.125, 0.125, 0.125, 0.125, 0.125, 0.125, 0.125]",ar1_stationary
0.5224017752253721,1.0381234301662747,0.26113042524953745,0.06818909899100427,-0.0940642733924302,1.3092090429471026,-0.12257390217965293,0.015024361495547126,0,64,320,0,0.27908243236557306,1,512,576,,,1.4364558827267093,-0.08858388295090847,0.007847104318660252,raw,0.3837043274291904,0.14722901088788737,256,576,before,older256,2026108999,1.0302947827595126,"[0.38048828306851634, 7.886709069771014e-25, 0.25560177349767893, 2.2791633072178082e-17, 2.3617012846817807e-17, 7.263452636634528e-17, 0.21912760098219256, 0.14478234245161226]",ar1_stationary
0.5224017752253721,1.0381234301662747,0.3285359799678478,0.10793589013343408,-0.04233666731606869,1.3791843286235355,-0.05516834746134259,0.0030435465616154254,0,64,320,0,0.27908243236557306,1,512,576,,,1.4364558827267093,-0.03987004041812958,0.0015896201229432865,iid_oic,0.3837043274291904,0.14722901088788737,256,576,before,older256,2026108999,1.0302947827595126,"[0.38048828306851634, 7.886709069771014e-25, 0.25560177349767893, 2.2791633072178082e-17, 2.3617012846817807e-17, 7.263452636634528e-17, 0.21912760098219256, 0.14478234245161226]",ar1_stationary
0.5224017752253721,1.0381234301662747,0.37015757547661643,0.137016630682727,-0.010395894693624915,1.4223926821220916,-0.013546751952573944,0.00018351448846456596,0,64,320,0,0.27908243236557306,1,512,576,,,1.4364558827267093,-0.00979020711580969,9.58481553704507e-05,hac,0.3837043274291904,0.14722901088788737,256,576,before,older256,2026108999,1.0302947827595126,"[0.38048828306851634, 7.886709069771014e-25, 0.25560177349767893, 2.2791633072178082e-17, 2.3617012846817807e-17, 7.263452636634528e-17, 0.21912760098219256, 0.14478234245161226]",ar1_stationary
0.5224017752253721,1.0381234301662747,0.2861093804219552,0.08185857756543509,-0.07489520700379733,1.3351402815726625,-0.0975949470072352,0.009524773681345047,256,64,320,0,0.27908243236557306,1,512,576,,,1.4364558827267093,-0.07053164832443548,0.0049747134153618425,chronological,0.3837043274291904,0.14722901088788737,256,576,before,older256,2026108999,1.0302947827595126,"[0.38048828306851634, 7.886709069771014e-25, 0.25560177349767893, 2.2791633072178082e-17, 2.3617012846817807e-17, 7.263452636634528e-17, 0.21912760098219256, 0.14478234245161226]",ar1_stationary
0.5224017752253721,1.0381234301662747,0.30526370550509085,0.09318592989869884,-0.060196012157028043,1.3550248352304872,-0.07844062192409954,0.006152931167839525,240,64,320,16,0.27908243236557306,1,512,576,,,1.4364558827267093,-0.05668886074081725,0.003213626932091771,blocked_holdout,0.3837043274291904,0.14722901088788737,256,576,before,older256,2026108999,1.0302947827595126,"[0.38048828306851634, 7.886709069771014e-25, 0.25560177349767893, 2.2791633072178082e-17, 2.3617012846817807e-17, 7.263452636634528e-17, 0.21912760098219256, 0.14478234245161226]",ar1_stationary
0.5224017752253721,1.0381234301662747,0.3052822205524115,0.09319723418541122,-0.060181803549469164,1.3550440561349213,-0.07842210687677902,0.006150026846992951,0,64,320,0,0.27908243236557306,1,512,576,,,1.4364558827267093,-0.0566754799578324,0.0032121100284506618,gaussian_iid,0.3837043274291904,0.14722901088788737,256,576,before,older256,2026108999,1.0302947827595126,"[0.38048828306851634, 7.886709069771014e-25, 0.25560177349767893, 2.2791633072178082e-17, 2.3617012846817807e-17, 7.263452636634528e-17, 0.21912760098219256, 0.14478234245161226]",ar1_stationary
0.5224017752253721,1.0381234301662747,0.716382095665054,0.5132033069894545,0.25529979862317215,1.7818164686277849,0.3326777682358635,0.11067449747839489,0,64,320,0,0.27908243236557306,1,512,576,,,1.4364558827267093,0.24042547359373478,0.05780440835277166,ewma_gaussian,0.3837043274291904,0.14722901088788737,256,576,before,older256,2026108999,1.0302947827595126,"[0.38048828306851634, 7.886709069771014e-25, 0.25560177349767893, 2.2791633072178082e-17, 2.3617012846817807e-17, 7.263452636634528e-17, 0.21912760098219256, 0.14478234245161226]",ar1_stationary
0.5224017752253721,1.0381234301662747,-0.002419399525073196,5.8534940619244055e-06,-0.2963146899108762,1.035611794832363,-0.3861237269542636,0.14909153251705073,0,64,320,0,0.27908243236557306,1,512,576,,,1.4364558827267093,-0.279050747547816,0.07786931970699494,ar_gaussian,0.3837043274291904,0.14722901088788737,256,576,before,older256,2026108999,1.0302947827595126,"[0.38048828306851634, 7.886709069771014e-25, 0.25560177349767893, 2.2791633072178082e-17, 2.3617012846817807e-17, 7.263452636634528e-17, 0.21912760098219256, 0.14478234245161226]",ar1_stationary
