seed,family,method,portfolio_index,predicted_ES,true_ES,signed_underestimate,relative_underestimate_pct,absolute_risk_error,regret_vs_candidate_oracle,fixed_equal_signed_error,selection_excess_error,hhi,max_weight,fit_and_scoring_seconds,w_0,w_1,w_2,w_3,w_4,w_5,w_6,w_7
100,gaussian_control,historical_CVaR,195,1.0375680213868923,1.0448749066833107,0.0073068852964182,0.6993071849731807,0.0073068852964182,0.0,-0.048257154683247,0.0555640399796653,0.264102581496406,0.3619107397907868,0.0057175570000254,0.3619107397907868,0.0026194346049819,0.283300594201403,0.0058386387929425,0.0742722535990455,0.032041152106625,0.0265316122821106,0.2134855746221042
100,gaussian_control,equal_weight,0,1.219384317274527,1.1711271625912798,-0.048257154683247,-4.120573429145944,0.048257154683247,0.126252255907969,-0.048257154683247,0.0,0.125,0.125,0.0,0.125,0.125,0.125,0.125,0.125,0.125,0.125,0.125
100,gaussian_control,LedoitWolf_Gaussian,195,1.046860134375555,1.0448749066833107,-0.0019852276922442,-0.1899966856842122,0.0019852276922442,0.0,0.0144034972739572,-0.0163887249662015,0.264102581496406,0.3619107397907868,0.0016079330000025,0.3619107397907868,0.0026194346049819,0.283300594201403,0.0058386387929425,0.0742722535990455,0.032041152106625,0.0265316122821106,0.2134855746221042
100,gaussian_control,GMM_base,227,1.063702801737963,1.126818334023355,0.063115532285392,5.601216307870604,0.063115532285392,0.0819434273400443,-0.0783552992066902,0.1414708314920822,0.232069503992317,0.3581134262838827,0.071683653999969,0.038303476990144,0.0074006068024557,0.3581134262838827,0.0809164231876213,0.1256524487459643,0.0494574340458793,0.0709135957056504,0.2692425882384018
100,gaussian_control,GMM_pooled,110,1.0591590323718292,1.061004770080636,0.0018457377088068,0.1739613016694099,0.0018457377088068,0.0161298633973252,-0.0072482778657578,0.0090940155745646,0.1820194658382886,0.2726713396587296,0.0479505170000038,0.1757506507840717,0.100231451767264,0.2726713396587296,0.0499360473358198,0.1041870761613519,0.0478803515210369,0.0246512909232796,0.2246917918484461
100,gaussian_control,random_tail_calibration,110,1.054110151871118,1.061004770080636,0.0068946182095179,0.6498197184348181,0.0068946182095179,0.0161298633973252,-0.0465358106751081,0.0534304288846261,0.1820194658382886,0.2726713396587296,0.0434216229999719,0.1757506507840717,0.100231451767264,0.2726713396587296,0.0499360473358198,0.1041870761613519,0.0478803515210369,0.0246512909232796,0.2246917918484461
100,gaussian_control,adaptive_tail_calibration,195,1.0673449339065937,1.0448749066833107,-0.0224700272232829,-2.1504992683390523,0.0224700272232829,0.0,-0.0498335333767525,0.0273635061534696,0.264102581496406,0.3619107397907868,0.1360370579999994,0.3619107397907868,0.0026194346049819,0.283300594201403,0.0058386387929425,0.0742722535990455,0.032041152106625,0.0265316122821106,0.2134855746221042
100,gaussian_control,nominal_half_equal,-1,1.1160178770006164,1.1212860069031714,0.0052681299025549,0.4698292737198061,0.0052681299025549,0.0764111002198606,-0.0783552992066902,0.0836234291092452,0.1517673759980792,0.2415567131419413,0.0,0.081651738495072,0.0662003034012278,0.2415567131419413,0.1029582115938106,0.1253262243729821,0.0872287170229396,0.0979567978528252,0.1971212941192009
101,gaussian_control,historical_CVaR,128,1.1672632387513215,1.311457418783276,0.1441941800319544,10.994957058211824,0.1441941800319544,0.0,0.1436526861562355,0.0005414938757188,0.1646544926223711,0.2167508381615012,0.0054077759999699,0.1708198737090671,0.1520015469347824,0.2137569155648818,0.2167508381615012,0.1043836728410175,0.0118104088550012,0.0565746246420148,0.0739021192917339
101,gaussian_control,equal_weight,0,1.1912451159009545,1.33489780205719,0.1436526861562355,10.76132464484207,0.1436526861562355,0.023440383273914,0.1436526861562355,0.0,0.125,0.125,0.0,0.125,0.125,0.125,0.125,0.125,0.125,0.125,0.125
101,gaussian_control,LedoitWolf_Gaussian,166,1.239055830584971,1.3256001731028313,0.0865443425178602,6.528691250491162,0.0865443425178602,0.0141427543195553,0.0855530631137322,0.000991279404128,0.1363845272168735,0.1792560067947547,0.000868491999995,0.0939238865279872,0.1792560067947547,0.175617836329283,0.1035354038663977,0.1176038752818802,0.1478003403446108,0.062993615340074,0.1192690355150122
101,gaussian_control,GMM_base,126,1.2030597052113523,1.320259315861677,0.1171996106503245,8.877014480585837,0.1171996106503245,0.0088018970784011,0.1130899164211856,0.0041096942291389,0.1355889074232463,0.2033557788320587,0.0433943170000361,0.1306562743277191,0.1053201711474899,0.1341032353624925,0.2033557788320587,0.1451879957434207,0.07390874816611,0.1002156605035662,0.1072521359171425
101,gaussian_control,GMM_pooled,107,1.1203018550869674,1.3118986219902304,0.191596766903263,14.604540601818682,0.191596766903263,0.0004412032069545,0.164747956901418,0.0268488100018449,0.1684071761628052,0.2719903974358224,0.0416276489999631,0.138202192155516,0.1361039966502039,0.2719903974358224,0.190494972084666,0.1118441746096118,0.0399289688017643,0.0456288716500752,0.0658064266123402
101,gaussian_control,random_tail_calibration,126,1.1716826920607553,1.320259315861677,0.1485766238009218,11.253594048980611,0.1485766238009218,0.0088018970784011,0.1502832756698631,-0.0017066518689412,0.1355889074232463,0.2033557788320587,0.0412667020000299,0.1306562743277191,0.1053201711474899,0.1341032353624925,0.2033557788320587,0.1451879957434207,0.07390874816611,0.1002156605035662,0.1072521359171425
101,gaussian_control,adaptive_tail_calibration,107,1.1786390810776597,1.3118986219902304,0.1332595409125709,10.15776209219643,0.1332595409125709,0.0004412032069545,0.1375829408864477,-0.0043233999738767,0.1684071761628052,0.2719903974358224,0.1361189830000171,0.138202192155516,0.1361039966502039,0.2719903974358224,0.190494972084666,0.1118441746096118,0.0399289688017643,0.0456288716500752,0.0658064266123402
101,gaussian_control,nominal_half_equal,-1,1.2066961062990045,1.323808473574541,0.1171123672755365,8.846624690300578,0.1171123672755365,0.012351054791265,0.1130899164211856,0.0040224508543509,0.1276472268558116,0.1641778894160293,0.0,0.1278281371638595,0.1151600855737449,0.1295516176812463,0.1641778894160293,0.1350939978717103,0.099454374083055,0.1126078302517831,0.1161260679585712
102,gaussian_control,historical_CVaR,151,1.0813834575158308,1.1576093661333071,0.0762259086174763,6.58476951271474,0.0762259086174763,0.0,0.1106341099886076,-0.0344082013711313,0.1729443019116325,0.3150963466035489,0.0057632850000004,0.0510482230744696,0.3150963466035489,0.1519454568164457,0.0776492526156321,0.1217233221323293,0.1042287698782279,0.075762941786586,0.1025456870927602
102,gaussian_control,equal_weight,0,1.1447997443771716,1.2554338543657793,0.1106341099886076,8.812420471526783,0.1106341099886076,0.0978244882324721,0.1106341099886076,0.0,0.125,0.125,0.0,0.125,0.125,0.125,0.125,0.125,0.125,0.125,0.125
102,gaussian_control,LedoitWolf_Gaussian,283,1.114410198026707,1.1735013989981085,0.0590912009714015,5.035460632756926,0.0590912009714015,0.0158920328648013,0.0674929177465295,-0.008401716775128,0.1812795445184313,0.2917520353097939,0.0009196289999522,0.0956265151060442,0.2917520353097939,0.1444886510024398,0.0011758967239098,0.1847220178895796,0.0566755028800586,0.0717634906973085,0.1537958903908653
102,gaussian_control,GMM_base,269,0.9718983632797696,1.1778156891885625,0.2059173259087929,17.482983780820277,0.2059173259087929,0.0202063230552553,0.17657174573803,0.0293455801707629,0.1602982016641242,0.2364223244052952,0.0444535629999904,0.1012272714099771,0.2364223244052952,0.1995745633477967,0.0775074286524183,0.06991726162262,0.152482393539582,0.0226300501896919,0.1402387068326186
102,gaussian_control,GMM_pooled,151,1.092975882350808,1.1576093661333071,0.0646334837824991,5.583358745479958,0.0646334837824991,0.0,0.1195190840856506,-0.0548856003031514,0.1729443019116325,0.3150963466035489,0.03774092499998,0.0510482230744696,0.3150963466035489,0.1519454568164457,0.0776492526156321,0.1217233221323293,0.1042287698782279,0.075762941786586,0.1025456870927602
102,gaussian_control,random_tail_calibration,269,1.0418101498732089,1.1778156891885625,0.1360055393153536,11.547268436290954,0.1360055393153536,0.0202063230552553,0.1251741061731244,0.0108314331422292,0.1602982016641242,0.2364223244052952,0.0433352190000277,0.1012272714099771,0.2364223244052952,0.1995745633477967,0.0775074286524183,0.06991726162262,0.152482393539582,0.0226300501896919,0.1402387068326186
102,gaussian_control,adaptive_tail_calibration,269,1.0557953493483865,1.1778156891885625,0.1220203398401762,10.359884059978878,0.1220203398401762,0.0202063230552553,0.1371248777434441,-0.0151045379032679,0.1602982016641242,0.2364223244052952,0.1317803979999894,0.1012272714099771,0.2364223244052952,0.1995745633477967,0.0775074286524183,0.06991726162262,0.152482393539582,0.0226300501896919,0.1402387068326186
102,gaussian_control,nominal_half_equal,-1,1.0095150948170524,1.204594831312374,0.1950797364953216,16.194635027844793,0.1950797364953216,0.0469854651790668,0.17657174573803,0.0185079907572915,0.133824550416031,0.1807111622026476,0.0,0.1131136357049885,0.1807111622026476,0.1622872816738984,0.1012537143262091,0.09745863081131,0.138741196769791,0.0738150250948459,0.1326193534163093
103,gaussian_control,historical_CVaR,59,1.11921941488336,1.1811811883465722,0.0619617734632123,5.245746721546331,0.0619617734632123,0.0034270456894536,0.0918660082754332,-0.0299042348122209,0.2039177556127772,0.3230867264158165,0.0056548339999835,0.0029961655789746,0.3230867264158165,0.1712647983354521,0.1748344305851722,0.0573823195411807,0.0148535239817638,0.1693276903128649,0.0862543452487749
103,gaussian_control,equal_weight,0,1.1351872367451747,1.227053245020608,0.0918660082754332,7.486717357068753,0.0918660082754332,0.0492991023634894,0.0918660082754332,0.0,0.125,0.125,0.0,0.125,0.125,0.125,0.125,0.125,0.125,0.125,0.125
103,gaussian_control,LedoitWolf_Gaussian,249,1.1117615585743466,1.1810542574078242,0.0692926988334776,5.867020790861984,0.0692926988334776,0.0033001147507056,0.0570228626254378,0.0122698362080397,0.1691411936771376,0.2159554697773757,0.0009374950000164,0.0023000720408107,0.2159554697773757,0.2004467705318568,0.2151465621438028,0.0793846028229238,0.1300673551947891,0.0619874200498371,0.0947117474386036
103,gaussian_control,GMM_base,249,1.0683065758156365,1.1810542574078242,0.1127476815921879,9.54635918587232,0.1127476815921879,0.0033001147507056,0.1181788337722289,-0.0054311521800409,0.1691411936771376,0.2159554697773757,0.0458341970000333,0.0023000720408107,0.2159554697773757,0.2004467705318568,0.2151465621438028,0.0793846028229238,0.1300673551947891,0.0619874200498371,0.0947117474386036
103,gaussian_control,GMM_pooled,249,1.1107646882219169,1.1810542574078242,0.0702895691859073,5.951425918414516,0.0702895691859073,0.0033001147507056,0.0524106713632417,0.0178788978226656,0.1691411936771376,0.2159554697773757,0.0494439480000323,0.0023000720408107,0.2159554697773757,0.2004467705318568,0.2151465621438028,0.0793846028229238,0.1300673551947891,0.0619874200498371,0.0947117474386036
103,gaussian_control,random_tail_calibration,135,1.1074504289373066,1.2029546306492251,0.0955042017119185,7.939135797696348,0.0955042017119185,0.0252004879921066,0.109991756691095,-0.0144875549791765,0.1471844535797979,0.216901050674384,0.0559831379999877,0.0863921544855047,0.216901050674384,0.1249133269926151,0.1549454372825811,0.0969346140069515,0.0410440170180946,0.100075114413107,0.1787942851267618
103,gaussian_control,adaptive_tail_calibration,135,1.104465635967778,1.2029546306492251,0.0984889946814471,8.18725762153585,0.0984889946814471,0.0252004879921066,0.1051681278603438,-0.0066791331788966,0.1471844535797979,0.216901050674384,0.1409375529999579,0.0863921544855047,0.216901050674384,0.1249133269926151,0.1549454372825811,0.0969346140069515,0.0410440170180946,0.100075114413107,0.1787942851267618
103,gaussian_control,nominal_half_equal,-1,1.061992938942085,1.1890021701175346,0.1270092311754496,10.682001628549976,0.1270092311754496,0.011248027460416,0.1181788337722289,0.0088303974032206,0.1360352984192844,0.1704777348886879,0.0,0.0636500360204053,0.1704777348886879,0.1627233852659284,0.1700732810719014,0.1021923014114619,0.1275336775973946,0.0934937100249185,0.1098558737193018
104,gaussian_control,historical_CVaR,62,1.107739747874198,1.1209231922078062,0.0131834443336082,1.176123790216327,0.0131834443336082,0.0,0.0265524410843689,-0.0133689967507606,0.2533768775797129,0.3666578276141218,0.0065553229999864,0.0846381171675179,0.3666578276141218,0.2237325562236469,0.0163007438599425,0.0119176853785903,0.0382708251268475,0.2442196214169043,0.0142626232124289
104,gaussian_control,equal_weight,0,1.2521995295163608,1.2787519706007298,0.0265524410843689,2.076434030588057,0.0265524410843689,0.1578287783929235,0.0265524410843689,0.0,0.125,0.125,0.0,0.125,0.125,0.125,0.125,0.125,0.125,0.125,0.125
104,gaussian_control,LedoitWolf_Gaussian,62,1.0934958639627654,1.1209231922078062,0.0274273282450407,2.4468517054249763,0.0274273282450407,0.0,0.0392298422105674,-0.0118025139655266,0.2533768775797129,0.3666578276141218,0.0008225739999829,0.0846381171675179,0.3666578276141218,0.2237325562236469,0.0163007438599425,0.0119176853785903,0.0382708251268475,0.2442196214169043,0.0142626232124289
104,gaussian_control,GMM_base,62,1.0802241087342517,1.1209231922078062,0.0406990834735545,3.63085390296835,0.0406990834735545,0.0,0.0159971756114249,0.0247019078621295,0.2533768775797129,0.3666578276141218,0.0543644199999562,0.0846381171675179,0.3666578276141218,0.2237325562236469,0.0163007438599425,0.0119176853785903,0.0382708251268475,0.2442196214169043,0.0142626232124289
104,gaussian_control,GMM_pooled,62,1.1010218415646131,1.1209231922078062,0.019901350643193,1.7754428476044604,0.019901350643193,0.0,0.0630156310692249,-0.0431142804260318,0.2533768775797129,0.3666578276141218,0.0530135999999856,0.0846381171675179,0.3666578276141218,0.2237325562236469,0.0163007438599425,0.0119176853785903,0.0382708251268475,0.2442196214169043,0.0142626232124289
104,gaussian_control,random_tail_calibration,62,1.077733678939077,1.1209231922078062,0.0431895132687292,3.8530305706015207,0.0431895132687292,0.0,0.0370859726852572,0.0061035405834719,0.2533768775797129,0.3666578276141218,0.0429311670000061,0.0846381171675179,0.3666578276141218,0.2237325562236469,0.0163007438599425,0.0119176853785903,0.0382708251268475,0.2442196214169043,0.0142626232124289
104,gaussian_control,adaptive_tail_calibration,62,1.081067186358655,1.1209231922078062,0.0398560058491512,3.555641111381558,0.0398560058491512,0.0,0.0344108624029886,0.0054451434461626,0.2533768775797129,0.3666578276141218,0.136041648999992,0.0846381171675179,0.3666578276141218,0.2237325562236469,0.0163007438599425,0.0119176853785903,0.0382708251268475,0.2442196214169043,0.0142626232124289
104,gaussian_control,nominal_half_equal,-1,1.1353142174936723,1.1587109632156598,0.0233967457219874,2.019204656272235,0.0233967457219874,0.0377877710078535,0.0159971756114249,0.0073995701105624,0.1570942193949282,0.2458289138070609,0.0,0.1048190585837589,0.2458289138070609,0.1743662781118234,0.0706503719299712,0.0684588426892951,0.0816354125634237,0.1846098107084521,0.0696313116062144
100,asymmetric_crash_mixture,historical_CVaR,7,2.32420124029772,2.6815617479340124,0.3573605076362924,13.326581344308702,0.3573605076362924,0.0,0.2210617657752318,0.1362987418610606,0.5,0.5,0.0059421509999992,0.5,0.0,0.0,0.0,0.0,0.0,0.0,0.5
100,asymmetric_crash_mixture,equal_weight,0,2.6120904973733303,2.833152263148562,0.2210617657752318,7.802678615287682,0.2210617657752318,0.1515905152145498,0.2210617657752318,0.0,0.125,0.125,0.0,0.125,0.125,0.125,0.125,0.125,0.125,0.125,0.125
100,asymmetric_crash_mixture,LedoitWolf_Gaussian,195,1.5824617133575964,2.7139640151624187,1.1315023018048225,41.69186825924466,1.1315023018048225,0.0324022672284063,1.132474100890782,-0.0009717990859596,0.264102581496406,0.3619107397907868,0.0007723090000126,0.3619107397907868,0.0026194346049819,0.283300594201403,0.0058386387929425,0.0742722535990455,0.032041152106625,0.0265316122821106,0.2134855746221042
100,asymmetric_crash_mixture,GMM_base,7,2.821276839854373,2.6815617479340124,-0.1397150919203604,-5.210213489508599,0.1397150919203604,0.0,-0.2692296768119293,0.1295145848915688,0.5,0.5,0.0378159269999969,0.5,0.0,0.0,0.0,0.0,0.0,0.0,0.5
100,asymmetric_crash_mixture,GMM_pooled,7,2.176783838060644,2.6815617479340124,0.5047779098733685,18.82402709026822,0.5047779098733685,0.0,0.428176564436483,0.0766013454368854,0.5,0.5,0.0451575710000042,0.5,0.0,0.0,0.0,0.0,0.0,0.0,0.5
100,asymmetric_crash_mixture,random_tail_calibration,7,2.5399458461087807,2.6815617479340124,0.1416159018252316,5.281097924906576,0.1416159018252316,0.0,0.0300566720984694,0.1115592297267622,0.5,0.5,0.0711897339999723,0.5,0.0,0.0,0.0,0.0,0.0,0.0,0.5
100,asymmetric_crash_mixture,adaptive_tail_calibration,7,2.5101938709852223,2.6815617479340124,0.17136787694879,6.390599697389742,0.17136787694879,0.0,0.0274418141951633,0.1439260627536267,0.5,0.5,0.1735222579999913,0.5,0.0,0.0,0.0,0.0,0.0,0.0,0.5
100,asymmetric_crash_mixture,nominal_half_equal,-1,2.943700438599476,2.7361967894972694,-0.2075036491022062,-7.583652239440407,0.2075036491022062,0.054635041563257,-0.2692296768119293,0.0617260277097231,0.21875,0.3125,0.0,0.3125,0.0625,0.0625,0.0625,0.0625,0.0625,0.0625,0.3125
101,asymmetric_crash_mixture,historical_CVaR,106,3.2429285525414446,2.9759841319910554,-0.2669444205503892,-8.96995443224331,0.2669444205503892,0.0250228623191457,-0.3635994673651956,0.0966550468148064,0.2445772561551367,0.4227619039925476,0.005516507999971,0.1328352876700418,0.4227619039925476,0.0350021341681903,0.0881911842769559,0.024032581719785,0.0263115705224184,0.1104556658099085,0.1604096718401522
101,asymmetric_crash_mixture,equal_weight,0,3.328805055280017,2.965205587914822,-0.3635994673651956,-12.262200936323085,0.3635994673651956,0.0142443182429121,-0.3635994673651956,0.0,0.125,0.125,0.0,0.125,0.125,0.125,0.125,0.125,0.125,0.125,0.125
101,asymmetric_crash_mixture,LedoitWolf_Gaussian,219,2.069878128588617,2.978617587290992,0.9087394587023744,30.508765629389156,0.9087394587023744,0.027656317619082,0.8647287890472275,0.0440106696551469,0.1694510377636355,0.3001380497734335,0.0007991190000211,0.1055439175849719,0.3001380497734335,0.0796519468510268,0.0981513430256208,0.1568960220359515,0.1392878575016577,0.0824513489958884,0.0378795142314491
101,asymmetric_crash_mixture,GMM_base,233,3.32976726606286,2.9943918370786924,-0.3353754289841677,-11.200118328914415,0.3353754289841677,0.0434305674067827,-0.5050211586914646,0.1696457297072968,0.225988122999779,0.3307184060575973,0.0532600509999952,0.1438847248246236,0.3307184060575973,0.2221348959113911,0.0069809205806483,0.044000433957756,0.0327581115092585,0.0112376472959553,0.2082848598627694
101,asymmetric_crash_mixture,GMM_pooled,178,3.33287653683882,2.996444418381975,-0.3364321184568442,-11.227710962798747,0.3364321184568442,0.0454831487100655,-0.4744293570388413,0.1379972385819972,0.2337241121284061,0.4090381992425725,0.0389614910000091,0.1347764997011173,0.4090381992425725,0.0047555587560614,0.1106186553187512,0.1120209449880583,0.0680277776033566,0.026116474374538,0.1346458900155442
101,asymmetric_crash_mixture,random_tail_calibration,233,3.229647030932483,2.9943918370786924,-0.2352551938537908,-7.856526689015559,0.2352551938537908,0.0434305674067827,-0.3785325846480729,0.1432773907942821,0.225988122999779,0.3307184060575973,0.0766770990000509,0.1438847248246236,0.3307184060575973,0.2221348959113911,0.0069809205806483,0.044000433957756,0.0327581115092585,0.0112376472959553,0.2082848598627694
101,asymmetric_crash_mixture,adaptive_tail_calibration,11,3.221459569641701,3.0976993903484837,-0.1237601792932179,-3.995228835916684,0.1237601792932179,0.1467381206765736,-0.3643333541308635,0.2405731748376456,0.5,0.5,0.1726133340000046,0.0,0.5,0.0,0.0,0.0,0.5,0.0,0.0
101,asymmetric_crash_mixture,nominal_half_equal,-1,3.395187406833278,2.965019639878672,-0.4301677669546064,-14.508091655413416,0.4301677669546064,0.014058370206762,-0.5050211586914646,0.0748533917368581,0.1502470307499447,0.2278592030287986,0.0,0.1344423624123118,0.2278592030287986,0.1735674479556955,0.0659904602903242,0.084500216978878,0.0788790557546292,0.0681188236479776,0.1666424299313847
102,asymmetric_crash_mixture,historical_CVaR,13,2.7030942911388074,2.72500875419164,0.0219144630528327,0.8041978954791852,0.0219144630528327,0.0,-0.0593501021150633,0.081264565167896,0.5,0.5,0.0064955349999991,0.0,0.5,0.0,0.0,0.0,0.0,0.0,0.5
102,asymmetric_crash_mixture,equal_weight,0,2.958697647753868,2.899347545638805,-0.0593501021150633,-2.04701579168519,0.0593501021150633,0.1743387914471648,-0.0593501021150633,0.0,0.125,0.125,0.0,0.125,0.125,0.125,0.125,0.125,0.125,0.125,0.125
102,asymmetric_crash_mixture,LedoitWolf_Gaussian,61,1.755274876776046,2.8071095410084608,1.0518346642324148,37.47038185957434,1.0518346642324148,0.0821007868168206,1.0546032819489268,-0.002768617716512,0.2290640654228963,0.3675948371139973,0.000899749000041,0.1135075609824879,0.3675948371139973,0.0046525105391129,0.0041941102474766,0.1603614990737533,0.1548527102822933,0.018872086627391,0.1759646851334873
102,asymmetric_crash_mixture,GMM_base,269,2.35053618781263,2.862142188480018,0.5116060006673879,17.87493307378568,0.5116060006673879,0.1371334342883776,0.3003177822334093,0.2112882184339786,0.1602982016641242,0.2364223244052952,0.0666433200000256,0.1012272714099771,0.2364223244052952,0.1995745633477967,0.0775074286524183,0.06991726162262,0.152482393539582,0.0226300501896919,0.1402387068326186
102,asymmetric_crash_mixture,GMM_pooled,27,2.6544046578691907,2.979832329105597,0.3254276712364063,10.921006127015348,0.3254276712364063,0.2548235749139569,0.0103870091035918,0.3150406621328145,0.5,0.5,0.0458638819999919,0.0,0.0,0.0,0.0,0.0,0.5,0.0,0.5
102,asymmetric_crash_mixture,random_tail_calibration,112,2.628263202222453,2.867427688215865,0.2391644859934114,8.34073294947575,0.2391644859934114,0.1424189340242247,0.1044667927142466,0.1346976932791648,0.2468574344935528,0.3302998466668516,0.0843640159999949,0.0198182704506076,0.0334888107880526,0.3302998466668516,0.1097279660770512,0.0496105017232548,0.1336058833068353,0.0011259740373622,0.3223227469499843
102,asymmetric_crash_mixture,adaptive_tail_calibration,112,2.6176583483832405,2.867427688215865,0.2497693398326244,8.71057152928703,0.2497693398326244,0.1424189340242247,0.1164649541207336,0.1333043857118907,0.2468574344935528,0.3302998466668516,0.1627322429999935,0.0198182704506076,0.0334888107880526,0.3302998466668516,0.1097279660770512,0.0496105017232548,0.1336058833068353,0.0011259740373622,0.3223227469499843
102,asymmetric_crash_mixture,nominal_half_equal,-1,2.457753639644225,2.869997685942028,0.4122440462978032,14.36391563369819,0.4122440462978032,0.144988931750388,0.3003177822334093,0.1119262640643938,0.133824550416031,0.1807111622026476,0.0,0.1131136357049885,0.1807111622026476,0.1622872816738984,0.1012537143262091,0.09745863081131,0.138741196769791,0.0738150250948459,0.1326193534163093
103,asymmetric_crash_mixture,historical_CVaR,8,2.7637257964676056,2.772726093209374,0.0090002967417683,0.3246010041817988,0.0090002967417683,0.0,-0.1751717758292015,0.1841720725709699,0.5,0.5,0.0062164690000372,0.0,0.5,0.5,0.0,0.0,0.0,0.0,0.0
103,asymmetric_crash_mixture,equal_weight,0,3.05334116855698,2.878169392727778,-0.1751717758292015,-6.086221897564649,0.1751717758292015,0.105443299518404,-0.1751717758292015,0.0,0.125,0.125,0.0,0.125,0.125,0.125,0.125,0.125,0.125,0.125,0.125
103,asymmetric_crash_mixture,LedoitWolf_Gaussian,59,1.8374608013496048,2.8054372398460568,0.9679764384964517,34.50358556406585,0.9679764384964517,0.0327111466366827,0.9762206239707912,-0.0082441854743398,0.2039177556127772,0.3230867264158165,0.0008549720000132,0.0029961655789746,0.3230867264158165,0.1712647983354521,0.1748344305851722,0.0573823195411807,0.0148535239817638,0.1693276903128649,0.0862543452487749
103,asymmetric_crash_mixture,GMM_base,8,2.489337925691172,2.772726093209374,0.2833881675182024,10.220561209137912,0.2833881675182024,0.0,0.0352670789041211,0.2481210886140812,0.5,0.5,0.04166578600001,0.0,0.5,0.5,0.0,0.0,0.0,0.0,0.0
103,asymmetric_crash_mixture,GMM_pooled,8,2.825370369530829,2.772726093209374,-0.0526442763214554,-1.8986468389497764,0.0526442763214554,0.0,-0.2149021507862993,0.1622578744648439,0.5,0.5,0.0446441170000184,0.0,0.5,0.5,0.0,0.0,0.0,0.0,0.0
103,asymmetric_crash_mixture,random_tail_calibration,8,2.6419518772989097,2.772726093209374,0.1307742159104643,4.716449137574056,0.1307742159104643,0.0,-0.1018037666958462,0.2325779826063105,0.5,0.5,0.082689264999999,0.0,0.5,0.5,0.0,0.0,0.0,0.0,0.0
103,asymmetric_crash_mixture,adaptive_tail_calibration,8,2.7060152088949576,2.772726093209374,0.0667108843144164,2.405967343034592,0.0667108843144164,0.0,-0.0687572499765956,0.135468134291012,0.5,0.5,0.1649993759999688,0.0,0.5,0.5,0.0,0.0,0.0,0.0,0.0
103,asymmetric_crash_mixture,nominal_half_equal,-1,2.643828976187154,2.8006784265958715,0.1568494504087176,5.60040913370275,0.1568494504087176,0.0279523333864974,0.0352670789041211,0.1215823715045965,0.21875,0.3125,0.0,0.0625,0.3125,0.3125,0.0625,0.0625,0.0625,0.0625,0.0625
104,asymmetric_crash_mixture,historical_CVaR,121,2.4627765508667245,2.9607226251473624,0.4979460742806378,16.818396632337482,0.4979460742806378,0.1421269895466856,0.3579334292579519,0.1400126450226859,0.2121339500302621,0.3171427657202963,0.0058609699999578,0.0365304505555329,0.2165114637403775,0.1392231136869223,0.2002963159498328,0.0182846378319204,0.0573820225856673,0.0146292299294499,0.3171427657202963
104,asymmetric_crash_mixture,equal_weight,0,2.5589219762501787,2.9168554055081306,0.3579334292579519,12.271209213251971,0.3579334292579519,0.0982597699074538,0.3579334292579519,0.0,0.125,0.125,0.0,0.125,0.125,0.125,0.125,0.125,0.125,0.125,0.125
104,asymmetric_crash_mixture,LedoitWolf_Gaussian,146,1.6536124022288026,2.8483649525601518,1.1947525503313488,41.94520611754782,1.1947525503313488,0.0297693169594746,1.1935368853317558,0.0012156649995929,0.1999762409317769,0.3549733566409949,0.0008156339999914,0.1398355564925325,0.3549733566409949,0.0958261253877937,0.0795864489115911,0.0317434418655248,0.0535090072385339,0.1729195573552932,0.0716065061077357
104,asymmetric_crash_mixture,GMM_base,13,2.684677991046474,2.895544475452867,0.210866484406393,7.282446745129453,0.210866484406393,0.0769488398521902,-0.0755044350503126,0.2863709194567057,0.5,0.5,0.0431819610000161,0.0,0.5,0.0,0.0,0.0,0.0,0.0,0.5
104,asymmetric_crash_mixture,GMM_pooled,274,2.436907062732561,2.9415090021174253,0.5046019393848642,17.154526435976564,0.5046019393848642,0.1229133665167485,0.3773877631046329,0.1272141762802312,0.198807164301863,0.2390001058418328,0.0496261700000104,0.0183972837802576,0.1984213251885303,0.2128341013783114,0.0857275376878116,0.0219167001984892,0.2390001058418328,0.0027019878821427,0.221000958042624
104,asymmetric_crash_mixture,random_tail_calibration,13,2.482978243764686,2.895544475452867,0.4125662316881811,14.248312715820232,0.4125662316881811,0.0769488398521902,0.2159706432119548,0.1965955884762262,0.5,0.5,0.084299551000015,0.0,0.5,0.0,0.0,0.0,0.0,0.0,0.5
104,asymmetric_crash_mixture,adaptive_tail_calibration,13,2.498748657039226,2.895544475452867,0.3967958184136408,13.703668576929092,0.3967958184136408,0.0769488398521902,0.2270844494355457,0.1697113689780951,0.5,0.5,0.1636612749999813,0.0,0.5,0.0,0.0,0.0,0.0,0.0,0.5
104,asymmetric_crash_mixture,nominal_half_equal,-1,2.8123961858956106,2.8736978348711952,0.0613016489755846,2.1331974514409,0.0613016489755846,0.0551021992705185,-0.0755044350503126,0.1368060840258973,0.21875,0.3125,0.0,0.0625,0.3125,0.0625,0.0625,0.0625,0.0625,0.0625,0.3125
105,gaussian_control,historical_CVaR,226,1.1043209434007284,1.095838884425263,-0.0084820589754657,-0.7740242745551349,0.0084820589754657,0.0108809560278666,-0.0084415883128021,-4.047066266354982e-05,0.230535025787914,0.3291231260682506,0.0058785359999546,0.0685304260589147,0.0005921482070846,0.2713858926565898,0.0098141972318616,0.0287852386939009,0.3291231260682506,0.1596039303034929,0.1321650407799047
105,gaussian_control,equal_weight,0,1.168652903140381,1.1602113148275788,-0.0084415883128021,-0.7275905867248582,0.0084415883128021,0.0752533864301827,-0.0084415883128021,0.0,0.125,0.125,0.0,0.125,0.125,0.125,0.125,0.125,0.125,0.125,0.125
105,gaussian_control,LedoitWolf_Gaussian,226,1.1164241778252522,1.095838884425263,-0.0205852933999894,-1.878496345818748,0.0205852933999894,0.0108809560278666,-0.0316533981431852,0.0110681047431957,0.230535025787914,0.3291231260682506,0.0009996279999882,0.0685304260589147,0.0005921482070846,0.2713858926565898,0.0098141972318616,0.0287852386939009,0.3291231260682506,0.1596039303034929,0.1321650407799047
105,gaussian_control,GMM_base,197,1.1000918868598917,1.133383977006258,0.0332920901463664,2.937406106119908,0.0332920901463664,0.0484260486088619,-0.0703445265881366,0.103636616734503,0.2790628033400262,0.4242439206019296,0.0581457170000021,0.0038943595605708,0.1556172702497452,0.4242439206019296,0.040717419458549,0.005973274958171,0.2509873734196793,0.0197183389363756,0.098848042814979
105,gaussian_control,GMM_pooled,226,1.1392346475853563,1.095838884425263,-0.0433957631600938,-3.960049581819114,0.0433957631600938,0.0108809560278666,-0.0791870528210429,0.0357912896609491,0.230535025787914,0.3291231260682506,0.0500893990000008,0.0685304260589147,0.0005921482070846,0.2713858926565898,0.0098141972318616,0.0287852386939009,0.3291231260682506,0.1596039303034929,0.1321650407799047
105,gaussian_control,random_tail_calibration,140,1.0451429669216676,1.093461688345622,0.0483187214239542,4.418876485472403,0.0483187214239542,0.0085037599482258,0.0121734583256514,0.0361452630983027,0.2234143192451242,0.3346170176417299,0.0466663560000029,0.0257798714442771,0.0495759667015323,0.3346170176417299,0.0647720832196721,0.0210866565758525,0.2774425833813593,0.135797667235756,0.0909281537998204
105,gaussian_control,adaptive_tail_calibration,140,1.0719686798233616,1.093461688345622,0.0214930085222602,1.9655931937385531,0.0214930085222602,0.0085037599482258,-0.0021244535113855,0.0236174620336457,0.2234143192451242,0.3346170176417299,0.1366584269999862,0.0257798714442771,0.0495759667015323,0.3346170176417299,0.0647720832196721,0.0210866565758525,0.2774425833813593,0.135797667235756,0.0909281537998204
105,gaussian_control,nominal_half_equal,-1,1.126290099464934,1.1051712734173331,-0.0211188260476007,-1.9109097888781144,0.0211188260476007,0.0202133450199373,-0.0703445265881366,0.0492257005405358,0.1635157008350065,0.2746219603009648,0.0,0.0644471797802854,0.1403086351248726,0.2746219603009648,0.0828587097292745,0.0654866374790855,0.1879936867098396,0.0723591694681878,0.1119240214074895
106,gaussian_control,historical_CVaR,222,1.124273029143735,1.151063537120095,0.0267905079763599,2.327456922437879,0.0267905079763599,0.0,-0.0185380462002326,0.0453285541765926,0.2360558384345443,0.3689028370870699,0.0053986830000098,0.0584380837476541,0.0195980436924303,0.0711606496227238,0.0275463088088066,0.2464852822528061,0.3689028370870699,0.1671209972418862,0.040747797546623
106,gaussian_control,equal_weight,0,1.2969387483446917,1.2784007021444588,-0.0185380462002326,-1.4500966847981207,0.0185380462002326,0.1273371650243637,-0.0185380462002326,0.0,0.125,0.125,0.0,0.125,0.125,0.125,0.125,0.125,0.125,0.125,0.125
106,gaussian_control,LedoitWolf_Gaussian,222,1.099919010859461,1.151063537120095,0.051144526260634,4.443240934257648,0.051144526260634,0.0,0.0079643641352573,0.0431801621253766,0.2360558384345443,0.3689028370870699,0.0008429640000144,0.0584380837476541,0.0195980436924303,0.0711606496227238,0.0275463088088066,0.2464852822528061,0.3689028370870699,0.1671209972418862,0.040747797546623
106,gaussian_control,GMM_base,222,1.1512542705798643,1.151063537120095,-0.0001907334597694,-0.0165701938788456,0.0001907334597694,0.0,-0.0922929818855295,0.09210224842576,0.2360558384345443,0.3689028370870699,0.0490781639999795,0.0584380837476541,0.0195980436924303,0.0711606496227238,0.0275463088088066,0.2464852822528061,0.3689028370870699,0.1671209972418862,0.040747797546623
106,gaussian_control,GMM_pooled,222,1.1376030437408144,1.151063537120095,0.0134604933792805,1.169396210130856,0.0134604933792805,0.0,-0.0019738398394637,0.0154343332187443,0.2360558384345443,0.3689028370870699,0.0516840720000004,0.0584380837476541,0.0195980436924303,0.0711606496227238,0.0275463088088066,0.2464852822528061,0.3689028370870699,0.1671209972418862,0.040747797546623
106,gaussian_control,random_tail_calibration,222,1.104010076804789,1.151063537120095,0.0470534603153061,4.087824763612231,0.0470534603153061,0.0,0.0190281746750244,0.0280252856402816,0.2360558384345443,0.3689028370870699,0.0495787990000167,0.0584380837476541,0.0195980436924303,0.0711606496227238,0.0275463088088066,0.2464852822528061,0.3689028370870699,0.1671209972418862,0.040747797546623
106,gaussian_control,adaptive_tail_calibration,222,1.1065864680629085,1.151063537120095,0.0444770690571865,3.863997739730856,0.0444770690571865,0.0,0.014856239747339,0.0296208293098474,0.2360558384345443,0.3689028370870699,0.1339823149999688,0.0584380837476541,0.0195980436924303,0.0711606496227238,0.0275463088088066,0.2464852822528061,0.3689028370870699,0.1671209972418862,0.040747797546623
106,gaussian_control,nominal_half_equal,-1,1.210519700269416,1.1800402235251566,-0.0304794767442593,-2.582918457915562,0.0304794767442593,0.0289766864050615,-0.0922929818855295,0.0618135051412702,0.1527639596086361,0.2469514185435349,0.0,0.091719041873827,0.0722990218462151,0.0980803248113619,0.0762731544044033,0.1857426411264031,0.2469514185435349,0.1460604986209431,0.0828738987733115
107,gaussian_control,historical_CVaR,203,1.0777720370910109,1.02642076681571,-0.0513512702753009,-5.002945374401304,0.0513512702753009,0.0,-0.0531834800821544,0.0018322098068535,0.2533496054916369,0.4054741420652645,0.005815292999955,0.002269703426709,0.1020834872442252,0.1299092882582662,0.0528916489725458,0.4054741420652645,0.2374699400771039,0.0333566208576197,0.0365451690982654
107,gaussian_control,equal_weight,0,1.2869599112279184,1.233776431145764,-0.0531834800821544,-4.3106253888125305,0.0531834800821544,0.207355664330054,-0.0531834800821544,0.0,0.125,0.125,0.0,0.125,0.125,0.125,0.125,0.125,0.125,0.125,0.125
107,gaussian_control,LedoitWolf_Gaussian,203,1.075077851961028,1.02642076681571,-0.048657085145318,-4.740461876689044,0.048657085145318,0.0,-0.0404404543596716,-0.0082166307856463,0.2533496054916369,0.4054741420652645,0.0008272000000033,0.002269703426709,0.1020834872442252,0.1299092882582662,0.0528916489725458,0.4054741420652645,0.2374699400771039,0.0333566208576197,0.0365451690982654
107,gaussian_control,GMM_base,57,1.048729779321624,1.0455958330275488,-0.0031339462940751,-0.2997282692874485,0.0031339462940751,0.0191750662118388,-0.0048191502331229,0.0016852039390478,0.2710535053718648,0.3650787876962367,0.0571607309999535,0.0301358673107145,0.0668850467001087,0.0316082198841971,0.1036210995996072,0.3650787876962367,0.3439192565190203,0.0473543884535391,0.0113973338365761
107,gaussian_control,GMM_pooled,203,1.050406374617152,1.02642076681571,-0.0239856078014422,-2.33682019858711,0.0239856078014422,0.0,-0.0278605387860619,0.0038749309846197,0.2533496054916369,0.4054741420652645,0.0510425470000086,0.002269703426709,0.1020834872442252,0.1299092882582662,0.0528916489725458,0.4054741420652645,0.2374699400771039,0.0333566208576197,0.0365451690982654
107,gaussian_control,random_tail_calibration,203,1.074931452975926,1.02642076681571,-0.048510686160216,-4.726198819097544,0.048510686160216,0.0,-0.0401264436731561,-0.0083842424870599,0.2533496054916369,0.4054741420652645,0.0487973470000042,0.002269703426709,0.1020834872442252,0.1299092882582662,0.0528916489725458,0.4054741420652645,0.2374699400771039,0.0333566208576197,0.0365451690982654
107,gaussian_control,adaptive_tail_calibration,203,1.0793826004872429,1.02642076681571,-0.0529618336715329,-5.159856014589196,0.0529618336715329,0.0,-0.0249405830373434,-0.0280212506341894,0.2533496054916369,0.4054741420652645,0.1508069590000218,0.002269703426709,0.1020834872442252,0.1299092882582662,0.0528916489725458,0.4054741420652645,0.2374699400771039,0.0333566208576197,0.0365451690982654
107,gaussian_control,nominal_half_equal,-1,1.1126039892854038,1.100856587257148,-0.0117474020282557,-1.0671146600053625,0.0117474020282557,0.0744358204414381,-0.0048191502331229,-0.0069282517951327,0.1615133763429662,0.2450393938481183,0.0,0.0775679336553572,0.0959425233500543,0.0783041099420986,0.1143105497998036,0.2450393938481183,0.2344596282595101,0.0861771942267695,0.068198666918288
108,gaussian_control,historical_CVaR,27,1.0515654197086954,1.1125077143179856,0.0609422946092901,5.4779210809023775,0.0609422946092901,0.017389694247212,0.0036614276696322,0.0572808669396578,0.5,0.5,0.0056525609999766,0.0,0.0,0.0,0.0,0.0,0.5,0.0,0.5
108,gaussian_control,equal_weight,0,1.232248896625124,1.2359103242947562,0.0036614276696322,0.2962535062340868,0.0036614276696322,0.1407923042239827,0.0036614276696322,0.0,0.125,0.125,0.0,0.125,0.125,0.125,0.125,0.125,0.125,0.125,0.125
108,gaussian_control,LedoitWolf_Gaussian,134,1.083807291372616,1.1324859601251884,0.0486786687525724,4.298390484875534,0.0486786687525724,0.0373679400544149,0.0153215624210816,0.0333571063314908,0.295471570355473,0.4925052851980329,0.0010965120000037,0.1374262990766448,0.0526384935396622,0.0955142969535973,0.0416406915784648,0.03594290840914,0.4925052851980329,0.0062546016629542,0.1380774235815034
108,gaussian_control,GMM_base,27,0.9874182674485646,1.1125077143179856,0.1250894468694209,11.243917256439524,0.1250894468694209,0.017389694247212,0.0171534401296205,0.1079360067398004,0.5,0.5,0.0534461839999949,0.0,0.0,0.0,0.0,0.0,0.5,0.0,0.5
108,gaussian_control,GMM_pooled,134,1.1050016297272922,1.1324859601251884,0.0274843303978962,2.4269025282095344,0.0274843303978962,0.0373679400544149,-0.0025464356607138,0.0300307660586101,0.295471570355473,0.4925052851980329,0.0503314590000059,0.1374262990766448,0.0526384935396622,0.0955142969535973,0.0416406915784648,0.03594290840914,0.4925052851980329,0.0062546016629542,0.1380774235815034
108,gaussian_control,random_tail_calibration,27,1.00073465757086,1.1125077143179856,0.1117730567471255,10.04694666909768,0.1117730567471255,0.017389694247212,-0.0050599332821452,0.1168329900292708,0.5,0.5,0.0480966739999644,0.0,0.0,0.0,0.0,0.0,0.5,0.0,0.5
108,gaussian_control,adaptive_tail_calibration,27,1.046372018300497,1.1125077143179856,0.0661356960174885,5.944740442364714,0.0661356960174885,0.017389694247212,0.0035624049903719,0.0625732910271166,0.5,0.5,0.1414801120000106,0.0,0.0,0.0,0.0,0.0,0.5,0.0,0.5
108,gaussian_control,nominal_half_equal,-1,0.9855645954884888,1.0735695334412725,0.0880049379527835,8.197413880653654,0.0880049379527835,-0.0215484866295012,0.0171534401296205,0.070851497823163,0.21875,0.3125,0.0,0.0625,0.0625,0.0625,0.0625,0.0625,0.3125,0.0625,0.3125
109,gaussian_control,historical_CVaR,77,1.2881687297280218,1.228957273576424,-0.0592114561515977,-4.818023980547734,0.0592114561515977,0.0393824089953684,-0.1380188826429489,0.0788074264913512,0.2347775145896227,0.3946637436198711,0.0056452099999546,0.0662592269486778,0.0655151250316742,0.2340508097259807,0.0786621710493893,0.0718825778587819,0.0334514397651135,0.3946637436198711,0.0555149060005111
109,gaussian_control,equal_weight,0,1.3746849899896123,1.2366661073466636,-0.1380188826429489,-11.160561595649789,0.1380188826429489,0.047091242765608,-0.1380188826429489,0.0,0.125,0.125,0.0,0.125,0.125,0.125,0.125,0.125,0.125,0.125,0.125
109,gaussian_control,LedoitWolf_Gaussian,247,1.2545195597740704,1.1997603900157428,-0.0547591697583276,-4.564175498210029,0.0547591697583276,0.0101855254346872,-0.0602085101072165,0.0054493403488888,0.224925992545222,0.3675360133542892,0.0008226550000358,0.0394988846481037,0.0823564312011029,0.0654367382179257,0.0220388510385552,0.2461822845486012,0.1038269556970567,0.3675360133542892,0.0731238412943653
109,gaussian_control,GMM_base,159,1.309915928583047,1.1895748645810555,-0.1203410640019915,-10.11630857250613,0.1203410640019915,0.0,-0.1586933579622735,0.038352293960282,0.1836296382279691,0.2462052676216825,0.0581507940000278,0.2129718711051979,0.1562621678566484,0.095498727202243,0.0315302377064445,0.2462052676216825,0.0320285363089694,0.2040529834571586,0.0214502087416553
109,gaussian_control,GMM_pooled,166,1.2944471823108934,1.229898144599136,-0.0645490377117574,-5.24832385472019,0.0645490377117574,0.0403232800180803,-0.1112981178827796,0.0467490801710221,0.1799225081742762,0.242695360012162,0.0584346159999995,0.0040410221737914,0.1503048226348891,0.242695360012162,0.0727221758033673,0.0906474509288268,0.040221811199861,0.2417739893161219,0.1575933679309799
109,gaussian_control,random_tail_calibration,81,1.3091478178568128,1.2394975621722568,-0.0696502556845559,-5.619232970695948,0.0696502556845559,0.0499226975912012,-0.140795402015925,0.071145146331369,0.2456450345929367,0.4246892817857614,0.0536819349999859,0.0029122580103027,0.0291730855350635,0.1614514665650299,0.0598608597543058,0.1117596033615978,0.0950229766084407,0.4246892817857614,0.1151304683794979
109,gaussian_control,adaptive_tail_calibration,77,1.3085265576423333,1.228957273576424,-0.0795692840659092,-6.474536241146315,0.0795692840659092,0.0393824089953684,-0.1560662382684758,0.0764969542025666,0.2347775145896227,0.3946637436198711,0.1583593760000212,0.0662592269486778,0.0655151250316742,0.2340508097259807,0.0786621710493893,0.0718825778587819,0.0334514397651135,0.3946637436198711,0.0555149060005111
109,gaussian_control,nominal_half_equal,-1,1.330612178707838,1.1911369400998282,-0.1394752386080098,-11.709420966855458,0.1394752386080098,0.0015620755187726,-0.1586933579622735,0.0192181193542637,0.1396574095569923,0.1856026338108412,0.0,0.168985935552599,0.1406310839283241,0.1102493636011215,0.0782651188532222,0.1856026338108412,0.0785142681544847,0.1645264917285793,0.0732251043708276
110,gaussian_control,historical_CVaR,218,1.082516877167918,1.0290050137492184,-0.0535118634186997,-5.200350115275654,0.0535118634186997,0.0255916454265081,-0.1281844713011393,0.0746726078824395,0.2511664291459107,0.3446475911946457,0.0059075899999925,0.0485037825059819,0.0754185693863675,0.0584134042500062,0.1512287584505494,0.3446475911946457,0.0017994356810723,0.0069222175196114,0.3130662410117653
110,gaussian_control,equal_weight,0,1.2405185733495154,1.112334102048376,-0.1281844713011393,-11.523918134406392,0.1281844713011393,0.1089207337256659,-0.1281844713011393,0.0,0.125,0.125,0.0,0.125,0.125,0.125,0.125,0.125,0.125,0.125,0.125
110,gaussian_control,LedoitWolf_Gaussian,142,1.036898493236331,1.0034133683227102,-0.0334851249136207,-3.337121665978396,0.0334851249136207,0.0,-0.025056699456357,-0.0084284254572637,0.2210886360145367,0.3767956891402425,0.0009812200000283,0.0227629787047173,0.0376878818146369,0.1109344298110151,0.1855310052866171,0.3767956891402425,0.0256154921192615,0.0999754136583254,0.1406971094651837
110,gaussian_control,GMM_base,153,1.08212345873313,1.0131411848276186,-0.0689822739055114,-6.8087523178961975,0.0689822739055114,0.0097278165049083,-0.1090389482435849,0.0400566743380734,0.2649507827869614,0.3810084790506216,0.0446851380000339,0.0309676473074294,0.0041205749680872,0.0176010490734657,0.1960560007659096,0.2662855987249731,0.0086925293038418,0.0952681208056714,0.3810084790506216
110,gaussian_control,GMM_pooled,218,1.0784912914652522,1.0290050137492184,-0.0494862777160338,-4.809138639250042,0.0494862777160338,0.0255916454265081,-0.0662136034962517,0.0167273257802178,0.2511664291459107,0.3446475911946457,0.0487530210000386,0.0485037825059819,0.0754185693863675,0.0584134042500062,0.1512287584505494,0.3446475911946457,0.0017994356810723,0.0069222175196114,0.3130662410117653
110,gaussian_control,random_tail_calibration,153,1.075131723893502,1.0131411848276186,-0.0619905390658834,-6.118647627223928,0.0619905390658834,0.0097278165049083,-0.1257669663112071,0.0637764272453236,0.2649507827869614,0.3810084790506216,0.0524845230000323,0.0309676473074294,0.0041205749680872,0.0176010490734657,0.1960560007659096,0.2662855987249731,0.0086925293038418,0.0952681208056714,0.3810084790506216
110,gaussian_control,adaptive_tail_calibration,153,1.0733491467445344,1.0131411848276186,-0.0602079619169158,-5.942702045733133,0.0602079619169158,0.0097278165049083,-0.118640908950133,0.0584329470332172,0.2649507827869614,0.3810084790506216,0.1406427549999875,0.0309676473074294,0.0041205749680872,0.0176010490734657,0.1960560007659096,0.2662855987249731,0.0086925293038418,0.0952681208056714,0.3810084790506216
110,gaussian_control,nominal_half_equal,-1,1.115680711683143,1.0178267201293298,-0.0978539915538134,-9.614012839177544,0.0978539915538134,0.0144133518066196,-0.1090389482435849,0.0111849566897714,0.1599876956967403,0.2530042395253108,0.0,0.0779838236537147,0.0645602874840436,0.0713005245367328,0.1605280003829548,0.1956427993624865,0.0668462646519209,0.1101340604028357,0.2530042395253108
111,gaussian_control,historical_CVaR,74,1.0341526004888089,1.2032868309258935,0.1691342304370846,14.056019403697858,0.1691342304370846,0.0513967759314788,0.1195022648749788,0.0496319655621058,0.1504532393128117,0.2155760619082771,0.006108949999998,0.1833141408077707,0.1154226746261304,0.1575028829474792,0.1321481258221489,0.0323923439555659,0.0949470867952137,0.0686966831374136,0.2155760619082771
111,gaussian_control,equal_weight,0,1.134671968424629,1.2541742332996078,0.1195022648749788,9.5283623042215,0.1195022648749788,0.1022841783051931,0.1195022648749788,0.0,0.125,0.125,0.0,0.125,0.125,0.125,0.125,0.125,0.125,0.125,0.125
111,gaussian_control,LedoitWolf_Gaussian,67,1.0546751911183536,1.1518900549944149,0.097214863876061,8.439595728303464,0.097214863876061,0.0,0.1374772017186378,-0.0402623378425768,0.2101861580296748,0.3523316114214141,0.0009092230000078,0.0469155128853865,0.0548611356082329,0.2291572592590793,0.1270903391482417,0.0742353864330724,0.0566326255580913,0.0587761296864816,0.3523316114214141
111,gaussian_control,GMM_base,234,1.0127593881729318,1.259586772864894,0.2468273846919622,19.5959016091095,0.2468273846919622,0.1076967178704793,0.0793022560814835,0.1675251286104786,0.2245654185936726,0.3272664341868943,0.0610785399999826,0.1546333348314046,0.3272664341868943,0.2839912579411569,0.0734185888332809,0.0578362889581635,0.0214004674034724,0.0267814820198222,0.0546721458258049
111,gaussian_control,GMM_pooled,74,1.093943234126609,1.2032868309258935,0.1093435967992844,9.087076662772729,0.1093435967992844,0.0513967759314788,0.1030613008598038,0.0062822959394805,0.1504532393128117,0.2155760619082771,0.0768568919999665,0.1833141408077707,0.1154226746261304,0.1575028829474792,0.1321481258221489,0.0323923439555659,0.0949470867952137,0.0686966831374136,0.2155760619082771
111,gaussian_control,random_tail_calibration,273,1.02122464016939,1.2128374742316337,0.1916128340622436,15.79872308807375,0.1916128340622436,0.0609474192372188,0.1186938809708779,0.0729189530913656,0.2099640046349604,0.2940132288427647,0.0425700609999921,0.1941782981902234,0.0367211154833224,0.2940132288427647,0.1725168456224583,0.0008221827517118,0.0240276269069814,0.0506500483829782,0.2270706538195594
111,gaussian_control,adaptive_tail_calibration,93,1.0400452483940186,1.2112079103854951,0.1711626619914765,14.131567381936934,0.1711626619914765,0.0593178553910804,0.1242238241800779,0.0469388378113986,0.2241497921533234,0.2840695564150883,0.1421492169999965,0.2406203113714617,0.2186471370338745,0.1899973309368162,0.0231381410407274,0.004390898258914,0.0067211830952104,0.0324154418479073,0.2840695564150883
111,gaussian_control,nominal_half_equal,-1,1.0579897122606998,1.2245588164366918,0.166569104175992,13.602376785844116,0.166569104175992,0.0726687614422771,0.0793022560814835,0.0872668480945084,0.1498913546484181,0.2261332170934471,0.0,0.1398166674157023,0.2261332170934471,0.2044956289705784,0.0992092944166404,0.0914181444790817,0.0732002337017362,0.0758907410099111,0.0898360729129024
112,gaussian_control,historical_CVaR,266,1.3566173411899485,1.3882597478516725,0.0316424066617242,2.279285754030596,0.0316424066617242,0.004976984329283,-0.0464849883201452,0.0781273949818694,0.1893381741189122,0.2968215624158497,0.0056420949999846,0.0666052730701612,0.2968215624158497,0.0240731272828231,0.1191310536144199,0.162297643539239,0.1232729944205413,0.0066872498713784,0.201111095785587
112,gaussian_control,equal_weight,0,1.4649288803447529,1.4184438920246074,-0.0464849883201452,-3.277182028948299,0.0464849883201452,0.0351611285022179,-0.0464849883201452,0.0,0.125,0.125,0.0,0.125,0.125,0.125,0.125,0.125,0.125,0.125,0.125
112,gaussian_control,LedoitWolf_Gaussian,105,1.3701626375295564,1.4208517664945712,0.0506891289650148,3.567517045783857,0.0506891289650148,0.0375690029721818,0.0213705827351793,0.0293185462298355,0.1589582685284099,0.2072833610083723,0.0010559009999724,0.0532287464514031,0.1734097094914651,0.136033378939836,0.041921947830103,0.2072833610083723,0.039312562845259,0.1594831480729041,0.1893271453606571
112,gaussian_control,GMM_base,108,1.143878159029255,1.4374754588590513,0.2935972998297962,20.42450867737453,0.2935972998297962,0.0541926953366618,0.1794085320126348,0.1141887678171613,0.1943669449448567,0.2772410443695225,0.0462565259999792,0.025881992136868,0.2052361106531857,0.0117323238876485,0.0206495134850174,0.1635123803219488,0.1907640227383433,0.1049826124074654,0.2772410443695225
112,gaussian_control,GMM_pooled,93,1.3688696054531415,1.3832827635223894,0.0144131580692479,1.0419531312995092,0.0144131580692479,0.0,-0.0341057019108699,0.0485188599801178,0.2104355289664716,0.372014204240908,0.0470846480000091,0.0466895588283282,0.372014204240908,0.0401862694089525,0.0979458051665071,0.1405119841059398,0.0374980465595569,0.0983013385885129,0.1668527931012944
112,gaussian_control,random_tail_calibration,108,1.3077521550739188,1.4374754588590513,0.1297233037851324,9.024383893697635,0.1297233037851324,0.0541926953366618,0.0248688086060742,0.1048544951790582,0.1943669449448567,0.2772410443695225,0.0757293890000028,0.025881992136868,0.2052361106531857,0.0117323238876485,0.0206495134850174,0.1635123803219488,0.1907640227383433,0.1049826124074654,0.2772410443695225
112,gaussian_control,adaptive_tail_calibration,266,1.3547575457117342,1.3882597478516725,0.0335022021399382,2.413251712569122,0.0335022021399382,0.004976984329283,-0.0364683492695747,0.069970551409513,0.1893381741189122,0.2968215624158497,0.1447542729999895,0.0666052730701612,0.2968215624158497,0.0240731272828231,0.1191310536144199,0.162297643539239,0.1232729944205413,0.0066872498713784,0.201111095785587
112,gaussian_control,nominal_half_equal,-1,1.1712943591624985,1.4024532448242828,0.2311588856617843,16.482466457607067,0.2311588856617843,0.0191704813018933,0.1794085320126348,0.0517503536491494,0.1423417362362141,0.2011205221847612,0.0,0.075440996068434,0.1651180553265929,0.0683661619438242,0.0728247567425087,0.1442561901609744,0.1578820113691716,0.1149913062037327,0.2011205221847612
113,gaussian_control,historical_CVaR,151,0.9941058940221728,1.105183686237409,0.111077792215236,10.050618155014549,0.111077792215236,0.0009659921949725,0.0671092198860792,0.0439685723291568,0.1719839116729001,0.2197606430026417,0.0055586699999707,0.1803555171563913,0.2197606430026417,0.2139378324171603,0.0139229061368659,0.1782496074345072,0.040163845892655,0.0794312660560529,0.0741783819037253
113,gaussian_control,equal_weight,0,1.0965669963336435,1.1636762162197227,0.0671092198860792,5.767001073897329,0.0671092198860792,0.0594585221772863,0.0671092198860792,0.0,0.125,0.125,0.0,0.125,0.125,0.125,0.125,0.125,0.125,0.125,0.125
113,gaussian_control,LedoitWolf_Gaussian,151,1.0220580074352466,1.105183686237409,0.0831256788021623,7.521435562007184,0.0831256788021623,0.0009659921949725,0.0839119456819728,-0.0007862668798104,0.1719839116729001,0.2197606430026417,0.0010268780000046,0.1803555171563913,0.2197606430026417,0.2139378324171603,0.0139229061368659,0.1782496074345072,0.040163845892655,0.0794312660560529,0.0741783819037253
113,gaussian_control,GMM_base,196,1.088288788018785,1.1354506990732989,0.0471619110545138,4.153585099996429,0.0471619110545138,0.0312330050308624,0.0202021240781253,0.0269597869763884,0.1725323509286887,0.270340876761568,0.0467767009999988,0.1594019884223197,0.1899772955597862,0.1342026368455468,0.0394827623031578,0.0897935817997075,0.0166006043891516,0.270340876761568,0.1002002539187621
113,gaussian_control,GMM_pooled,58,0.9748275795978368,1.1113014306352256,0.1364738510373888,12.280543088960094,0.1364738510373888,0.0070837365927891,0.1075855689765288,0.02888828206086,0.1492249345042443,0.2321252692401864,0.0568897869999887,0.1157486656164099,0.1735865208366035,0.2321252692401864,0.0423474095948808,0.1356292815145796,0.0866107146913882,0.1318254182156099,0.0821267202903416
113,gaussian_control,random_tail_calibration,151,1.038945854367453,1.105183686237409,0.0662378318699559,5.993377634396885,0.0662378318699559,0.0009659921949725,0.0575157532602723,0.0087220786096835,0.1719839116729001,0.2197606430026417,0.0456576849999805,0.1803555171563913,0.2197606430026417,0.2139378324171603,0.0139229061368659,0.1782496074345072,0.040163845892655,0.0794312660560529,0.0741783819037253
113,gaussian_control,adaptive_tail_calibration,151,1.0345479962206914,1.105183686237409,0.0706356900167175,6.3913076981073,0.0706356900167175,0.0009659921949725,0.0640141025250193,0.0066215874916981,0.1719839116729001,0.2197606430026417,0.1402015689999984,0.1803555171563913,0.2197606430026417,0.2139378324171603,0.0139229061368659,0.1782496074345072,0.040163845892655,0.0794312660560529,0.0741783819037253
113,gaussian_control,nominal_half_equal,-1,1.0979709212674766,1.1313640911535787,0.033393169886102,2.9515847415709677,0.033393169886102,0.0271463971111423,0.0202021240781253,0.0131910458079766,0.1368830877321722,0.197670438380784,0.0,0.1422009942111599,0.1574886477798931,0.1296013184227734,0.0822413811515789,0.1073967908998537,0.0708003021945758,0.197670438380784,0.112600126959381
114,gaussian_control,historical_CVaR,70,1.063388178132251,1.0449653366740752,-0.0184228414581757,-1.7630098158865368,0.0184228414581757,0.0319028983998805,-0.0903292627907148,0.0719064213325391,0.2128116712692341,0.3022081767253579,0.0057196210000256,0.0244204874469064,0.0135524221352097,0.0787203340132531,0.2019229433787025,0.3022081767253579,0.0648523702458099,0.0568453654815545,0.2574779005732057
114,gaussian_control,equal_weight,0,1.1625284803372051,1.0721992175464905,-0.0903292627907148,-8.424671582713424,0.0903292627907148,0.0591367792722956,-0.0903292627907148,0.0,0.125,0.125,0.0,0.125,0.125,0.125,0.125,0.125,0.125,0.125,0.125
114,gaussian_control,LedoitWolf_Gaussian,228,1.0757348896847931,1.023528241677039,-0.0522066480077541,-5.10065534901256,0.0522066480077541,0.0104658034028444,-0.0621595213934511,0.009952873385697,0.2397158669902208,0.3979344459598833,0.0008307960000024,0.1542004571638535,0.0393945819067173,0.0538437672767392,0.2036596634124453,0.3979344459598833,0.0004542371033248,0.0623984504621301,0.0881143967149062
114,gaussian_control,GMM_base,199,1.068980824012375,1.022739840829064,-0.046240983183311,-4.521285016708325,0.046240983183311,0.0096774025548693,-0.1219288176125552,0.0756878344292442,0.1894764134433132,0.2855746284581645,0.0466975919999868,0.1027170783059777,0.012434899811677,0.1812510850014945,0.2108398233102357,0.2855746284581645,0.023067366937034,0.0571903723660945,0.1269247458093217
114,gaussian_control,GMM_pooled,228,1.0272557520562833,1.023528241677039,-0.0037275103792442,-0.3641824648762748,0.0037275103792442,0.0104658034028444,-0.0460923027654589,0.0423647923862147,0.2397158669902208,0.3979344459598833,0.0511789700000235,0.1542004571638535,0.0393945819067173,0.0538437672767392,0.2036596634124453,0.3979344459598833,0.0004542371033248,0.0623984504621301,0.0881143967149062
114,gaussian_control,random_tail_calibration,199,1.0685287113158926,1.022739840829064,-0.0457888704868285,-4.477078985180699,0.0457888704868285,0.0096774025548693,-0.0871209878897323,0.0413321174029037,0.1894764134433132,0.2855746284581645,0.0478524009999432,0.1027170783059777,0.012434899811677,0.1812510850014945,0.2108398233102357,0.2855746284581645,0.023067366937034,0.0571903723660945,0.1269247458093217
114,gaussian_control,adaptive_tail_calibration,70,1.0766681395596316,1.0449653366740752,-0.0317028028855563,-3.033861676834213,0.0317028028855563,0.0319028983998805,-0.0939074487894318,0.0622046459038754,0.2128116712692341,0.3022081767253579,0.1403788530000156,0.0244204874469064,0.0135524221352097,0.0787203340132531,0.2019229433787025,0.3022081767253579,0.0648523702458099,0.0568453654815545,0.2574779005732057
114,gaussian_control,nominal_half_equal,-1,1.1080328799395691,1.0277669207114546,-0.0802659592281147,-7.809743397126652,0.0802659592281147,0.0147044824372599,-0.1219288176125552,0.0416628583844405,0.1411191033608283,0.2052873142290822,0.0,0.1138585391529889,0.0687174499058385,0.1531255425007472,0.1679199116551178,0.2052873142290822,0.074033683468517,0.0910951861830473,0.1259623729046608
115,gaussian_control,historical_CVaR,79,1.0898014973961982,1.1338083682653988,0.0440068708692005,3.88133233983148,0.0440068708692005,0.0388380680779201,0.0059710538772914,0.038035816991909,0.1974928787042695,0.2981539313396371,0.0056066319999672,0.0624889852847514,0.0847483263980784,0.2981539313396371,0.1395447484205637,0.0827147137598423,0.0502736342338218,0.0208614563609113,0.2612142042023939
115,gaussian_control,equal_weight,0,1.1965839066719308,1.2025549605492225,0.0059710538772914,0.4965306429374678,0.0059710538772914,0.1075846603617436,0.0059710538772914,0.0,0.125,0.125,0.0,0.125,0.125,0.125,0.125,0.125,0.125,0.125,0.125
115,gaussian_control,LedoitWolf_Gaussian,219,1.057509041868138,1.098570924381255,0.041061882513117,3.737754349929133,0.041061882513117,0.0036006241937762,0.0567837449940287,-0.0157218624809116,0.239075920345768,0.4037731334031018,0.0009108250000053,0.0601906947922168,0.1746142383252623,0.4037731334031018,0.0191596579302739,0.0479579831296502,0.084819730487162,0.1758998067816177,0.033584755150715
115,gaussian_control,GMM_base,79,1.103811171330962,1.1338083682653988,0.0299971969344368,2.645702552039653,0.0299971969344368,0.0388380680779201,-0.0288828674934247,0.0588800644278615,0.1974928787042695,0.2981539313396371,0.0487263109999958,0.0624889852847514,0.0847483263980784,0.2981539313396371,0.1395447484205637,0.0827147137598423,0.0502736342338218,0.0208614563609113,0.2612142042023939
115,gaussian_control,GMM_pooled,163,1.1221819756671425,1.0949703001874789,-0.0272116754796636,-2.485151923755786,0.0272116754796636,0.0,-0.0141346104303001,-0.0130770650493634,0.2379270937845742,0.3860152577011291,0.0500120140000035,0.0309362363734802,0.0866702803114504,0.1748701773242638,0.0746250452774019,0.0014227221126081,0.0385438850148485,0.2069163958848176,0.3860152577011291
115,gaussian_control,random_tail_calibration,79,1.0955565830341425,1.1338083682653988,0.0382517852312565,3.3737434210136845,0.0382517852312565,0.0388380680779201,-0.0025491112218829,0.0408008964531394,0.1974928787042695,0.2981539313396371,0.0478438580000215,0.0624889852847514,0.0847483263980784,0.2981539313396371,0.1395447484205637,0.0827147137598423,0.0502736342338218,0.0208614563609113,0.2612142042023939
115,gaussian_control,adaptive_tail_calibration,79,1.0974910596057723,1.1338083682653988,0.0363173086596262,3.2031258258560653,0.0363173086596262,0.0388380680779201,-0.0022158062983834,0.0385331149580097,0.1974928787042695,0.2981539313396371,0.1441345859999501,0.0624889852847514,0.0847483263980784,0.2981539313396371,0.1395447484205637,0.0827147137598423,0.0502736342338218,0.0208614563609113,0.2612142042023939
115,gaussian_control,nominal_half_equal,-1,1.1561140184100351,1.1507672146781218,-0.0053468037319133,-0.4646294805512738,0.0053468037319133,0.0557969144906431,-0.0288828674934247,0.0235360637615114,0.1431232196760673,0.2115769656698185,0.0,0.0937444926423757,0.1048741631990392,0.2115769656698185,0.1322723742102818,0.1038573568799211,0.0876368171169109,0.0729307281804556,0.1931071021011969
116,gaussian_control,historical_CVaR,187,1.038873428139446,1.0773310132234213,0.0384575850839752,3.569709273374435,0.0384575850839752,0.0238568936368894,0.0125427847267138,0.0259148003572613,0.2022561652476672,0.3215625268190085,0.0062739749999991,0.0089257570420585,0.3215625268190085,0.1097394541495044,0.035606831794605,0.1404841793484943,0.2306488483162162,0.0562765224348329,0.09675588009528
116,gaussian_control,equal_weight,0,1.1007918641125456,1.1133346488392597,0.0125427847267138,1.1265960993660569,0.0125427847267138,0.0598605292527276,0.0125427847267138,0.0,0.125,0.125,0.0,0.125,0.125,0.125,0.125,0.125,0.125,0.125,0.125
116,gaussian_control,LedoitWolf_Gaussian,221,1.0285808605524491,1.061701253061052,0.0331203925086027,3.1195585776235517,0.0331203925086027,0.00822713347452,0.0323105432164314,0.0008098492921713,0.206094967305222,0.2861005450366499,0.0008432340000013,0.0587590459469848,0.256524181819467,0.0265309298343771,0.1331005318866812,0.1869796319270647,0.2861005450366499,0.0148027329247428,0.0372024006240322
116,gaussian_control,GMM_base,124,0.9826383013565816,1.0607912045633752,0.0781529032067934,7.367416214481288,0.0781529032067934,0.0073170849768433,0.0834756312248858,-0.0053227280180924,0.2031576041226445,0.3477530927603442,0.0516287589999819,0.0924197444579823,0.3477530927603442,0.0683048798918946,0.0886461637263847,0.1337832776216642,0.1994771601466605,0.0119167055934336,0.0576989758016355
116,gaussian_control,GMM_pooled,238,1.0482692425515212,1.0667719495467274,0.0185027069952061,1.73445758515379,0.0185027069952061,0.0132978299601955,0.0284727048681547,-0.0099699978729486,0.1809910328520062,0.321017341473744,0.0454634159999614,0.1339261281239354,0.144864908213046,0.0297828917852434,0.0910621362578387,0.321017341473744,0.1365292078556096,0.0490604372262819,0.0937569490643007
116,gaussian_control,random_tail_calibration,187,1.0086165410005623,1.0773310132234213,0.0687144722228589,6.3782135090739,0.0687144722228589,0.0238568936368894,0.0406146768954474,0.0280997953274115,0.2022561652476672,0.3215625268190085,0.0441002780000303,0.0089257570420585,0.3215625268190085,0.1097394541495044,0.035606831794605,0.1404841793484943,0.2306488483162162,0.0562765224348329,0.09675588009528
116,gaussian_control,adaptive_tail_calibration,187,1.030204765394502,1.0773310132234213,0.0471262478289191,4.374351731313793,0.0471262478289191,0.0238568936368894,0.0347183187341264,0.0124079290947927,0.2022561652476672,0.3215625268190085,0.1514523339999982,0.0089257570420585,0.3215625268190085,0.1097394541495044,0.035606831794605,0.1404841793484943,0.2306488483162162,0.0562765224348329,0.09675588009528
116,gaussian_control,nominal_half_equal,-1,0.99044572228594,1.066744839055614,0.0762991167696741,7.152518013325617,0.0762991167696741,0.0132707194690822,0.0834756312248858,-0.0071765144552117,0.1445394010306611,0.2363765463801721,0.0,0.1087098722289911,0.2363765463801721,0.0966524399459473,0.1068230818631923,0.1293916388108321,0.1622385800733302,0.0684583527967168,0.0913494879008177
117,gaussian_control,historical_CVaR,202,1.075261942762909,1.168814156354712,0.0935522135918027,8.004028106878225,0.0935522135918027,0.0493303242786959,0.0583903320616459,0.0351618815301568,0.2189777146934454,0.3493713743484076,0.0058273610000014,0.3493713743484076,0.0957437110697161,0.0326099789703579,0.0439078656317181,0.163788931388055,0.057818340871589,0.232366956776284,0.0243928409438719
117,gaussian_control,equal_weight,0,1.2064404897474958,1.2648308218091415,0.0583903320616459,4.616453920543121,0.0583903320616459,0.1453469897331256,0.0583903320616459,0.0,0.125,0.125,0.0,0.125,0.125,0.125,0.125,0.125,0.125,0.125,0.125
117,gaussian_control,LedoitWolf_Gaussian,203,1.0112788673397604,1.119483832076016,0.1082049647362557,9.665612100497787,0.1082049647362557,0.0,0.0911512026434915,0.0170537620927642,0.2571733879412576,0.4505584924518616,0.0007931600000006,0.4505584924518616,0.0970136081191811,0.0911850642573191,0.0165866591865849,0.0389275344775247,0.1291855727309388,0.12277491643289,0.0537681523436998
117,gaussian_control,GMM_base,82,1.0210481270361145,1.1655109483218729,0.1444628212857586,12.39480602852845,0.1444628212857586,0.0460271162458567,0.1270522763136046,0.0174105449721539,0.163452453224724,0.2378958230179925,0.0569732019999946,0.1720861414386097,0.1526759960915144,0.0296613779963944,0.1074584539327245,0.1580847529258028,0.2378958230179925,0.1277035089438195,0.0144339456531418
117,gaussian_control,GMM_pooled,227,1.0348753787766605,1.1810666494642317,0.1461912706875712,12.377901852862248,0.1461912706875712,0.0615828173882155,0.1111671225562098,0.0350241481313613,0.2450032100876482,0.3684051918184549,0.0551471840000203,0.3684051918184549,0.1306614545486004,0.0399635080590834,0.0054549883883669,0.2344537411181484,0.0331753018646349,0.1857630388317686,0.0021227753709423
117,gaussian_control,random_tail_calibration,157,1.0540514244382315,1.14551664406241,0.0914652196241783,7.984625984988752,0.0914652196241783,0.0260328119863939,0.1150275821051662,-0.0235623624809879,0.2032257509112669,0.3185841545049158,0.044388336000054,0.2502002953094129,0.0631959908320552,0.1184532966782331,0.0136798722269558,0.0550989328723786,0.3185841545049158,0.1181398922104166,0.0626475653656315
117,gaussian_control,adaptive_tail_calibration,203,1.0704800184118288,1.119483832076016,0.0490038136641872,4.377357873343523,0.0490038136641872,0.0,0.0925954529450563,-0.043591639280869,0.2571733879412576,0.4505584924518616,0.1366548220000254,0.4505584924518616,0.0970136081191811,0.0911850642573191,0.0165866591865849,0.0389275344775247,0.1291855727309388,0.12277491643289,0.0537681523436998
117,gaussian_control,nominal_half_equal,-1,1.0613271164789655,1.2001326070344789,0.1388054905555129,11.565846119163496,0.1388054905555129,0.0806487749584625,0.1270522763136046,0.0117532142419083,0.134613113306181,0.1814479115089962,0.0,0.1485430707193049,0.1388379980457572,0.0773306889981972,0.1162292269663622,0.1415423764629014,0.1814479115089962,0.1263517544719097,0.0697169728265709
118,gaussian_control,historical_CVaR,192,0.930799788147993,1.0360112684234608,0.1052114802754677,10.155437829896604,0.1052114802754677,0.0248293541519095,0.0910089906571638,0.0142024896183039,0.1839842564786213,0.2670898859139544,0.0057936500000437,0.170916556928529,0.2670898859139544,0.0350928113228335,0.0499312469150176,0.2191082832415797,0.1453888940869552,0.0101994189863802,0.1022729026047499
118,gaussian_control,equal_weight,0,1.0073915095362724,1.0984005001934365,0.0910089906571638,8.285592608628319,0.0910089906571638,0.087218585921885,0.0910089906571638,0.0,0.125,0.125,0.0,0.125,0.125,0.125,0.125,0.125,0.125,0.125,0.125
118,gaussian_control,LedoitWolf_Gaussian,72,0.9586528733604748,1.0111819142715512,0.0525290409110764,5.194816102789778,0.0525290409110764,0.0,0.0561096487433048,-0.0035806078322283,0.2282024169365748,0.411424309650684,0.0010187760000235,0.0924891418370274,0.1273713288647653,0.0330516397808234,0.0939681674159147,0.132846814147733,0.0725908275117872,0.0362577707912648,0.411424309650684
118,gaussian_control,GMM_base,200,0.9618686865208992,1.0172011472964997,0.0553324607756005,5.439677385604823,0.0553324607756005,0.0060192330249484,0.1012898475044179,-0.0459573867288174,0.1509265064566723,0.1927972031643146,0.0487188600000081,0.1456012312310776,0.1820181365658391,0.0180975084079936,0.0556204714976224,0.1927972031643146,0.1554409635184977,0.1096211710618098,0.1408033145528448
118,gaussian_control,GMM_pooled,200,0.9745678971922028,1.0172011472964997,0.0426332501042968,4.191231028160635,0.0426332501042968,0.0060192330249484,0.0344626742495506,0.0081705758547462,0.1509265064566723,0.1927972031643146,0.0487154550000354,0.1456012312310776,0.1820181365658391,0.0180975084079936,0.0556204714976224,0.1927972031643146,0.1554409635184977,0.1096211710618098,0.1408033145528448
118,gaussian_control,random_tail_calibration,200,0.9585236530663792,1.0172011472964997,0.0586774942301205,5.768524188757815,0.0586774942301205,0.0060192330249484,0.10490921770041,-0.0462317234702894,0.1509265064566723,0.1927972031643146,0.0394437989999687,0.1456012312310776,0.1820181365658391,0.0180975084079936,0.0556204714976224,0.1927972031643146,0.1554409635184977,0.1096211710618098,0.1408033145528448
118,gaussian_control,adaptive_tail_calibration,200,0.9557548224486953,1.0172011472964997,0.0614463248478045,6.040725082852646,0.0614463248478045,0.0060192330249484,0.1000853980392892,-0.0386390731914847,0.1509265064566723,0.1927972031643146,0.1327020009999842,0.1456012312310776,0.1820181365658391,0.0180975084079936,0.0556204714976224,0.1927972031643146,0.1554409635184977,0.1096211710618098,0.1408033145528448
118,gaussian_control,nominal_half_equal,-1,0.9676378641191766,1.0466785187018013,0.0790406545826246,7.551569385474638,0.0790406545826246,0.03549660443025,0.1012898475044179,-0.0222491929217932,0.1314816266141681,0.1588986015821573,0.0,0.1353006156155388,0.1535090682829195,0.0715487542039968,0.0903102357488112,0.1588986015821573,0.1402204817592488,0.1173105855309049,0.1329016572764224
119,gaussian_control,historical_CVaR,150,1.1400899569473106,1.2321889153006174,0.0920989583533067,7.474418671493837,0.0920989583533067,0.0269925162805386,0.0438882377287952,0.0482107206245114,0.2270855574694868,0.4072452126396155,0.0058598690000053,0.1242146514839907,0.0784474937266441,0.0437223352609452,0.1149507811083707,0.0921001532386195,0.0133529431182197,0.1259664294235943,0.4072452126396155
119,gaussian_control,equal_weight,0,1.22659316411828,1.2704814018470754,0.0438882377287952,3.4544573155489573,0.0438882377287952,0.0652850028269966,0.0438882377287952,0.0,0.125,0.125,0.0,0.125,0.125,0.125,0.125,0.125,0.125,0.125,0.125
119,gaussian_control,LedoitWolf_Gaussian,235,1.142396449013153,1.2088541833361983,0.0664577343230452,5.497580704037856,0.0664577343230452,0.0036577843161196,0.0794751604570125,-0.0130174261339672,0.153890740244061,0.2449286136093806,0.0008082130000275,0.1671092921552664,0.1308635488191253,0.0630323486249778,0.1539585851499058,0.0456084263365726,0.1066971461909461,0.0878020391138251,0.2449286136093806
119,gaussian_control,GMM_base,58,1.1489174761416958,1.2104209078092372,0.0615034316675413,5.081160716139441,0.0615034316675413,0.0052245087891584,-0.0333291995549116,0.094832631222453,0.1919445357656566,0.2853250638666842,0.0454442980000067,0.1212109034441541,0.2853250638666842,0.0381664959709711,0.1218529480553255,0.1052280485257749,0.0213912247754722,0.0510998421355671,0.2557254732260506
119,gaussian_control,GMM_pooled,235,1.1270717101094476,1.2088541833361983,0.0817824732267507,6.765288514868456,0.0817824732267507,0.0036577843161196,0.0936143192556571,-0.0118318460289064,0.153890740244061,0.2449286136093806,0.0496307159999673,0.1671092921552664,0.1308635488191253,0.0630323486249778,0.1539585851499058,0.0456084263365726,0.1066971461909461,0.0878020391138251,0.2449286136093806
119,gaussian_control,random_tail_calibration,235,1.1276331152868884,1.2088541833361983,0.0812210680493099,6.718847415091528,0.0812210680493099,0.0036577843161196,0.016597882816586,0.0646231852327239,0.153890740244061,0.2449286136093806,0.0460860919999959,0.1671092921552664,0.1308635488191253,0.0630323486249778,0.1539585851499058,0.0456084263365726,0.1066971461909461,0.0878020391138251,0.2449286136093806
119,gaussian_control,adaptive_tail_calibration,235,1.1459732781968062,1.2088541833361983,0.0628809051393921,5.201694795467663,0.0628809051393921,0.0036577843161196,0.0130606337683762,0.0498202713710158,0.153890740244061,0.2449286136093806,0.1397901469999851,0.1671092921552664,0.1308635488191253,0.0630323486249778,0.1539585851499058,0.0456084263365726,0.1066971461909461,0.0878020391138251,0.2449286136093806
119,gaussian_control,nominal_half_equal,-1,1.1936994377761434,1.2180571175395143,0.0243576797633711,1.999715728649394,0.0243576797633711,0.0128607185194358,-0.0333291995549116,0.0576868793182827,0.1417361339414141,0.2051625319333421,0.0,0.1231054517220771,0.2051625319333421,0.0815832479854855,0.1234264740276627,0.1151140242628874,0.0731956123877361,0.0880499210677835,0.1903627366130253
120,gaussian_control,historical_CVaR,175,1.2722181417413156,1.239605016118691,-0.0326131256226247,-2.6309288199509897,0.0326131256226247,0.0221555269854225,-0.0356044898039111,0.0029913641812864,0.23065116613837,0.3651030915850219,0.0059799780000275,0.1287558878220315,0.0704669137677369,0.006705491009618,0.3651030915850219,0.255135098645032,0.065049859315038,0.070515190755087,0.038268467100434
120,gaussian_control,equal_weight,0,1.3384920365588917,1.3028875467549803,-0.0356044898039111,-2.732736980454608,0.0356044898039111,0.0854380576217122,-0.0356044898039111,0.0,0.125,0.125,0.0,0.125,0.125,0.125,0.125,0.125,0.125,0.125,0.125
120,gaussian_control,LedoitWolf_Gaussian,187,1.2002510800033648,1.2174494891332683,0.0171984091299035,1.412658946708953,0.0171984091299035,0.0,0.0653645131993956,-0.048166104069492,0.2237325852249556,0.4024184112892253,0.0008125089999566,0.0797656872011972,0.1423805595648242,0.1178489944908798,0.4024184112892253,0.0846847870342393,0.1101060987075406,0.0324776030201779,0.0303178586919154
120,gaussian_control,GMM_base,260,1.1273574894818386,1.2224288536102494,0.0950713641284108,7.777251317950546,0.0950713641284108,0.0049793644769811,0.1322024064345111,-0.0371310423061002,0.2153732566396839,0.3837703429531696,0.0464793969999846,0.0705193167298799,0.0086577026566757,0.0888233003056289,0.3837703429531696,0.1382549642397141,0.1190082529283169,0.0527944020374082,0.1381717181492061
120,gaussian_control,GMM_pooled,243,1.2354885514192495,1.2198174778730122,-0.0156710735462373,-1.2847064278471283,0.0156710735462373,0.0023679887397438,0.0350477987291739,-0.0507188722754112,0.2072069898500497,0.3689932991024915,0.0508546570000021,0.1571054478960172,0.1246155711964498,0.0520963675601124,0.3689932991024915,0.1042131780422935,0.0127614761473684,0.0693246736674299,0.1108899863878368
120,gaussian_control,random_tail_calibration,235,1.2211783852995242,1.2349222947062726,0.0137439094067484,1.1129371836320612,0.0137439094067484,0.0174728055730042,0.0164350753292621,-0.0026911659225137,0.1620782081442108,0.2791487095710168,0.0497551810000231,0.0732922883849823,0.0814902954652683,0.1043211194870787,0.2791487095710168,0.1206413058283751,0.1858464140977739,0.0701181147223314,0.0851417524431735
120,gaussian_control,adaptive_tail_calibration,235,1.256078191177758,1.2349222947062726,-0.0211558964714855,-1.713135843621438,0.0211558964714855,0.0174728055730042,0.0117070505983509,-0.0328629470698365,0.1620782081442108,0.2791487095710168,0.1381651089999991,0.0732922883849823,0.0814902954652683,0.1043211194870787,0.2791487095710168,0.1206413058283751,0.1858464140977739,0.0701181147223314,0.0851417524431735
120,gaussian_control,nominal_half_equal,-1,1.114616725966464,1.241660901950001,0.127044175983537,10.23179322019538,0.127044175983537,0.0242114128167325,0.1322024064345111,-0.005158230450974,0.1475933141599209,0.2543851714765848,0.0,0.0977596583649399,0.0668288513283378,0.1069116501528145,0.2543851714765848,0.1316274821198571,0.1220041264641584,0.0888972010187041,0.131585859074603
121,gaussian_control,historical_CVaR,132,1.1369351161921415,1.111074318638649,-0.0258607975534925,-2.3275488524636847,0.0258607975534925,0.0197557657828042,0.0188295694458109,-0.0446903669993035,0.1772565848848323,0.2601812251020017,0.005593532999967,0.028896303924135,0.1776556191345104,0.1108061874002829,0.2601812251020017,0.2113538368664542,0.0137375850445732,0.0820817015893103,0.1152875409387319
121,gaussian_control,equal_weight,0,1.1699348613715876,1.1887644308173986,0.0188295694458109,1.5839613768443304,0.0188295694458109,0.0974458779615539,0.0188295694458109,0.0,0.125,0.125,0.0,0.125,0.125,0.125,0.125,0.125,0.125,0.125,0.125
121,gaussian_control,LedoitWolf_Gaussian,132,1.0960930294220563,1.111074318638649,0.0149812892165925,1.3483606780641375,0.0149812892165925,0.0197557657828042,0.0176678396826486,-0.002686550466056,0.1772565848848323,0.2601812251020017,0.0008236759999817,0.028896303924135,0.1776556191345104,0.1108061874002829,0.2601812251020017,0.2113538368664542,0.0137375850445732,0.0820817015893103,0.1152875409387319
121,gaussian_control,GMM_base,193,1.1288736825567378,1.121699976014886,-0.0071737065418517,-0.6395387978288221,0.0071737065418517,0.0303814231590413,-0.0630794837585626,0.0559057772167108,0.2347142806224758,0.415621154425488,0.044621042000017,0.0435567945193656,0.0756126505949453,0.1735889428661327,0.415621154425488,0.1039472262856541,0.0703540292976327,0.0304715239052489,0.0868476781055325
121,gaussian_control,GMM_pooled,233,1.128279872891878,1.1152467948618745,-0.0130330780300036,-1.1686272572177907,0.0130330780300036,0.0239282420060296,0.0058816308473144,-0.018914708877318,0.1997905371072829,0.3376022201223136,0.040784995000024,0.0297265001464661,0.1707017326343717,0.0954701629452539,0.1689909189973127,0.3376022201223136,0.1094909018296398,0.0776112050407938,0.0104063582838483
121,gaussian_control,random_tail_calibration,193,1.1003443064352263,1.121699976014886,0.0213556695796597,1.903866455942255,0.0213556695796597,0.0303814231590413,0.0046501751803391,0.0167054943993205,0.2347142806224758,0.415621154425488,0.0487073230000305,0.0435567945193656,0.0756126505949453,0.1735889428661327,0.415621154425488,0.1039472262856541,0.0703540292976327,0.0304715239052489,0.0868476781055325
121,gaussian_control,adaptive_tail_calibration,192,1.1430776036291932,1.1310141628987735,-0.0120634407304196,-1.066603861042838,0.0120634407304196,0.0396956100429288,-0.0256077187208005,0.0135442779903809,0.1582771897204013,0.2358641426311098,0.1399374360000251,0.0917939840512482,0.0644711883719124,0.1434111530989538,0.1841998777610401,0.2358641426311098,0.1718444483144069,0.0631191029038733,0.0452961028674553
121,gaussian_control,nominal_half_equal,-1,1.1613568182297718,1.1299899986335769,-0.0313668195961949,-2.7758493114208767,0.0313668195961949,0.0386714457777321,-0.0630794837585626,0.0317126641623677,0.1524285701556189,0.270310577212744,0.0,0.0842783972596828,0.1003063252974726,0.1492944714330663,0.270310577212744,0.114473613142827,0.0976770146488164,0.0777357619526245,0.1059238390527662
122,gaussian_control,historical_CVaR,102,1.0985635410545398,1.0641163082904268,-0.0344472327641129,-3.2371680140354906,0.0344472327641129,0.0,0.0027733751467919,-0.0372206079109049,0.2742985883518297,0.4423224623582955,0.0055752860000097,0.4423224623582955,0.0903148890518068,0.0128121115530895,0.2374564286808609,0.0237571823825791,0.0397545144166734,0.0753182775186188,0.0782641340380757
122,gaussian_control,equal_weight,0,1.180528607514403,1.183301982661195,0.0027733751467919,0.234375940159822,0.0027733751467919,0.1191856743707682,0.0027733751467919,0.0,0.125,0.125,0.0,0.125,0.125,0.125,0.125,0.125,0.125,0.125,0.125
122,gaussian_control,LedoitWolf_Gaussian,102,1.066236175482948,1.0641163082904268,-0.0021198671925211,-0.199213861868804,0.0021198671925211,0.0,0.0101965221846587,-0.0123163893771798,0.2742985883518297,0.4423224623582955,0.0008003110000345,0.4423224623582955,0.0903148890518068,0.0128121115530895,0.2374564286808609,0.0237571823825791,0.0397545144166734,0.0753182775186188,0.0782641340380757
122,gaussian_control,GMM_base,102,1.0679352898810004,1.0641163082904268,-0.0038189815905735,-0.3588876103881008,0.0038189815905735,0.0,0.0331227879818178,-0.0369417695723914,0.2742985883518297,0.4423224623582955,0.0491978729999686,0.4423224623582955,0.0903148890518068,0.0128121115530895,0.2374564286808609,0.0237571823825791,0.0397545144166734,0.0753182775186188,0.0782641340380757
122,gaussian_control,GMM_pooled,102,1.0736032230542372,1.0641163082904268,-0.0094869147638103,-0.8915298722422286,0.0094869147638103,0.0,0.0684432389859779,-0.0779301537497882,0.2742985883518297,0.4423224623582955,0.0462419890000092,0.4423224623582955,0.0903148890518068,0.0128121115530895,0.2374564286808609,0.0237571823825791,0.0397545144166734,0.0753182775186188,0.0782641340380757
122,gaussian_control,random_tail_calibration,129,1.0712771484209898,1.0988772927058887,0.0276001442848989,2.5116675417813084,0.0276001442848989,0.0347609844154619,0.0564484630797821,-0.0288483187948831,0.1878900545972802,0.3306274919275195,0.047765260999995,0.3306274919275195,0.1437542381055151,0.0246250553198606,0.1010643171345864,0.1312557012472329,0.0275855242487411,0.1161170651109052,0.1249706069056389
122,gaussian_control,adaptive_tail_calibration,102,1.0355952949267349,1.0641163082904268,0.0285210133636919,2.680253384097913,0.0285210133636919,0.0,0.0638441351055583,-0.0353231217418663,0.2742985883518297,0.4423224623582955,0.1459295519999841,0.4423224623582955,0.0903148890518068,0.0128121115530895,0.2374564286808609,0.0237571823825791,0.0397545144166734,0.0753182775186188,0.0782641340380757
122,gaussian_control,nominal_half_equal,-1,1.0762964029083266,1.0842014472639403,0.0079050443556136,0.7291121382988947,0.0079050443556136,0.0200851389735134,0.0331227879818178,-0.0252177436262042,0.1623246470879574,0.2836612311791477,0.0,0.2836612311791477,0.1076574445259034,0.0689060557765447,0.1812282143404304,0.0743785911912895,0.0823772572083367,0.1001591387593094,0.1016320670190378
123,gaussian_control,historical_CVaR,159,1.2924200368616512,1.2820665654142918,-0.0103534714473594,-0.8075611459389217,0.0103534714473594,0.0080704834535449,-0.0436619834218163,0.0333085119744569,0.1984778666091915,0.3406673836352543,0.0062420669999596,0.1248657456866551,0.0522673813682547,0.3406673836352543,0.0086013440001107,0.1286449688061302,0.1700217109769662,0.1278938454969215,0.047037620029707
123,gaussian_control,equal_weight,0,1.3999903328938277,1.3563283494720113,-0.0436619834218163,-3.219130783398653,0.0436619834218163,0.0823322675112645,-0.0436619834218163,0.0,0.125,0.125,0.0,0.125,0.125,0.125,0.125,0.125,0.125,0.125,0.125
123,gaussian_control,LedoitWolf_Gaussian,269,1.258216108659663,1.287041483378124,0.028825374718461,2.239661665201534,0.028825374718461,0.0130454014173773,0.0274068950316193,0.0014184796868417,0.1575506321053782,0.2136984743503842,0.0007883330000026,0.1918643599550416,0.0396624002918303,0.2136984743503842,0.0641411199299144,0.0477570191110085,0.1722827625503877,0.1554447552298733,0.1151491085815598
123,gaussian_control,GMM_base,139,1.2069688010151758,1.3551419393106374,0.1481731382954616,10.934141583046092,0.1481731382954616,0.0811458573498906,-0.0053362884609577,0.1535094267564194,0.1695235820874613,0.2485299915946091,0.0532672479999973,0.1228882754882116,0.1880413795778076,0.1635935504337246,0.0001978063260004,0.0516999442587024,0.1481336934981711,0.2485299915946091,0.0769153588227728
123,gaussian_control,GMM_pooled,159,1.350853834313709,1.2820665654142918,-0.0687872688994175,-5.365343013776307,0.0687872688994175,0.0080704834535449,-0.1454280435532784,0.0766407746538608,0.1984778666091915,0.3406673836352543,0.0522298739999769,0.1248657456866551,0.0522673813682547,0.3406673836352543,0.0086013440001107,0.1286449688061302,0.1700217109769662,0.1278938454969215,0.047037620029707
123,gaussian_control,random_tail_calibration,139,1.2386476058964486,1.3551419393106374,0.1164943334141888,8.596467280279853,0.1164943334141888,0.0811458573498906,-0.0433285391748632,0.159822872589052,0.1695235820874613,0.2485299915946091,0.0566193549999525,0.1228882754882116,0.1880413795778076,0.1635935504337246,0.0001978063260004,0.0516999442587024,0.1481336934981711,0.2485299915946091,0.0769153588227728
123,gaussian_control,adaptive_tail_calibration,159,1.2938989791412874,1.2820665654142918,-0.0118324137269956,-0.922917268587536,0.0118324137269956,0.0080704834535449,-0.0658733173614414,0.0540409036344458,0.1984778666091915,0.3406673836352543,0.147585274999983,0.1248657456866551,0.0522673813682547,0.3406673836352543,0.0086013440001107,0.1286449688061302,0.1700217109769662,0.1278938454969215,0.047037620029707
123,gaussian_control,nominal_half_equal,-1,1.262378356125474,1.336126616551202,0.073748260425728,5.519556269007376,0.073748260425728,0.0621305345904552,-0.0053362884609577,0.0790845488866858,0.1361308955218653,0.1867649957973045,0.0,0.1239441377441058,0.1565206897889038,0.1442967752168623,0.0625989031630002,0.0883499721293512,0.1365668467490855,0.1867649957973045,0.1009576794113864
124,gaussian_control,historical_CVaR,273,1.0482454123856395,1.0364354892236134,-0.0118099231620261,-1.1394749875723424,0.0118099231620261,0.0,-0.0497726992104106,0.0379627760483844,0.1978174776250086,0.3460337725561301,0.0058516170000189,0.3460337725561301,0.1789087018612919,0.0736899468459076,0.1137133653847929,0.0430410777402097,0.0414968286916918,0.0596880787783669,0.1434282281416089
124,gaussian_control,equal_weight,0,1.2160448168140296,1.166272117603619,-0.0497726992104106,-4.267674624056035,0.0497726992104106,0.1298366283800056,-0.0497726992104106,0.0,0.125,0.125,0.0,0.125,0.125,0.125,0.125,0.125,0.125,0.125,0.125
124,gaussian_control,LedoitWolf_Gaussian,273,1.0751759562840415,1.0364354892236134,-0.0387404670604281,-3.7378560907296143,0.0387404670604281,0.0,-0.0267835827214737,-0.0119568843389543,0.1978174776250086,0.3460337725561301,0.0008761539999682,0.3460337725561301,0.1789087018612919,0.0736899468459076,0.1137133653847929,0.0430410777402097,0.0414968286916918,0.0596880787783669,0.1434282281416089
124,gaussian_control,GMM_base,217,1.0306861768248756,1.0799129552594688,0.0492267784345932,4.55840243371889,0.0492267784345932,0.0434774660358554,-0.0225995376651031,0.0718263160996963,0.1895753793066387,0.3118024143181814,0.0672881399999596,0.3118024143181814,0.1621919436385805,0.0221393615598079,0.1226405211796176,0.0008853678523222,0.1454170991952105,0.0876609318044949,0.1472623604517846
124,gaussian_control,GMM_pooled,273,0.9973564396335498,1.0364354892236134,0.0390790495900635,3.770524069890489,0.0390790495900635,0.0,0.027283232291533,0.0117958172985305,0.1978174776250086,0.3460337725561301,0.0520216450000248,0.3460337725561301,0.1789087018612919,0.0736899468459076,0.1137133653847929,0.0430410777402097,0.0414968286916918,0.0596880787783669,0.1434282281416089
124,gaussian_control,random_tail_calibration,273,1.0713316848624943,1.0364354892236134,-0.0348961956388809,-3.366943336243861,0.0348961956388809,0.0,-0.0535627804953571,0.0186665848564762,0.1978174776250086,0.3460337725561301,0.0476119930000322,0.3460337725561301,0.1789087018612919,0.0736899468459076,0.1137133653847929,0.0430410777402097,0.0414968286916918,0.0596880787783669,0.1434282281416089
124,gaussian_control,adaptive_tail_calibration,273,1.0566387017532517,1.0364354892236134,-0.0202032125296383,-1.9492976398147448,0.0202032125296383,0.0,-0.0450543282731463,0.024851115743508,0.1978174776250086,0.3460337725561301,0.1365382230000023,0.3460337725561301,0.1789087018612919,0.0736899468459076,0.1137133653847929,0.0430410777402097,0.0414968286916918,0.0596880787783669,0.1434282281416089
124,gaussian_control,nominal_half_equal,-1,1.0739145056991146,1.103283119498873,0.0293686137997584,2.661929044386908,0.0293686137997584,0.0668476302752596,-0.0225995376651031,0.0519681514648615,0.1411438448266597,0.2184012071590907,0.0,0.2184012071590907,0.1435959718192903,0.0735696807799039,0.1238202605898088,0.0629426839261611,0.1352085495976052,0.1063304659022474,0.1361311802258923
125,gaussian_control,historical_CVaR,134,1.0226106191675806,1.0621855970272212,0.0395749778596405,3.725806296978661,0.0395749778596405,0.0279091173078653,0.0085104708576926,0.0310645070019479,0.2484409954540578,0.3691337047657795,0.0058061299999963,0.0323658767425761,0.1130886698630243,0.0489446606186125,0.3691337047657795,0.0749233996409048,0.2960866236866182,0.0489459339496683,0.0165111307328158
125,gaussian_control,equal_weight,0,1.0958471268856986,1.1043575977433913,0.0085104708576926,0.7706263691292253,0.0085104708576926,0.0700811180240355,0.0085104708576926,0.0,0.125,0.125,0.0,0.125,0.125,0.125,0.125,0.125,0.125,0.125,0.125
125,gaussian_control,LedoitWolf_Gaussian,269,1.0092421466121957,1.0342764797193558,0.02503433310716,2.4204681821588925,0.02503433310716,0.0,0.0134002818756076,0.0116340512315524,0.182840219891728,0.2771375638554327,0.0008225339999512,0.0411656860255978,0.0789271357748341,0.1316428499366696,0.2771375638554327,0.1856426083851109,0.2044744356714286,0.0157381092971808,0.065271611053745
125,gaussian_control,GMM_base,269,0.9055882509106934,1.0342764797193558,0.1286882288086623,12.442343157951449,0.1286882288086623,0.0,0.0917644786460638,0.0369237501625985,0.182840219891728,0.2771375638554327,0.0486528019999923,0.0411656860255978,0.0789271357748341,0.1316428499366696,0.2771375638554327,0.1856426083851109,0.2044744356714286,0.0157381092971808,0.065271611053745
125,gaussian_control,GMM_pooled,268,1.0389189020296403,1.053079948699838,0.0141610466701973,1.3447266456531604,0.0141610466701973,0.0188034689804821,-0.0143317755515488,0.0284928222217462,0.2348158495882453,0.3042280323355619,0.0503711989999828,0.0636944408673726,0.0012905109395644,0.0369782015809912,0.2104829145316189,0.3042280323355619,0.29678008475576,0.0244506565931249,0.0620951583960056
125,gaussian_control,random_tail_calibration,269,0.983611931548326,1.0342764797193558,0.0506645481710297,4.898549775083082,0.0506645481710297,0.0,0.025679129374535,0.0249854187964946,0.182840219891728,0.2771375638554327,0.0446769760000052,0.0411656860255978,0.0789271357748341,0.1316428499366696,0.2771375638554327,0.1856426083851109,0.2044744356714286,0.0157381092971808,0.065271611053745
125,gaussian_control,adaptive_tail_calibration,269,0.9876854097583448,1.0342764797193558,0.046591069961011,4.504701680314071,0.046591069961011,0.0,0.0212434627919151,0.0253476071690958,0.182840219891728,0.2771375638554327,0.1370330650000255,0.0411656860255978,0.0789271357748341,0.1316428499366696,0.2771375638554327,0.1856426083851109,0.2044744356714286,0.0157381092971808,0.065271611053745
125,gaussian_control,nominal_half_equal,-1,0.9463527227917796,1.0532392497958665,0.1068865270040869,10.14836154509084,0.1068865270040869,0.0189627700765107,0.0917644786460638,0.0151220483580231,0.139460054972932,0.2010687819277163,0.0,0.0830828430127989,0.101963567887417,0.1283214249683348,0.2010687819277163,0.1553213041925554,0.1647372178357143,0.0703690546485904,0.0951358055268725
126,gaussian_control,historical_CVaR,230,1.2270865225215797,1.2041296613470929,-0.0229568611744868,-1.9065107281556652,0.0229568611744868,0.0204731408755811,-0.0520927447836583,0.0291358836091715,0.2058503621953525,0.2948798300639113,0.0055174999999962,0.0638845951020405,0.1794230795634466,0.0069863953779706,0.248157273671612,0.0017951866471415,0.1033577046121028,0.1015159349617745,0.2948798300639113
126,gaussian_control,equal_weight,0,1.3623937234098924,1.310300978626234,-0.0520927447836583,-3.9756319832924345,0.0520927447836583,0.1266444581547223,-0.0520927447836583,0.0,0.125,0.125,0.0,0.125,0.125,0.125,0.125,0.125,0.125,0.125,0.125
126,gaussian_control,LedoitWolf_Gaussian,230,1.2276752577822985,1.2041296613470929,-0.0235455964352055,-1.955403740230474,0.0235455964352055,0.0204731408755811,-0.0440321197932731,0.0204865233580675,0.2058503621953525,0.2948798300639113,0.0008064800000511,0.0638845951020405,0.1794230795634466,0.0069863953779706,0.248157273671612,0.0017951866471415,0.1033577046121028,0.1015159349617745,0.2948798300639113
126,gaussian_control,GMM_base,230,1.3107893074498411,1.2041296613470929,-0.1066596461027482,-8.857820675509744,0.1066596461027482,0.0204731408755811,-0.0679517025573603,-0.0387079435453878,0.2058503621953525,0.2948798300639113,0.0524260659999527,0.0638845951020405,0.1794230795634466,0.0069863953779706,0.248157273671612,0.0017951866471415,0.1033577046121028,0.1015159349617745,0.2948798300639113
126,gaussian_control,GMM_pooled,230,1.2214712916263049,1.2041296613470929,-0.0173416302792119,-1.44017964475781,0.0173416302792119,0.0204731408755811,-0.0112518347876746,-0.0060897954915373,0.2058503621953525,0.2948798300639113,0.0528566770000225,0.0638845951020405,0.1794230795634466,0.0069863953779706,0.248157273671612,0.0017951866471415,0.1033577046121028,0.1015159349617745,0.2948798300639113
126,gaussian_control,random_tail_calibration,230,1.2730896544681127,1.2041296613470929,-0.0689599931210198,-5.72695743113515,0.0689599931210198,0.0204731408755811,-0.051032327696481,-0.0179276654245388,0.2058503621953525,0.2948798300639113,0.0443840500000192,0.0638845951020405,0.1794230795634466,0.0069863953779706,0.248157273671612,0.0017951866471415,0.1033577046121028,0.1015159349617745,0.2948798300639113
126,gaussian_control,adaptive_tail_calibration,230,1.2282778831230692,1.2041296613470929,-0.0241482217759763,-2.005450289212296,0.0241482217759763,0.0204731408755811,-0.0476403102603522,0.0234920884843758,0.2058503621953525,0.2948798300639113,0.1394830990000173,0.0638845951020405,0.1794230795634466,0.0069863953779706,0.248157273671612,0.0017951866471415,0.1033577046121028,0.1015159349617745,0.2948798300639113
126,gaussian_control,nominal_half_equal,-1,1.3196145278136906,1.2287804961634206,-0.09083403165027,-7.392209750551709,0.09083403165027,0.0451239756919088,-0.0679517025573603,-0.0228823290929096,0.1452125905488381,0.2099399150319556,0.0,0.0944422975510202,0.1522115397817233,0.0659931976889853,0.186578636835806,0.0633975933235707,0.1141788523060514,0.1132579674808872,0.2099399150319556
127,gaussian_control,historical_CVaR,264,0.8397701914701354,0.9717751105655522,0.1320049190954167,13.5838958685197,0.1320049190954167,0.0105222948821239,0.1201429694459932,0.0118619496494235,0.1893681801388897,0.3029109346294603,0.0070454829999562,0.167371375619324,0.0603323176711836,0.3029109346294603,0.2194859162886443,0.0726768006125496,0.0737249932199209,0.0224850525886346,0.0810126093702822
127,gaussian_control,equal_weight,0,0.9236170599854988,1.0437600294314922,0.1201429694459932,11.510593053791478,0.1201429694459932,0.0825072137480639,0.1201429694459932,0.0,0.125,0.125,0.0,0.125,0.125,0.125,0.125,0.125,0.125,0.125,0.125
127,gaussian_control,LedoitWolf_Gaussian,216,0.9253849861303016,0.9612528156834282,0.0358678295531267,3.731362755762181,0.0358678295531267,0.0,0.0508018224696825,-0.0149339929165558,0.1803896438624517,0.2588212212882518,0.0009624220000432,0.2490036175373777,0.0977404158431519,0.2588212212882518,0.144329191303508,0.104142277683052,0.0929953120045486,0.034157595923924,0.0188103684161858
127,gaussian_control,GMM_base,216,0.8342948395749094,0.9612528156834282,0.1269579761085189,13.207553105397642,0.1269579761085189,0.0,0.1651963465309698,-0.0382383704224509,0.1803896438624517,0.2588212212882518,0.0454511979999665,0.2490036175373777,0.0977404158431519,0.2588212212882518,0.144329191303508,0.104142277683052,0.0929953120045486,0.034157595923924,0.0188103684161858
127,gaussian_control,GMM_pooled,216,0.8350752994788256,0.9612528156834282,0.1261775162046026,13.126361155560655,0.1261775162046026,0.0,0.1455042863946909,-0.0193267701900883,0.1803896438624517,0.2588212212882518,0.0521115980000104,0.2490036175373777,0.0977404158431519,0.2588212212882518,0.144329191303508,0.104142277683052,0.0929953120045486,0.034157595923924,0.0188103684161858
127,gaussian_control,random_tail_calibration,216,0.8664010368357399,0.9612528156834282,0.0948517788476883,9.86751635991318,0.0948517788476883,0.0,0.1297278723764842,-0.0348760935287958,0.1803896438624517,0.2588212212882518,0.0664264769999931,0.2490036175373777,0.0977404158431519,0.2588212212882518,0.144329191303508,0.104142277683052,0.0929953120045486,0.034157595923924,0.0188103684161858
127,gaussian_control,adaptive_tail_calibration,194,0.8616615176884915,0.9826620681980396,0.1210005505095479,12.313546480066456,0.1210005505095479,0.0214092525146112,0.129807780834676,-0.008807230325128,0.1754464366552992,0.2285688795698947,0.1455612229999587,0.1814838405409652,0.0209574814007128,0.1703098272482312,0.1514657513513345,0.2285688795698947,0.1853686933641605,0.0025872255185479,0.0592583010061529
127,gaussian_control,nominal_half_equal,-1,0.8417779704037149,0.9851332970463452,0.1433553266426304,14.551871007958256,0.1433553266426304,0.023880481362917,0.1651963465309698,-0.0218410198883394,0.1388474109656129,0.1919106106441259,0.0,0.1870018087686888,0.1113702079215759,0.1919106106441259,0.1346645956517539,0.114571138841526,0.1089976560022743,0.079578797961962,0.0719051842080929
128,gaussian_control,historical_CVaR,129,1.0719644562836603,1.060558945468788,-0.0114055108148725,-1.0754245073885118,0.0114055108148725,0.0,0.0021855839248412,-0.0135910947397137,0.2316710211219497,0.3880625596597438,0.0058374150000304,0.2049564406314558,0.112749047082209,0.018568760371179,0.3880625596597438,0.1411679654122202,0.0506996267556248,0.0404004745129893,0.0433951255745777
128,gaussian_control,equal_weight,0,1.1465108663401762,1.1486964502650174,0.0021855839248412,0.1902664471834148,0.0021855839248412,0.0881375047962294,0.0021855839248412,0.0,0.125,0.125,0.0,0.125,0.125,0.125,0.125,0.125,0.125,0.125,0.125
128,gaussian_control,LedoitWolf_Gaussian,129,1.0597685406281194,1.060558945468788,0.0007904048406686,0.0745271956872928,0.0007904048406686,0.0,-0.0057059030263546,0.0064963078670232,0.2316710211219497,0.3880625596597438,0.0008351930000003,0.2049564406314558,0.112749047082209,0.018568760371179,0.3880625596597438,0.1411679654122202,0.0506996267556248,0.0404004745129893,0.0433951255745777
128,gaussian_control,GMM_base,87,1.0623712720336669,1.1691924822236262,0.1068212101899594,9.136323728904056,0.1068212101899594,0.1086335367548381,0.061651683801662,0.0451695263882974,0.2106984869824345,0.3308987012407582,0.0422790169999984,0.0583283528257177,0.0739093293864236,0.0918723893037243,0.2647665178567354,0.0467948442119881,0.0299291745656518,0.3308987012407582,0.1035006906090005
128,gaussian_control,GMM_pooled,129,1.0212242943619128,1.060558945468788,0.0393346511068752,3.708860433918512,0.0393346511068752,0.0,0.042532277819856,-0.0031976267129807,0.2316710211219497,0.3880625596597438,0.0529301459999942,0.2049564406314558,0.112749047082209,0.018568760371179,0.3880625596597438,0.1411679654122202,0.0506996267556248,0.0404004745129893,0.0433951255745777
128,gaussian_control,random_tail_calibration,87,1.0946236755441303,1.1691924822236262,0.0745688066794956,6.377804152287833,0.0745688066794956,0.1086335367548381,0.028576990231752,0.0459918164477435,0.2106984869824345,0.3308987012407582,0.0412949430000253,0.0583283528257177,0.0739093293864236,0.0918723893037243,0.2647665178567354,0.0467948442119881,0.0299291745656518,0.3308987012407582,0.1035006906090005
128,gaussian_control,adaptive_tail_calibration,129,1.0895506363164438,1.060558945468788,-0.0289916908476557,-2.733623715260903,0.0289916908476557,0.0,0.0171283228714296,-0.0461200137190853,0.2316710211219497,0.3880625596597438,0.1800045419999492,0.2049564406314558,0.112749047082209,0.018568760371179,0.3880625596597438,0.1411679654122202,0.0506996267556248,0.0404004745129893,0.0433951255745777
128,gaussian_control,nominal_half_equal,-1,1.0552792772135715,1.1348340416639573,0.0795547644503857,7.010255379168758,0.0795547644503857,0.0742750961951692,0.061651683801662,0.0179030806487237,0.1464246217456086,0.2279493506203791,0.0,0.0916641764128588,0.0994546646932118,0.1084361946518621,0.1948832589283677,0.085897422105994,0.0774645872828259,0.2279493506203791,0.1142503453045002
129,gaussian_control,historical_CVaR,239,1.0313016743364494,1.0299508158500863,-0.0013508584863628,-0.1311575723397914,0.0013508584863628,0.0234960844774485,-0.0378412309945253,0.0364903725081624,0.1879332248003795,0.297408509217983,0.0055796819999613,0.1361786576235082,0.297408509217983,0.217000575407372,0.1301641111467319,0.0104878193836374,0.1083145248265413,0.0472128478675857,0.0532329545266401
129,gaussian_control,equal_weight,0,1.1056612125918748,1.0678199815973497,-0.0378412309945253,-3.543783750695383,0.0378412309945253,0.0613652502247115,-0.0378412309945253,0.0,0.125,0.125,0.0,0.125,0.125,0.125,0.125,0.125,0.125,0.125,0.125
129,gaussian_control,LedoitWolf_Gaussian,259,1.0300886107549911,1.006454731372638,-0.0236338793823531,-2.348230739610163,0.0236338793823531,0.0,-0.0239076549977002,0.000273775615347,0.2147957864228375,0.3012039096717041,0.0011573520000069,0.0767318337619701,0.3012039096717041,0.2280289096251084,0.0429996245193228,0.0351757107365648,0.04122917969156,0.2461497918865082,0.0284810401072611
129,gaussian_control,GMM_base,67,1.019918007001413,1.0426634609161762,0.0227454539147631,2.181476072325097,0.0227454539147631,0.0362087295435382,-0.0531814312848257,0.0759268851995889,0.1863283058312387,0.3209271754727372,0.0448294120000127,0.0386731100600104,0.3209271754727372,0.1542015987955777,0.0370480144513385,0.0493107713846273,0.1488192899885039,0.1428808652835941,0.1081391745636107
129,gaussian_control,GMM_pooled,259,1.027493178402716,1.006454731372638,-0.0210384470300779,-2.090352042101783,0.0210384470300779,0.0,-0.0324497401127941,0.0114112930827161,0.2147957864228375,0.3012039096717041,0.0590301120000162,0.0767318337619701,0.3012039096717041,0.2280289096251084,0.0429996245193228,0.0351757107365648,0.04122917969156,0.2461497918865082,0.0284810401072611
129,gaussian_control,random_tail_calibration,259,1.0069148146029885,1.006454731372638,-0.0004600832303502,-0.0457132562457942,0.0004600832303502,0.0,-0.0285072226227729,0.0280471393924226,0.2147957864228375,0.3012039096717041,0.0438289939999663,0.0767318337619701,0.3012039096717041,0.2280289096251084,0.0429996245193228,0.0351757107365648,0.04122917969156,0.2461497918865082,0.0284810401072611
129,gaussian_control,adaptive_tail_calibration,259,1.0160966306544674,1.006454731372638,-0.0096418992818294,-0.9580062551526288,0.0096418992818294,0.0,-0.0343760556635737,0.0247341563817442,0.2147957864228375,0.3012039096717041,0.1340959740000471,0.0767318337619701,0.3012039096717041,0.2280289096251084,0.0429996245193228,0.0351757107365648,0.04122917969156,0.2461497918865082,0.0284810401072611
129,gaussian_control,nominal_half_equal,-1,1.0510357995569193,1.0401514314824092,-0.01088436807451,-1.046421486821188,0.01088436807451,0.0336967001097712,-0.0531814312848257,0.0422970632103156,0.1403320764578096,0.2229635877363686,0.0,0.0818365550300052,0.2229635877363686,0.1396007993977888,0.0810240072256692,0.0871553856923136,0.1369096449942519,0.133940432641797,0.1165695872818053
105,asymmetric_crash_mixture,historical_CVaR,86,2.5717796390409022,2.8243301946908117,0.252550555649909,8.941962810320646,0.252550555649909,0.097058303170094,0.0484513502182082,0.2040992054317008,0.1835688909221435,0.3075798988710047,0.0055965770000057,0.0298303603118431,0.0422063451115512,0.1575249687982893,0.1186482216846884,0.1495660978585668,0.1524925737556224,0.0421515336084338,0.3075798988710047
105,asymmetric_crash_mixture,equal_weight,0,2.7766503433883374,2.8251016936065456,0.0484513502182082,1.7150303059128071,0.0484513502182082,0.0978298020858283,0.0484513502182082,0.0,0.125,0.125,0.0,0.125,0.125,0.125,0.125,0.125,0.125,0.125,0.125
105,asymmetric_crash_mixture,LedoitWolf_Gaussian,205,1.7305398692185496,2.7456933448039176,1.015153475585368,36.97257297529213,1.015153475585368,0.0184214532832003,0.988596122971208,0.02655735261416,0.186685740685099,0.3095076129680089,0.0007841970000299,0.0346897291776847,0.0513766950522558,0.1986893297773994,0.0328294415810544,0.1149990035719664,0.131136590780636,0.1267715970909944,0.3095076129680089
105,asymmetric_crash_mixture,GMM_base,229,2.862978701737104,3.0982208558588256,0.2352421541217215,7.5928142332678386,0.2352421541217215,0.3709489643381083,-0.4396221739801973,0.6748643281019189,0.2657086493786679,0.3602252538064518,0.0457187069999918,0.0029738091472831,0.0738972693332799,0.0615381490302946,0.0678579457758962,0.0511900781696737,0.3434436183471556,0.0388738763899647,0.3602252538064518
105,asymmetric_crash_mixture,GMM_pooled,53,2.6926922666275424,2.773383181395394,0.0806909147678518,2.90947588162892,0.0806909147678518,0.0461112898746769,0.0060474565406263,0.0746434582272255,0.2617640341850629,0.3407076241992242,0.0421648180000033,0.0248964813841997,0.0327723973310886,0.0506760172494463,0.0334764857035687,0.0014408465687466,0.1982065554506073,0.3407076241992242,0.3178235921131184
105,asymmetric_crash_mixture,random_tail_calibration,223,2.5726196062901576,2.966115964006929,0.3934963577167716,13.266384810700284,0.3934963577167716,0.2388440724862119,-0.0256226521305054,0.419119009847277,0.2228998990014257,0.3514369116725745,0.0749986319999607,0.1400335848357503,0.1541642766326756,0.1057940191987095,0.0303497379413064,0.0050701054248528,0.3514369116725745,0.0037164872900309,0.2094348770040997
105,asymmetric_crash_mixture,adaptive_tail_calibration,127,2.5842742378121555,2.937658854849202,0.3533846170370465,12.029464090212976,0.3533846170370465,0.2103869633284847,-0.0243293652777523,0.3777139823147988,0.206172883622076,0.3142753347657736,0.163290183000015,0.0823064796632873,0.0461793957772895,0.1195241829362599,0.1053362536084212,0.025294699407572,0.2660701360561541,0.0410135177852423,0.3142753347657736
105,asymmetric_crash_mixture,nominal_half_equal,-1,2.946005299098528,2.8731069102991063,-0.0728983887994214,-2.537266836054922,0.0728983887994214,0.145835018778389,-0.4396221739801973,0.3667237851807758,0.160177162344667,0.2426126269032259,0.0,0.0639869045736415,0.09944863466664,0.0932690745151473,0.0964289728879481,0.0880950390848368,0.2342218091735778,0.0819369381949823,0.2426126269032259
106,asymmetric_crash_mixture,historical_CVaR,222,2.5917560133667914,2.826274193275612,0.2345181799088203,8.297785843524865,0.2345181799088203,0.0630936651835001,0.1811181083210029,0.0534000715878173,0.2360558384345443,0.3689028370870699,0.006123371000001,0.0584380837476541,0.0195980436924303,0.0711606496227238,0.0275463088088066,0.2464852822528061,0.3689028370870699,0.1671209972418862,0.040747797546623
106,asymmetric_crash_mixture,equal_weight,0,2.735711079343836,2.9168291876648387,0.1811181083210029,6.209417715886301,0.1811181083210029,0.1536486595727271,0.1811181083210029,0.0,0.125,0.125,0.0,0.125,0.125,0.125,0.125,0.125,0.125,0.125,0.125
106,asymmetric_crash_mixture,LedoitWolf_Gaussian,222,1.7263939961506174,2.826274193275612,1.0998801971249943,38.91625942528417,1.0998801971249943,0.0630936651835001,1.0556561197056076,0.0442240774193867,0.2360558384345443,0.3689028370870699,0.0009677100000544,0.0584380837476541,0.0195980436924303,0.0711606496227238,0.0275463088088066,0.2464852822528061,0.3689028370870699,0.1671209972418862,0.040747797546623
106,asymmetric_crash_mixture,GMM_base,245,2.357154755221495,3.166911597017723,0.809756841796228,25.569290995011517,0.809756841796228,0.4037310689256115,0.0678994277714659,0.741857414024762,0.2479059616670867,0.3189383540873641,0.051033292999989,0.06578336235449,0.003091427988612,0.3084643820013901,0.0123991970754145,0.015314828749009,0.3189383540873641,0.2021072254602569,0.0739012222834629
106,asymmetric_crash_mixture,GMM_pooled,89,2.41286096742053,2.9284006512799223,0.5155396838593922,17.60482069398749,0.5155396838593922,0.1652201231878107,0.3950945167169699,0.1204451671424222,0.170371086041962,0.2415393318174584,0.0439428730000486,0.0798500469960009,0.0281424957792364,0.2044656118493687,0.0356108806655626,0.1191185095428601,0.2415393318174584,0.1965200088549225,0.0947531144945901
106,asymmetric_crash_mixture,random_tail_calibration,222,2.4647842800270388,2.826274193275612,0.3614899132485729,12.79033414764373,0.3614899132485729,0.0630936651835001,0.3280163488057641,0.0334735644428088,0.2360558384345443,0.3689028370870699,0.068221703000006,0.0584380837476541,0.0195980436924303,0.0711606496227238,0.0275463088088066,0.2464852822528061,0.3689028370870699,0.1671209972418862,0.040747797546623
106,asymmetric_crash_mixture,adaptive_tail_calibration,222,2.4538996307849263,2.826274193275612,0.3723745624906853,13.175457759075687,0.3723745624906853,0.0630936651835001,0.354061553485383,0.0183130090053023,0.2360558384345443,0.3689028370870699,0.153553305999992,0.0584380837476541,0.0195980436924303,0.0711606496227238,0.0275463088088066,0.2464852822528061,0.3689028370870699,0.1671209972418862,0.040747797546623
106,asymmetric_crash_mixture,nominal_half_equal,-1,2.425430084209694,2.959729360948215,0.5342992767385213,18.052301801248024,0.5342992767385213,0.1965488328561035,0.0678994277714659,0.4663998489670553,0.1557264904167716,0.221969177043682,0.0,0.095391681177245,0.064045713994306,0.216732191000695,0.0686995985377073,0.0701574143745045,0.221969177043682,0.1635536127301284,0.0994506111417314
107,asymmetric_crash_mixture,historical_CVaR,23,2.782318433448241,2.622166915680681,-0.1601515177675594,-6.10760195355398,0.1601515177675594,0.0,-0.2876702475065578,0.1275187297389983,0.5,0.5,0.0056798009999852,0.0,0.0,0.0,0.0,0.5,0.5,0.0,0.0
107,asymmetric_crash_mixture,equal_weight,0,3.1665092122445597,2.878838964738001,-0.2876702475065578,-9.992578641255752,0.2876702475065578,0.25667204905732,-0.2876702475065578,0.0,0.125,0.125,0.0,0.125,0.125,0.125,0.125,0.125,0.125,0.125,0.125
107,asymmetric_crash_mixture,LedoitWolf_Gaussian,23,1.8268336010136,2.622166915680681,0.7953333146670816,30.33114749144881,0.7953333146670816,0.0,0.8337069543549998,-0.0383736396879181,0.5,0.5,0.0008610209999915,0.0,0.0,0.0,0.0,0.5,0.5,0.0,0.0
107,asymmetric_crash_mixture,GMM_base,23,2.91505868726631,2.622166915680681,-0.2928917715856283,-11.16983704714302,0.2928917715856283,0.0,-0.379941866358739,0.0870500947731107,0.5,0.5,0.055390586000044,0.0,0.0,0.0,0.0,0.5,0.5,0.0,0.0
107,asymmetric_crash_mixture,GMM_pooled,23,2.7885446092473862,2.622166915680681,-0.1663776935667047,-6.345045869191558,0.1663776935667047,0.0,-0.2492246260737758,0.082846932507071,0.5,0.5,0.0415139490000342,0.0,0.0,0.0,0.0,0.5,0.5,0.0,0.0
107,asymmetric_crash_mixture,random_tail_calibration,11,2.8962864543672784,2.736020591037287,-0.1602658633299913,-5.857626359062999,0.1602658633299913,0.1138536753566055,-0.2988203063840879,0.1385544430540966,0.5,0.5,0.0831205570000293,0.0,0.5,0.0,0.0,0.0,0.5,0.0,0.0
107,asymmetric_crash_mixture,adaptive_tail_calibration,23,2.7902404869186705,2.622166915680681,-0.168073571237989,-6.409720534299368,0.168073571237989,0.0,-0.2616230737815161,0.0935495025435271,0.5,0.5,0.1747305349999806,0.0,0.0,0.0,0.0,0.5,0.5,0.0,0.0
107,asymmetric_crash_mixture,nominal_half_equal,-1,3.068220275951986,2.727608853168435,-0.3406114227835508,-12.487546459892556,0.3406114227835508,0.1054419374877535,-0.379941866358739,0.0393304435751882,0.21875,0.3125,0.0,0.0625,0.0625,0.0625,0.0625,0.3125,0.3125,0.0625,0.0625
108,asymmetric_crash_mixture,historical_CVaR,27,2.8097703498771223,2.6389673546147168,-0.1708029952624055,-6.472342106230502,0.1708029952624055,0.0,-0.1517925004001337,-0.0190104948622718,0.5,0.5,0.0056522699999845,0.0,0.0,0.0,0.0,0.0,0.5,0.0,0.5
108,asymmetric_crash_mixture,equal_weight,0,3.034310644036237,2.882518143636103,-0.1517925004001337,-5.265968602322747,0.1517925004001337,0.2435507890213863,-0.1517925004001337,0.0,0.125,0.125,0.0,0.125,0.125,0.125,0.125,0.125,0.125,0.125,0.125
108,asymmetric_crash_mixture,LedoitWolf_Gaussian,157,1.822948715717089,2.783083104572727,0.960134388855638,34.498947849530445,0.960134388855638,0.1441157499580101,0.9287118404810726,0.0314225483745653,0.2297009782922526,0.3800709967882445,0.0008118679999711,0.0874782132111172,0.0897853035131097,0.0064933821580835,0.1716721950299868,0.070595147071675,0.1870536225688494,0.0068511396589335,0.3800709967882445
108,asymmetric_crash_mixture,GMM_base,157,3.0653617513427704,2.783083104572727,-0.2822786467700435,-10.14265963909764,0.2822786467700435,0.1441157499580101,-0.4110405471259701,0.1287619003559266,0.2297009782922526,0.3800709967882445,0.0435117270000091,0.0874782132111172,0.0897853035131097,0.0064933821580835,0.1716721950299868,0.070595147071675,0.1870536225688494,0.0068511396589335,0.3800709967882445
108,asymmetric_crash_mixture,GMM_pooled,27,2.9107412437465765,2.6389673546147168,-0.2717738891318597,-10.298493789876307,0.2717738891318597,0.0,-0.2598094401204749,-0.0119644490113848,0.5,0.5,0.0459798849999515,0.0,0.0,0.0,0.0,0.0,0.5,0.0,0.5
108,asymmetric_crash_mixture,random_tail_calibration,74,2.9738633493990085,2.915394102002332,-0.0584692473966765,-2.0055349414516246,0.0584692473966765,0.2764267473876152,-0.2161727009499605,0.1577034535532839,0.3484997903760758,0.4968072782941244,0.0786862389999782,0.0117198825518178,0.0804355376855185,0.0422040703779661,0.0060888336997279,0.4968072782941244,0.301636609442427,0.0163218042105019,0.0447859837379161
108,asymmetric_crash_mixture,adaptive_tail_calibration,27,2.8400785042858767,2.6389673546147168,-0.2011111496711599,-7.620827492218892,0.2011111496711599,0.0,-0.1477445539332449,-0.053366595737915,0.5,0.5,0.1661267640000119,0.0,0.0,0.0,0.0,0.0,0.5,0.0,0.5
108,asymmetric_crash_mixture,nominal_half_equal,-1,3.144977970267037,2.813514677041488,-0.331463293225549,-11.781111217592604,0.331463293225549,0.174547322426771,-0.4110405471259701,0.0795772539004211,0.1511752445730631,0.2525354983941222,0.0,0.1062391066055586,0.1073926517565548,0.0657466910790418,0.1483360975149934,0.0977975735358375,0.1560268112844247,0.0659255698294667,0.2525354983941222
109,asymmetric_crash_mixture,historical_CVaR,214,2.801753164533556,2.8888333804927315,0.0870802159591757,3.014373087322985,0.0870802159591757,0.0831415163824171,-0.0187191502282026,0.1057993661873784,0.2276105056131181,0.4046472659326556,0.0056715589999498,0.066685991483627,0.1403636223197682,0.4046472659326556,0.0039997745419456,0.101709682661146,0.0665880458525786,0.1362701831622452,0.0797354340460337
109,asymmetric_crash_mixture,equal_weight,0,2.9040730083988664,2.885353858170664,-0.0187191502282026,-0.6487644548412783,0.0187191502282026,0.0796619940603493,-0.0187191502282026,0.0,0.125,0.125,0.0,0.125,0.125,0.125,0.125,0.125,0.125,0.125,0.125
109,asymmetric_crash_mixture,LedoitWolf_Gaussian,247,1.8706493363207355,2.8190240081743148,0.9483746718535796,33.64195087035728,0.9483746718535796,0.0133321440640004,0.9819189342512348,-0.0335442623976551,0.224925992545222,0.3675360133542892,0.000953107999976,0.0394988846481037,0.0823564312011029,0.0654367382179257,0.0220388510385552,0.2461822845486012,0.1038269556970567,0.3675360133542892,0.0731238412943653
109,asymmetric_crash_mixture,GMM_base,188,2.6418226116456323,2.885877720065521,0.2440551084198889,8.45687628145062,0.2440551084198889,0.0801858559552068,0.1664194396206593,0.0776356687992296,0.2160364033968583,0.3052040231575265,0.0384462850000204,0.1405826705623285,0.0195523668714383,0.3052040231575265,0.0271951316133644,0.0466585407484247,0.0225568886526993,0.2596469143413959,0.1786034640528221
109,asymmetric_crash_mixture,GMM_pooled,176,2.5507167822940717,2.903371009209818,0.3526542269157469,12.146371435034936,0.3526542269157469,0.0976791450995038,0.2572726955969617,0.0953815313187851,0.2825544881682064,0.4784847895240717,0.0415115659999969,0.1109288775057841,0.0688871608874966,0.4784847895240717,0.0181066505034732,0.1417189550875207,0.0143039092171654,0.0529657785181467,0.1146038787563413
109,asymmetric_crash_mixture,random_tail_calibration,283,2.7680852059167425,3.0426399108804376,0.2745547049636951,9.023568775979417,0.2745547049636951,0.2369480467701232,-0.1104002788186333,0.3849549837823285,0.2515552254655211,0.3787207926108372,0.0798695799999791,0.086497567566449,0.0136439595948651,0.3787207926108372,0.0977005955208652,0.0994684519518645,0.0307100906643618,0.2827818043662061,0.0104767377245508
109,asymmetric_crash_mixture,adaptive_tail_calibration,188,2.8121112363956917,2.885877720065521,0.0737664836698299,2.556119518056197,0.0737664836698299,0.0801858559552068,-0.0410960948228473,0.1148625784926773,0.2160364033968583,0.3052040231575265,0.173246075999998,0.1405826705623285,0.0195523668714383,0.3052040231575265,0.0271951316133644,0.0466585407484247,0.0225568886526993,0.2596469143413959,0.1786034640528221
109,asymmetric_crash_mixture,nominal_half_equal,-1,2.6695809842866454,2.870336591365615,0.2007556070789697,6.994148619464054,0.2007556070789697,0.0646447272553008,0.1664194396206593,0.0343361674583104,0.1477591008492146,0.2151020115787632,0.0,0.1327913352811642,0.0722761834357191,0.2151020115787632,0.0760975658066822,0.0858292703742123,0.0737784443263497,0.1923234571706979,0.151801732026411
110,asymmetric_crash_mixture,historical_CVaR,39,2.364699016532753,2.7582282632956683,0.3935292467629154,14.267464807017356,0.3935292467629154,0.103151567756015,0.3591319413961131,0.0343973053668023,0.1922748205544746,0.310839460386296,0.0056244389999733,0.09987845730046,0.0258765067728035,0.310839460386296,0.2005523769820567,0.1643186664547328,0.1171889544284905,0.0213768309261699,0.0599687467489905
110,asymmetric_crash_mixture,equal_weight,0,2.42786004147921,2.786991982875324,0.3591319413961131,12.88600554299402,0.3591319413961131,0.1319152873356701,0.3591319413961131,0.0,0.125,0.125,0.0,0.125,0.125,0.125,0.125,0.125,0.125,0.125,0.125
110,asymmetric_crash_mixture,LedoitWolf_Gaussian,78,1.556252252285678,2.77847237963261,1.222220127346932,43.98892486052148,1.222220127346932,0.1233956840929568,1.1552761578294048,0.0669439695175271,0.1659946331954939,0.2741858419373127,0.0008049080000205,0.0807306005444789,0.0447503831108574,0.1441873864322807,0.1926698377575703,0.2741858419373127,0.1049306690713939,0.0591938776945723,0.0993514034515336
110,asymmetric_crash_mixture,GMM_base,96,2.0995580335006387,2.9440229806524623,0.8444649471518235,28.684047397098475,0.8444649471518235,0.288946285112809,0.3097699105648361,0.5346950365869874,0.2338465539102589,0.3722570800218341,0.0508580530000131,0.2170812185806996,0.0003230073728854,0.149664000523537,0.1230629822650793,0.3722570800218341,0.0967411430846047,0.034735623182224,0.0061349449691356
110,asymmetric_crash_mixture,GMM_pooled,44,2.241055959653869,2.849257474812977,0.608201515159108,21.34596541504308,0.608201515159108,0.1941807792733243,0.4235042212286131,0.1846972939304949,0.1941578131386568,0.2799093598461321,0.0474307329999987,0.15200823163634,0.0404230528778102,0.1967772222130199,0.2799093598461321,0.2090389912872863,0.0902497779550318,0.0174352651022308,0.0141580990821488
110,asymmetric_crash_mixture,random_tail_calibration,106,2.19004117030064,2.8436299123828443,0.6535887420822046,22.9843109764774,0.6535887420822046,0.1885532168431911,0.3968660498047112,0.2567226922774934,0.3320914738389213,0.4904540989419131,0.0652019950000522,0.4904540989419131,0.0195881082112918,0.2844753902010442,0.0386609768482623,0.0160784445401711,0.0715543815181172,0.0502637625599733,0.0289248371792267
110,asymmetric_crash_mixture,adaptive_tail_calibration,106,2.2343750383861707,2.8436299123828443,0.6092548739966737,21.42525197613157,0.6092548739966737,0.1885532168431911,0.3939570322838128,0.2152978417128608,0.3320914738389213,0.4904540989419131,0.159521476000009,0.4904540989419131,0.0195881082112918,0.2844753902010442,0.0386609768482623,0.0160784445401711,0.0715543815181172,0.0502637625599733,0.0289248371792267
110,asymmetric_crash_mixture,nominal_half_equal,-1,2.259637690666977,2.8057581083187206,0.5461204176517431,19.46427299033957,0.5461204176517431,0.1506814127790674,0.3097699105648361,0.2363505070869069,0.1522116384775647,0.248628540010917,0.0,0.1710406092903498,0.0626615036864427,0.1373320002617685,0.1240314911325397,0.248628540010917,0.1108705715423023,0.079867811591112,0.0655674724845678
111,asymmetric_crash_mixture,historical_CVaR,75,2.4832105044035804,2.80740536975285,0.3241948653492694,11.54784659323388,0.3241948653492694,0.0639486449981863,0.3569397896788562,-0.0327449243295867,0.2466843368958174,0.3731211626395915,0.0062258429999815,0.1928939569017224,0.0358407373667006,0.3731211626395915,0.1110261956073836,0.0252203879352106,0.0144996263512616,0.0114574727035944,0.235940460494535
111,asymmetric_crash_mixture,equal_weight,0,2.5412835689023723,2.8982233585812285,0.3569397896788562,12.315813707801649,0.3569397896788562,0.1547666338265649,0.3569397896788562,0.0,0.125,0.125,0.0,0.125,0.125,0.125,0.125,0.125,0.125,0.125,0.125
111,asymmetric_crash_mixture,LedoitWolf_Gaussian,67,1.604778517210117,2.792071101670905,1.1872925844607876,42.52372311544132,1.1872925844607876,0.048614376916241,1.246583107064987,-0.0592905226041997,0.2101861580296748,0.3523316114214141,0.0009015310000108,0.0469155128853865,0.0548611356082329,0.2291572592590793,0.1270903391482417,0.0742353864330724,0.0566326255580913,0.0587761296864816,0.3523316114214141
111,asymmetric_crash_mixture,GMM_base,218,2.2234148320762506,3.0014060878223905,0.7779912557461399,25.920892840948284,0.7779912557461399,0.257949363067727,0.4606703027364558,0.3173209530096841,0.2933545057448543,0.4644214669661218,0.048400034999986,0.1121434106914192,0.2358032729306072,0.0729958877920838,0.0392247700616751,0.0265966987783971,0.0434083610949763,0.0054061316847193,0.4644214669661218
111,asymmetric_crash_mixture,GMM_pooled,166,2.6722298433761247,2.919999081270184,0.247769237894059,8.485250542828279,0.247769237894059,0.1765423565155202,0.1412316123886299,0.1065376255054291,0.2099857869963006,0.2837710873151027,0.0456217419999802,0.1568676300546513,0.0506832981558739,0.0331454134242026,0.0294845440435596,0.1748043890533009,0.2640204563594091,0.0072231815938997,0.2837710873151027
111,asymmetric_crash_mixture,random_tail_calibration,75,2.4180469901023893,2.80740536975285,0.3893583796504605,13.86897609605761,0.3893583796504605,0.0639486449981863,0.3837667259674955,0.0055916536829649,0.2466843368958174,0.3731211626395915,0.0867109790000313,0.1928939569017224,0.0358407373667006,0.3731211626395915,0.1110261956073836,0.0252203879352106,0.0144996263512616,0.0114574727035944,0.235940460494535
111,asymmetric_crash_mixture,adaptive_tail_calibration,235,2.445874294152213,2.8731255485119163,0.4272512543597031,14.87060858099258,0.4272512543597031,0.1296688237572527,0.3825548023051404,0.0446964520545627,0.1549771020360475,0.2041606074851537,0.1841328550000298,0.1399240987433402,0.2041606074851537,0.1247332210142802,0.065486579846984,0.0952155843938354,0.1780578139835618,0.0108113910923955,0.1816107034404491
111,asymmetric_crash_mixture,nominal_half_equal,-1,2.29051721482821,2.8802747655224428,0.589757550694233,20.47573925077453,0.589757550694233,0.1368180407677792,0.4606703027364558,0.1290872479577771,0.1670886264362135,0.2947107334830608,0.0,0.1185717053457096,0.1804016364653036,0.0989979438960419,0.0821123850308375,0.0757983493891985,0.0842041805474881,0.0652030658423596,0.2947107334830608
112,asymmetric_crash_mixture,historical_CVaR,145,3.0169257042408058,3.1142811270754227,0.0973554228346169,3.126096163516299,0.0973554228346169,0.1137914262608634,-0.1997133218664002,0.2970687447010172,0.3127619725890259,0.4728058988665765,0.0060650340000165,0.0004267646503512,0.0504789644791235,0.0565056214946277,0.220237839469879,0.1867203066147216,0.0098725960270376,0.0029520083976826,0.4728058988665765
112,asymmetric_crash_mixture,equal_weight,0,3.235455565944794,3.035742244078394,-0.1997133218664002,-6.578731190237471,0.1997133218664002,0.0352525432638346,-0.1997133218664002,0.0,0.125,0.125,0.0,0.125,0.125,0.125,0.125,0.125,0.125,0.125,0.125
112,asymmetric_crash_mixture,LedoitWolf_Gaussian,266,2.074649665029053,3.1005038633797843,1.0258541983507312,33.08669311679142,1.0258541983507312,0.1000141625652251,0.8775724056835603,0.1482817926671709,0.1893381741189122,0.2968215624158497,0.0008283820000087,0.0666052730701612,0.2968215624158497,0.0240731272828231,0.1191310536144199,0.162297643539239,0.1232729944205413,0.0066872498713784,0.201111095785587
112,asymmetric_crash_mixture,GMM_base,145,2.6039323227158624,3.1142811270754227,0.5103488043595603,16.387371066876728,0.5103488043595603,0.1137914262608634,0.1040963961042069,0.4062524082553533,0.3127619725890259,0.4728058988665765,0.0417202859999861,0.0004267646503512,0.0504789644791235,0.0565056214946277,0.220237839469879,0.1867203066147216,0.0098725960270376,0.0029520083976826,0.4728058988665765
112,asymmetric_crash_mixture,GMM_pooled,145,2.7665817393397347,3.1142811270754227,0.347699387735688,11.164675684311376,0.347699387735688,0.1137914262608634,-0.0215387993449569,0.3692381870806449,0.3127619725890259,0.4728058988665765,0.0472349119999648,0.0004267646503512,0.0504789644791235,0.0565056214946277,0.220237839469879,0.1867203066147216,0.0098725960270376,0.0029520083976826,0.4728058988665765
112,asymmetric_crash_mixture,random_tail_calibration,27,2.9458778311268743,3.207504855181777,0.2616270240549028,8.15671482561406,0.2616270240549028,0.2070151543672178,-0.1969285480056344,0.4585555720605372,0.5,0.5,0.0743137929999875,0.0,0.0,0.0,0.0,0.0,0.5,0.0,0.5
112,asymmetric_crash_mixture,adaptive_tail_calibration,145,3.091814164187141,3.1142811270754227,0.0224669628882812,0.7214173021489428,0.0224669628882812,0.1137914262608634,-0.3220361621804777,0.3445031250687589,0.3127619725890259,0.4728058988665765,0.1655605309999828,0.0004267646503512,0.0504789644791235,0.0565056214946277,0.220237839469879,0.1867203066147216,0.0098725960270376,0.0029520083976826,0.4728058988665765
112,asymmetric_crash_mixture,nominal_half_equal,-1,2.7383822817709254,3.0322827846755835,0.2939005029046582,9.692384377537596,0.2939005029046582,0.0317930838610243,0.1040963961042069,0.1898041068004512,0.1719404931472564,0.2989029494332882,0.0,0.0627133823251756,0.0877394822395618,0.0907528107473138,0.1726189197349395,0.1558601533073608,0.0674362980135188,0.0639760041988413,0.2989029494332882
113,asymmetric_crash_mixture,historical_CVaR,1,3.084092209382208,2.732639657393137,-0.3514525519890701,-12.861284181330593,0.3514525519890701,0.0387932500678775,-0.55580851599459,0.2043559640055199,0.5,0.5,0.007600578999984,0.5,0.5,0.0,0.0,0.0,0.0,0.0,0.0
113,asymmetric_crash_mixture,equal_weight,0,3.384193936591226,2.828385420596636,-0.55580851599459,-19.65108828334098,0.55580851599459,0.1345390132713761,-0.55580851599459,0.0,0.125,0.125,0.0,0.125,0.125,0.125,0.125,0.125,0.125,0.125,0.125
113,asymmetric_crash_mixture,LedoitWolf_Gaussian,229,1.9456989511122156,2.767141472013711,0.8214425209014955,29.68559899121144,0.8214425209014955,0.0732950646884509,0.7799890895218846,0.0414534313796108,0.2488818341634887,0.40417055593208,0.0008624040000313,0.40417055593208,0.1611811116875918,0.0092354239621591,0.0101081415181189,0.1123911431173239,0.0060796967816446,0.184729878984331,0.1121040480167504
113,asymmetric_crash_mixture,GMM_base,6,3.5264763812601223,2.8125731286872204,-0.7139032525729019,-25.38256677813455,0.7139032525729019,0.1187267213619605,-1.0653977700354953,0.3514945174625934,0.5,0.5,0.0520568669999761,0.5,0.0,0.0,0.0,0.0,0.0,0.5,0.0
113,asymmetric_crash_mixture,GMM_pooled,1,3.324445852681303,2.732639657393137,-0.5918061952881657,-21.656942351950363,0.5918061952881657,0.0387932500678775,-0.7748549527573876,0.1830487574692219,0.5,0.5,0.0506033139999999,0.5,0.5,0.0,0.0,0.0,0.0,0.0,0.0
113,asymmetric_crash_mixture,random_tail_calibration,2,3.292999661341533,2.69384640732526,-0.5991532540162736,-22.241552168194225,0.5991532540162736,0.0,-0.7200862628405891,0.1209330088243154,0.5,0.5,0.078575743999977,0.5,0.0,0.5,0.0,0.0,0.0,0.0,0.0
113,asymmetric_crash_mixture,adaptive_tail_calibration,1,3.2354545688520204,2.732639657393137,-0.5028149114588829,-18.40033720137672,0.5028149114588829,0.0387932500678775,-0.6347270446801736,0.1319121332212907,0.5,0.5,0.1767563340000038,0.5,0.5,0.0,0.0,0.0,0.0,0.0,0.0
113,asymmetric_crash_mixture,nominal_half_equal,-1,3.6803040845185055,2.7954173424707105,-0.884886742047795,-31.65490635704842,0.884886742047795,0.1015709351454505,-1.0653977700354953,0.1805110279877002,0.21875,0.3125,0.0,0.3125,0.0625,0.0625,0.0625,0.0625,0.0625,0.3125,0.0625
114,asymmetric_crash_mixture,historical_CVaR,21,2.712316163619748,2.7387085418364148,0.0263923782166668,0.9636796984234652,0.0263923782166668,0.0380181413292102,-0.2501542086959452,0.276546586912612,0.5,0.5,0.0060229919999983,0.0,0.0,0.0,0.5,0.0,0.0,0.5,0.0
114,asymmetric_crash_mixture,equal_weight,0,3.010043365988536,2.7598891572925908,-0.2501542086959452,-9.063922296841175,0.2501542086959452,0.0591987567853862,-0.2501542086959452,0.0,0.125,0.125,0.0,0.125,0.125,0.125,0.125,0.125,0.125,0.125,0.125
114,asymmetric_crash_mixture,LedoitWolf_Gaussian,75,1.752526776554128,2.7830000073795853,1.0304732308254572,37.02742465299988,1.0304732308254572,0.0823096068723807,0.8851704897506472,0.14530274107481,0.193161539611819,0.2836286067662119,0.0008001709999803,0.0165517132308586,0.1368225363902183,0.033993454802387,0.2836286067662119,0.2368455257395152,0.0288715349959428,0.1537469283773962,0.1095396996974697
114,asymmetric_crash_mixture,GMM_base,21,2.5495697961222348,2.7387085418364148,0.18913874571418,6.906129032166191,0.18913874571418,0.0380181413292102,-0.0692949484178928,0.2584336941320728,0.5,0.5,0.035862671000018,0.0,0.0,0.0,0.5,0.0,0.0,0.5,0.0
114,asymmetric_crash_mixture,GMM_pooled,21,2.420935768246604,2.7387085418364148,0.3177727735898106,11.603015389754876,0.3177727735898106,0.0380181413292102,0.1393597464349691,0.1784130271548414,0.5,0.5,0.0435137449999842,0.0,0.0,0.0,0.5,0.0,0.0,0.5,0.0
114,asymmetric_crash_mixture,random_tail_calibration,22,2.557279413808504,2.7226693735777685,0.1653899597692643,6.074551738609778,0.1653899597692643,0.0219789730705639,-0.0166244245059212,0.1820143842751855,0.5,0.5,0.0846083399999884,0.0,0.0,0.0,0.5,0.0,0.0,0.0,0.5
114,asymmetric_crash_mixture,adaptive_tail_calibration,21,2.54825947313802,2.7387085418364148,0.1904490686983946,6.953973589708484,0.1904490686983946,0.0380181413292102,-0.0240597041026093,0.214508772801004,0.5,0.5,0.1716227860000003,0.0,0.0,0.0,0.5,0.0,0.0,0.5,0.0
114,asymmetric_crash_mixture,nominal_half_equal,-1,2.655010369078397,2.729034767528399,0.0740243984500015,2.712475463148573,0.0740243984500015,0.0283443670211944,-0.0692949484178928,0.1433193468678943,0.21875,0.3125,0.0,0.0625,0.0625,0.0625,0.3125,0.0625,0.0625,0.3125,0.0625
115,asymmetric_crash_mixture,historical_CVaR,17,2.680761320641338,2.6668750547384548,-0.0138862659028831,-0.5206942814291299,0.0138862659028831,0.0,-0.0996448095414566,0.0857585436385734,0.5,0.5,0.0055607840000106,0.0,0.0,0.5,0.0,0.0,0.0,0.5,0.0
115,asymmetric_crash_mixture,equal_weight,0,2.956043813928733,2.856399004387277,-0.0996448095414566,-3.4884765534649564,0.0996448095414566,0.1895239496488221,-0.0996448095414566,0.0,0.125,0.125,0.0,0.125,0.125,0.125,0.125,0.125,0.125,0.125,0.125
115,asymmetric_crash_mixture,LedoitWolf_Gaussian,219,1.8231038623277775,2.82396155885801,1.000857696530232,35.44161900472087,1.000857696530232,0.157086504119555,0.9520638566348694,0.0487938398953626,0.239075920345768,0.4037731334031018,0.0008114169999657,0.0601906947922168,0.1746142383252623,0.4037731334031018,0.0191596579302739,0.0479579831296502,0.084819730487162,0.1758998067816177,0.033584755150715
115,asymmetric_crash_mixture,GMM_base,128,2.4193037595998925,2.7769013169144494,0.3575975573145569,12.877575271990615,0.3575975573145569,0.1100262621759946,0.2625114725946296,0.0950860847199273,0.1729074027978873,0.2648224748459913,0.0438280419999728,0.066073397035625,0.0768061500078454,0.1953656057517227,0.1726883001610817,0.0735453016757878,0.0130651934494885,0.2648224748459913,0.1376335770724573
115,asymmetric_crash_mixture,GMM_pooled,17,2.7010305221421698,2.6668750547384548,-0.034155467403715,-1.2807299443229705,0.034155467403715,0.0,-0.0558379038777738,0.0216824364740588,0.5,0.5,0.043332394999993,0.0,0.0,0.5,0.0,0.0,0.0,0.5,0.0
115,asymmetric_crash_mixture,random_tail_calibration,151,2.672217993349754,2.886644694960719,0.2144267016109653,7.428233269764543,0.2144267016109653,0.2197696402222644,-0.0183974291961028,0.2328241308070682,0.2283405219857712,0.3227092800097536,0.0966655910000326,0.1176080360260874,0.050864721531856,0.3227092800097536,0.0502131623889171,0.2963227093110341,0.0040383582751347,0.1286951203473849,0.029548612109832
115,asymmetric_crash_mixture,adaptive_tail_calibration,151,2.6495117367626646,2.886644694960719,0.2371329581980545,8.214830131745101,0.2371329581980545,0.2197696402222644,0.035490268182734,0.2016426900153205,0.2283405219857712,0.3227092800097536,0.16251284599997,0.1176080360260874,0.050864721531856,0.3227092800097536,0.0502131623889171,0.2963227093110341,0.0040383582751347,0.1286951203473849,0.029548612109832
115,asymmetric_crash_mixture,nominal_half_equal,-1,2.498896696822762,2.812157633481937,0.3132609366591752,11.139522654400563,0.3132609366591752,0.1452825787434823,0.2625114725946296,0.0507494640645456,0.1369768506994718,0.1949112374229956,0.0,0.0955366985178125,0.1009030750039227,0.1601828028758613,0.1488441500805409,0.0992726508378939,0.0690325967247442,0.1949112374229956,0.1313167885362286
116,asymmetric_crash_mixture,historical_CVaR,24,2.7971044085194534,2.848260083453844,0.0511556749343902,1.796032435084301,0.0511556749343902,0.1467747722136221,-0.1161118577157336,0.1672675326501238,0.5,0.5,0.0054111709999915,0.0,0.0,0.0,0.0,0.5,0.0,0.5,0.0
116,asymmetric_crash_mixture,equal_weight,0,2.907144485779151,2.791032628063417,-0.1161118577157336,-4.160175576173714,0.1161118577157336,0.0895473168231957,-0.1161118577157336,0.0,0.125,0.125,0.0,0.125,0.125,0.125,0.125,0.125,0.125,0.125,0.125
116,asymmetric_crash_mixture,LedoitWolf_Gaussian,193,1.8107930150021017,2.7645667069616184,0.9537736919595168,34.4999340966439,0.9537736919595168,0.0630813957213969,0.9546736371863352,-0.0008999452268183,0.1666813955426066,0.2390156109486555,0.0008141310000269,0.0474328828015563,0.1477312486838855,0.1612964798919774,0.0201986958941413,0.2390156109486555,0.1989218037252563,0.1265905720402892,0.0588127060142383
116,asymmetric_crash_mixture,GMM_base,72,2.3602317422286,2.9050553953461744,0.5448236531175743,18.75432922863943,0.5448236531175743,0.2035700841059529,0.2938210911027465,0.2510025620148277,0.2312306397597886,0.3906171503200341,0.0497397980000187,0.0633028421797192,0.1257394975996049,0.3906171503200341,0.0282112582293716,0.0719798380112027,0.0557888065675593,0.2181994355769178,0.0461611715155901
116,asymmetric_crash_mixture,GMM_pooled,40,2.441363076541636,2.724303565786848,0.2829404892452118,10.38579153947888,0.2829404892452118,0.0228182545466264,0.2637529744591655,0.0191875147860463,0.2398578181777257,0.3459701723081725,0.0457117650000213,0.2825618190722284,0.3459701723081725,0.0628459839584298,0.0018009492031184,0.1478730046022717,0.1151659713039009,0.0100514387481794,0.0337306608036986
116,asymmetric_crash_mixture,random_tail_calibration,140,2.7346033143264643,2.7854143071518096,0.0508109928253452,1.8241807940342432,0.0508109928253452,0.083928995911588,-0.0575740190314806,0.1083850118568259,0.2009169080239263,0.2602478520667938,0.0700344749999999,0.0183987734573683,0.2602478520667938,0.1900737861559047,0.0191784604900313,0.2301970626630596,0.0573588540419357,0.198477563100096,0.0260676480248102
116,asymmetric_crash_mixture,adaptive_tail_calibration,258,2.7331449415744413,2.7805432438586406,0.0473983022841992,1.7046417957673363,0.0473983022841992,0.079057932618419,-0.0217769183533311,0.0691752206375304,0.2325470137215306,0.3554761304646184,0.1557256180000195,0.2488438904316474,0.3554761304646184,0.1866730165770376,0.0262605946729827,0.0438834430806404,0.0406609154528593,0.0363900901299738,0.0618119191902403
116,asymmetric_crash_mixture,nominal_half_equal,-1,2.3973868962641136,2.83538647066041,0.4379995743962963,15.44761459958151,0.4379995743962963,0.1339011594201884,0.2938210911027465,0.1441784832935497,0.1515576599399471,0.257808575160017,0.0,0.0941514210898596,0.1253697487998024,0.257808575160017,0.0766056291146858,0.0984899190056013,0.0903944032837796,0.1715997177884589,0.085580585757795
117,asymmetric_crash_mixture,historical_CVaR,26,2.917908224592516,2.867351312833695,-0.0505569117588207,-1.763192097617687,0.0505569117588207,0.1134305260826993,-0.2161973021854124,0.1656403904265917,0.5,0.5,0.0061652930000377,0.0,0.0,0.0,0.0,0.0,0.5,0.5,0.0
117,asymmetric_crash_mixture,equal_weight,0,3.1211115210707128,2.9049142188853003,-0.2161973021854124,-7.442467690779991,0.2161973021854124,0.1509934321343045,-0.2161973021854124,0.0,0.125,0.125,0.0,0.125,0.125,0.125,0.125,0.125,0.125,0.125,0.125
117,asymmetric_crash_mixture,LedoitWolf_Gaussian,203,1.7779728319321482,2.821220705719488,1.0432478737873394,36.97859836603188,1.0432478737873394,0.0672999189684917,0.9657146179903272,0.077533255797012,0.2571733879412576,0.4505584924518616,0.0008287930000392,0.4505584924518616,0.0970136081191811,0.0911850642573191,0.0165866591865849,0.0389275344775247,0.1291855727309388,0.12277491643289,0.0537681523436998
117,asymmetric_crash_mixture,GMM_base,4,2.494046148383452,2.825576155026098,0.3315300066426463,11.7331824892748,0.3315300066426463,0.0716553682751022,0.0245229502535164,0.3070070563891298,0.5,0.5,0.0386053120000156,0.5,0.0,0.0,0.0,0.5,0.0,0.0,0.0
117,asymmetric_crash_mixture,GMM_pooled,36,2.926505265699717,2.8059613687187563,-0.1205438969809606,-4.295992750463376,0.1205438969809606,0.0520405819677605,-0.2024070273199392,0.0818631303389785,0.2142570996684944,0.2890711457811485,0.0509112920000234,0.2890711457811485,0.2082752375426008,0.0973287604248584,0.0194131394091765,0.047125463393811,0.2698415930329936,0.0292444026202848,0.039700257795126
117,asymmetric_crash_mixture,random_tail_calibration,4,2.7776595068321552,2.825576155026098,0.0479166481939428,1.6958186778547557,0.0479166481939428,0.0716553682751022,-0.2850040804938696,0.3329207286878124,0.5,0.5,0.0854228919999968,0.5,0.0,0.0,0.0,0.5,0.0,0.0,0.0
117,asymmetric_crash_mixture,adaptive_tail_calibration,4,2.8366613949643797,2.825576155026098,-0.0110852399382812,-0.392317861210818,0.0110852399382812,0.0716553682751022,-0.2425412855231812,0.2314560455848999,0.5,0.5,0.1688492440000004,0.5,0.0,0.0,0.0,0.5,0.0,0.0,0.0
117,asymmetric_crash_mixture,nominal_half_equal,-1,2.673209376610781,2.836465627354277,0.1632562507434958,5.7556223903821335,0.1632562507434958,0.0825448406032811,0.0245229502535164,0.1387333004899793,0.21875,0.3125,0.0,0.3125,0.0625,0.0625,0.0625,0.3125,0.0625,0.0625,0.0625
118,asymmetric_crash_mixture,historical_CVaR,10,2.754869127233667,2.6946704571388023,-0.0601986700948646,-2.233990057499778,0.0601986700948646,0.0207628489756648,-0.0644802989967505,0.0042816289018858,0.5,0.5,0.0056835370000385,0.0,0.5,0.0,0.0,0.5,0.0,0.0,0.0
118,asymmetric_crash_mixture,equal_weight,0,2.8428499904859166,2.778369691489166,-0.0644802989967505,-2.3207962278839163,0.0644802989967505,0.1044620833260285,-0.0644802989967505,0.0,0.125,0.125,0.0,0.125,0.125,0.125,0.125,0.125,0.125,0.125,0.125
118,asymmetric_crash_mixture,LedoitWolf_Gaussian,192,1.7071763373143358,2.708323709771137,1.0011473724568016,36.96557279489319,1.0011473724568016,0.034416101608,1.0267404246468066,-0.0255930521900049,0.1839842564786213,0.2670898859139544,0.0008178670000233,0.170916556928529,0.2670898859139544,0.0350928113228335,0.0499312469150176,0.2191082832415797,0.1453888940869552,0.0101994189863802,0.1022729026047499
118,asymmetric_crash_mixture,GMM_base,34,2.5430120868081185,2.9141901978418727,0.3711781110337542,12.736921265764778,0.3711781110337542,0.2402825896787352,0.0258604761771339,0.3453176348566202,0.1851652402554934,0.2992611703242945,0.0515015709999602,0.0067813568524898,0.1466887078529648,0.1471990746534014,0.1162197338120827,0.0585977900415123,0.2992611703242945,0.0416793989286212,0.183572767534633
118,asymmetric_crash_mixture,GMM_pooled,10,2.474596180369555,2.6946704571388023,0.2200742767692474,8.167020059399842,0.2200742767692474,0.0207628489756648,0.2081521853811141,0.0119220913881332,0.5,0.5,0.0380766049999579,0.0,0.5,0.0,0.0,0.5,0.0,0.0,0.0
118,asymmetric_crash_mixture,random_tail_calibration,80,2.6255039956550568,2.799444463219259,0.1739404675642024,6.213392330140289,0.1739404675642024,0.1255368550561217,0.0846988563605304,0.089241611203672,0.205047060487762,0.324513086227369,0.0895573139999896,0.0685183675880708,0.1336240348867795,0.136223617929323,0.1366387987515233,0.0002368823323487,0.1999023734247701,0.0003428388598154,0.324513086227369
118,asymmetric_crash_mixture,adaptive_tail_calibration,226,2.554989538810375,2.7326220331097884,0.1776324942994134,6.500441412940795,0.1776324942994134,0.0587144249466509,0.1147890180782309,0.0628434762211824,0.2242808708278992,0.3311764546800068,0.1685129539999934,0.134487365312528,0.3311764546800068,0.0080897833748643,0.0242632736029727,0.2251940480587386,0.2018442266861939,0.0657585334007195,0.009186314883976
118,asymmetric_crash_mixture,nominal_half_equal,-1,2.618949658318333,2.813654746262967,0.1947050879446341,6.920006379717947,0.1947050879446341,0.1397471380998296,0.0258604761771339,0.1688446117675002,0.1400413100638733,0.2121305851621472,0.0,0.0658906784262449,0.1358443539264824,0.1360995373267007,0.1206098669060413,0.0917988950207561,0.2121305851621472,0.0833396994643106,0.1542863837673165
119,asymmetric_crash_mixture,historical_CVaR,6,2.835847450403782,2.920435755372058,0.084588304968276,2.896427521566886,0.084588304968276,0.0615416185911255,-0.20818335113547,0.2927716561037461,0.5,0.5,0.0059772039999757,0.5,0.0,0.0,0.0,0.0,0.0,0.5,0.0
119,asymmetric_crash_mixture,equal_weight,0,3.1196014638005103,2.91141811266504,-0.20818335113547,-7.1505823993416096,0.20818335113547,0.0525239758841076,-0.20818335113547,0.0,0.125,0.125,0.0,0.125,0.125,0.125,0.125,0.125,0.125,0.125,0.125
119,asymmetric_crash_mixture,LedoitWolf_Gaussian,49,1.8727088315343332,2.873026104705352,1.000317273171018,34.81754904811794,1.000317273171018,0.0141319679244187,0.94872960280942,0.051587670361598,0.2145378397983079,0.3316521661087919,0.0008134000000268,0.1937245455154883,0.1926494887754844,0.0149478741803245,0.0683964341498742,0.0076079964763602,0.0376416841631132,0.3316521661087919,0.1533798106305631
119,asymmetric_crash_mixture,GMM_base,229,2.82130605697036,2.9002480937976274,0.0789420368272675,2.7219063429811503,0.0789420368272675,0.0413539570166947,-0.2999191459515629,0.3788611827788304,0.2757786310025897,0.4712707815266231,0.0494953350000173,0.4712707815266231,0.0013234963626514,0.1040788376623279,0.1116509277727474,0.0282368024476287,0.0621099452687506,0.0858238714532605,0.1355053375060103
119,asymmetric_crash_mixture,GMM_pooled,6,3.007337414049866,2.920435755372058,-0.0869016586778079,-2.9756401426723684,0.0869016586778079,0.0615416185911255,-0.3416616081012913,0.2547599494234833,0.5,0.5,0.0417287490000148,0.5,0.0,0.0,0.0,0.0,0.0,0.5,0.0
119,asymmetric_crash_mixture,random_tail_calibration,6,2.802372786281379,2.920435755372058,0.1180629690906789,4.042649076375177,0.1180629690906789,0.0615416185911255,-0.1659325346450106,0.2839955037356896,0.5,0.5,0.07604362699999,0.5,0.0,0.0,0.0,0.0,0.0,0.5,0.0
119,asymmetric_crash_mixture,adaptive_tail_calibration,6,2.791966339445487,2.920435755372058,0.1284694159265709,4.398981066104779,0.1284694159265709,0.0615416185911255,-0.1597481855957525,0.2882176015223234,0.5,0.5,0.1526425499999959,0.5,0.0,0.0,0.0,0.0,0.0,0.5,0.0
119,asymmetric_crash_mixture,nominal_half_equal,-1,2.997458102695333,2.879117914938117,-0.1183401877572158,-4.110293195815825,0.1183401877572158,0.0202237781571845,-0.2999191459515629,0.181578958194347,0.1626946577506474,0.2981353907633115,0.0,0.2981353907633115,0.0631617481813257,0.1145394188311639,0.1183254638863737,0.0766184012238143,0.0935549726343753,0.1054119357266302,0.1302526687530051
120,asymmetric_crash_mixture,historical_CVaR,175,1.989118114413872,2.848624001477728,0.8595058870638566,30.1726688611058,0.8595058870638566,0.0066916820813021,0.8280620968488219,0.0314437902150346,0.23065116613837,0.3651030915850219,0.0056952930000306,0.1287558878220315,0.0704669137677369,0.006705491009618,0.3651030915850219,0.255135098645032,0.065049859315038,0.070515190755087,0.038268467100434
120,asymmetric_crash_mixture,equal_weight,0,2.1102313380253883,2.9382934348742102,0.8280620968488219,28.181735936263685,0.8280620968488219,0.0963611154777841,0.8280620968488219,0.0,0.125,0.125,0.0,0.125,0.125,0.125,0.125,0.125,0.125,0.125,0.125
120,asymmetric_crash_mixture,LedoitWolf_Gaussian,243,1.4569057563961323,2.862052451301301,1.4051466949051687,49.09577021435386,1.4051466949051687,0.0201201319048749,1.443923993345151,-0.0387772984399823,0.2072069898500497,0.3689932991024915,0.001094288000047,0.1571054478960172,0.1246155711964498,0.0520963675601124,0.3689932991024915,0.1042131780422935,0.0127614761473684,0.0693246736674299,0.1108899863878368
120,asymmetric_crash_mixture,GMM_base,260,1.8098303996964824,2.900708316629121,1.0908779169326388,37.60729442112039,1.0908779169326388,0.0587759972326953,0.985913389157358,0.1049645277752808,0.2153732566396839,0.3837703429531696,0.0488694039999586,0.0705193167298799,0.0086577026566757,0.0888233003056289,0.3837703429531696,0.1382549642397141,0.1190082529283169,0.0527944020374082,0.1381717181492061
120,asymmetric_crash_mixture,GMM_pooled,153,1.9180123192249257,2.8753657509383186,0.9573534317133928,33.295014083025066,0.9573534317133928,0.0334334315418924,0.9064667549782236,0.0508866767351692,0.2280970231380508,0.3409204886370074,0.0493863230000215,0.1773532970554042,0.0519442010818687,0.0180819950880785,0.3409204886370074,0.0465631368745072,0.0113336461943347,0.0978258589464887,0.2559773761223104
120,asymmetric_crash_mixture,random_tail_calibration,260,1.9558987679865711,2.900708316629121,0.9448095486425504,32.57168406854855,0.9448095486425504,0.0587759972326953,0.7899498522860444,0.1548596963565058,0.2153732566396839,0.3837703429531696,0.0730765019999921,0.0705193167298799,0.0086577026566757,0.0888233003056289,0.3837703429531696,0.1382549642397141,0.1190082529283169,0.0527944020374082,0.1381717181492061
120,asymmetric_crash_mixture,adaptive_tail_calibration,260,2.0143424537060364,2.900708316629121,0.8863658629230851,30.55687667187166,0.8863658629230851,0.0587759972326953,0.7614702769670809,0.1248955859560041,0.2153732566396839,0.3837703429531696,0.1698596269999939,0.0705193167298799,0.0086577026566757,0.0888233003056289,0.3837703429531696,0.1382549642397141,0.1190082529283169,0.0527944020374082,0.1381717181492061
120,asymmetric_crash_mixture,nominal_half_equal,-1,1.8635722364176688,2.897708170037756,1.0341359336200868,35.688063563923784,1.0341359336200868,0.0557758506413295,0.985913389157358,0.0482225444627288,0.1475933141599209,0.2543851714765848,0.0,0.0977596583649399,0.0668288513283378,0.1069116501528145,0.2543851714765848,0.1316274821198571,0.1220041264641584,0.0888972010187041,0.131585859074603
121,asymmetric_crash_mixture,historical_CVaR,222,2.651658387189892,2.8441807133150383,0.1925223261251467,6.768990634942887,0.1925223261251467,0.1853885185253347,0.0183423267334665,0.1741799993916801,0.2934257576557404,0.4600903079789659,0.0060663060000365,0.0126639357677016,0.094846934815011,0.0662443411161071,0.2340563297211954,0.1148099669086001,0.4600903079789659,0.0151595536456491,0.0021286300467695
121,asymmetric_crash_mixture,equal_weight,0,2.8291249758372983,2.847467302570765,0.0183423267334665,0.6441628571786118,0.0183423267334665,0.1886751077810613,0.0183423267334665,0.0,0.125,0.125,0.0,0.125,0.125,0.125,0.125,0.125,0.125,0.125,0.125
121,asymmetric_crash_mixture,LedoitWolf_Gaussian,112,1.7965365816260035,2.7731288307976683,0.9765922491716644,35.21625963878338,0.9765922491716644,0.1143366360079647,0.9656909928745268,0.0109012562971377,0.2250350463342955,0.3864792284780598,0.0008617120000167,0.042007726548637,0.1395104589972607,0.1201463871423405,0.1566413769574262,0.3864792284780598,0.1190460627977985,0.0001497053420825,0.0360190537363945
121,asymmetric_crash_mixture,GMM_base,222,2.343081271402351,2.8441807133150383,0.5010994419126873,17.61841079811804,0.5010994419126873,0.1853885185253347,0.2857305618828367,0.2153688800298505,0.2934257576557404,0.4600903079789659,0.0506892319999678,0.0126639357677016,0.094846934815011,0.0662443411161071,0.2340563297211954,0.1148099669086001,0.4600903079789659,0.0151595536456491,0.0021286300467695
121,asymmetric_crash_mixture,GMM_pooled,222,2.819701476603812,2.8441807133150383,0.0244792367112265,0.8606779659473442,0.0244792367112265,0.1853885185253347,-0.1495739930350512,0.1740532297462778,0.2934257576557404,0.4600903079789659,0.0424920350000093,0.0126639357677016,0.094846934815011,0.0662443411161071,0.2340563297211954,0.1148099669086001,0.4600903079789659,0.0151595536456491,0.0021286300467695
121,asymmetric_crash_mixture,random_tail_calibration,222,2.589065423181171,2.8441807133150383,0.2551152901338671,8.969728573840063,0.2551152901338671,0.1853885185253347,0.0203540623876943,0.2347612277461728,0.2934257576557404,0.4600903079789659,0.0661183999999934,0.0126639357677016,0.094846934815011,0.0662443411161071,0.2340563297211954,0.1148099669086001,0.4600903079789659,0.0151595536456491,0.0021286300467695
121,asymmetric_crash_mixture,adaptive_tail_calibration,222,2.5974662394460357,2.8441807133150383,0.246714473869003,8.674359991051507,0.246714473869003,0.1853885185253347,0.0181827544104722,0.2285317194585308,0.2934257576557404,0.4600903079789659,0.1692571909999856,0.0126639357677016,0.094846934815011,0.0662443411161071,0.2340563297211954,0.1148099669086001,0.4600903079789659,0.0151595536456491,0.0021286300467695
121,asymmetric_crash_mixture,nominal_half_equal,-1,2.432088345597743,2.8266436195808278,0.3945552739830842,13.958437181465207,0.3945552739830842,0.1678514247911238,0.2857305618828367,0.1088247121002474,0.1671064394139351,0.292545153989483,0.0,0.0688319678838508,0.1099234674075055,0.0956221705580535,0.1795281648605977,0.1199049834543,0.292545153989483,0.0700797768228246,0.0635643150233847
122,asymmetric_crash_mixture,historical_CVaR,1,2.4499133897716154,2.7004062571498446,0.2504928673782292,9.276117869857588,0.2504928673782292,0.0,0.2093393759253352,0.0411534914528939,0.5,0.5,0.0061278779999724,0.5,0.5,0.0,0.0,0.0,0.0,0.0,0.0
122,asymmetric_crash_mixture,equal_weight,0,2.6327135431373616,2.842052919062697,0.2093393759253352,7.365780366763014,0.2093393759253352,0.1416466619128522,0.2093393759253352,0.0,0.125,0.125,0.0,0.125,0.125,0.125,0.125,0.125,0.125,0.125,0.125
122,asymmetric_crash_mixture,LedoitWolf_Gaussian,164,1.6424921663711018,2.771815824602468,1.129323658231366,40.74309873720895,1.129323658231366,0.0714095674526231,1.1310021772220429,-0.0016785189906767,0.1899226328591428,0.2678656275642626,0.0008160239999597,0.1771601341615297,0.1642899880897589,0.0021934859117079,0.2678656275642626,0.0755197100309525,0.2204476554048608,0.0708404370061575,0.02168296183077
122,asymmetric_crash_mixture,GMM_base,1,1.945208813806653,2.7004062571498446,0.7551974433431916,27.96606774790501,0.7551974433431916,0.0,0.7527157262520614,0.0024817170911302,0.5,0.5,0.0481509139999616,0.5,0.5,0.0,0.0,0.0,0.0,0.0,0.0
122,asymmetric_crash_mixture,GMM_pooled,1,2.5122842173107927,2.7004062571498446,0.1881220398390519,6.9664347481406805,0.1881220398390519,0.0,0.0527385115703831,0.1353835282686688,0.5,0.5,0.046357845999978,0.5,0.5,0.0,0.0,0.0,0.0,0.0,0.0
122,asymmetric_crash_mixture,random_tail_calibration,1,2.264778848920365,2.7004062571498446,0.4356274082294797,16.131921153569852,0.4356274082294797,0.0,0.2444450383918059,0.1911823698376737,0.5,0.5,0.0838416799999777,0.5,0.5,0.0,0.0,0.0,0.0,0.0,0.0
122,asymmetric_crash_mixture,adaptive_tail_calibration,1,2.306284467988194,2.7004062571498446,0.3941217891616499,14.594907270642585,0.3941217891616499,0.0,0.2322741595587878,0.1618476296028621,0.5,0.5,0.1756751510000072,0.5,0.5,0.0,0.0,0.0,0.0,0.0,0.0
122,asymmetric_crash_mixture,nominal_half_equal,-1,1.9969513268200267,2.749286905879711,0.7523355790596842,27.364753291143085,0.7523355790596842,0.0488806487298663,0.7527157262520614,-0.0003801471923772,0.21875,0.3125,0.0,0.3125,0.3125,0.0625,0.0625,0.0625,0.0625,0.0625,0.0625
123,asymmetric_crash_mixture,historical_CVaR,26,2.511686794037493,3.0010379082127328,0.4893511141752396,16.30606240714475,0.4893511141752396,0.0888554888957053,0.2578390515651789,0.2315120626100606,0.5,0.5,0.0057022240000037,0.0,0.0,0.0,0.0,0.0,0.5,0.5,0.0
123,asymmetric_crash_mixture,equal_weight,0,2.7241147376095025,2.981953789174681,0.2578390515651789,8.646648130537978,0.2578390515651789,0.069771369857654,0.2578390515651789,0.0,0.125,0.125,0.0,0.125,0.125,0.125,0.125,0.125,0.125,0.125,0.125
123,asymmetric_crash_mixture,LedoitWolf_Gaussian,204,1.7668598799127375,2.926959521003082,1.1600996410903444,39.63497386163965,1.1600996410903444,0.0147771016860547,1.1346594087505433,0.025440232339801,0.1781281796471396,0.2507593918892148,0.0008799390000149,0.2156073008797584,0.0142903324684693,0.115247674163183,0.0495910654149709,0.0596525915455327,0.2507593918892148,0.2012250202632397,0.093626623375631
123,asymmetric_crash_mixture,GMM_base,26,2.937151176471609,3.0010379082127328,0.0638867317411238,2.128821217695698,0.0638867317411238,0.0888554888957053,-0.2562493496127302,0.3201360813538541,0.5,0.5,0.0556139990000019,0.0,0.0,0.0,0.0,0.0,0.5,0.5,0.0
123,asymmetric_crash_mixture,GMM_pooled,26,2.425942989239028,3.0010379082127328,0.5750949189737051,19.163200751309493,0.5750949189737051,0.0888554888957053,0.4102004359616154,0.1648944830120897,0.5,0.5,0.0605790170000091,0.0,0.0,0.0,0.0,0.0,0.5,0.5,0.0
123,asymmetric_crash_mixture,random_tail_calibration,139,2.5753753397101304,2.9575249383743643,0.3821495986642338,12.921263780595083,0.3821495986642338,0.0453425190573368,0.2338772836434395,0.1482723150207943,0.1695235820874613,0.2485299915946091,0.0883454209999854,0.1228882754882116,0.1880413795778076,0.1635935504337246,0.0001978063260004,0.0516999442587024,0.1481336934981711,0.2485299915946091,0.0769153588227728
123,asymmetric_crash_mixture,adaptive_tail_calibration,26,2.540922659594556,3.0010379082127328,0.4601152486181767,15.331870595803244,0.4601152486181767,0.0888554888957053,0.2500965542238877,0.210018694394289,0.5,0.5,0.1633843719999959,0.0,0.0,0.0,0.0,0.0,0.5,0.5,0.0
123,asymmetric_crash_mixture,nominal_half_equal,-1,3.0348228158163453,2.9531280927886563,-0.0816947230276889,-2.766379258223919,0.0816947230276889,0.0409456734716289,-0.2562493496127302,0.1745546265850412,0.21875,0.3125,0.0,0.0625,0.0625,0.0625,0.0625,0.0625,0.3125,0.3125,0.0625
124,asymmetric_crash_mixture,historical_CVaR,41,2.350595859256892,2.758028444940582,0.40743258568369,14.7726027420456,0.40743258568369,0.0715962331259776,0.3397217639423964,0.0677108217412936,0.2556392563074546,0.4361184901121798,0.0056077739999977,0.4361184901121798,0.0506479695779435,0.0955594999678975,0.1949245009906736,0.0779509820087378,0.005979395369565,0.0692785920069424,0.06954056996606
124,asymmetric_crash_mixture,equal_weight,0,2.488921525009056,2.828643288951453,0.3397217639423964,12.010060274101496,0.3397217639423964,0.1422110771368481,0.3397217639423964,0.0,0.125,0.125,0.0,0.125,0.125,0.125,0.125,0.125,0.125,0.125,0.125
124,asymmetric_crash_mixture,LedoitWolf_Gaussian,273,1.5958834170097242,2.7162146476313134,1.1203312306215891,41.2460492251074,1.1203312306215891,0.0297824358167089,1.1381026541868715,-0.0177714235652823,0.1978174776250086,0.3460337725561301,0.0008009119999883,0.3460337725561301,0.1789087018612919,0.0736899468459076,0.1137133653847929,0.0430410777402097,0.0414968286916918,0.0596880787783669,0.1434282281416089
124,asymmetric_crash_mixture,GMM_base,7,2.468528765205221,2.6886246481576834,0.2200958829524624,8.186188544513936,0.2200958829524624,0.0021924363430789,0.1675354439446703,0.052560439007792,0.5,0.5,0.0467365509999808,0.5,0.0,0.0,0.0,0.0,0.0,0.0,0.5
124,asymmetric_crash_mixture,GMM_pooled,1,2.6602416401096107,2.6864322118146045,0.0261905717049937,0.9749202525867116,0.0261905717049937,0.0,-0.0351425773656268,0.0613331490706205,0.5,0.5,0.0471375070000021,0.5,0.5,0.0,0.0,0.0,0.0,0.0,0.0
124,asymmetric_crash_mixture,random_tail_calibration,41,2.4898057897126757,2.758028444940582,0.2682226552279068,9.725159133871273,0.2682226552279068,0.0715962331259776,0.2346345728913341,0.0335880823365726,0.2556392563074546,0.4361184901121798,0.0881940759999793,0.4361184901121798,0.0506479695779435,0.0955594999678975,0.1949245009906736,0.0779509820087378,0.005979395369565,0.0692785920069424,0.06954056996606
124,asymmetric_crash_mixture,adaptive_tail_calibration,41,2.435266558465873,2.758028444940582,0.322761886474709,11.702630807408603,0.322761886474709,0.0715962331259776,0.2479360724733972,0.0748258140013118,0.2556392563074546,0.4361184901121798,0.1753959199999712,0.4361184901121798,0.0506479695779435,0.0955594999678975,0.1949245009906736,0.0779509820087378,0.005979395369565,0.0692785920069424,0.06954056996606
124,asymmetric_crash_mixture,nominal_half_equal,-1,2.534122401778533,2.73736181293774,0.203239411159207,7.424645518127188,0.203239411159207,0.0509296011231357,0.1675354439446703,0.0357039672145367,0.21875,0.3125,0.0,0.3125,0.0625,0.0625,0.0625,0.0625,0.0625,0.0625,0.3125
125,asymmetric_crash_mixture,historical_CVaR,19,2.735541689707196,2.6849128302019087,-0.0506288595052875,-1.885679823038432,0.0506288595052875,0.0,-0.1229288259216083,0.0722999664163208,0.5,0.5,0.0057723790000068,0.0,0.0,0.0,0.5,0.5,0.0,0.0,0.0
125,asymmetric_crash_mixture,equal_weight,0,2.9068885201830006,2.783959694261392,-0.1229288259216083,-4.41561083571012,0.1229288259216083,0.0990468640594834,-0.1229288259216083,0.0,0.125,0.125,0.0,0.125,0.125,0.125,0.125,0.125,0.125,0.125,0.125
125,asymmetric_crash_mixture,LedoitWolf_Gaussian,78,1.744325079248812,2.728888396090408,0.984563316841596,36.07928115536527,0.984563316841596,0.0439755658884992,1.0014624785361497,-0.0168991616945535,0.2181590566089314,0.3127945720439593,0.0008902050000187,0.0856610728401167,0.0560341379126576,0.006983665724268,0.3127945720439593,0.2516470472794837,0.0249796509485822,0.0549689725064919,0.2069308807444403
125,asymmetric_crash_mixture,GMM_base,19,2.804093972808008,2.6849128302019087,-0.1191811426060991,-4.438920372589399,0.1191811426060991,0.0,-0.3278150748628037,0.2086339322567045,0.5,0.5,0.0391810590000432,0.0,0.0,0.0,0.5,0.5,0.0,0.0,0.0
125,asymmetric_crash_mixture,GMM_pooled,229,2.6228980528644703,2.7604096174096013,0.137511564545131,4.981563738869067,0.137511564545131,0.0754967872076926,0.0693634540451175,0.0681481105000134,0.2365350721202835,0.3453879626394041,0.0459773310000173,0.0469643613370438,0.156633306630847,0.1312486839209998,0.2684646199142931,0.3453879626394041,0.0308464926667247,0.0148323564527852,0.0056222164379019
125,asymmetric_crash_mixture,random_tail_calibration,19,2.7261070471785978,2.6849128302019087,-0.041194216976689,-1.534285080443046,0.041194216976689,0.0,-0.1354447064283066,0.0942504894516176,0.5,0.5,0.088390247999996,0.0,0.0,0.0,0.5,0.5,0.0,0.0,0.0
125,asymmetric_crash_mixture,adaptive_tail_calibration,19,2.7274341881237003,2.6849128302019087,-0.0425213579217915,-1.5837146533578117,0.0425213579217915,0.0,-0.1522792592911286,0.109757901369337,0.5,0.5,0.1735835489999999,0.0,0.0,0.0,0.5,0.5,0.0,0.0,0.0
125,asymmetric_crash_mixture,nominal_half_equal,-1,2.9524970567592907,2.714916003082332,-0.2375810536769589,-8.750954114500244,0.2375810536769589,0.030003172880423,-0.3278150748628037,0.0902340211858447,0.21875,0.3125,0.0,0.0625,0.0625,0.0625,0.3125,0.3125,0.0625,0.0625,0.0625
126,asymmetric_crash_mixture,historical_CVaR,13,3.0588374945866184,2.7593268886001616,-0.2995106059864567,-10.854480751224148,0.2995106059864567,0.0,-0.5658882695656375,0.2663776635791808,0.5,0.5,0.005986938000035,0.0,0.5,0.0,0.0,0.0,0.0,0.0,0.5
126,asymmetric_crash_mixture,equal_weight,0,3.5089862892626,2.9430980196969623,-0.5658882695656375,-19.227639235199664,0.5658882695656375,0.1837711310968006,-0.5658882695656375,0.0,0.125,0.125,0.0,0.125,0.125,0.125,0.125,0.125,0.125,0.125,0.125
126,asymmetric_crash_mixture,LedoitWolf_Gaussian,157,2.101778812217145,2.805043358824132,0.7032645466069867,25.071432296925128,0.7032645466069867,0.04571647022397,0.7081350797577168,-0.0048705331507301,0.3033384045717652,0.4963021354073676,0.0008767439999814,0.1171070309685637,0.1666970691416258,0.0028239077998744,0.0698588988440491,0.0132943570075303,0.0942421535057374,0.0396744473252512,0.4963021354073676
126,asymmetric_crash_mixture,GMM_base,13,3.073556875497868,2.7593268886001616,-0.3142299868977063,-11.387921749898895,0.3142299868977063,0.0,-0.6876550051588173,0.3734250182611109,0.5,0.5,0.043377893000013,0.0,0.5,0.0,0.0,0.0,0.0,0.0,0.5
126,asymmetric_crash_mixture,GMM_pooled,13,3.077730010659661,2.7593268886001616,-0.3184031220594994,-11.539159183166912,0.3184031220594994,0.0,-0.544185625231119,0.2257825031716196,0.5,0.5,0.0461175199999956,0.0,0.5,0.0,0.0,0.0,0.0,0.0,0.5
126,asymmetric_crash_mixture,random_tail_calibration,13,2.994545986155454,2.7593268886001616,-0.2352190975552925,-8.524510036381443,0.2352190975552925,0.0,-0.5424957826194534,0.3072766850641608,0.5,0.5,0.0746708000000353,0.0,0.5,0.0,0.0,0.0,0.0,0.0,0.5
126,asymmetric_crash_mixture,adaptive_tail_calibration,13,2.9787470396189195,2.7593268886001616,-0.2194201510187579,-7.951944799482321,0.2194201510187579,0.0,-0.5373013553816293,0.3178812043628714,0.5,0.5,0.169211023999992,0.0,0.5,0.0,0.0,0.0,0.0,0.0,0.5
126,asymmetric_crash_mixture,nominal_half_equal,-1,3.3266962036199104,2.823630991026339,-0.5030652125935715,-17.816251988745755,0.5030652125935715,0.0643041024261772,-0.6876550051588173,0.1845897925652457,0.21875,0.3125,0.0,0.0625,0.3125,0.0625,0.0625,0.0625,0.0625,0.0625,0.3125
127,asymmetric_crash_mixture,historical_CVaR,20,2.2718616967948657,2.7071047876336416,0.4352430908387759,16.077807287956315,0.4352430908387759,0.0560201205467358,0.3741143034001921,0.0611287874385837,0.5,0.5,0.0066206310000325,0.0,0.0,0.0,0.5,0.0,0.5,0.0,0.0
127,asymmetric_crash_mixture,equal_weight,0,2.364604343256728,2.73871864665692,0.3741143034001921,13.66019484538375,0.3741143034001921,0.0876339795700142,0.3741143034001921,0.0,0.125,0.125,0.0,0.125,0.125,0.125,0.125,0.125,0.125,0.125,0.125
127,asymmetric_crash_mixture,LedoitWolf_Gaussian,216,1.4803270425584107,2.667130558829565,1.1868035162711543,44.497391113540665,1.1868035162711543,0.0160458917426593,1.2233307206111743,-0.0365272043400202,0.1803896438624517,0.2588212212882518,0.0008136800000215,0.2490036175373777,0.0977404158431519,0.2588212212882518,0.144329191303508,0.104142277683052,0.0929953120045486,0.034157595923924,0.0188103684161858
127,asymmetric_crash_mixture,GMM_base,16,2.368422053797883,2.6711520168399407,0.3027299630420579,11.333310913550973,0.3027299630420579,0.020067349753035,0.2668601275119009,0.0358698355301569,0.5,0.5,0.0447806500000069,0.0,0.0,0.5,0.0,0.0,0.5,0.0,0.0
127,asymmetric_crash_mixture,GMM_pooled,20,2.3182994645781045,2.7071047876336416,0.388805323055537,14.362403880028708,0.388805323055537,0.0560201205467358,0.2067222149502758,0.1820831081052611,0.5,0.5,0.0507644440000376,0.0,0.0,0.0,0.5,0.0,0.5,0.0,0.0
127,asymmetric_crash_mixture,random_tail_calibration,20,2.304300701830815,2.7071047876336416,0.4028040858028268,14.87951584448748,0.4028040858028268,0.0560201205467358,0.3495082862265888,0.0532957995762379,0.5,0.5,0.0861156440000172,0.0,0.0,0.0,0.5,0.0,0.5,0.0,0.0
127,asymmetric_crash_mixture,adaptive_tail_calibration,20,2.288982540763957,2.7071047876336416,0.4181222468696846,15.445366163131691,0.4181222468696846,0.0560201205467358,0.3663967407495785,0.051725506120106,0.5,0.5,0.1703310399999509,0.0,0.0,0.0,0.5,0.0,0.5,0.0,0.0
127,asymmetric_crash_mixture,nominal_half_equal,-1,2.40280685794123,2.6869119357201163,0.2841050777788863,10.573665403840025,0.2841050777788863,0.0358272686332106,0.2668601275119009,0.0172449502669853,0.21875,0.3125,0.0,0.0625,0.0625,0.3125,0.0625,0.0625,0.3125,0.0625,0.0625
128,asymmetric_crash_mixture,historical_CVaR,60,3.288028777006784,2.860020933469837,-0.4280078435369465,-14.96519967837013,0.4280078435369465,0.1834682620685153,-0.7774061018558607,0.3493982583189141,0.2298426692606538,0.3659013751746735,0.0057177279999791,0.2483552374296189,0.1235251540851407,0.0378345290850205,0.115947674280591,0.0434476129867724,0.0410179473793482,0.3659013751746735,0.0239704695788344
128,asymmetric_crash_mixture,equal_weight,0,3.594385504363311,2.8169794025074504,-0.7774061018558607,-27.59715250895607,0.7774061018558607,0.1404267311061282,-0.7774061018558607,0.0,0.125,0.125,0.0,0.125,0.125,0.125,0.125,0.125,0.125,0.125,0.125
128,asymmetric_crash_mixture,LedoitWolf_Gaussian,240,2.1038454304253795,2.8078967053057973,0.7040512748804177,25.073973467401544,0.7040512748804177,0.1313440339044751,0.6111327528485098,0.0929185220319079,0.1964410371827618,0.350402246217359,0.0008079220000354,0.350402246217359,0.0208875254150452,0.0784588310035536,0.1784394370279203,0.0915242769074373,0.0778490570717867,0.1134407245190482,0.0889979018378494
128,asymmetric_crash_mixture,GMM_base,60,3.5358446223948,2.860020933469837,-0.6758236889249627,-23.63002595596527,0.6758236889249627,0.1834682620685153,-1.3042709213400672,0.6284472324151045,0.2298426692606538,0.3659013751746735,0.0438092449999771,0.2483552374296189,0.1235251540851407,0.0378345290850205,0.115947674280591,0.0434476129867724,0.0410179473793482,0.3659013751746735,0.0239704695788344
128,asymmetric_crash_mixture,GMM_pooled,60,3.3941985090217583,2.860020933469837,-0.5341775755519209,-18.67740089943487,0.5341775755519209,0.1834682620685153,-0.8670883408850942,0.3329107653331733,0.2298426692606538,0.3659013751746735,0.0425775119999798,0.2483552374296189,0.1235251540851407,0.0378345290850205,0.115947674280591,0.0434476129867724,0.0410179473793482,0.3659013751746735,0.0239704695788344
128,asymmetric_crash_mixture,random_tail_calibration,60,3.350329227342824,2.860020933469837,-0.4903082938729861,-17.14352115871172,0.4903082938729861,0.1834682620685153,-0.9084620621425435,0.4181537682695575,0.2298426692606538,0.3659013751746735,0.0814967509999746,0.2483552374296189,0.1235251540851407,0.0378345290850205,0.115947674280591,0.0434476129867724,0.0410179473793482,0.3659013751746735,0.0239704695788344
128,asymmetric_crash_mixture,adaptive_tail_calibration,60,3.378688860978314,2.860020933469837,-0.5186679275084765,-18.135109482545555,0.5186679275084765,0.1834682620685153,-0.897586869892709,0.3789189423842325,0.2298426692606538,0.3659013751746735,0.1704604930000073,0.2483552374296189,0.1235251540851407,0.0378345290850205,0.115947674280591,0.0434476129867724,0.0410179473793482,0.3659013751746735,0.0239704695788344
128,asymmetric_crash_mixture,nominal_half_equal,-1,3.7925259861751193,2.810432155422768,-0.9820938307523516,-34.94458419348028,0.9820938307523516,0.1338794840214454,-1.3042709213400672,0.3221770905877155,0.1512106673151634,0.2454506875873367,0.0,0.1866776187148094,0.1242625770425703,0.0814172645425102,0.1204738371402955,0.0842238064933862,0.0830089736896741,0.2454506875873367,0.0744852347894172
129,asymmetric_crash_mixture,historical_CVaR,12,2.560350224989544,2.711670641107907,0.1513204161183634,5.580339065681608,0.1513204161183634,0.0126220600096953,-0.0052435413456906,0.156563957464054,0.5,0.5,0.0061484790000463,0.0,0.5,0.0,0.0,0.0,0.0,0.5,0.0
129,asymmetric_crash_mixture,equal_weight,0,2.7626062415617114,2.757362700216021,-0.0052435413456906,-0.1901650930898502,0.0052435413456906,0.0583141191178091,-0.0052435413456906,0.0,0.125,0.125,0.0,0.125,0.125,0.125,0.125,0.125,0.125,0.125,0.125
129,asymmetric_crash_mixture,LedoitWolf_Gaussian,55,1.7050143684219703,2.7229990297190385,1.017984661297068,37.38468689069289,1.017984661297068,0.0239504486208268,1.0010430996824111,0.0169415616146566,0.2364574303354929,0.4028779720825625,0.0012751680000064,0.074777671685238,0.2062905598680858,0.1248176312640377,0.0699347323221219,0.0598765379701815,0.0360630624658055,0.4028779720825625,0.0253618323419668
129,asymmetric_crash_mixture,GMM_base,12,3.0395103998327184,2.711670641107907,-0.3278397587248114,-12.089954943453826,0.3278397587248114,0.0126220600096953,-0.5253355411259841,0.1974957824011727,0.5,0.5,0.0499939570000265,0.0,0.5,0.0,0.0,0.0,0.0,0.5,0.0
129,asymmetric_crash_mixture,GMM_pooled,12,2.6627678672386024,2.711670641107907,0.0489027738693046,1.8034186426609848,0.0489027738693046,0.0126220600096953,-0.1702107546739246,0.2191135285432293,0.5,0.5,0.0495040089999747,0.0,0.5,0.0,0.0,0.0,0.0,0.5,0.0
129,asymmetric_crash_mixture,random_tail_calibration,12,2.733493268552272,2.711670641107907,-0.0218226274443651,-0.804766888483517,0.0218226274443651,0.0126220600096953,-0.1129207107615011,0.0910980833171359,0.5,0.5,0.0754429330000334,0.0,0.5,0.0,0.0,0.0,0.0,0.5,0.0
129,asymmetric_crash_mixture,adaptive_tail_calibration,6,2.683049679190493,2.7692523421558297,0.0862026629653365,3.1128496906218657,0.0862026629653365,0.070203761057618,-0.1133533511110602,0.1995560140763967,0.5,0.5,0.1635525540000344,0.5,0.0,0.0,0.0,0.0,0.0,0.5,0.0
129,asymmetric_crash_mixture,nominal_half_equal,-1,3.136468386895878,2.7152020369171086,-0.4212663499787692,-15.515101427114534,0.4212663499787692,0.0161534558188969,-0.5253355411259841,0.1040691911472149,0.21875,0.3125,0.0,0.0625,0.3125,0.0625,0.0625,0.0625,0.0625,0.3125,0.0625
