seed,family,method,portfolio_index,predicted_ES,true_ES,signed_underestimate,relative_underestimate_pct,absolute_risk_error,regret_vs_candidate_oracle,fixed_equal_signed_error,selection_excess_error,hhi,max_weight,fit_and_scoring_seconds,w_0,w_1,w_2,w_3,w_4,w_5,w_6,w_7
105,gaussian_control,historical_CVaR,226,1.1043209434007284,1.0958388844252627,-0.008482058975465723,-0.7740242745551349,0.008482058975465723,0.01088095602786665,-0.008441588312802173,-4.047066266354982e-05,0.23053502578791402,0.3291231260682506,0.005878535999954693,0.0685304260589147,0.0005921482070846116,0.2713858926565898,0.009814197231861697,0.028785238693900962,0.3291231260682506,0.15960393030349293,0.13216504077990474
105,gaussian_control,equal_weight,0,1.168652903140381,1.1602113148275788,-0.008441588312802173,-0.7275905867248582,0.008441588312802173,0.07525338643018276,-0.008441588312802173,0.0,0.125,0.125,0.0,0.125,0.125,0.125,0.125,0.125,0.125,0.125,0.125
105,gaussian_control,LedoitWolf_Gaussian,226,1.1164241778252522,1.0958388844252627,-0.02058529339998949,-1.8784963458187478,0.02058529339998949,0.01088095602786665,-0.03165339814318524,0.01106810474319575,0.23053502578791402,0.3291231260682506,0.0009996279999882063,0.0685304260589147,0.0005921482070846116,0.2713858926565898,0.009814197231861697,0.028785238693900962,0.3291231260682506,0.15960393030349293,0.13216504077990474
105,gaussian_control,GMM_base,197,1.1000918868598915,1.133383977006258,0.03329209014636647,2.9374061061199077,0.03329209014636647,0.048426048608861905,-0.07034452658813661,0.10363661673450308,0.27906280334002626,0.42424392060192967,0.05814571700000215,0.0038943595605708176,0.15561727024974528,0.42424392060192967,0.04071741945854906,0.0059732749581710865,0.25098737341967936,0.019718338936375635,0.09884804281497904
105,gaussian_control,GMM_pooled,226,1.1392346475853565,1.0958388844252627,-0.04339576316009386,-3.960049581819114,0.04339576316009386,0.01088095602786665,-0.07918705282104299,0.03579128966094913,0.23053502578791402,0.3291231260682506,0.05008939900000087,0.0685304260589147,0.0005921482070846116,0.2713858926565898,0.009814197231861697,0.028785238693900962,0.3291231260682506,0.15960393030349293,0.13216504077990474
105,gaussian_control,random_tail_calibration,140,1.0451429669216676,1.0934616883456219,0.048318721423954214,4.418876485472403,0.048318721423954214,0.00850375994822583,0.01217345832565142,0.03614526309830279,0.22341431924512423,0.33461701764172996,0.046666356000002907,0.025779871444277142,0.049575966701532324,0.33461701764172996,0.06477208321967212,0.021086656575852524,0.2774425833813593,0.13579766723575604,0.09092815379982047
105,gaussian_control,adaptive_tail_calibration,140,1.0719686798233616,1.0934616883456219,0.021493008522260215,1.9655931937385533,0.021493008522260215,0.00850375994822583,-0.002124453511385571,0.023617462033645786,0.22341431924512423,0.33461701764172996,0.1366584269999862,0.025779871444277142,0.049575966701532324,0.33461701764172996,0.06477208321967212,0.021086656575852524,0.2774425833813593,0.13579766723575604,0.09092815379982047
105,gaussian_control,nominal_half_equal,-1,1.126290099464934,1.1051712734173333,-0.021118826047600736,-1.9109097888781146,0.021118826047600736,0.020213345019937323,-0.07034452658813661,0.04922570054053588,0.16351570083500658,0.27462196030096486,0.0,0.06444717978028541,0.14030863512487263,0.27462196030096486,0.08285870972927453,0.06548663747908555,0.18799368670983968,0.07235916946818782,0.11192402140748953
106,gaussian_control,historical_CVaR,222,1.124273029143735,1.151063537120095,0.026790507976359956,2.327456922437879,0.026790507976359956,0.0,-0.018538046200232694,0.04532855417659265,0.2360558384345443,0.3689028370870699,0.005398683000009896,0.05843808374765412,0.01959804369243035,0.07116064962272384,0.027546308808806607,0.24648528225280616,0.3689028370870699,0.1671209972418862,0.040747797546623006
106,gaussian_control,equal_weight,0,1.2969387483446915,1.2784007021444588,-0.018538046200232694,-1.4500966847981207,0.018538046200232694,0.12733716502436376,-0.018538046200232694,0.0,0.125,0.125,0.0,0.125,0.125,0.125,0.125,0.125,0.125,0.125,0.125
106,gaussian_control,LedoitWolf_Gaussian,222,1.099919010859461,1.151063537120095,0.05114452626063404,4.4432409342576475,0.05114452626063404,0.0,0.007964364135257362,0.043180162125376675,0.2360558384345443,0.3689028370870699,0.00084296400001449,0.05843808374765412,0.01959804369243035,0.07116064962272384,0.027546308808806607,0.24648528225280616,0.3689028370870699,0.1671209972418862,0.040747797546623006
106,gaussian_control,GMM_base,222,1.1512542705798645,1.151063537120095,-0.00019073345976949874,-0.016570193878845695,0.00019073345976949874,0.0,-0.09229298188552959,0.09210224842576009,0.2360558384345443,0.3689028370870699,0.04907816399997955,0.05843808374765412,0.01959804369243035,0.07116064962272384,0.027546308808806607,0.24648528225280616,0.3689028370870699,0.1671209972418862,0.040747797546623006
106,gaussian_control,GMM_pooled,222,1.1376030437408144,1.151063537120095,0.01346049337928057,1.169396210130856,0.01346049337928057,0.0,-0.0019738398394637535,0.015434333218744323,0.2360558384345443,0.3689028370870699,0.05168407200000047,0.05843808374765412,0.01959804369243035,0.07116064962272384,0.027546308808806607,0.24648528225280616,0.3689028370870699,0.1671209972418862,0.040747797546623006
106,gaussian_control,random_tail_calibration,222,1.104010076804789,1.151063537120095,0.047053460315306106,4.087824763612231,0.047053460315306106,0.0,0.01902817467502449,0.028025285640281616,0.2360558384345443,0.3689028370870699,0.049578799000016716,0.05843808374765412,0.01959804369243035,0.07116064962272384,0.027546308808806607,0.24648528225280616,0.3689028370870699,0.1671209972418862,0.040747797546623006
106,gaussian_control,adaptive_tail_calibration,222,1.1065864680629085,1.151063537120095,0.044477069057186513,3.863997739730856,0.044477069057186513,0.0,0.014856239747339073,0.02962082930984744,0.2360558384345443,0.3689028370870699,0.13398231499996882,0.05843808374765412,0.01959804369243035,0.07116064962272384,0.027546308808806607,0.24648528225280616,0.3689028370870699,0.1671209972418862,0.040747797546623006
106,gaussian_control,nominal_half_equal,-1,1.210519700269416,1.1800402235251566,-0.030479476744259326,-2.582918457915562,0.030479476744259326,0.02897668640506157,-0.09229298188552959,0.061813505141270264,0.1527639596086361,0.24695141854353495,0.0,0.09171904187382707,0.07229902184621517,0.09808032481136192,0.0762731544044033,0.1857426411264031,0.24695141854353495,0.1460604986209431,0.0828738987733115
107,gaussian_control,historical_CVaR,203,1.0777720370910109,1.02642076681571,-0.05135127027530095,-5.002945374401304,0.05135127027530095,0.0,-0.053183480082154455,0.001832209806853502,0.2533496054916369,0.4054741420652645,0.005815292999955091,0.0022697034267090475,0.10208348724422522,0.12990928825826625,0.05289164897254582,0.4054741420652645,0.2374699400771039,0.033356620857619784,0.0365451690982654
107,gaussian_control,equal_weight,0,1.2869599112279184,1.233776431145764,-0.053183480082154455,-4.3106253888125305,0.053183480082154455,0.20735566433005403,-0.053183480082154455,0.0,0.125,0.125,0.0,0.125,0.125,0.125,0.125,0.125,0.125,0.125,0.125
107,gaussian_control,LedoitWolf_Gaussian,203,1.075077851961028,1.02642076681571,-0.04865708514531808,-4.740461876689044,0.04865708514531808,0.0,-0.040440454359671696,-0.008216630785646384,0.2533496054916369,0.4054741420652645,0.0008272000000033586,0.0022697034267090475,0.10208348724422522,0.12990928825826625,0.05289164897254582,0.4054741420652645,0.2374699400771039,0.033356620857619784,0.0365451690982654
107,gaussian_control,GMM_base,57,1.048729779321624,1.0455958330275488,-0.0031339462940751517,-0.2997282692874485,0.0031339462940751517,0.019175066211838843,-0.00481915023312296,0.001685203939047808,0.27105350537186484,0.3650787876962367,0.05716073099995356,0.03013586731071458,0.0668850467001087,0.031608219884197195,0.10362109959960726,0.3650787876962367,0.34391925651902033,0.04735438845353915,0.011397333836576156
107,gaussian_control,GMM_pooled,203,1.0504063746171521,1.02642076681571,-0.02398560780144221,-2.33682019858711,0.02398560780144221,0.0,-0.027860538786061984,0.0038749309846197733,0.2533496054916369,0.4054741420652645,0.05104254700000865,0.0022697034267090475,0.10208348724422522,0.12990928825826625,0.05289164897254582,0.4054741420652645,0.2374699400771039,0.033356620857619784,0.0365451690982654
107,gaussian_control,random_tail_calibration,203,1.074931452975926,1.02642076681571,-0.04851068616021603,-4.726198819097544,0.04851068616021603,0.0,-0.0401264436731561,-0.008384242487059934,0.2533496054916369,0.4054741420652645,0.048797347000004265,0.0022697034267090475,0.10208348724422522,0.12990928825826625,0.05289164897254582,0.4054741420652645,0.2374699400771039,0.033356620857619784,0.0365451690982654
107,gaussian_control,adaptive_tail_calibration,203,1.0793826004872429,1.02642076681571,-0.052961833671532954,-5.159856014589196,0.052961833671532954,0.0,-0.024940583037343478,-0.028021250634189476,0.2533496054916369,0.4054741420652645,0.15080695900002183,0.0022697034267090475,0.10208348724422522,0.12990928825826625,0.05289164897254582,0.4054741420652645,0.2374699400771039,0.033356620857619784,0.0365451690982654
107,gaussian_control,nominal_half_equal,-1,1.1126039892854038,1.100856587257148,-0.011747402028255749,-1.0671146600053623,0.011747402028255749,0.07443582044143815,-0.00481915023312296,-0.006928251795132789,0.1615133763429662,0.24503939384811835,0.0,0.07756793365535729,0.09594252335005435,0.0783041099420986,0.11431054979980362,0.24503939384811835,0.23445962825951017,0.08617719422676957,0.06819866691828808
108,gaussian_control,historical_CVaR,27,1.0515654197086954,1.1125077143179856,0.060942294609290126,5.4779210809023775,0.060942294609290126,0.01738969424721204,0.003661427669632289,0.05728086693965784,0.5,0.5,0.005652560999976686,0.0,0.0,0.0,0.0,0.0,0.5,0.0,0.5
108,gaussian_control,equal_weight,0,1.232248896625124,1.2359103242947562,0.003661427669632289,0.29625350623408686,0.003661427669632289,0.1407923042239827,0.003661427669632289,0.0,0.125,0.125,0.0,0.125,0.125,0.125,0.125,0.125,0.125,0.125,0.125
108,gaussian_control,LedoitWolf_Gaussian,134,1.083807291372616,1.1324859601251884,0.04867866875257243,4.298390484875534,0.04867866875257243,0.037367940054414905,0.015321562421081625,0.033357106331490805,0.29547157035547306,0.49250528519803294,0.0010965120000037132,0.1374262990766448,0.05263849353966226,0.09551429695359737,0.04164069157846488,0.035942908409140044,0.49250528519803294,0.006254601662954299,0.13807742358150343
108,gaussian_control,GMM_base,27,0.9874182674485646,1.1125077143179856,0.12508944686942092,11.243917256439525,0.12508944686942092,0.01738969424721204,0.0171534401296205,0.10793600673980042,0.5,0.5,0.0534461839999949,0.0,0.0,0.0,0.0,0.0,0.5,0.0,0.5
108,gaussian_control,GMM_pooled,134,1.1050016297272922,1.1324859601251884,0.027484330397896217,2.4269025282095344,0.027484330397896217,0.037367940054414905,-0.002546435660713886,0.030030766058610103,0.29547157035547306,0.49250528519803294,0.05033145900000591,0.1374262990766448,0.05263849353966226,0.09551429695359737,0.04164069157846488,0.035942908409140044,0.49250528519803294,0.006254601662954299,0.13807742358150343
108,gaussian_control,random_tail_calibration,27,1.00073465757086,1.1125077143179856,0.11177305674712557,10.046946669097679,0.11177305674712557,0.01738969424721204,-0.005059933282145268,0.11683299002927083,0.5,0.5,0.04809667399996442,0.0,0.0,0.0,0.0,0.0,0.5,0.0,0.5
108,gaussian_control,adaptive_tail_calibration,27,1.046372018300497,1.1125077143179856,0.06613569601748859,5.944740442364714,0.06613569601748859,0.01738969424721204,0.00356240499037197,0.06257329102711662,0.5,0.5,0.14148011200001065,0.0,0.0,0.0,0.0,0.0,0.5,0.0,0.5
108,gaussian_control,nominal_half_equal,-1,0.9855645954884887,1.0735695334412723,0.08800493795278352,8.197413880653654,0.08800493795278352,-0.021548486629501262,0.0171534401296205,0.07085149782316302,0.21875,0.3125,0.0,0.0625,0.0625,0.0625,0.0625,0.0625,0.3125,0.0625,0.3125
109,gaussian_control,historical_CVaR,77,1.2881687297280218,1.228957273576424,-0.05921145615159773,-4.818023980547734,0.05921145615159773,0.03938240899536849,-0.13801888264294893,0.0788074264913512,0.23477751458962273,0.3946637436198711,0.005645209999954659,0.06625922694867782,0.06551512503167421,0.2340508097259807,0.07866217104938938,0.0718825778587819,0.03345143976511351,0.3946637436198711,0.05551490600051119
109,gaussian_control,equal_weight,0,1.3746849899896125,1.2366661073466636,-0.13801888264294893,-11.160561595649789,0.13801888264294893,0.047091242765608055,-0.13801888264294893,0.0,0.125,0.125,0.0,0.125,0.125,0.125,0.125,0.125,0.125,0.125,0.125
109,gaussian_control,LedoitWolf_Gaussian,247,1.2545195597740704,1.1997603900157428,-0.05475916975832762,-4.564175498210029,0.05475916975832762,0.010185525434687204,-0.060208510107216506,0.005449340348888887,0.224925992545222,0.3675360133542892,0.0008226550000358657,0.0394988846481037,0.08235643120110292,0.0654367382179257,0.02203885103855525,0.24618228454860122,0.10382695569705672,0.3675360133542892,0.07312384129436535
109,gaussian_control,GMM_base,159,1.309915928583047,1.1895748645810555,-0.12034106400199152,-10.11630857250613,0.12034106400199152,0.0,-0.15869335796227357,0.03835229396028206,0.1836296382279691,0.2462052676216825,0.05815079400002787,0.21297187110519797,0.1562621678566484,0.09549872720224309,0.03153023770644454,0.2462052676216825,0.032028536308969485,0.20405298345715867,0.021450208741655378
109,gaussian_control,GMM_pooled,166,1.2944471823108934,1.229898144599136,-0.06454903771175746,-5.24832385472019,0.06454903771175746,0.04032328001808039,-0.11129811788277966,0.046749080171022195,0.1799225081742762,0.24269536001216208,0.05843461599999955,0.004041022173791475,0.15030482263488912,0.24269536001216208,0.07272217580336733,0.09064745092882688,0.04022181119986102,0.24177398931612196,0.15759336793097997
109,gaussian_control,random_tail_calibration,81,1.3091478178568128,1.2394975621722568,-0.06965025568455596,-5.619232970695948,0.06965025568455596,0.04992269759120127,-0.140795402015925,0.07114514633136904,0.2456450345929367,0.4246892817857614,0.05368193499998597,0.002912258010302725,0.029173085535063564,0.16145146656502993,0.0598608597543058,0.11175960336159783,0.09502297660844079,0.4246892817857614,0.11513046837949797
109,gaussian_control,adaptive_tail_calibration,77,1.3085265576423333,1.228957273576424,-0.07956928406590924,-6.474536241146315,0.07956928406590924,0.03938240899536849,-0.15606623826847588,0.07649695420256664,0.23477751458962273,0.3946637436198711,0.15835937600002126,0.06625922694867782,0.06551512503167421,0.2340508097259807,0.07866217104938938,0.0718825778587819,0.03345143976511351,0.3946637436198711,0.05551490600051119
109,gaussian_control,nominal_half_equal,-1,1.330612178707838,1.1911369400998282,-0.1394752386080098,-11.709420966855458,0.1394752386080098,0.001562075518772632,-0.15869335796227357,0.019218119354263763,0.1396574095569923,0.18560263381084124,0.0,0.168985935552599,0.14063108392832419,0.11024936360112154,0.07826511885322227,0.18560263381084124,0.07851426815448474,0.16452649172857933,0.07322510437082769
110,gaussian_control,historical_CVaR,218,1.0825168771679181,1.0290050137492184,-0.053511863418699734,-5.200350115275654,0.053511863418699734,0.02559164542650816,-0.1281844713011393,0.07467260788243957,0.2511664291459107,0.3446475911946457,0.005907589999992524,0.048503782505981904,0.07541856938636755,0.05841340425000629,0.15122875845054945,0.3446475911946457,0.001799435681072374,0.006922217519611467,0.31306624101176533
110,gaussian_control,equal_weight,0,1.2405185733495154,1.1123341020483761,-0.1281844713011393,-11.523918134406392,0.1281844713011393,0.10892073372566591,-0.1281844713011393,0.0,0.125,0.125,0.0,0.125,0.125,0.125,0.125,0.125,0.125,0.125,0.125
110,gaussian_control,LedoitWolf_Gaussian,142,1.036898493236331,1.0034133683227102,-0.03348512491362077,-3.337121665978396,0.03348512491362077,0.0,-0.025056699456357023,-0.008428425457263744,0.2210886360145367,0.37679568914024253,0.0009812200000283156,0.02276297870471737,0.037687881814636975,0.11093442981101519,0.18553100528661717,0.37679568914024253,0.025615492119261507,0.09997541365832549,0.14069710946518374
110,gaussian_control,GMM_base,153,1.08212345873313,1.0131411848276186,-0.06898227390551148,-6.8087523178961975,0.06898227390551148,0.009727816504908393,-0.10903894824358495,0.04005667433807347,0.2649507827869614,0.3810084790506216,0.04468513800003393,0.03096764730742942,0.004120574968087227,0.0176010490734657,0.19605600076590965,0.26628559872497315,0.008692529303841847,0.09526812080567146,0.3810084790506216
110,gaussian_control,GMM_pooled,218,1.0784912914652522,1.0290050137492184,-0.049486277716033866,-4.809138639250042,0.049486277716033866,0.02559164542650816,-0.06621360349625172,0.01672732578021785,0.2511664291459107,0.3446475911946457,0.04875302100003864,0.048503782505981904,0.07541856938636755,0.05841340425000629,0.15122875845054945,0.3446475911946457,0.001799435681072374,0.006922217519611467,0.31306624101176533
110,gaussian_control,random_tail_calibration,153,1.075131723893502,1.0131411848276186,-0.061990539065883477,-6.118647627223928,0.061990539065883477,0.009727816504908393,-0.1257669663112071,0.06377642724532362,0.2649507827869614,0.3810084790506216,0.05248452300003237,0.03096764730742942,0.004120574968087227,0.0176010490734657,0.19605600076590965,0.26628559872497315,0.008692529303841847,0.09526812080567146,0.3810084790506216
110,gaussian_control,adaptive_tail_calibration,153,1.0733491467445344,1.0131411848276186,-0.0602079619169158,-5.942702045733133,0.0602079619169158,0.009727816504908393,-0.11864090895013302,0.05843294703321722,0.2649507827869614,0.3810084790506216,0.14064275499998757,0.03096764730742942,0.004120574968087227,0.0176010490734657,0.19605600076590965,0.26628559872497315,0.008692529303841847,0.09526812080567146,0.3810084790506216
110,gaussian_control,nominal_half_equal,-1,1.1156807116831433,1.0178267201293298,-0.09785399155381347,-9.614012839177544,0.09785399155381347,0.014413351806619623,-0.10903894824358495,0.011184956689771486,0.15998769569674035,0.2530042395253108,0.0,0.07798382365371472,0.06456028748404362,0.07130052453673286,0.16052800038295484,0.19564279936248657,0.06684626465192092,0.11013406040283573,0.2530042395253108
111,gaussian_control,historical_CVaR,74,1.0341526004888089,1.2032868309258935,0.16913423043708464,14.056019403697858,0.16913423043708464,0.051396775931478844,0.11950226487497884,0.049631965562105806,0.15045323931281174,0.21557606190827716,0.0061089499999980035,0.18331414080777078,0.11542267462613046,0.1575028829474792,0.13214812582214897,0.032392343955565936,0.09494708679521376,0.06869668313741362,0.21557606190827716
111,gaussian_control,equal_weight,0,1.134671968424629,1.2541742332996078,0.11950226487497884,9.528362304221499,0.11950226487497884,0.1022841783051931,0.11950226487497884,0.0,0.125,0.125,0.0,0.125,0.125,0.125,0.125,0.125,0.125,0.125,0.125
111,gaussian_control,LedoitWolf_Gaussian,67,1.0546751911183536,1.1518900549944147,0.09721486387606104,8.439595728303464,0.09721486387606104,0.0,0.13747720171863786,-0.04026233784257682,0.21018615802967483,0.3523316114214141,0.0009092230000078416,0.046915512885386514,0.054861135608232955,0.22915725925907932,0.1270903391482417,0.07423538643307243,0.056632625558091315,0.05877612968648169,0.3523316114214141
111,gaussian_control,GMM_base,234,1.0127593881729318,1.259586772864894,0.2468273846919622,19.5959016091095,0.2468273846919622,0.1076967178704793,0.07930225608148356,0.16752512861047864,0.22456541859367263,0.32726643418689433,0.061078539999982695,0.15463333483140465,0.32726643418689433,0.2839912579411569,0.07341858883328095,0.05783628895816353,0.021400467403472487,0.02678148201982221,0.054672145825804944
111,gaussian_control,GMM_pooled,74,1.093943234126609,1.2032868309258935,0.1093435967992844,9.087076662772729,0.1093435967992844,0.051396775931478844,0.1030613008598038,0.006282295939480598,0.15045323931281174,0.21557606190827716,0.07685689199996659,0.18331414080777078,0.11542267462613046,0.1575028829474792,0.13214812582214897,0.032392343955565936,0.09494708679521376,0.06869668313741362,0.21557606190827716
111,gaussian_control,random_tail_calibration,273,1.0212246401693899,1.2128374742316335,0.1916128340622436,15.79872308807375,0.1916128340622436,0.0609474192372188,0.11869388097087796,0.07291895309136565,0.2099640046349604,0.29401322884276476,0.042570060999992165,0.1941782981902234,0.03672111548332245,0.29401322884276476,0.1725168456224583,0.0008221827517118136,0.02402762690698149,0.05065004838297822,0.22707065381955943
111,gaussian_control,adaptive_tail_calibration,93,1.0400452483940186,1.2112079103854951,0.17116266199147656,14.131567381936934,0.17116266199147656,0.059317855391080476,0.12422382418007794,0.046938837811398626,0.2241497921533234,0.28406955641508835,0.1421492169999965,0.24062031137146178,0.21864713703387456,0.1899973309368162,0.023138141040727436,0.004390898258914001,0.006721183095210446,0.03241544184790732,0.28406955641508835
111,gaussian_control,nominal_half_equal,-1,1.0579897122606998,1.2245588164366918,0.16656910417599202,13.602376785844116,0.16656910417599202,0.07266876144227719,0.07930225608148356,0.08726684809450846,0.14989135464841816,0.22613321709344716,0.0,0.1398166674157023,0.22613321709344716,0.20449562897057846,0.09920929441664048,0.09141814447908177,0.07320023370173624,0.07589074100991111,0.08983607291290246
112,gaussian_control,historical_CVaR,266,1.3566173411899483,1.3882597478516725,0.03164240666172424,2.279285754030596,0.03164240666172424,0.004976984329283063,-0.04648498832014525,0.07812739498186949,0.18933817411891224,0.2968215624158497,0.0056420949999846925,0.06660527307016122,0.2968215624158497,0.024073127282823174,0.11913105361441995,0.162297643539239,0.12327299442054138,0.006687249871378481,0.20111109578558706
112,gaussian_control,equal_weight,0,1.4649288803447527,1.4184438920246074,-0.04648498832014525,-3.277182028948299,0.04648498832014525,0.035161128502217975,-0.04648498832014525,0.0,0.125,0.125,0.0,0.125,0.125,0.125,0.125,0.125,0.125,0.125,0.125
112,gaussian_control,LedoitWolf_Gaussian,105,1.3701626375295564,1.4208517664945712,0.050689128965014874,3.567517045783857,0.050689128965014874,0.0375690029721818,0.021370582735179333,0.02931854622983554,0.1589582685284099,0.20728336100837233,0.0010559009999724367,0.05322874645140316,0.1734097094914651,0.13603337893983602,0.04192194783010304,0.20728336100837233,0.03931256284525908,0.15948314807290412,0.18932714536065712
112,gaussian_control,GMM_base,108,1.143878159029255,1.4374754588590513,0.2935972998297962,20.424508677374526,0.2935972998297962,0.05419269533666182,0.17940853201263485,0.11418876781716136,0.19436694494485673,0.27724104436952257,0.0462565259999792,0.025881992136868058,0.20523611065318578,0.011732323887648532,0.020649513485017465,0.1635123803219488,0.19076402273834334,0.10498261240746541,0.27724104436952257
112,gaussian_control,GMM_pooled,93,1.3688696054531415,1.3832827635223894,0.014413158069247922,1.0419531312995092,0.014413158069247922,0.0,-0.03410570191086992,0.048518859980117846,0.21043552896647164,0.37201420424090803,0.04708464800000911,0.046689558828328225,0.37201420424090803,0.04018626940895255,0.09794580516650712,0.14051198410593982,0.03749804655955695,0.0983013385885129,0.1668527931012944
112,gaussian_control,random_tail_calibration,108,1.3077521550739188,1.4374754588590513,0.12972330378513242,9.024383893697637,0.12972330378513242,0.05419269533666182,0.02486880860607421,0.1048544951790582,0.19436694494485673,0.27724104436952257,0.07572938900000281,0.025881992136868058,0.20523611065318578,0.011732323887648532,0.020649513485017465,0.1635123803219488,0.19076402273834334,0.10498261240746541,0.27724104436952257
112,gaussian_control,adaptive_tail_calibration,266,1.3547575457117342,1.3882597478516725,0.033502202139938264,2.413251712569122,0.033502202139938264,0.004976984329283063,-0.03646834926957476,0.06997055140951303,0.18933817411891224,0.2968215624158497,0.14475427299998955,0.06660527307016122,0.2968215624158497,0.024073127282823174,0.11913105361441995,0.162297643539239,0.12327299442054138,0.006687249871378481,0.20111109578558706
112,gaussian_control,nominal_half_equal,-1,1.1712943591624985,1.4024532448242828,0.23115888566178433,16.482466457607067,0.23115888566178433,0.01917048130189336,0.17940853201263485,0.05175035364914948,0.14234173623621418,0.20112052218476129,0.0,0.07544099606843403,0.1651180553265929,0.06836616194382426,0.07282475674250874,0.1442561901609744,0.15788201136917168,0.11499130620373271,0.20112052218476129
113,gaussian_control,historical_CVaR,151,0.9941058940221729,1.105183686237409,0.11107779221523606,10.050618155014549,0.11107779221523606,0.0009659921949725092,0.06710921988607921,0.04396857232915685,0.17198391167290017,0.21976064300264178,0.005558669999970789,0.1803555171563913,0.21976064300264178,0.2139378324171603,0.01392290613686599,0.17824960743450724,0.04016384589265504,0.0794312660560529,0.07417838190372537
113,gaussian_control,equal_weight,0,1.0965669963336435,1.1636762162197227,0.06710921988607921,5.767001073897329,0.06710921988607921,0.05945852217728631,0.06710921988607921,0.0,0.125,0.125,0.0,0.125,0.125,0.125,0.125,0.125,0.125,0.125,0.125
113,gaussian_control,LedoitWolf_Gaussian,151,1.0220580074352466,1.105183686237409,0.08312567880216237,7.521435562007184,0.08312567880216237,0.0009659921949725092,0.0839119456819728,-0.0007862668798104266,0.17198391167290017,0.21976064300264178,0.0010268780000046718,0.1803555171563913,0.21976064300264178,0.2139378324171603,0.01392290613686599,0.17824960743450724,0.04016384589265504,0.0794312660560529,0.07417838190372537
113,gaussian_control,GMM_base,196,1.088288788018785,1.1354506990732989,0.04716191105451384,4.153585099996429,0.04716191105451384,0.03123300503086246,0.020202124078125383,0.026959786976388456,0.17253235092868877,0.27034087676156804,0.046776700999998866,0.15940198842231978,0.1899772955597862,0.13420263684554687,0.039482762303157865,0.08979358179970756,0.016600604389151633,0.27034087676156804,0.10020025391876211
113,gaussian_control,GMM_pooled,58,0.9748275795978367,1.1113014306352256,0.13647385103738885,12.280543088960094,0.13647385103738885,0.007083736592789158,0.10758556897652882,0.028888282060860027,0.14922493450424434,0.23212526924018648,0.0568897869999887,0.11574866561640994,0.1735865208366035,0.23212526924018648,0.04234740959488084,0.1356292815145796,0.08661071469138823,0.1318254182156099,0.08212672029034161
113,gaussian_control,random_tail_calibration,151,1.038945854367453,1.105183686237409,0.06623783186995591,5.993377634396885,0.06623783186995591,0.0009659921949725092,0.05751575326027236,0.008722078609683548,0.17198391167290017,0.21976064300264178,0.045657684999980575,0.1803555171563913,0.21976064300264178,0.2139378324171603,0.01392290613686599,0.17824960743450724,0.04016384589265504,0.0794312660560529,0.07417838190372537
113,gaussian_control,adaptive_tail_calibration,151,1.0345479962206914,1.105183686237409,0.07063569001671754,6.3913076981073,0.07063569001671754,0.0009659921949725092,0.06401410252501938,0.0066215874916981665,0.17198391167290017,0.21976064300264178,0.14020156899999847,0.1803555171563913,0.21976064300264178,0.2139378324171603,0.01392290613686599,0.17824960743450724,0.04016384589265504,0.0794312660560529,0.07417838190372537
113,gaussian_control,nominal_half_equal,-1,1.0979709212674766,1.1313640911535787,0.03339316988610208,2.9515847415709673,0.03339316988610208,0.027146397111142306,0.020202124078125383,0.013191045807976698,0.1368830877321722,0.19767043838078402,0.0,0.1422009942111599,0.1574886477798931,0.12960131842277345,0.08224138115157893,0.10739679089985378,0.07080030219457581,0.19767043838078402,0.11260012695938106
114,gaussian_control,historical_CVaR,70,1.063388178132251,1.0449653366740752,-0.018422841458175743,-1.7630098158865368,0.018422841458175743,0.031902898399880586,-0.09032926279071485,0.0719064213325391,0.21281167126923417,0.3022081767253579,0.005719621000025654,0.024420487446906437,0.013552422135209791,0.0787203340132531,0.2019229433787025,0.3022081767253579,0.06485237024580999,0.05684536548155455,0.25747790057320574
114,gaussian_control,equal_weight,0,1.1625284803372051,1.0721992175464903,-0.09032926279071485,-8.424671582713424,0.09032926279071485,0.05913677927229566,-0.09032926279071485,0.0,0.125,0.125,0.0,0.125,0.125,0.125,0.125,0.125,0.125,0.125,0.125
114,gaussian_control,LedoitWolf_Gaussian,228,1.0757348896847931,1.023528241677039,-0.0522066480077541,-5.10065534901256,0.0522066480077541,0.01046580340284442,-0.062159521393451156,0.009952873385697059,0.23971586699022082,0.3979344459598833,0.000830796000002465,0.15420045716385355,0.0393945819067173,0.05384376727673925,0.20365966341244535,0.3979344459598833,0.00045423710332486117,0.06239845046213015,0.08811439671490626
114,gaussian_control,GMM_base,199,1.068980824012375,1.022739840829064,-0.046240983183311046,-4.521285016708325,0.046240983183311046,0.009677402554869374,-0.12192881761255525,0.0756878344292442,0.18947641344331326,0.28557462845816456,0.0466975919999868,0.10271707830597779,0.012434899811677048,0.18125108500149453,0.21083982331023576,0.28557462845816456,0.023067366937034,0.057190372366094575,0.1269247458093217
114,gaussian_control,GMM_pooled,228,1.0272557520562833,1.023528241677039,-0.0037275103792442366,-0.36418246487627487,0.0037275103792442366,0.01046580340284442,-0.04609230276545895,0.04236479238621471,0.23971586699022082,0.3979344459598833,0.05117897000002358,0.15420045716385355,0.0393945819067173,0.05384376727673925,0.20365966341244535,0.3979344459598833,0.00045423710332486117,0.06239845046213015,0.08811439671490626
114,gaussian_control,random_tail_calibration,199,1.0685287113158926,1.022739840829064,-0.04578887048682856,-4.477078985180699,0.04578887048682856,0.009677402554869374,-0.08712098788973233,0.04133211740290377,0.18947641344331326,0.28557462845816456,0.047852400999943256,0.10271707830597779,0.012434899811677048,0.18125108500149453,0.21083982331023576,0.28557462845816456,0.023067366937034,0.057190372366094575,0.1269247458093217
114,gaussian_control,adaptive_tail_calibration,70,1.0766681395596316,1.0449653366740752,-0.03170280288555638,-3.0338616768342135,0.03170280288555638,0.031902898399880586,-0.0939074487894318,0.06220464590387542,0.21281167126923417,0.3022081767253579,0.14037885300001562,0.024420487446906437,0.013552422135209791,0.0787203340132531,0.2019229433787025,0.3022081767253579,0.06485237024580999,0.05684536548155455,0.25747790057320574
114,gaussian_control,nominal_half_equal,-1,1.1080328799395693,1.0277669207114546,-0.08026595922811475,-7.809743397126652,0.08026595922811475,0.01470448243725997,-0.12192881761255525,0.041662858384440504,0.1411191033608283,0.20528731422908228,0.0,0.1138585391529889,0.06871744990583853,0.15312554250074728,0.16791991165511788,0.20528731422908228,0.074033683468517,0.0910951861830473,0.12596237290466084
115,gaussian_control,historical_CVaR,79,1.0898014973961982,1.1338083682653988,0.04400687086920052,3.8813323398314794,0.04400687086920052,0.03883806807792012,0.005971053877291466,0.038035816991909055,0.19749287870426951,0.29815393133963713,0.005606631999967249,0.062488985284751435,0.08474832639807849,0.29815393133963713,0.13954474842056372,0.0827147137598423,0.05027363423382186,0.020861456360911315,0.2612142042023939
115,gaussian_control,equal_weight,0,1.1965839066719308,1.2025549605492223,0.005971053877291466,0.4965306429374678,0.005971053877291466,0.10758466036174363,0.005971053877291466,0.0,0.125,0.125,0.0,0.125,0.125,0.125,0.125,0.125,0.125,0.125,0.125
115,gaussian_control,LedoitWolf_Gaussian,219,1.0575090418681379,1.098570924381255,0.04106188251311704,3.737754349929133,0.04106188251311704,0.0036006241937762695,0.05678374499402872,-0.015721862480911675,0.239075920345768,0.4037731334031018,0.0009108250000053886,0.06019069479221684,0.17461423832526235,0.4037731334031018,0.01915965793027397,0.047957983129650286,0.08481973048716202,0.1758998067816177,0.033584755150715045
115,gaussian_control,GMM_base,79,1.103811171330962,1.1338083682653988,0.02999719693443681,2.6457025520396535,0.02999719693443681,0.03883806807792012,-0.028882867493424724,0.058880064427861534,0.19749287870426951,0.29815393133963713,0.0487263109999958,0.062488985284751435,0.08474832639807849,0.29815393133963713,0.13954474842056372,0.0827147137598423,0.05027363423382186,0.020861456360911315,0.2612142042023939
115,gaussian_control,GMM_pooled,163,1.1221819756671423,1.0949703001874787,-0.027211675479663633,-2.485151923755786,0.027211675479663633,0.0,-0.014134610430300176,-0.013077065049363457,0.23792709378457427,0.3860152577011291,0.050012014000003546,0.030936236373480218,0.08667028031145041,0.17487017732426383,0.07462504527740198,0.0014227221126081968,0.03854388501484858,0.20691639588481764,0.3860152577011291
115,gaussian_control,random_tail_calibration,79,1.0955565830341423,1.1338083682653988,0.0382517852312565,3.3737434210136845,0.0382517852312565,0.03883806807792012,-0.0025491112218829493,0.040800896453139446,0.19749287870426951,0.29815393133963713,0.047843858000021555,0.062488985284751435,0.08474832639807849,0.29815393133963713,0.13954474842056372,0.0827147137598423,0.05027363423382186,0.020861456360911315,0.2612142042023939
115,gaussian_control,adaptive_tail_calibration,79,1.0974910596057725,1.1338083682653988,0.036317308659626235,3.2031258258560653,0.036317308659626235,0.03883806807792012,-0.0022158062983834714,0.03853311495800971,0.19749287870426951,0.29815393133963713,0.1441345859999501,0.062488985284751435,0.08474832639807849,0.29815393133963713,0.13954474842056372,0.0827147137598423,0.05027363423382186,0.020861456360911315,0.2612142042023939
115,gaussian_control,nominal_half_equal,-1,1.1561140184100351,1.1507672146781218,-0.005346803731913319,-0.4646294805512738,0.005346803731913319,0.05579691449064317,-0.028882867493424724,0.023536063761511405,0.14312321967606736,0.21157696566981857,0.0,0.09374449264237572,0.10487416319903925,0.21157696566981857,0.13227237421028187,0.10385735687992115,0.08763681711691093,0.07293072818045565,0.19310710210119694
116,gaussian_control,historical_CVaR,187,1.038873428139446,1.0773310132234213,0.03845758508397523,3.569709273374435,0.03845758508397523,0.023856893636889476,0.012542784726713885,0.025914800357261347,0.2022561652476672,0.3215625268190085,0.0062739749999991545,0.008925757042058596,0.3215625268190085,0.10973945414950448,0.03560683179460501,0.1404841793484943,0.23064884831621624,0.056276522434832936,0.09675588009528004
116,gaussian_control,equal_weight,0,1.1007918641125456,1.1133346488392595,0.012542784726713885,1.1265960993660569,0.012542784726713885,0.05986052925272767,0.012542784726713885,0.0,0.125,0.125,0.0,0.125,0.125,0.125,0.125,0.125,0.125,0.125,0.125
116,gaussian_control,LedoitWolf_Gaussian,221,1.0285808605524491,1.061701253061052,0.03312039250860277,3.1195585776235513,0.03312039250860277,0.008227133474520087,0.03231054321643145,0.0008098492921713163,0.206094967305222,0.28610054503664994,0.0008432340000013028,0.0587590459469848,0.25652418181946707,0.026530929834377166,0.13310053188668122,0.18697963192706477,0.28610054503664994,0.014802732924742865,0.03720240062403227
116,gaussian_control,GMM_base,124,0.9826383013565817,1.0607912045633752,0.07815290320679347,7.367416214481288,0.07815290320679347,0.007317084976843358,0.08347563122488588,-0.005322728018092415,0.20315760412264453,0.3477530927603442,0.05162875899998198,0.09241974445798236,0.3477530927603442,0.06830487989189465,0.08864616372638472,0.1337832776216642,0.1994771601466605,0.011916705593433692,0.057698975801635584
116,gaussian_control,GMM_pooled,238,1.0482692425515212,1.0667719495467274,0.018502706995206175,1.73445758515379,0.018502706995206175,0.013297829960195573,0.028472704868154786,-0.00996999787294861,0.1809910328520062,0.32101734147374406,0.0454634159999614,0.13392612812393545,0.14486490821304604,0.029782891785243404,0.09106213625783872,0.32101734147374406,0.13652920785560962,0.04906043722628196,0.09375694906430074
116,gaussian_control,random_tail_calibration,187,1.0086165410005623,1.0773310132234213,0.06871447222285898,6.3782135090739,0.06871447222285898,0.023856893636889476,0.0406146768954474,0.02809979532741158,0.2022561652476672,0.3215625268190085,0.04410027800003036,0.008925757042058596,0.3215625268190085,0.10973945414950448,0.03560683179460501,0.1404841793484943,0.23064884831621624,0.056276522434832936,0.09675588009528004
116,gaussian_control,adaptive_tail_calibration,187,1.0302047653945021,1.0773310132234213,0.047126247828919166,4.374351731313793,0.047126247828919166,0.023856893636889476,0.03471831873412645,0.012407929094792713,0.2022561652476672,0.3215625268190085,0.15145233399999825,0.008925757042058596,0.3215625268190085,0.10973945414950448,0.03560683179460501,0.1404841793484943,0.23064884831621624,0.056276522434832936,0.09675588009528004
116,gaussian_control,nominal_half_equal,-1,0.9904457222859399,1.066744839055614,0.07629911676967416,7.152518013325617,0.07629911676967416,0.013270719469082204,0.08347563122488588,-0.007176514455211724,0.14453940103066112,0.2363765463801721,0.0,0.10870987222899117,0.2363765463801721,0.09665243994594733,0.10682308186319237,0.1293916388108321,0.16223858007333025,0.06845835279671685,0.09134948790081779
117,gaussian_control,historical_CVaR,202,1.0752619427629093,1.168814156354712,0.09355221359180277,8.004028106878225,0.09355221359180277,0.04933032427869599,0.0583903320616459,0.03516188153015687,0.2189777146934454,0.3493713743484076,0.005827361000001474,0.3493713743484076,0.09574371106971616,0.032609978970357965,0.043907865631718154,0.163788931388055,0.057818340871589026,0.23236695677628408,0.02439284094387198
117,gaussian_control,equal_weight,0,1.2064404897474958,1.2648308218091417,0.0583903320616459,4.616453920543121,0.0583903320616459,0.14534698973312565,0.0583903320616459,0.0,0.125,0.125,0.0,0.125,0.125,0.125,0.125,0.125,0.125,0.125,0.125
117,gaussian_control,LedoitWolf_Gaussian,203,1.0112788673397604,1.119483832076016,0.10820496473625574,9.665612100497787,0.10820496473625574,0.0,0.09115120264349152,0.017053762092764213,0.2571733879412576,0.45055849245186164,0.0007931600000006256,0.45055849245186164,0.09701360811918112,0.09118506425731916,0.016586659186584918,0.03892753447752473,0.1291855727309388,0.12277491643289001,0.05376815234369983
117,gaussian_control,GMM_base,82,1.0210481270361143,1.1655109483218729,0.1444628212857586,12.39480602852845,0.1444628212857586,0.04602711624585676,0.1270522763136046,0.017410544972153996,0.163452453224724,0.23789582301799253,0.05697320199999467,0.17208614143860976,0.1526759960915144,0.029661377996394428,0.10745845393272457,0.15808475292580287,0.23789582301799253,0.12770350894381952,0.014433945653141858
117,gaussian_control,GMM_pooled,227,1.0348753787766605,1.1810666494642317,0.1461912706875712,12.377901852862248,0.1461912706875712,0.06158281738821558,0.11116712255620986,0.03502414813136134,0.2450032100876482,0.3684051918184549,0.05514718400002039,0.3684051918184549,0.13066145454860043,0.039963508059083455,0.005454988388366926,0.2344537411181484,0.03317530186463497,0.1857630388317686,0.0021227753709423145
117,gaussian_control,random_tail_calibration,157,1.0540514244382317,1.14551664406241,0.0914652196241783,7.984625984988752,0.0914652196241783,0.026032811986393956,0.11502758210516628,-0.023562362480987975,0.20322575091126693,0.31858415450491584,0.044388336000054096,0.25020029530941296,0.06319599083205524,0.11845329667823315,0.013679872226955834,0.0550989328723786,0.31858415450491584,0.11813989221041668,0.06264756536563151
117,gaussian_control,adaptive_tail_calibration,203,1.0704800184118288,1.119483832076016,0.04900381366418727,4.377357873343523,0.04900381366418727,0.0,0.09259545294505633,-0.043591639280869066,0.2571733879412576,0.45055849245186164,0.13665482200002543,0.45055849245186164,0.09701360811918112,0.09118506425731916,0.016586659186584918,0.03892753447752473,0.1291855727309388,0.12277491643289001,0.05376815234369983
117,gaussian_control,nominal_half_equal,-1,1.0613271164789657,1.2001326070344787,0.13880549055551294,11.565846119163497,0.13880549055551294,0.08064877495846257,0.1270522763136046,0.011753214241908339,0.134613113306181,0.18144791150899625,0.0,0.1485430707193049,0.1388379980457572,0.07733068899819721,0.11622922696636229,0.14154237646290144,0.18144791150899625,0.12635175447190977,0.06971697282657092
118,gaussian_control,historical_CVaR,192,0.930799788147993,1.0360112684234608,0.10521148027546778,10.155437829896604,0.10521148027546778,0.024829354151909566,0.09100899065716384,0.014202489618303948,0.18398425647862135,0.26708988591395444,0.005793650000043726,0.170916556928529,0.26708988591395444,0.035092811322833505,0.049931246915017664,0.21910828324157974,0.1453888940869552,0.010199418986380238,0.10227290260474999
118,gaussian_control,equal_weight,0,1.0073915095362724,1.0984005001934363,0.09100899065716384,8.285592608628319,0.09100899065716384,0.08721858592188503,0.09100899065716384,0.0,0.125,0.125,0.0,0.125,0.125,0.125,0.125,0.125,0.125,0.125,0.125
118,gaussian_control,LedoitWolf_Gaussian,72,0.9586528733604748,1.0111819142715512,0.05252904091107646,5.194816102789778,0.05252904091107646,0.0,0.05610964874330482,-0.003580607832228355,0.22820241693657486,0.411424309650684,0.0010187760000235357,0.0924891418370274,0.12737132886476538,0.0330516397808234,0.09396816741591475,0.13284681414773303,0.07259082751178723,0.03625777079126488,0.411424309650684
118,gaussian_control,GMM_base,200,0.9618686865208992,1.0172011472964997,0.0553324607756005,5.439677385604823,0.0553324607756005,0.006019233024948445,0.10128984750441794,-0.04595738672881744,0.15092650645667235,0.19279720316431467,0.048718860000008135,0.14560123123107763,0.1820181365658391,0.018097508407993637,0.055620471497622455,0.19279720316431467,0.15544096351849773,0.10962117106180985,0.14080331455284484
118,gaussian_control,GMM_pooled,200,0.9745678971922028,1.0172011472964997,0.04263325010429686,4.191231028160635,0.04263325010429686,0.006019233024948445,0.03446267424955063,0.008170575854746231,0.15092650645667235,0.19279720316431467,0.04871545500003549,0.14560123123107763,0.1820181365658391,0.018097508407993637,0.055620471497622455,0.19279720316431467,0.15544096351849773,0.10962117106180985,0.14080331455284484
118,gaussian_control,random_tail_calibration,200,0.9585236530663791,1.0172011472964997,0.058677494230120586,5.768524188757815,0.058677494230120586,0.006019233024948445,0.10490921770041006,-0.046231723470289476,0.15092650645667235,0.19279720316431467,0.03944379899996875,0.14560123123107763,0.1820181365658391,0.018097508407993637,0.055620471497622455,0.19279720316431467,0.15544096351849773,0.10962117106180985,0.14080331455284484
118,gaussian_control,adaptive_tail_calibration,200,0.9557548224486951,1.0172011472964997,0.061446324847804545,6.040725082852646,0.061446324847804545,0.006019233024948445,0.10008539803928929,-0.03863907319148474,0.15092650645667235,0.19279720316431467,0.1327020009999842,0.14560123123107763,0.1820181365658391,0.018097508407993637,0.055620471497622455,0.19279720316431467,0.15544096351849773,0.10962117106180985,0.14080331455284484
118,gaussian_control,nominal_half_equal,-1,0.9676378641191766,1.0466785187018013,0.07904065458262466,7.551569385474638,0.07904065458262466,0.035496604430250045,0.10128984750441794,-0.02224919292179328,0.1314816266141681,0.15889860158215735,0.0,0.1353006156155388,0.15350906828291955,0.07154875420399681,0.09031023574881122,0.15889860158215735,0.14022048175924887,0.11731058553090493,0.13290165727642242
119,gaussian_control,historical_CVaR,150,1.1400899569473106,1.2321889153006174,0.09209895835330673,7.474418671493837,0.09209895835330673,0.02699251628053867,0.04388823772879524,0.04821072062451148,0.22708555746948683,0.4072452126396155,0.005859869000005347,0.12421465148399077,0.07844749372664413,0.043722335260945204,0.11495078110837072,0.09210015323861954,0.013352943118219765,0.12596642942359434,0.4072452126396155
119,gaussian_control,equal_weight,0,1.2265931641182801,1.2704814018470754,0.04388823772879524,3.4544573155489573,0.04388823772879524,0.06528500282699667,0.04388823772879524,0.0,0.125,0.125,0.0,0.125,0.125,0.125,0.125,0.125,0.125,0.125,0.125
119,gaussian_control,LedoitWolf_Gaussian,235,1.142396449013153,1.2088541833361983,0.06645773432304525,5.497580704037856,0.06645773432304525,0.0036577843161196277,0.07947516045701253,-0.01301742613396728,0.153890740244061,0.24492861360938062,0.0008082130000275356,0.16710929215526643,0.13086354881912537,0.06303234862497788,0.15395858514990582,0.04560842633657266,0.10669714619094611,0.08780203911382516,0.24492861360938062
119,gaussian_control,GMM_base,58,1.1489174761416958,1.2104209078092372,0.06150343166754135,5.081160716139441,0.06150343166754135,0.005224508789158477,-0.03332919955491165,0.094832631222453,0.1919445357656566,0.28532506386668427,0.04544429800000671,0.12121090344415418,0.28532506386668427,0.03816649597097111,0.12185294805532552,0.10522804852577493,0.0213912247754722,0.0510998421355671,0.25572547322605066
119,gaussian_control,GMM_pooled,235,1.1270717101094476,1.2088541833361983,0.0817824732267507,6.765288514868456,0.0817824732267507,0.0036577843161196277,0.09361431925565711,-0.011831846028906412,0.153890740244061,0.24492861360938062,0.04963071599996738,0.16710929215526643,0.13086354881912537,0.06303234862497788,0.15395858514990582,0.04560842633657266,0.10669714619094611,0.08780203911382516,0.24492861360938062
119,gaussian_control,random_tail_calibration,235,1.1276331152868884,1.2088541833361983,0.08122106804930995,6.718847415091528,0.08122106804930995,0.0036577843161196277,0.01659788281658603,0.06462318523272392,0.153890740244061,0.24492861360938062,0.046086091999995915,0.16710929215526643,0.13086354881912537,0.06303234862497788,0.15395858514990582,0.04560842633657266,0.10669714619094611,0.08780203911382516,0.24492861360938062
119,gaussian_control,adaptive_tail_calibration,235,1.1459732781968062,1.2088541833361983,0.06288090513939215,5.201694795467663,0.06288090513939215,0.0036577843161196277,0.013060633768376295,0.049820271371015856,0.153890740244061,0.24492861360938062,0.13979014699998515,0.16710929215526643,0.13086354881912537,0.06303234862497788,0.15395858514990582,0.04560842633657266,0.10669714619094611,0.08780203911382516,0.24492861360938062
119,gaussian_control,nominal_half_equal,-1,1.1936994377761434,1.2180571175395145,0.02435767976337111,1.999715728649394,0.02435767976337111,0.012860718519435821,-0.03332919955491165,0.05768687931828276,0.14173613394141416,0.20516253193334213,0.0,0.1231054517220771,0.20516253193334213,0.08158324798548555,0.12342647402766277,0.11511402426288747,0.0731956123877361,0.08804992106778355,0.19036273661302533
120,gaussian_control,historical_CVaR,175,1.2722181417413156,1.239605016118691,-0.03261312562262475,-2.6309288199509897,0.03261312562262475,0.022155526985422558,-0.03560448980391118,0.0029913641812864267,0.23065116613837003,0.36510309158502197,0.005979978000027586,0.12875588782203157,0.07046691376773692,0.006705491009618066,0.36510309158502197,0.25513509864503203,0.06504985931503804,0.07051519075508708,0.038268467100434085
120,gaussian_control,equal_weight,0,1.3384920365588917,1.3028875467549805,-0.03560448980391118,-2.7327369804546082,0.03560448980391118,0.0854380576217122,-0.03560448980391118,0.0,0.125,0.125,0.0,0.125,0.125,0.125,0.125,0.125,0.125,0.125,0.125
120,gaussian_control,LedoitWolf_Gaussian,187,1.2002510800033648,1.2174494891332683,0.017198409129903558,1.412658946708953,0.017198409129903558,0.0,0.06536451319939562,-0.048166104069492066,0.22373258522495562,0.40241841128922534,0.0008125089999566626,0.07976568720119727,0.14238055956482426,0.1178489944908798,0.40241841128922534,0.08468478703423934,0.11010609870754065,0.03247760302017792,0.03031785869191545
120,gaussian_control,GMM_base,260,1.1273574894818386,1.2224288536102494,0.09507136412841088,7.7772513179505465,0.09507136412841088,0.004979364476981107,0.1322024064345111,-0.037131042306100204,0.21537325663968396,0.38377034295316964,0.0464793969999846,0.07051931672987996,0.00865770265667577,0.08882330030562899,0.38377034295316964,0.13825496423971415,0.11900825292831696,0.05279440203740824,0.13817171814920612
120,gaussian_control,GMM_pooled,243,1.2354885514192495,1.2198174778730122,-0.015671073546237313,-1.2847064278471285,0.015671073546237313,0.002367988739743865,0.03504779872917396,-0.050718872275411275,0.2072069898500497,0.36899329910249157,0.050854657000002135,0.15710544789601721,0.12461557119644981,0.052096367560112475,0.36899329910249157,0.10421317804229359,0.012761476147368478,0.06932467366742998,0.11088998638783681
120,gaussian_control,random_tail_calibration,235,1.2211783852995242,1.2349222947062726,0.013743909406748411,1.1129371836320612,0.013743909406748411,0.017472805573004235,0.01643507532926214,-0.0026911659225137274,0.16207820814421084,0.2791487095710168,0.049755181000023185,0.07329228838498233,0.08149029546526831,0.1043211194870787,0.2791487095710168,0.12064130582837516,0.1858464140977739,0.07011811472233145,0.08514175244317354
120,gaussian_control,adaptive_tail_calibration,235,1.256078191177758,1.2349222947062726,-0.021155896471485525,-1.7131358436214381,0.021155896471485525,0.017472805573004235,0.011707050598350977,-0.0328629470698365,0.16207820814421084,0.2791487095710168,0.13816510899999912,0.07329228838498233,0.08149029546526831,0.1043211194870787,0.2791487095710168,0.12064130582837516,0.1858464140977739,0.07011811472233145,0.08514175244317354
120,gaussian_control,nominal_half_equal,-1,1.1146167259664639,1.241660901950001,0.127044175983537,10.23179322019538,0.127044175983537,0.024211412816732558,0.1322024064345111,-0.005158230450974077,0.14759331415992097,0.2543851714765848,0.0,0.09775965836493998,0.06682885132833788,0.1069116501528145,0.2543851714765848,0.1316274821198571,0.12200412646415848,0.08889720101870412,0.13158585907460307
121,gaussian_control,historical_CVaR,132,1.1369351161921415,1.111074318638649,-0.025860797553492576,-2.3275488524636847,0.025860797553492576,0.019755765782804247,0.018829569445810934,-0.04469036699930351,0.17725658488483234,0.2601812251020017,0.00559353299996701,0.02889630392413507,0.17765561913451045,0.11080618740028297,0.2601812251020017,0.21135383686645423,0.013737585044573298,0.08208170158931036,0.11528754093873199
121,gaussian_control,equal_weight,0,1.1699348613715876,1.1887644308173986,0.018829569445810934,1.5839613768443304,0.018829569445810934,0.0974458779615539,0.018829569445810934,0.0,0.125,0.125,0.0,0.125,0.125,0.125,0.125,0.125,0.125,0.125,0.125
121,gaussian_control,LedoitWolf_Gaussian,132,1.0960930294220563,1.111074318638649,0.014981289216592586,1.3483606780641377,0.014981289216592586,0.019755765782804247,0.017667839682648623,-0.002686550466056037,0.17725658488483234,0.2601812251020017,0.0008236759999817878,0.02889630392413507,0.17765561913451045,0.11080618740028297,0.2601812251020017,0.21135383686645423,0.013737585044573298,0.08208170158931036,0.11528754093873199
121,gaussian_control,GMM_base,193,1.1288736825567378,1.121699976014886,-0.007173706541851788,-0.6395387978288221,0.007173706541851788,0.030381423159041354,-0.06307948375856265,0.05590577721671086,0.23471428062247587,0.415621154425488,0.04462104200001704,0.04355679451936561,0.07561265059494536,0.1735889428661327,0.415621154425488,0.10394722628565417,0.07035402929763279,0.030471523905248987,0.08684767810553251
121,gaussian_control,GMM_pooled,233,1.128279872891878,1.1152467948618743,-0.013033078030003642,-1.1686272572177907,0.013033078030003642,0.02392824200602961,0.005881630847314412,-0.018914708877318054,0.19979053710728292,0.3376022201223136,0.04078499500002408,0.029726500146466196,0.1707017326343717,0.09547016294525397,0.16899091899731272,0.3376022201223136,0.1094909018296398,0.07761120504079387,0.010406358283848378
121,gaussian_control,random_tail_calibration,193,1.1003443064352263,1.121699976014886,0.02135566957965973,1.9038664559422547,0.02135566957965973,0.030381423159041354,0.004650175180339167,0.016705494399320564,0.23471428062247587,0.415621154425488,0.048707323000030556,0.04355679451936561,0.07561265059494536,0.1735889428661327,0.415621154425488,0.10394722628565417,0.07035402929763279,0.030471523905248987,0.08684767810553251
121,gaussian_control,adaptive_tail_calibration,192,1.1430776036291932,1.1310141628987735,-0.01206344073041965,-1.0666038610428379,0.01206344073041965,0.039695610042928875,-0.025607718720800587,0.013544277990380937,0.15827718972040136,0.2358641426311098,0.13993743600002517,0.09179398405124822,0.06447118837191243,0.1434111530989538,0.1841998777610401,0.2358641426311098,0.17184444831440698,0.06311910290387335,0.04529610286745536
121,gaussian_control,nominal_half_equal,-1,1.1613568182297718,1.1299899986335769,-0.03136681959619492,-2.7758493114208767,0.03136681959619492,0.03867144577773218,-0.06307948375856265,0.03171266416236773,0.15242857015561898,0.270310577212744,0.0,0.08427839725968281,0.10030632529747269,0.14929447143306634,0.270310577212744,0.11447361314282709,0.0976770146488164,0.0777357619526245,0.10592383905276626
122,gaussian_control,historical_CVaR,102,1.0985635410545398,1.0641163082904268,-0.03444723276411299,-3.2371680140354906,0.03444723276411299,0.0,0.00277337514679199,-0.03722060791090498,0.27429858835182974,0.44232246235829553,0.005575286000009783,0.44232246235829553,0.09031488905180686,0.012812111553089532,0.23745642868086092,0.02375718238257913,0.03975451441667342,0.07531827751861883,0.07826413403807578
122,gaussian_control,equal_weight,0,1.180528607514403,1.183301982661195,0.00277337514679199,0.234375940159822,0.00277337514679199,0.11918567437076821,0.00277337514679199,0.0,0.125,0.125,0.0,0.125,0.125,0.125,0.125,0.125,0.125,0.125,0.125
122,gaussian_control,LedoitWolf_Gaussian,102,1.066236175482948,1.0641163082904268,-0.0021198671925211077,-0.19921386186880402,0.0021198671925211077,0.0,0.010196522184658718,-0.012316389377179826,0.27429858835182974,0.44232246235829553,0.0008003110000345259,0.44232246235829553,0.09031488905180686,0.012812111553089532,0.23745642868086092,0.02375718238257913,0.03975451441667342,0.07531827751861883,0.07826413403807578
122,gaussian_control,GMM_base,102,1.0679352898810004,1.0641163082904268,-0.003818981590573589,-0.35888761038810085,0.003818981590573589,0.0,0.03312278798181789,-0.03694176957239148,0.27429858835182974,0.44232246235829553,0.049197872999968695,0.44232246235829553,0.09031488905180686,0.012812111553089532,0.23745642868086092,0.02375718238257913,0.03975451441667342,0.07531827751861883,0.07826413403807578
122,gaussian_control,GMM_pooled,102,1.0736032230542372,1.0641163082904268,-0.009486914763810361,-0.8915298722422286,0.009486914763810361,0.0,0.06844323898597793,-0.07793015374978829,0.27429858835182974,0.44232246235829553,0.0462419890000092,0.44232246235829553,0.09031488905180686,0.012812111553089532,0.23745642868086092,0.02375718238257913,0.03975451441667342,0.07531827751861883,0.07826413403807578
122,gaussian_control,random_tail_calibration,129,1.0712771484209898,1.0988772927058887,0.027600144284898986,2.5116675417813084,0.027600144284898986,0.03476098441546194,0.05644846307978213,-0.028848318794883143,0.18789005459728028,0.3306274919275195,0.04776526099999501,0.3306274919275195,0.14375423810551516,0.024625055319860662,0.10106431713458643,0.13125570124723296,0.027585524248741115,0.11611706511090521,0.12497060690563894
122,gaussian_control,adaptive_tail_calibration,102,1.0355952949267349,1.0641163082904268,0.02852101336369195,2.6802533840979135,0.02852101336369195,0.0,0.06384413510555831,-0.03532312174186636,0.27429858835182974,0.44232246235829553,0.14592955199998414,0.44232246235829553,0.09031488905180686,0.012812111553089532,0.23745642868086092,0.02375718238257913,0.03975451441667342,0.07531827751861883,0.07826413403807578
122,gaussian_control,nominal_half_equal,-1,1.0762964029083266,1.0842014472639403,0.007905044355613677,0.7291121382988947,0.007905044355613677,0.020085138973513494,0.03312278798181789,-0.025217743626204214,0.16232464708795746,0.28366123117914777,0.0,0.28366123117914777,0.10765744452590342,0.06890605577654477,0.18122821434043046,0.07437859119128956,0.08237725720833672,0.10015913875930942,0.10163206701903789
123,gaussian_control,historical_CVaR,159,1.2924200368616512,1.2820665654142918,-0.01035347144735943,-0.8075611459389217,0.01035347144735943,0.008070483453544997,-0.043661983421816375,0.033308511974456945,0.19847786660919156,0.34066738363525434,0.006242066999959661,0.12486574568665512,0.05226738136825475,0.34066738363525434,0.008601344000110766,0.1286449688061302,0.17002171097696622,0.1278938454969215,0.047037620029707
123,gaussian_control,equal_weight,0,1.3999903328938277,1.3563283494720113,-0.043661983421816375,-3.219130783398653,0.043661983421816375,0.08233226751126455,-0.043661983421816375,0.0,0.125,0.125,0.0,0.125,0.125,0.125,0.125,0.125,0.125,0.125,0.125
123,gaussian_control,LedoitWolf_Gaussian,269,1.258216108659663,1.287041483378124,0.028825374718461028,2.2396616652015346,0.028825374718461028,0.013045401417377311,0.027406895031619305,0.0014184796868417227,0.15755063210537826,0.21369847435038422,0.0007883330000026945,0.19186435995504164,0.03966240029183031,0.21369847435038422,0.06414111992991445,0.04775701911100853,0.1722827625503877,0.1554447552298733,0.11514910858155983
123,gaussian_control,GMM_base,139,1.2069688010151758,1.3551419393106374,0.14817313829546164,10.934141583046092,0.14817313829546164,0.08114585734989066,-0.005336288460957794,0.15350942675641943,0.16952358208746138,0.24852999159460915,0.05326724799999738,0.1228882754882116,0.18804137957780764,0.16359355043372462,0.00019780632600048916,0.05169994425870241,0.14813369349817113,0.24852999159460915,0.07691535882277287
123,gaussian_control,GMM_pooled,159,1.3508538343137093,1.2820665654142918,-0.06878726889941755,-5.365343013776307,0.06878726889941755,0.008070483453544997,-0.14542804355327843,0.07664077465386088,0.19847786660919156,0.34066738363525434,0.05222987399997692,0.12486574568665512,0.05226738136825475,0.34066738363525434,0.008601344000110766,0.1286449688061302,0.17002171097696622,0.1278938454969215,0.047037620029707
123,gaussian_control,random_tail_calibration,139,1.2386476058964486,1.3551419393106374,0.1164943334141888,8.596467280279853,0.1164943334141888,0.08114585734989066,-0.043328539174863234,0.15982287258905203,0.16952358208746138,0.24852999159460915,0.05661935499995252,0.1228882754882116,0.18804137957780764,0.16359355043372462,0.00019780632600048916,0.05169994425870241,0.14813369349817113,0.24852999159460915,0.07691535882277287
123,gaussian_control,adaptive_tail_calibration,159,1.2938989791412874,1.2820665654142918,-0.011832413726995616,-0.922917268587536,0.011832413726995616,0.008070483453544997,-0.06587331736144142,0.0540409036344458,0.19847786660919156,0.34066738363525434,0.14758527499998308,0.12486574568665512,0.05226738136825475,0.34066738363525434,0.008601344000110766,0.1286449688061302,0.17002171097696622,0.1278938454969215,0.047037620029707
123,gaussian_control,nominal_half_equal,-1,1.262378356125474,1.336126616551202,0.07374826042572802,5.519556269007376,0.07374826042572802,0.062130534590455255,-0.005336288460957794,0.07908454888668581,0.13613089552186533,0.18676499579730457,0.0,0.1239441377441058,0.15652068978890382,0.1442967752168623,0.06259890316300025,0.08834997212935121,0.13656684674908556,0.18676499579730457,0.10095767941138643
124,gaussian_control,historical_CVaR,273,1.0482454123856395,1.0364354892236134,-0.011809923162026115,-1.1394749875723424,0.011809923162026115,0.0,-0.04977269921041061,0.037962776048384494,0.19781747762500868,0.3460337725561301,0.005851617000018905,0.3460337725561301,0.1789087018612919,0.07368994684590768,0.1137133653847929,0.04304107774020979,0.04149682869169183,0.059688078778366946,0.1434282281416089
124,gaussian_control,equal_weight,0,1.2160448168140296,1.166272117603619,-0.04977269921041061,-4.267674624056035,0.04977269921041061,0.12983662838000565,-0.04977269921041061,0.0,0.125,0.125,0.0,0.125,0.125,0.125,0.125,0.125,0.125,0.125,0.125
124,gaussian_control,LedoitWolf_Gaussian,273,1.0751759562840415,1.0364354892236134,-0.03874046706042811,-3.7378560907296143,0.03874046706042811,0.0,-0.026783582721473742,-0.011956884338954366,0.19781747762500868,0.3460337725561301,0.00087615399996821,0.3460337725561301,0.1789087018612919,0.07368994684590768,0.1137133653847929,0.04304107774020979,0.04149682869169183,0.059688078778366946,0.1434282281416089
124,gaussian_control,GMM_base,217,1.0306861768248756,1.0799129552594688,0.04922677843459322,4.55840243371889,0.04922677843459322,0.04347746603585545,-0.022599537665103142,0.07182631609969636,0.18957537930663879,0.3118024143181814,0.06728813999995964,0.3118024143181814,0.16219194363858055,0.02213936155980797,0.12264052117961763,0.0008853678523222359,0.14541709919521056,0.08766093180449494,0.14726236045178467
124,gaussian_control,GMM_pooled,273,0.9973564396335498,1.0364354892236134,0.039079049590063586,3.770524069890489,0.039079049590063586,0.0,0.027283232291533066,0.01179581729853052,0.19781747762500868,0.3460337725561301,0.05202164500002482,0.3460337725561301,0.1789087018612919,0.07368994684590768,0.1137133653847929,0.04304107774020979,0.04149682869169183,0.059688078778366946,0.1434282281416089
124,gaussian_control,random_tail_calibration,273,1.0713316848624943,1.0364354892236134,-0.03489619563888091,-3.366943336243861,0.03489619563888091,0.0,-0.05356278049535712,0.01866658485647621,0.19781747762500868,0.3460337725561301,0.04761199300003227,0.3460337725561301,0.1789087018612919,0.07368994684590768,0.1137133653847929,0.04304107774020979,0.04149682869169183,0.059688078778366946,0.1434282281416089
124,gaussian_control,adaptive_tail_calibration,273,1.0566387017532517,1.0364354892236134,-0.020203212529638304,-1.9492976398147452,0.020203212529638304,0.0,-0.04505432827314637,0.024851115743508068,0.19781747762500868,0.3460337725561301,0.1365382230000023,0.3460337725561301,0.1789087018612919,0.07368994684590768,0.1137133653847929,0.04304107774020979,0.04149682869169183,0.059688078778366946,0.1434282281416089
124,gaussian_control,nominal_half_equal,-1,1.0739145056991146,1.103283119498873,0.029368613799758414,2.6619290443869077,0.029368613799758414,0.06684763027525964,-0.022599537665103142,0.051968151464861556,0.1411438448266597,0.2184012071590907,0.0,0.2184012071590907,0.1435959718192903,0.07356968077990399,0.12382026058980881,0.06294268392616112,0.13520854959760528,0.10633046590224747,0.13613118022589232
125,gaussian_control,historical_CVaR,134,1.0226106191675806,1.0621855970272212,0.03957497785964059,3.725806296978661,0.03957497785964059,0.027909117307865383,0.008510470857692631,0.03106450700194796,0.24844099545405782,0.3691337047657795,0.005806129999996301,0.03236587674257617,0.1130886698630243,0.04894466061861255,0.3691337047657795,0.07492339964090489,0.29608662368661826,0.04894593394966839,0.01651113073281583
125,gaussian_control,equal_weight,0,1.0958471268856986,1.1043575977433913,0.008510470857692631,0.7706263691292253,0.008510470857692631,0.0700811180240355,0.008510470857692631,0.0,0.125,0.125,0.0,0.125,0.125,0.125,0.125,0.125,0.125,0.125,0.125
125,gaussian_control,LedoitWolf_Gaussian,269,1.0092421466121957,1.0342764797193558,0.02503433310716008,2.4204681821588925,0.02503433310716008,0.0,0.0134002818756076,0.011634051231552478,0.18284021989172808,0.27713756385543276,0.0008225339999512471,0.04116568602559789,0.07892713577483415,0.13164284993666966,0.27713756385543276,0.18564260838511093,0.20447443567142864,0.015738109297180853,0.06527161105374508
125,gaussian_control,GMM_base,269,0.9055882509106934,1.0342764797193558,0.12868822880866237,12.442343157951449,0.12868822880866237,0.0,0.09176447864606385,0.03692375016259852,0.18284021989172808,0.27713756385543276,0.048652801999992334,0.04116568602559789,0.07892713577483415,0.13164284993666966,0.27713756385543276,0.18564260838511093,0.20447443567142864,0.015738109297180853,0.06527161105374508
125,gaussian_control,GMM_pooled,268,1.0389189020296405,1.053079948699838,0.014161046670197353,1.3447266456531604,0.014161046670197353,0.01880346898048213,-0.014331775551548853,0.028492822221746206,0.23481584958824536,0.3042280323355619,0.05037119899998288,0.06369444086737269,0.0012905109395644988,0.03697820158099128,0.21048291453161894,0.3042280323355619,0.29678008475576,0.02445065659312496,0.06209515839600568
125,gaussian_control,random_tail_calibration,269,0.983611931548326,1.0342764797193558,0.05066454817102972,4.898549775083082,0.05066454817102972,0.0,0.025679129374535092,0.02498541879649463,0.18284021989172808,0.27713756385543276,0.0446769760000052,0.04116568602559789,0.07892713577483415,0.13164284993666966,0.27713756385543276,0.18564260838511093,0.20447443567142864,0.015738109297180853,0.06527161105374508
125,gaussian_control,adaptive_tail_calibration,269,0.9876854097583447,1.0342764797193558,0.046591069961011033,4.504701680314071,0.046591069961011033,0.0,0.021243462791915135,0.025347607169095898,0.18284021989172808,0.27713756385543276,0.13703306500002554,0.04116568602559789,0.07892713577483415,0.13164284993666966,0.27713756385543276,0.18564260838511093,0.20447443567142864,0.015738109297180853,0.06527161105374508
125,gaussian_control,nominal_half_equal,-1,0.9463527227917795,1.0532392497958665,0.10688652700408696,10.14836154509084,0.10688652700408696,0.018962770076510704,0.09176447864606385,0.01512204835802311,0.139460054972932,0.20106878192771638,0.0,0.08308284301279895,0.10196356788741708,0.12832142496833482,0.20106878192771638,0.15532130419255546,0.16473721783571432,0.07036905464859043,0.09513580552687254
126,gaussian_control,historical_CVaR,230,1.2270865225215797,1.2041296613470929,-0.02295686117448681,-1.9065107281556655,0.02295686117448681,0.020473140875581164,-0.05209274478365833,0.02913588360917152,0.2058503621953525,0.29487983006391133,0.005517499999996289,0.06388459510204052,0.1794230795634466,0.006986395377970658,0.24815727367161206,0.001795186647141505,0.10335770461210289,0.1015159349617745,0.29487983006391133
126,gaussian_control,equal_weight,0,1.3623937234098924,1.310300978626234,-0.05209274478365833,-3.9756319832924345,0.05209274478365833,0.12664445815472236,-0.05209274478365833,0.0,0.125,0.125,0.0,0.125,0.125,0.125,0.125,0.125,0.125,0.125,0.125
126,gaussian_control,LedoitWolf_Gaussian,230,1.2276752577822985,1.2041296613470929,-0.023545596435205596,-1.955403740230474,0.023545596435205596,0.020473140875581164,-0.04403211979327315,0.020486523358067554,0.2058503621953525,0.29487983006391133,0.0008064800000511241,0.06388459510204052,0.1794230795634466,0.006986395377970658,0.24815727367161206,0.001795186647141505,0.10335770461210289,0.1015159349617745,0.29487983006391133
126,gaussian_control,GMM_base,230,1.3107893074498411,1.2041296613470929,-0.10665964610274825,-8.857820675509744,0.10665964610274825,0.020473140875581164,-0.06795170255736038,-0.03870794354538787,0.2058503621953525,0.29487983006391133,0.0524260659999527,0.06388459510204052,0.1794230795634466,0.006986395377970658,0.24815727367161206,0.001795186647141505,0.10335770461210289,0.1015159349617745,0.29487983006391133
126,gaussian_control,GMM_pooled,230,1.2214712916263049,1.2041296613470929,-0.017341630279211984,-1.4401796447578101,0.017341630279211984,0.020473140875581164,-0.011251834787674664,-0.00608979549153732,0.2058503621953525,0.29487983006391133,0.0528566770000225,0.06388459510204052,0.1794230795634466,0.006986395377970658,0.24815727367161206,0.001795186647141505,0.10335770461210289,0.1015159349617745,0.29487983006391133
126,gaussian_control,random_tail_calibration,230,1.2730896544681127,1.2041296613470929,-0.06895999312101986,-5.72695743113515,0.06895999312101986,0.020473140875581164,-0.05103232769648103,-0.01792766542453883,0.2058503621953525,0.29487983006391133,0.044384050000019215,0.06388459510204052,0.1794230795634466,0.006986395377970658,0.24815727367161206,0.001795186647141505,0.10335770461210289,0.1015159349617745,0.29487983006391133
126,gaussian_control,adaptive_tail_calibration,230,1.2282778831230692,1.2041296613470929,-0.02414822177597631,-2.0054502892122956,0.02414822177597631,0.020473140875581164,-0.0476403102603522,0.023492088484375895,0.2058503621953525,0.29487983006391133,0.13948309900001732,0.06388459510204052,0.1794230795634466,0.006986395377970658,0.24815727367161206,0.001795186647141505,0.10335770461210289,0.1015159349617745,0.29487983006391133
126,gaussian_control,nominal_half_equal,-1,1.3196145278136906,1.2287804961634206,-0.09083403165027004,-7.392209750551709,0.09083403165027004,0.045123975691908846,-0.06795170255736038,-0.02288232909290966,0.14521259054883814,0.20993991503195567,0.0,0.09444229755102027,0.1522115397817233,0.06599319768898533,0.18657863683580603,0.06339759332357076,0.11417885230605145,0.11325796748088725,0.20993991503195567
127,gaussian_control,historical_CVaR,264,0.8397701914701354,0.9717751105655522,0.13200491909541678,13.583895868519699,0.13200491909541678,0.010522294882123973,0.12014296944599323,0.011861949649423553,0.18936818013888976,0.30291093462946034,0.007045482999956221,0.16737137561932405,0.060332317671183626,0.30291093462946034,0.2194859162886443,0.07267680061254964,0.07372499321992097,0.022485052588634653,0.08101260937028228
127,gaussian_control,equal_weight,0,0.9236170599854989,1.0437600294314922,0.12014296944599323,11.510593053791478,0.12014296944599323,0.08250721374806391,0.12014296944599323,0.0,0.125,0.125,0.0,0.125,0.125,0.125,0.125,0.125,0.125,0.125,0.125
127,gaussian_control,LedoitWolf_Gaussian,216,0.9253849861303015,0.9612528156834282,0.03586782955312673,3.731362755762181,0.03586782955312673,0.0,0.05080182246968257,-0.014933992916555838,0.1803896438624517,0.2588212212882518,0.0009624220000432615,0.24900361753737774,0.09774041584315192,0.2588212212882518,0.144329191303508,0.10414227768305202,0.09299531200454865,0.034157595923924,0.018810368416185826
127,gaussian_control,GMM_base,216,0.8342948395749094,0.9612528156834282,0.1269579761085189,13.207553105397642,0.1269579761085189,0.0,0.16519634653096982,-0.03823837042245093,0.1803896438624517,0.2588212212882518,0.04545119799996655,0.24900361753737774,0.09774041584315192,0.2588212212882518,0.144329191303508,0.10414227768305202,0.09299531200454865,0.034157595923924,0.018810368416185826
127,gaussian_control,GMM_pooled,216,0.8350752994788256,0.9612528156834282,0.1261775162046026,13.126361155560657,0.1261775162046026,0.0,0.14550428639469093,-0.019326770190088327,0.1803896438624517,0.2588212212882518,0.05211159800001042,0.24900361753737774,0.09774041584315192,0.2588212212882518,0.144329191303508,0.10414227768305202,0.09299531200454865,0.034157595923924,0.018810368416185826
127,gaussian_control,random_tail_calibration,216,0.8664010368357399,0.9612528156834282,0.09485177884768836,9.867516359913179,0.09485177884768836,0.0,0.1297278723764842,-0.03487609352879584,0.1803896438624517,0.2588212212882518,0.06642647699999316,0.24900361753737774,0.09774041584315192,0.2588212212882518,0.144329191303508,0.10414227768305202,0.09299531200454865,0.034157595923924,0.018810368416185826
127,gaussian_control,adaptive_tail_calibration,194,0.8616615176884915,0.9826620681980395,0.12100055050954794,12.313546480066456,0.12100055050954794,0.021409252514611232,0.12980778083467603,-0.00880723032512809,0.17544643665529927,0.22856887956989475,0.14556122299995877,0.18148384054096528,0.020957481400712855,0.1703098272482312,0.1514657513513345,0.22856887956989475,0.18536869336416056,0.0025872255185479453,0.05925830100615293
127,gaussian_control,nominal_half_equal,-1,0.8417779704037149,0.9851332970463453,0.1433553266426304,14.551871007958255,0.1433553266426304,0.023880481362917094,0.16519634653096982,-0.02184101988833942,0.13884741096561296,0.1919106106441259,0.0,0.18700180876868888,0.11137020792157595,0.1919106106441259,0.13466459565175398,0.114571138841526,0.10899765600227432,0.079578797961962,0.07190518420809291
128,gaussian_control,historical_CVaR,129,1.0719644562836605,1.060558945468788,-0.01140551081487251,-1.0754245073885118,0.01140551081487251,0.0,0.00218558392484125,-0.01359109473971376,0.23167102112194976,0.38806255965974384,0.0058374150000304326,0.20495644063145582,0.11274904708220908,0.018568760371179,0.38806255965974384,0.14116796541222026,0.05069962675562489,0.0404004745129893,0.04339512557457775
128,gaussian_control,equal_weight,0,1.1465108663401762,1.1486964502650174,0.00218558392484125,0.19026644718341482,0.00218558392484125,0.0881375047962294,0.00218558392484125,0.0,0.125,0.125,0.0,0.125,0.125,0.125,0.125,0.125,0.125,0.125,0.125
128,gaussian_control,LedoitWolf_Gaussian,129,1.0597685406281194,1.060558945468788,0.0007904048406686126,0.0745271956872928,0.0007904048406686126,0.0,-0.005705903026354653,0.0064963078670232655,0.23167102112194976,0.38806255965974384,0.0008351930000003449,0.20495644063145582,0.11274904708220908,0.018568760371179,0.38806255965974384,0.14116796541222026,0.05069962675562489,0.0404004745129893,0.04339512557457775
128,gaussian_control,GMM_base,87,1.0623712720336667,1.1691924822236262,0.10682121018995949,9.136323728904056,0.10682121018995949,0.10863353675483811,0.06165168380166208,0.04516952638829741,0.2106984869824345,0.33089870124075826,0.042279016999998476,0.05832835282571774,0.07390932938642363,0.09187238930372434,0.26476651785673544,0.046794844211988124,0.02992917456565184,0.33089870124075826,0.10350069060900056
128,gaussian_control,GMM_pooled,129,1.0212242943619128,1.060558945468788,0.039334651106875285,3.708860433918512,0.039334651106875285,0.0,0.042532277819856024,-0.003197626712980739,0.23167102112194976,0.38806255965974384,0.05293014599999424,0.20495644063145582,0.11274904708220908,0.018568760371179,0.38806255965974384,0.14116796541222026,0.05069962675562489,0.0404004745129893,0.04339512557457775
128,gaussian_control,random_tail_calibration,87,1.0946236755441305,1.1691924822236262,0.07456880667949561,6.377804152287833,0.07456880667949561,0.10863353675483811,0.028576990231752086,0.04599181644774353,0.2106984869824345,0.33089870124075826,0.04129494300002534,0.05832835282571774,0.07390932938642363,0.09187238930372434,0.26476651785673544,0.046794844211988124,0.02992917456565184,0.33089870124075826,0.10350069060900056
128,gaussian_control,adaptive_tail_calibration,129,1.0895506363164438,1.060558945468788,-0.028991690847655738,-2.733623715260903,0.028991690847655738,0.0,0.017128322871429624,-0.04612001371908536,0.23167102112194976,0.38806255965974384,0.1800045419999492,0.20495644063145582,0.11274904708220908,0.018568760371179,0.38806255965974384,0.14116796541222026,0.05069962675562489,0.0404004745129893,0.04339512557457775
128,gaussian_control,nominal_half_equal,-1,1.0552792772135715,1.1348340416639573,0.07955476445038578,7.010255379168758,0.07955476445038578,0.07427509619516925,0.06165168380166208,0.0179030806487237,0.14642462174560864,0.22794935062037913,0.0,0.09166417641285887,0.09945466469321182,0.10843619465186216,0.19488325892836772,0.08589742210599406,0.07746458728282592,0.22794935062037913,0.11425034530450029
129,gaussian_control,historical_CVaR,239,1.0313016743364494,1.0299508158500865,-0.0013508584863628492,-0.13115757233979142,0.0013508584863628492,0.023496084477448553,-0.0378412309945253,0.03649037250816245,0.18793322480037952,0.297408509217983,0.0055796819999613945,0.13617865762350823,0.297408509217983,0.21700057540737205,0.13016411114673196,0.010487819383637464,0.10831452482654136,0.04721284786758572,0.053232954526640126
129,gaussian_control,equal_weight,0,1.1056612125918748,1.0678199815973495,-0.0378412309945253,-3.543783750695383,0.0378412309945253,0.06136525022471151,-0.0378412309945253,0.0,0.125,0.125,0.0,0.125,0.125,0.125,0.125,0.125,0.125,0.125,0.125
129,gaussian_control,LedoitWolf_Gaussian,259,1.0300886107549911,1.006454731372638,-0.023633879382353173,-2.348230739610163,0.023633879382353173,0.0,-0.0239076549977002,0.0002737756153470272,0.21479578642283753,0.30120390967170413,0.0011573520000069948,0.07673183376197018,0.30120390967170413,0.22802890962510847,0.042999624519322835,0.035175710736564884,0.04122917969156008,0.24614979188650823,0.028481040107261168
129,gaussian_control,GMM_base,67,1.019918007001413,1.0426634609161762,0.022745453914763125,2.181476072325097,0.022745453914763125,0.036208729543538265,-0.053181431284825775,0.0759268851995889,0.18632830583123872,0.32092717547273725,0.04482941200001278,0.03867311006001041,0.32092717547273725,0.1542015987955777,0.03704801445133856,0.04931077138462734,0.14881928998850397,0.1428808652835941,0.1081391745636107
129,gaussian_control,GMM_pooled,259,1.027493178402716,1.006454731372638,-0.021038447030077956,-2.090352042101783,0.021038447030077956,0.0,-0.03244974011279411,0.011411293082716156,0.21479578642283753,0.30120390967170413,0.05903011200001629,0.07673183376197018,0.30120390967170413,0.22802890962510847,0.042999624519322835,0.035175710736564884,0.04122917969156008,0.24614979188650823,0.028481040107261168
129,gaussian_control,random_tail_calibration,259,1.0069148146029883,1.006454731372638,-0.0004600832303502944,-0.045713256245794275,0.0004600832303502944,0.0,-0.028507222622772943,0.02804713939242265,0.21479578642283753,0.30120390967170413,0.043828993999966315,0.07673183376197018,0.30120390967170413,0.22802890962510847,0.042999624519322835,0.035175710736564884,0.04122917969156008,0.24614979188650823,0.028481040107261168
129,gaussian_control,adaptive_tail_calibration,259,1.0160966306544674,1.006454731372638,-0.009641899281829458,-0.9580062551526287,0.009641899281829458,0.0,-0.03437605566357371,0.024734156381744254,0.21479578642283753,0.30120390967170413,0.13409597400004714,0.07673183376197018,0.30120390967170413,0.22802890962510847,0.042999624519322835,0.035175710736564884,0.04122917969156008,0.24614979188650823,0.028481040107261168
129,gaussian_control,nominal_half_equal,-1,1.0510357995569193,1.0401514314824092,-0.010884368074510098,-1.046421486821188,0.010884368074510098,0.033696700109771216,-0.053181431284825775,0.04229706321031568,0.14033207645780968,0.22296358773636862,0.0,0.0818365550300052,0.22296358773636862,0.13960079939778886,0.08102400722566928,0.08715538569231367,0.13690964499425198,0.13394043264179706,0.11656958728180536
105,asymmetric_crash_mixture,historical_CVaR,86,2.5717796390409022,2.8243301946908113,0.252550555649909,8.941962810320646,0.252550555649909,0.097058303170094,0.04845135021820823,0.2040992054317008,0.18356889092214354,0.30757989887100473,0.005596577000005709,0.029830360311843145,0.0422063451115512,0.15752496879828937,0.1186482216846884,0.14956609785856687,0.15249257375562242,0.04215153360843386,0.30757989887100473
105,asymmetric_crash_mixture,equal_weight,0,2.7766503433883374,2.8251016936065456,0.04845135021820823,1.7150303059128071,0.04845135021820823,0.09782980208582837,0.04845135021820823,0.0,0.125,0.125,0.0,0.125,0.125,0.125,0.125,0.125,0.125,0.125,0.125
105,asymmetric_crash_mixture,LedoitWolf_Gaussian,205,1.7305398692185496,2.7456933448039176,1.015153475585368,36.97257297529213,1.015153475585368,0.01842145328320033,0.9885961229712079,0.026557352614160035,0.18668574068509902,0.30950761296800894,0.0007841970000299625,0.03468972917768472,0.051376695052255894,0.1986893297773994,0.03282944158105441,0.11499900357196641,0.13113659078063605,0.1267715970909944,0.30950761296800894
105,asymmetric_crash_mixture,GMM_base,229,2.862978701737104,3.0982208558588256,0.23524215412172156,7.5928142332678386,0.23524215412172156,0.3709489643381083,-0.4396221739801973,0.6748643281019189,0.2657086493786679,0.3602252538064518,0.04571870699999181,0.0029738091472831913,0.07389726933327999,0.06153814903029463,0.0678579457758962,0.051190078169673754,0.34344361834715564,0.03887387638996474,0.3602252538064518
105,asymmetric_crash_mixture,GMM_pooled,53,2.6926922666275424,2.773383181395394,0.08069091476785184,2.90947588162892,0.08069091476785184,0.04611128987467694,0.006047456540626328,0.07464345822722551,0.26176403418506294,0.3407076241992242,0.04216481800000338,0.024896481384199753,0.03277239733108862,0.05067601724944634,0.033476485703568794,0.0014408465687466504,0.19820655545060734,0.3407076241992242,0.3178235921131184
105,asymmetric_crash_mixture,random_tail_calibration,223,2.5726196062901576,2.9661159640069292,0.3934963577167716,13.266384810700284,0.3934963577167716,0.23884407248621198,-0.025622652130505408,0.419119009847277,0.22289989900142576,0.3514369116725745,0.07499863199996071,0.14003358483575032,0.15416427663267565,0.10579401919870951,0.03034973794130645,0.005070105424852898,0.3514369116725745,0.0037164872900309854,0.20943487700409974
105,asymmetric_crash_mixture,adaptive_tail_calibration,127,2.5842742378121555,2.937658854849202,0.3533846170370465,12.029464090212977,0.3533846170370465,0.21038696332848472,-0.024329365277752313,0.3777139823147988,0.20617288362207606,0.3142753347657736,0.16329018300001508,0.08230647966328739,0.046179395777289516,0.11952418293625991,0.10533625360842121,0.02529469940757206,0.2660701360561541,0.041013517785242336,0.3142753347657736
105,asymmetric_crash_mixture,nominal_half_equal,-1,2.9460052990985277,2.8731069102991063,-0.07289838879942145,-2.537266836054922,0.07289838879942145,0.145835018778389,-0.4396221739801973,0.36672378518077586,0.160177162344667,0.2426126269032259,0.0,0.06398690457364159,0.09944863466664,0.09326907451514732,0.0964289728879481,0.08809503908483687,0.23422180917357782,0.08193693819498238,0.2426126269032259
106,asymmetric_crash_mixture,historical_CVaR,222,2.5917560133667914,2.8262741932756117,0.2345181799088203,8.297785843524865,0.2345181799088203,0.06309366518350012,0.18111810832100295,0.053400071587817344,0.2360558384345443,0.3689028370870699,0.006123371000001043,0.05843808374765412,0.01959804369243035,0.07116064962272384,0.027546308808806607,0.24648528225280616,0.3689028370870699,0.1671209972418862,0.040747797546623006
106,asymmetric_crash_mixture,equal_weight,0,2.7357110793438357,2.9168291876648387,0.18111810832100295,6.209417715886301,0.18111810832100295,0.1536486595727271,0.18111810832100295,0.0,0.125,0.125,0.0,0.125,0.125,0.125,0.125,0.125,0.125,0.125,0.125
106,asymmetric_crash_mixture,LedoitWolf_Gaussian,222,1.7263939961506174,2.8262741932756117,1.0998801971249943,38.91625942528417,1.0998801971249943,0.06309366518350012,1.0556561197056076,0.04422407741938672,0.2360558384345443,0.3689028370870699,0.0009677100000544669,0.05843808374765412,0.01959804369243035,0.07116064962272384,0.027546308808806607,0.24648528225280616,0.3689028370870699,0.1671209972418862,0.040747797546623006
106,asymmetric_crash_mixture,GMM_base,245,2.357154755221495,3.166911597017723,0.809756841796228,25.569290995011514,0.809756841796228,0.4037310689256115,0.06789942777146596,0.741857414024762,0.24790596166708673,0.31893835408736415,0.051033292999989044,0.06578336235449007,0.0030914279886120745,0.30846438200139015,0.012399197075414594,0.015314828749009047,0.31893835408736415,0.20210722546025692,0.0739012222834629
106,asymmetric_crash_mixture,GMM_pooled,89,2.41286096742053,2.9284006512799223,0.5155396838593922,17.60482069398749,0.5155396838593922,0.16522012318781076,0.39509451671696993,0.12044516714242226,0.17037108604196205,0.2415393318174584,0.04394287300004862,0.07985004699600096,0.028142495779236422,0.20446561184936876,0.035610880665562644,0.11911850954286012,0.2415393318174584,0.19652000885492255,0.09475311449459012
106,asymmetric_crash_mixture,random_tail_calibration,222,2.4647842800270388,2.8262741932756117,0.36148991324857294,12.79033414764373,0.36148991324857294,0.06309366518350012,0.32801634880576414,0.0334735644428088,0.2360558384345443,0.3689028370870699,0.06822170300000607,0.05843808374765412,0.01959804369243035,0.07116064962272384,0.027546308808806607,0.24648528225280616,0.3689028370870699,0.1671209972418862,0.040747797546623006
106,asymmetric_crash_mixture,adaptive_tail_calibration,222,2.4538996307849263,2.8262741932756117,0.37237456249068535,13.175457759075687,0.37237456249068535,0.06309366518350012,0.35406155348538304,0.018313009005302305,0.2360558384345443,0.3689028370870699,0.15355330599999206,0.05843808374765412,0.01959804369243035,0.07116064962272384,0.027546308808806607,0.24648528225280616,0.3689028370870699,0.1671209972418862,0.040747797546623006
106,asymmetric_crash_mixture,nominal_half_equal,-1,2.425430084209694,2.959729360948215,0.5342992767385213,18.052301801248024,0.5342992767385213,0.19654883285610358,0.06789942777146596,0.46639984896705533,0.15572649041677167,0.22196917704368208,0.0,0.09539168117724503,0.06404571399430603,0.21673219100069507,0.0686995985377073,0.07015741437450453,0.22196917704368208,0.16355361273012847,0.09945061114173145
107,asymmetric_crash_mixture,historical_CVaR,23,2.782318433448241,2.6221669156806815,-0.16015151776755943,-6.10760195355398,0.16015151776755943,0.0,-0.2876702475065578,0.12751872973899836,0.5,0.5,0.005679800999985218,0.0,0.0,0.0,0.0,0.5,0.5,0.0,0.0
107,asymmetric_crash_mixture,equal_weight,0,3.1665092122445593,2.8788389647380015,-0.2876702475065578,-9.992578641255752,0.2876702475065578,0.25667204905732,-0.2876702475065578,0.0,0.125,0.125,0.0,0.125,0.125,0.125,0.125,0.125,0.125,0.125,0.125
107,asymmetric_crash_mixture,LedoitWolf_Gaussian,23,1.8268336010136,2.6221669156806815,0.7953333146670816,30.33114749144881,0.7953333146670816,0.0,0.8337069543549998,-0.03837363968791818,0.5,0.5,0.0008610209999915241,0.0,0.0,0.0,0.0,0.5,0.5,0.0,0.0
107,asymmetric_crash_mixture,GMM_base,23,2.91505868726631,2.6221669156806815,-0.2928917715856283,-11.169837047143021,0.2928917715856283,0.0,-0.37994186635873906,0.08705009477311076,0.5,0.5,0.055390586000044095,0.0,0.0,0.0,0.0,0.5,0.5,0.0,0.0
107,asymmetric_crash_mixture,GMM_pooled,23,2.7885446092473862,2.6221669156806815,-0.16637769356670473,-6.345045869191558,0.16637769356670473,0.0,-0.24922462607377582,0.08284693250707109,0.5,0.5,0.041513949000034245,0.0,0.0,0.0,0.0,0.5,0.5,0.0,0.0
107,asymmetric_crash_mixture,random_tail_calibration,11,2.8962864543672784,2.736020591037287,-0.16026586332999138,-5.857626359062999,0.16026586332999138,0.11385367535660551,-0.29882030638408796,0.1385544430540966,0.5,0.5,0.0831205570000293,0.0,0.5,0.0,0.0,0.0,0.5,0.0,0.0
107,asymmetric_crash_mixture,adaptive_tail_calibration,23,2.7902404869186705,2.6221669156806815,-0.16807357123798905,-6.409720534299368,0.16807357123798905,0.0,-0.26162307378151617,0.09354950254352712,0.5,0.5,0.1747305349999806,0.0,0.0,0.0,0.0,0.5,0.5,0.0,0.0
107,asymmetric_crash_mixture,nominal_half_equal,-1,3.068220275951986,2.727608853168435,-0.34061142278355083,-12.487546459892556,0.34061142278355083,0.10544193748775355,-0.37994186635873906,0.03933044357518822,0.21875,0.3125,0.0,0.0625,0.0625,0.0625,0.0625,0.3125,0.3125,0.0625,0.0625
108,asymmetric_crash_mixture,historical_CVaR,27,2.8097703498771223,2.6389673546147168,-0.1708029952624055,-6.472342106230502,0.1708029952624055,0.0,-0.1517925004001337,-0.0190104948622718,0.5,0.5,0.005652269999984583,0.0,0.0,0.0,0.0,0.0,0.5,0.0,0.5
108,asymmetric_crash_mixture,equal_weight,0,3.034310644036237,2.882518143636103,-0.1517925004001337,-5.265968602322747,0.1517925004001337,0.24355078902138638,-0.1517925004001337,0.0,0.125,0.125,0.0,0.125,0.125,0.125,0.125,0.125,0.125,0.125,0.125
108,asymmetric_crash_mixture,LedoitWolf_Gaussian,157,1.822948715717089,2.783083104572727,0.960134388855638,34.498947849530445,0.960134388855638,0.14411574995801013,0.9287118404810726,0.03142254837456537,0.22970097829225267,0.3800709967882445,0.0008118679999711276,0.0874782132111172,0.08978530351310976,0.006493382158083597,0.17167219502998687,0.07059514707167507,0.18705362256884941,0.006851139658933543,0.3800709967882445
108,asymmetric_crash_mixture,GMM_base,157,3.0653617513427704,2.783083104572727,-0.28227864677004355,-10.14265963909764,0.28227864677004355,0.14411574995801013,-0.41104054712597016,0.1287619003559266,0.22970097829225267,0.3800709967882445,0.04351172700000916,0.0874782132111172,0.08978530351310976,0.006493382158083597,0.17167219502998687,0.07059514707167507,0.18705362256884941,0.006851139658933543,0.3800709967882445
108,asymmetric_crash_mixture,GMM_pooled,27,2.9107412437465765,2.6389673546147168,-0.27177388913185974,-10.298493789876309,0.27177388913185974,0.0,-0.2598094401204749,-0.011964449011384826,0.5,0.5,0.04597988499995154,0.0,0.0,0.0,0.0,0.0,0.5,0.0,0.5
108,asymmetric_crash_mixture,random_tail_calibration,74,2.9738633493990085,2.915394102002332,-0.05846924739667658,-2.0055349414516246,0.05846924739667658,0.2764267473876152,-0.21617270094996055,0.15770345355328397,0.34849979037607587,0.49680727829412447,0.07868623899997829,0.011719882551817867,0.0804355376855185,0.04220407037796619,0.006088833699727923,0.49680727829412447,0.30163660944242704,0.0163218042105019,0.044785983737916105
108,asymmetric_crash_mixture,adaptive_tail_calibration,27,2.8400785042858767,2.6389673546147168,-0.20111114967115995,-7.620827492218892,0.20111114967115995,0.0,-0.14774455393324493,-0.053366595737915024,0.5,0.5,0.16612676400001192,0.0,0.0,0.0,0.0,0.0,0.5,0.0,0.5
108,asymmetric_crash_mixture,nominal_half_equal,-1,3.144977970267037,2.813514677041488,-0.331463293225549,-11.781111217592604,0.331463293225549,0.17454732242677107,-0.41104054712597016,0.07957725390042114,0.15117524457306317,0.25253549839412226,0.0,0.1062391066055586,0.10739265175655488,0.0657466910790418,0.14833609751499344,0.09779757353583754,0.1560268112844247,0.06592556982946678,0.25253549839412226
109,asymmetric_crash_mixture,historical_CVaR,214,2.801753164533556,2.8888333804927315,0.0870802159591757,3.014373087322985,0.0870802159591757,0.08314151638241718,-0.018719150228202697,0.1057993661873784,0.2276105056131181,0.40464726593265565,0.005671558999949866,0.06668599148362703,0.14036362231976826,0.40464726593265565,0.003999774541945629,0.10170968266114609,0.06658804585257863,0.13627018316224526,0.0797354340460337
109,asymmetric_crash_mixture,equal_weight,0,2.9040730083988664,2.8853538581706637,-0.018719150228202697,-0.6487644548412783,0.018719150228202697,0.07966199406034935,-0.018719150228202697,0.0,0.125,0.125,0.0,0.125,0.125,0.125,0.125,0.125,0.125,0.125,0.125
109,asymmetric_crash_mixture,LedoitWolf_Gaussian,247,1.8706493363207353,2.8190240081743148,0.9483746718535795,33.64195087035728,0.9483746718535795,0.013332144064000406,0.9819189342512347,-0.03354426239765518,0.224925992545222,0.3675360133542892,0.000953107999976055,0.0394988846481037,0.08235643120110292,0.0654367382179257,0.02203885103855525,0.24618228454860122,0.10382695569705672,0.3675360133542892,0.07312384129436535
109,asymmetric_crash_mixture,GMM_base,188,2.6418226116456323,2.8858777200655212,0.24405510841988898,8.45687628145062,0.24405510841988898,0.08018585595520689,0.1664194396206593,0.07763566879922967,0.2160364033968583,0.30520402315752654,0.03844628500002045,0.1405826705623285,0.01955236687143836,0.30520402315752654,0.02719513161336449,0.04665854074842477,0.022556888652699395,0.2596469143413959,0.1786034640528221
109,asymmetric_crash_mixture,GMM_pooled,176,2.5507167822940713,2.903371009209818,0.3526542269157469,12.146371435034935,0.3526542269157469,0.09767914509950382,0.25727269559696175,0.09538153131878513,0.28255448816820644,0.4784847895240717,0.04151156599999695,0.11092887750578412,0.06888716088749668,0.4784847895240717,0.018106650503473206,0.14171895508752075,0.014303909217165464,0.05296577851814673,0.11460387875634133
109,asymmetric_crash_mixture,random_tail_calibration,283,2.7680852059167425,3.0426399108804376,0.27455470496369516,9.023568775979417,0.27455470496369516,0.23694804677012327,-0.11040027881863335,0.3849549837823285,0.25155522546552117,0.3787207926108372,0.07986957999997912,0.08649756756644908,0.013643959594865123,0.3787207926108372,0.09770059552086527,0.0994684519518645,0.030710090664361894,0.28278180436620615,0.010476737724550843
109,asymmetric_crash_mixture,adaptive_tail_calibration,188,2.8121112363956913,2.8858777200655212,0.07376648366982996,2.556119518056197,0.07376648366982996,0.08018585595520689,-0.04109609482284737,0.11486257849267734,0.2160364033968583,0.30520402315752654,0.17324607599999808,0.1405826705623285,0.01955236687143836,0.30520402315752654,0.02719513161336449,0.04665854074842477,0.022556888652699395,0.2596469143413959,0.1786034640528221
109,asymmetric_crash_mixture,nominal_half_equal,-1,2.6695809842866454,2.870336591365615,0.20075560707896978,6.994148619464054,0.20075560707896978,0.0646447272553008,0.1664194396206593,0.034336167458310474,0.1477591008492146,0.21510201157876327,0.0,0.13279133528116427,0.07227618343571918,0.21510201157876327,0.07609756580668224,0.08582927037421238,0.0737784443263497,0.19232345717069796,0.15180173202641106
110,asymmetric_crash_mixture,historical_CVaR,39,2.364699016532753,2.7582282632956683,0.39352924676291545,14.267464807017355,0.39352924676291545,0.10315156775601508,0.35913194139611315,0.0343973053668023,0.19227482055447465,0.31083946038629606,0.005624438999973336,0.09987845730046008,0.02587650677280356,0.31083946038629606,0.20055237698205672,0.1643186664547328,0.11718895442849053,0.021376830926169915,0.059968746748990526
110,asymmetric_crash_mixture,equal_weight,0,2.42786004147921,2.7869919828753233,0.35913194139611315,12.88600554299402,0.35913194139611315,0.13191528733567015,0.35913194139611315,0.0,0.125,0.125,0.0,0.125,0.125,0.125,0.125,0.125,0.125,0.125,0.125
110,asymmetric_crash_mixture,LedoitWolf_Gaussian,78,1.556252252285678,2.77847237963261,1.222220127346932,43.98892486052148,1.222220127346932,0.12339568409295687,1.1552761578294048,0.06694396951752712,0.1659946331954939,0.2741858419373127,0.0008049080000205322,0.0807306005444789,0.04475038311085746,0.14418738643228074,0.19266983775757035,0.2741858419373127,0.10493066907139394,0.05919387769457232,0.09935140345153368
110,asymmetric_crash_mixture,GMM_base,96,2.0995580335006387,2.9440229806524623,0.8444649471518235,28.684047397098475,0.8444649471518235,0.28894628511280906,0.30976991056483616,0.5346950365869874,0.2338465539102589,0.3722570800218341,0.050858053000013115,0.21708121858069965,0.00032300737288545406,0.14966400052353704,0.12306298226507938,0.3722570800218341,0.09674114308460477,0.034735623182224014,0.0061349449691356
110,asymmetric_crash_mixture,GMM_pooled,44,2.2410559596538695,2.8492574748129775,0.608201515159108,21.345965415043082,0.608201515159108,0.19418077927332433,0.4235042212286131,0.18469729393049494,0.19415781313865688,0.27990935984613213,0.04743073299999878,0.15200823163634,0.040423052877810214,0.19677722221301996,0.27990935984613213,0.20903899128728634,0.09024977795503185,0.017435265102230826,0.01415809908214884
110,asymmetric_crash_mixture,random_tail_calibration,106,2.1900411703006397,2.8436299123828443,0.6535887420822046,22.9843109764774,0.6535887420822046,0.18855321684319115,0.3968660498047112,0.25672269227749345,0.3320914738389213,0.49045409894191316,0.0652019950000522,0.49045409894191316,0.01958810821129188,0.28447539020104423,0.03866097684826234,0.016078444540171107,0.0715543815181172,0.05026376255997338,0.028924837179226778
110,asymmetric_crash_mixture,adaptive_tail_calibration,106,2.2343750383861707,2.8436299123828443,0.6092548739966737,21.425251976131566,0.6092548739966737,0.18855321684319115,0.39395703228381285,0.21529784171286082,0.3320914738389213,0.49045409894191316,0.159521476000009,0.49045409894191316,0.01958810821129188,0.28447539020104423,0.03866097684826234,0.016078444540171107,0.0715543815181172,0.05026376255997338,0.028924837179226778
110,asymmetric_crash_mixture,nominal_half_equal,-1,2.2596376906669775,2.8057581083187206,0.5461204176517431,19.464272990339566,0.5461204176517431,0.15068141277906744,0.30976991056483616,0.23635050708690697,0.15221163847756472,0.24862854001091705,0.0,0.1710406092903498,0.06266150368644273,0.1373320002617685,0.1240314911325397,0.24862854001091705,0.11087057154230238,0.079867811591112,0.0655674724845678
111,asymmetric_crash_mixture,historical_CVaR,75,2.4832105044035804,2.80740536975285,0.32419486534926945,11.54784659323388,0.32419486534926945,0.06394864499818631,0.3569397896788562,-0.032744924329586755,0.24668433689581748,0.37312116263959155,0.0062258429999815235,0.19289395690172242,0.03584073736670066,0.37312116263959155,0.11102619560738368,0.02522038793521069,0.014499626351261662,0.011457472703594405,0.23594046049453507
111,asymmetric_crash_mixture,equal_weight,0,2.5412835689023723,2.8982233585812285,0.3569397896788562,12.315813707801647,0.3569397896788562,0.15476663382656497,0.3569397896788562,0.0,0.125,0.125,0.0,0.125,0.125,0.125,0.125,0.125,0.125,0.125,0.125
111,asymmetric_crash_mixture,LedoitWolf_Gaussian,67,1.604778517210117,2.7920711016709046,1.1872925844607876,42.52372311544132,1.1872925844607876,0.04861437691624104,1.2465831070649873,-0.05929052260419976,0.21018615802967483,0.3523316114214141,0.0009015310000108911,0.046915512885386514,0.054861135608232955,0.22915725925907932,0.1270903391482417,0.07423538643307243,0.056632625558091315,0.05877612968648169,0.3523316114214141
111,asymmetric_crash_mixture,GMM_base,218,2.2234148320762506,3.0014060878223905,0.7779912557461399,25.920892840948284,0.7779912557461399,0.257949363067727,0.4606703027364558,0.3173209530096841,0.29335450574485433,0.4644214669661218,0.04840003499998602,0.11214341069141928,0.23580327293060727,0.07299588779208388,0.039224770061675136,0.026596698778397102,0.04340836109497637,0.005406131684719344,0.4644214669661218
111,asymmetric_crash_mixture,GMM_pooled,166,2.6722298433761247,2.9199990812701837,0.24776923789405902,8.485250542828279,0.24776923789405902,0.1765423565155202,0.1412316123886299,0.10653762550542911,0.20998578699630066,0.28377108731510275,0.04562174199998026,0.1568676300546513,0.050683298155873954,0.03314541342420268,0.02948454404355964,0.17480438905330092,0.26402045635940913,0.007223181593899742,0.28377108731510275
111,asymmetric_crash_mixture,random_tail_calibration,75,2.4180469901023893,2.80740536975285,0.3893583796504605,13.86897609605761,0.3893583796504605,0.06394864499818631,0.3837667259674955,0.005591653682964992,0.24668433689581748,0.37312116263959155,0.08671097900003133,0.19289395690172242,0.03584073736670066,0.37312116263959155,0.11102619560738368,0.02522038793521069,0.014499626351261662,0.011457472703594405,0.23594046049453507
111,asymmetric_crash_mixture,adaptive_tail_calibration,235,2.445874294152213,2.8731255485119163,0.4272512543597031,14.87060858099258,0.4272512543597031,0.12966882375725275,0.3825548023051404,0.04469645205456274,0.15497710203604756,0.20416060748515374,0.18413285500002985,0.1399240987433402,0.20416060748515374,0.12473322101428026,0.06548657984698403,0.09521558439383547,0.17805781398356188,0.010811391092395511,0.18161070344044913
111,asymmetric_crash_mixture,nominal_half_equal,-1,2.29051721482821,2.8802747655224428,0.589757550694233,20.475739250774534,0.589757550694233,0.13681804076777926,0.4606703027364558,0.12908724795777715,0.16708862643621358,0.29471073348306087,0.0,0.11857170534570964,0.18040163646530363,0.09899794389604194,0.08211238503083756,0.07579834938919855,0.08420418054748818,0.06520306584235967,0.29471073348306087
112,asymmetric_crash_mixture,historical_CVaR,145,3.0169257042408058,3.1142811270754227,0.09735542283461696,3.126096163516299,0.09735542283461696,0.11379142626086347,-0.19971332186640023,0.2970687447010172,0.3127619725890259,0.47280589886657653,0.006065034000016567,0.0004267646503512488,0.050478964479123596,0.0565056214946277,0.22023783946987904,0.18672030661472164,0.00987259602703761,0.002952008397682673,0.47280589886657653
112,asymmetric_crash_mixture,equal_weight,0,3.235455565944794,3.035742244078394,-0.19971332186640023,-6.5787311902374705,0.19971332186640023,0.035252543263834646,-0.19971332186640023,0.0,0.125,0.125,0.0,0.125,0.125,0.125,0.125,0.125,0.125,0.125,0.125
112,asymmetric_crash_mixture,LedoitWolf_Gaussian,266,2.074649665029053,3.1005038633797843,1.0258541983507312,33.08669311679142,1.0258541983507312,0.1000141625652251,0.8775724056835603,0.1482817926671709,0.18933817411891224,0.2968215624158497,0.0008283820000087871,0.06660527307016122,0.2968215624158497,0.024073127282823174,0.11913105361441995,0.162297643539239,0.12327299442054138,0.006687249871378481,0.20111109578558706
112,asymmetric_crash_mixture,GMM_base,145,2.6039323227158624,3.1142811270754227,0.5103488043595603,16.387371066876728,0.5103488043595603,0.11379142626086347,0.10409639610420696,0.40625240825535336,0.3127619725890259,0.47280589886657653,0.04172028599998612,0.0004267646503512488,0.050478964479123596,0.0565056214946277,0.22023783946987904,0.18672030661472164,0.00987259602703761,0.002952008397682673,0.47280589886657653
112,asymmetric_crash_mixture,GMM_pooled,145,2.7665817393397347,3.1142811270754227,0.347699387735688,11.164675684311375,0.347699387735688,0.11379142626086347,-0.02153879934495695,0.36923818708064493,0.3127619725890259,0.47280589886657653,0.04723491199996488,0.0004267646503512488,0.050478964479123596,0.0565056214946277,0.22023783946987904,0.18672030661472164,0.00987259602703761,0.002952008397682673,0.47280589886657653
112,asymmetric_crash_mixture,random_tail_calibration,27,2.9458778311268743,3.207504855181777,0.2616270240549028,8.15671482561406,0.2616270240549028,0.20701515436721785,-0.19692854800563442,0.4585555720605372,0.5,0.5,0.07431379299998753,0.0,0.0,0.0,0.0,0.0,0.5,0.0,0.5
112,asymmetric_crash_mixture,adaptive_tail_calibration,145,3.0918141641871415,3.1142811270754227,0.022466962888281206,0.7214173021489428,0.022466962888281206,0.11379142626086347,-0.3220361621804777,0.3445031250687589,0.3127619725890259,0.47280589886657653,0.1655605309999828,0.0004267646503512488,0.050478964479123596,0.0565056214946277,0.22023783946987904,0.18672030661472164,0.00987259602703761,0.002952008397682673,0.47280589886657653
112,asymmetric_crash_mixture,nominal_half_equal,-1,2.7383822817709254,3.0322827846755835,0.2939005029046582,9.692384377537595,0.2939005029046582,0.03179308386102431,0.10409639610420696,0.18980410680045123,0.17194049314725648,0.29890294943328827,0.0,0.06271338232517562,0.0877394822395618,0.09075281074731385,0.17261891973493954,0.1558601533073608,0.0674362980135188,0.06397600419884134,0.29890294943328827
113,asymmetric_crash_mixture,historical_CVaR,1,3.0840922093822076,2.7326396573931375,-0.3514525519890701,-12.861284181330593,0.3514525519890701,0.038793250067877594,-0.55580851599459,0.20435596400551992,0.5,0.5,0.007600578999984009,0.5,0.5,0.0,0.0,0.0,0.0,0.0,0.0
113,asymmetric_crash_mixture,equal_weight,0,3.384193936591226,2.828385420596636,-0.55580851599459,-19.65108828334098,0.55580851599459,0.13453901327137618,-0.55580851599459,0.0,0.125,0.125,0.0,0.125,0.125,0.125,0.125,0.125,0.125,0.125,0.125
113,asymmetric_crash_mixture,LedoitWolf_Gaussian,229,1.9456989511122154,2.767141472013711,0.8214425209014955,29.68559899121144,0.8214425209014955,0.07329506468845093,0.7799890895218846,0.04145343137961088,0.24888183416348875,0.40417055593208,0.0008624040000313471,0.40417055593208,0.16118111168759186,0.009235423962159194,0.010108141518118945,0.11239114311732398,0.006079696781644638,0.18472987898433108,0.11210404801675042
113,asymmetric_crash_mixture,GMM_base,6,3.5264763812601223,2.8125731286872204,-0.7139032525729019,-25.38256677813455,0.7139032525729019,0.1187267213619605,-1.0653977700354953,0.3514945174625934,0.5,0.5,0.05205686699997614,0.5,0.0,0.0,0.0,0.0,0.0,0.5,0.0
113,asymmetric_crash_mixture,GMM_pooled,1,3.324445852681303,2.7326396573931375,-0.5918061952881657,-21.656942351950363,0.5918061952881657,0.038793250067877594,-0.7748549527573876,0.1830487574692219,0.5,0.5,0.050603313999999955,0.5,0.5,0.0,0.0,0.0,0.0,0.0,0.0
113,asymmetric_crash_mixture,random_tail_calibration,2,3.2929996613415335,2.69384640732526,-0.5991532540162736,-22.241552168194225,0.5991532540162736,0.0,-0.7200862628405891,0.12093300882431546,0.5,0.5,0.07857574399997702,0.5,0.0,0.5,0.0,0.0,0.0,0.0,0.0
113,asymmetric_crash_mixture,adaptive_tail_calibration,1,3.2354545688520204,2.7326396573931375,-0.5028149114588829,-18.400337201376722,0.5028149114588829,0.038793250067877594,-0.6347270446801736,0.1319121332212907,0.5,0.5,0.1767563340000038,0.5,0.5,0.0,0.0,0.0,0.0,0.0,0.0
113,asymmetric_crash_mixture,nominal_half_equal,-1,3.6803040845185055,2.7954173424707105,-0.884886742047795,-31.65490635704842,0.884886742047795,0.10157093514545057,-1.0653977700354953,0.18051102798770025,0.21875,0.3125,0.0,0.3125,0.0625,0.0625,0.0625,0.0625,0.0625,0.3125,0.0625
114,asymmetric_crash_mixture,historical_CVaR,21,2.712316163619748,2.7387085418364148,0.026392378216666845,0.9636796984234652,0.026392378216666845,0.03801814132921022,-0.2501542086959452,0.276546586912612,0.5,0.5,0.0060229919999983395,0.0,0.0,0.0,0.5,0.0,0.0,0.5,0.0
114,asymmetric_crash_mixture,equal_weight,0,3.010043365988536,2.7598891572925908,-0.2501542086959452,-9.063922296841177,0.2501542086959452,0.05919875678538622,-0.2501542086959452,0.0,0.125,0.125,0.0,0.125,0.125,0.125,0.125,0.125,0.125,0.125,0.125
114,asymmetric_crash_mixture,LedoitWolf_Gaussian,75,1.7525267765541281,2.7830000073795853,1.0304732308254572,37.02742465299988,1.0304732308254572,0.08230960687238076,0.8851704897506472,0.14530274107481,0.193161539611819,0.28362860676621193,0.0008001709999803097,0.016551713230858654,0.1368225363902183,0.03399345480238707,0.28362860676621193,0.23684552573951523,0.028871534995942864,0.15374692837739629,0.10953969969746974
114,asymmetric_crash_mixture,GMM_base,21,2.5495697961222348,2.7387085418364148,0.18913874571418,6.906129032166191,0.18913874571418,0.03801814132921022,-0.06929494841789285,0.25843369413207284,0.5,0.5,0.035862671000018054,0.0,0.0,0.0,0.5,0.0,0.0,0.5,0.0
114,asymmetric_crash_mixture,GMM_pooled,21,2.420935768246604,2.7387085418364148,0.3177727735898106,11.603015389754876,0.3177727735898106,0.03801814132921022,0.13935974643496918,0.17841302715484142,0.5,0.5,0.04351374499998428,0.0,0.0,0.0,0.5,0.0,0.0,0.5,0.0
114,asymmetric_crash_mixture,random_tail_calibration,22,2.557279413808504,2.7226693735777685,0.1653899597692643,6.074551738609778,0.1653899597692643,0.021978973070563956,-0.016624424505921276,0.18201438427518557,0.5,0.5,0.0846083399999884,0.0,0.0,0.0,0.5,0.0,0.0,0.0,0.5
114,asymmetric_crash_mixture,adaptive_tail_calibration,21,2.54825947313802,2.7387085418364148,0.19044906869839462,6.953973589708484,0.19044906869839462,0.03801814132921022,-0.02405970410260938,0.214508772801004,0.5,0.5,0.17162278600000036,0.0,0.0,0.0,0.5,0.0,0.0,0.5,0.0
114,asymmetric_crash_mixture,nominal_half_equal,-1,2.6550103690783975,2.729034767528399,0.07402439845000153,2.7124754631485732,0.07402439845000153,0.028344367021194472,-0.06929494841789285,0.14331934686789438,0.21875,0.3125,0.0,0.0625,0.0625,0.0625,0.3125,0.0625,0.0625,0.3125,0.0625
115,asymmetric_crash_mixture,historical_CVaR,17,2.680761320641338,2.6668750547384548,-0.01388626590288311,-0.5206942814291299,0.01388626590288311,0.0,-0.0996448095414566,0.08575854363857349,0.5,0.5,0.005560784000010699,0.0,0.0,0.5,0.0,0.0,0.0,0.5,0.0
115,asymmetric_crash_mixture,equal_weight,0,2.9560438139287335,2.856399004387277,-0.0996448095414566,-3.4884765534649564,0.0996448095414566,0.18952394964882213,-0.0996448095414566,0.0,0.125,0.125,0.0,0.125,0.125,0.125,0.125,0.125,0.125,0.125,0.125
115,asymmetric_crash_mixture,LedoitWolf_Gaussian,219,1.8231038623277778,2.82396155885801,1.000857696530232,35.44161900472087,1.000857696530232,0.15708650411955505,0.9520638566348694,0.04879383989536268,0.239075920345768,0.4037731334031018,0.0008114169999657861,0.06019069479221684,0.17461423832526235,0.4037731334031018,0.01915965793027397,0.047957983129650286,0.08481973048716202,0.1758998067816177,0.033584755150715045
115,asymmetric_crash_mixture,GMM_base,128,2.4193037595998925,2.7769013169144494,0.3575975573145569,12.877575271990617,0.3575975573145569,0.11002626217599465,0.2625114725946296,0.0950860847199273,0.17290740279788738,0.2648224748459913,0.04382804199997281,0.06607339703562509,0.07680615000784544,0.19536560575172274,0.17268830016108178,0.07354530167578784,0.013065193449488503,0.2648224748459913,0.1376335770724573
115,asymmetric_crash_mixture,GMM_pooled,17,2.7010305221421698,2.6668750547384548,-0.034155467403715,-1.2807299443229705,0.034155467403715,0.0,-0.055837903877773876,0.021682436474058875,0.5,0.5,0.043332394999993085,0.0,0.0,0.5,0.0,0.0,0.0,0.5,0.0
115,asymmetric_crash_mixture,random_tail_calibration,151,2.672217993349754,2.886644694960719,0.21442670161096533,7.428233269764543,0.21442670161096533,0.21976964022226442,-0.018397429196102877,0.2328241308070682,0.22834052198577126,0.3227092800097536,0.09666559100003269,0.11760803602608742,0.05086472153185606,0.3227092800097536,0.050213162388917196,0.29632270931103416,0.004038358275134798,0.12869512034738492,0.02954861210983202
115,asymmetric_crash_mixture,adaptive_tail_calibration,151,2.6495117367626646,2.886644694960719,0.23713295819805458,8.214830131745101,0.23713295819805458,0.21976964022226442,0.03549026818273404,0.20164269001532054,0.22834052198577126,0.3227092800097536,0.16251284599997007,0.11760803602608742,0.05086472153185606,0.3227092800097536,0.050213162388917196,0.29632270931103416,0.004038358275134798,0.12869512034738492,0.02954861210983202
115,asymmetric_crash_mixture,nominal_half_equal,-1,2.498896696822762,2.812157633481937,0.3132609366591752,11.139522654400565,0.3132609366591752,0.14528257874348238,0.2625114725946296,0.05074946406454561,0.13697685069947185,0.19491123742299565,0.0,0.09553669851781255,0.10090307500392272,0.16018280287586137,0.1488441500805409,0.09927265083789391,0.06903259672474425,0.19491123742299565,0.13131678853622863
116,asymmetric_crash_mixture,historical_CVaR,24,2.7971044085194534,2.8482600834538436,0.051155674934390216,1.796032435084301,0.051155674934390216,0.14677477221362212,-0.11611185771573362,0.16726753265012384,0.5,0.5,0.005411170999991555,0.0,0.0,0.0,0.0,0.5,0.0,0.5,0.0
116,asymmetric_crash_mixture,equal_weight,0,2.907144485779151,2.7910326280634172,-0.11611185771573362,-4.160175576173714,0.11611185771573362,0.08954731682319572,-0.11611185771573362,0.0,0.125,0.125,0.0,0.125,0.125,0.125,0.125,0.125,0.125,0.125,0.125
116,asymmetric_crash_mixture,LedoitWolf_Gaussian,193,1.8107930150021017,2.7645667069616184,0.9537736919595168,34.4999340966439,0.9537736919595168,0.06308139572139693,0.9546736371863351,-0.000899945226818355,0.1666813955426066,0.2390156109486555,0.0008141310000269186,0.04743288280155636,0.14773124868388557,0.1612964798919774,0.02019869589414139,0.2390156109486555,0.1989218037252563,0.1265905720402892,0.058812706014238346
116,asymmetric_crash_mixture,GMM_base,72,2.3602317422286,2.9050553953461744,0.5448236531175743,18.75432922863943,0.5448236531175743,0.2035700841059529,0.29382109110274657,0.25100256201482773,0.23123063975978866,0.3906171503200341,0.04973979800001871,0.06330284217971928,0.12573949759960495,0.3906171503200341,0.02821125822937167,0.07197983801120271,0.05578880656755931,0.2181994355769178,0.046161171515590196
116,asymmetric_crash_mixture,GMM_pooled,40,2.441363076541636,2.724303565786848,0.28294048924521187,10.385791539478879,0.28294048924521187,0.02281825454662645,0.26375297445916557,0.0191875147860463,0.23985781817772578,0.34597017230817256,0.04571176500002139,0.28256181907222844,0.34597017230817256,0.06284598395842989,0.001800949203118403,0.14787300460227173,0.1151659713039009,0.010051438748179488,0.03373066080369865
116,asymmetric_crash_mixture,random_tail_calibration,140,2.7346033143264643,2.7854143071518096,0.05081099282534529,1.8241807940342432,0.05081099282534529,0.08392899591158809,-0.05757401903148063,0.10838501185682592,0.20091690802392637,0.26024785206679385,0.07003447499999993,0.01839877345736839,0.26024785206679385,0.19007378615590476,0.019178460490031343,0.23019706266305962,0.05735885404193572,0.19847756310009604,0.026067648024810226
116,asymmetric_crash_mixture,adaptive_tail_calibration,258,2.7331449415744413,2.7805432438586406,0.04739830228419928,1.7046417957673363,0.04739830228419928,0.07905793261841909,-0.021776918353331176,0.06917522063753045,0.2325470137215306,0.35547613046461846,0.1557256180000195,0.2488438904316474,0.35547613046461846,0.1866730165770376,0.02626059467298272,0.043883443080640426,0.040660915452859304,0.0363900901299738,0.06181191919024033
116,asymmetric_crash_mixture,nominal_half_equal,-1,2.3973868962641136,2.83538647066041,0.43799957439629633,15.44761459958151,0.43799957439629633,0.13390115942018843,0.29382109110274657,0.14417848329354976,0.15155765993994716,0.25780857516001704,0.0,0.09415142108985963,0.12536974879980248,0.25780857516001704,0.07660562911468584,0.09848991900560136,0.09039440328377965,0.1715997177884589,0.08558058575779509
117,asymmetric_crash_mixture,historical_CVaR,26,2.917908224592516,2.867351312833695,-0.05055691175882071,-1.763192097617687,0.05055691175882071,0.11343052608269932,-0.21619730218541244,0.16564039042659173,0.5,0.5,0.006165293000037764,0.0,0.0,0.0,0.0,0.0,0.5,0.5,0.0
117,asymmetric_crash_mixture,equal_weight,0,3.1211115210707128,2.9049142188853003,-0.21619730218541244,-7.442467690779991,0.21619730218541244,0.1509934321343045,-0.21619730218541244,0.0,0.125,0.125,0.0,0.125,0.125,0.125,0.125,0.125,0.125,0.125,0.125
117,asymmetric_crash_mixture,LedoitWolf_Gaussian,203,1.7779728319321482,2.8212207057194876,1.0432478737873394,36.978598366031875,1.0432478737873394,0.06729991896849175,0.9657146179903273,0.07753325579701209,0.2571733879412576,0.45055849245186164,0.0008287930000392407,0.45055849245186164,0.09701360811918112,0.09118506425731916,0.016586659186584918,0.03892753447752473,0.1291855727309388,0.12277491643289001,0.05376815234369983
117,asymmetric_crash_mixture,GMM_base,4,2.4940461483834517,2.825576155026098,0.3315300066426463,11.7331824892748,0.3315300066426463,0.07165536827510222,0.024522950253516473,0.30700705638912984,0.5,0.5,0.0386053120000156,0.5,0.0,0.0,0.0,0.5,0.0,0.0,0.0
117,asymmetric_crash_mixture,GMM_pooled,36,2.926505265699717,2.8059613687187563,-0.12054389698096069,-4.295992750463376,0.12054389698096069,0.05204058196776051,-0.2024070273199392,0.08186313033897852,0.21425709966849443,0.2890711457811485,0.05091129200002342,0.2890711457811485,0.20827523754260088,0.09732876042485844,0.01941313940917658,0.04712546339381101,0.2698415930329936,0.02924440262028481,0.03970025779512603
117,asymmetric_crash_mixture,random_tail_calibration,4,2.7776595068321552,2.825576155026098,0.04791664819394281,1.6958186778547555,0.04791664819394281,0.07165536827510222,-0.2850040804938696,0.3329207286878124,0.5,0.5,0.08542289199999686,0.5,0.0,0.0,0.0,0.5,0.0,0.0,0.0
117,asymmetric_crash_mixture,adaptive_tail_calibration,4,2.8366613949643793,2.825576155026098,-0.011085239938281255,-0.392317861210818,0.011085239938281255,0.07165536827510222,-0.24254128552318122,0.23145604558489996,0.5,0.5,0.16884924400000045,0.5,0.0,0.0,0.0,0.5,0.0,0.0,0.0
117,asymmetric_crash_mixture,nominal_half_equal,-1,2.673209376610781,2.836465627354277,0.1632562507434958,5.7556223903821335,0.1632562507434958,0.08254484060328116,0.024522950253516473,0.13873330048997934,0.21875,0.3125,0.0,0.3125,0.0625,0.0625,0.0625,0.3125,0.0625,0.0625,0.0625
118,asymmetric_crash_mixture,historical_CVaR,10,2.754869127233667,2.6946704571388023,-0.06019867009486468,-2.2339900574997786,0.06019867009486468,0.020762848975664827,-0.06448029899675056,0.004281628901885881,0.5,0.5,0.005683537000038541,0.0,0.5,0.0,0.0,0.5,0.0,0.0,0.0
118,asymmetric_crash_mixture,equal_weight,0,2.8428499904859166,2.778369691489166,-0.06448029899675056,-2.3207962278839163,0.06448029899675056,0.10446208332602858,-0.06448029899675056,0.0,0.125,0.125,0.0,0.125,0.125,0.125,0.125,0.125,0.125,0.125,0.125
118,asymmetric_crash_mixture,LedoitWolf_Gaussian,192,1.7071763373143358,2.7083237097711375,1.0011473724568016,36.96557279489319,1.0011473724568016,0.034416101608000016,1.0267404246468066,-0.02559305219000496,0.18398425647862135,0.26708988591395444,0.0008178670000233978,0.170916556928529,0.26708988591395444,0.035092811322833505,0.049931246915017664,0.21910828324157974,0.1453888940869552,0.010199418986380238,0.10227290260474999
118,asymmetric_crash_mixture,GMM_base,34,2.5430120868081185,2.9141901978418727,0.3711781110337542,12.736921265764778,0.3711781110337542,0.24028258967873528,0.02586047617713394,0.34531763485662026,0.1851652402554934,0.2992611703242945,0.05150157099996022,0.006781356852489838,0.1466887078529648,0.1471990746534014,0.11621973381208275,0.05859779004151233,0.2992611703242945,0.04167939892862129,0.18357276753463303
118,asymmetric_crash_mixture,GMM_pooled,10,2.474596180369555,2.6946704571388023,0.2200742767692474,8.167020059399842,0.2200742767692474,0.020762848975664827,0.20815218538111413,0.011922091388133271,0.5,0.5,0.03807660499995791,0.0,0.5,0.0,0.0,0.5,0.0,0.0,0.0
118,asymmetric_crash_mixture,random_tail_calibration,80,2.6255039956550568,2.799444463219259,0.17394046756420245,6.213392330140289,0.17394046756420245,0.12553685505612178,0.08469885636053043,0.08924161120367202,0.205047060487762,0.324513086227369,0.08955731399998967,0.06851836758807085,0.1336240348867795,0.136223617929323,0.13663879875152332,0.00023688233234870002,0.19990237342477016,0.00034283885981549987,0.324513086227369
118,asymmetric_crash_mixture,adaptive_tail_calibration,226,2.554989538810375,2.7326220331097884,0.1776324942994134,6.500441412940795,0.1776324942994134,0.05871442494665091,0.11478901807823094,0.06284347622118247,0.2242808708278992,0.33117645468000684,0.16851295399999344,0.13448736531252803,0.33117645468000684,0.00808978337486435,0.02426327360297275,0.22519404805873866,0.20184422668619392,0.06575853340071958,0.009186314883976037
118,asymmetric_crash_mixture,nominal_half_equal,-1,2.618949658318333,2.813654746262967,0.19470508794463415,6.920006379717947,0.19470508794463415,0.13974713809982964,0.02586047617713394,0.1688446117675002,0.14004131006387335,0.21213058516214725,0.0,0.06589067842624492,0.13584435392648242,0.13609953732670071,0.12060986690604138,0.09179889502075617,0.21213058516214725,0.08333969946431065,0.15428638376731652
119,asymmetric_crash_mixture,historical_CVaR,6,2.835847450403782,2.920435755372058,0.08458830496827607,2.896427521566886,0.08458830496827607,0.0615416185911255,-0.20818335113547004,0.2927716561037461,0.5,0.5,0.0059772039999757,0.5,0.0,0.0,0.0,0.0,0.0,0.5,0.0
119,asymmetric_crash_mixture,equal_weight,0,3.1196014638005103,2.9114181126650402,-0.20818335113547004,-7.1505823993416096,0.20818335113547004,0.05252397588410762,-0.20818335113547004,0.0,0.125,0.125,0.0,0.125,0.125,0.125,0.125,0.125,0.125,0.125,0.125
119,asymmetric_crash_mixture,LedoitWolf_Gaussian,49,1.8727088315343334,2.8730261047053514,1.000317273171018,34.81754904811794,1.000317273171018,0.014131967924418731,0.9487296028094199,0.05158767036159806,0.2145378397983079,0.3316521661087919,0.0008134000000268315,0.19372454551548837,0.19264948877548446,0.0149478741803245,0.06839643414987423,0.007607996476360226,0.03764168416311323,0.3316521661087919,0.1533798106305631
119,asymmetric_crash_mixture,GMM_base,229,2.82130605697036,2.9002480937976274,0.07894203682726753,2.7219063429811503,0.07894203682726753,0.04135395701669475,-0.2999191459515629,0.3788611827788304,0.2757786310025897,0.4712707815266231,0.04949533500001735,0.4712707815266231,0.0013234963626514934,0.1040788376623279,0.11165092777274743,0.028236802447628714,0.062109945268750674,0.08582387145326055,0.1355053375060103
119,asymmetric_crash_mixture,GMM_pooled,6,3.007337414049866,2.920435755372058,-0.08690165867780797,-2.9756401426723684,0.08690165867780797,0.0615416185911255,-0.3416616081012913,0.25475994942348335,0.5,0.5,0.041728749000014886,0.5,0.0,0.0,0.0,0.0,0.0,0.5,0.0
119,asymmetric_crash_mixture,random_tail_calibration,6,2.802372786281379,2.920435755372058,0.11806296909067893,4.042649076375177,0.11806296909067893,0.0615416185911255,-0.16593253464501068,0.2839955037356896,0.5,0.5,0.07604362699999001,0.5,0.0,0.0,0.0,0.0,0.0,0.5,0.0
119,asymmetric_crash_mixture,adaptive_tail_calibration,6,2.791966339445487,2.920435755372058,0.1284694159265709,4.398981066104779,0.1284694159265709,0.0615416185911255,-0.15974818559575255,0.28821760152232345,0.5,0.5,0.15264254999999594,0.5,0.0,0.0,0.0,0.0,0.0,0.5,0.0
119,asymmetric_crash_mixture,nominal_half_equal,-1,2.997458102695333,2.879117914938117,-0.11834018775721589,-4.110293195815825,0.11834018775721589,0.02022377815718457,-0.2999191459515629,0.181578958194347,0.16269465775064745,0.2981353907633115,0.0,0.2981353907633115,0.06316174818132575,0.11453941883116395,0.11832546388637372,0.07661840122381436,0.09355497263437534,0.10541193572663027,0.13025266875300515
120,asymmetric_crash_mixture,historical_CVaR,175,1.9891181144138717,2.848624001477728,0.8595058870638566,30.1726688611058,0.8595058870638566,0.006691682081302108,0.8280620968488219,0.03144379021503463,0.23065116613837003,0.36510309158502197,0.005695293000030688,0.12875588782203157,0.07046691376773692,0.006705491009618066,0.36510309158502197,0.25513509864503203,0.06504985931503804,0.07051519075508708,0.038268467100434085
120,asymmetric_crash_mixture,equal_weight,0,2.1102313380253883,2.9382934348742102,0.8280620968488219,28.181735936263685,0.8280620968488219,0.09636111547778414,0.8280620968488219,0.0,0.125,0.125,0.0,0.125,0.125,0.125,0.125,0.125,0.125,0.125,0.125
120,asymmetric_crash_mixture,LedoitWolf_Gaussian,243,1.4569057563961323,2.862052451301301,1.4051466949051687,49.09577021435386,1.4051466949051687,0.02012013190487494,1.443923993345151,-0.038777298439982344,0.2072069898500497,0.36899329910249157,0.0010942880000470723,0.15710544789601721,0.12461557119644981,0.052096367560112475,0.36899329910249157,0.10421317804229359,0.012761476147368478,0.06932467366742998,0.11088998638783681
120,asymmetric_crash_mixture,GMM_base,260,1.8098303996964826,2.9007083166291214,1.0908779169326388,37.60729442112039,1.0908779169326388,0.05877599723269533,0.9859133891573579,0.10496452777528087,0.21537325663968396,0.38377034295316964,0.04886940399995865,0.07051931672987996,0.00865770265667577,0.08882330030562899,0.38377034295316964,0.13825496423971415,0.11900825292831696,0.05279440203740824,0.13817171814920612
120,asymmetric_crash_mixture,GMM_pooled,153,1.9180123192249259,2.8753657509383186,0.9573534317133927,33.295014083025066,0.9573534317133927,0.03343343154189249,0.9064667549782235,0.05088667673516922,0.22809702313805086,0.34092048863700747,0.04938632300002155,0.17735329705540426,0.0519442010818687,0.0180819950880785,0.34092048863700747,0.04656313687450721,0.01133364619433475,0.09782585894648872,0.2559773761223104
120,asymmetric_crash_mixture,random_tail_calibration,260,1.9558987679865711,2.9007083166291214,0.9448095486425503,32.57168406854855,0.9448095486425503,0.05877599723269533,0.7899498522860444,0.15485969635650587,0.21537325663968396,0.38377034295316964,0.07307650199999216,0.07051931672987996,0.00865770265667577,0.08882330030562899,0.38377034295316964,0.13825496423971415,0.11900825292831696,0.05279440203740824,0.13817171814920612
120,asymmetric_crash_mixture,adaptive_tail_calibration,260,2.0143424537060364,2.9007083166291214,0.8863658629230851,30.55687667187166,0.8863658629230851,0.05877599723269533,0.7614702769670809,0.12489558595600414,0.21537325663968396,0.38377034295316964,0.1698596269999939,0.07051931672987996,0.00865770265667577,0.08882330030562899,0.38377034295316964,0.13825496423971415,0.11900825292831696,0.05279440203740824,0.13817171814920612
120,asymmetric_crash_mixture,nominal_half_equal,-1,1.8635722364176688,2.8977081700377556,1.0341359336200868,35.688063563923784,1.0341359336200868,0.055775850641329505,0.9859133891573579,0.04822254446272889,0.14759331415992097,0.2543851714765848,0.0,0.09775965836493998,0.06682885132833788,0.1069116501528145,0.2543851714765848,0.1316274821198571,0.12200412646415848,0.08889720101870412,0.13158585907460307
121,asymmetric_crash_mixture,historical_CVaR,222,2.6516583871898916,2.8441807133150383,0.19252232612514675,6.768990634942887,0.19252232612514675,0.18538851852533478,0.018342326733466585,0.17417999939168016,0.29342575765574047,0.46009030797896594,0.006066306000036548,0.012663935767701603,0.09484693481501101,0.06624434111610716,0.23405632972119547,0.11480996690860017,0.46009030797896594,0.015159553645649198,0.0021286300467695577
121,asymmetric_crash_mixture,equal_weight,0,2.8291249758372983,2.847467302570765,0.018342326733466585,0.6441628571786118,0.018342326733466585,0.18867510778106134,0.018342326733466585,0.0,0.125,0.125,0.0,0.125,0.125,0.125,0.125,0.125,0.125,0.125,0.125
121,asymmetric_crash_mixture,LedoitWolf_Gaussian,112,1.7965365816260037,2.7731288307976683,0.9765922491716645,35.21625963878338,0.9765922491716645,0.11433663600796473,0.9656909928745268,0.010901256297137785,0.22503504633429555,0.3864792284780598,0.0008617120000167233,0.04200772654863701,0.13951045899726072,0.1201463871423405,0.1566413769574262,0.3864792284780598,0.11904606279779857,0.00014970534208250583,0.03601905373639458
121,asymmetric_crash_mixture,GMM_base,222,2.343081271402351,2.8441807133150383,0.5010994419126873,17.61841079811804,0.5010994419126873,0.18538851852533478,0.28573056188283674,0.21536888002985055,0.29342575765574047,0.46009030797896594,0.05068923199996789,0.012663935767701603,0.09484693481501101,0.06624434111610716,0.23405632972119547,0.11480996690860017,0.46009030797896594,0.015159553645649198,0.0021286300467695577
121,asymmetric_crash_mixture,GMM_pooled,222,2.8197014766038118,2.8441807133150383,0.024479236711226537,0.8606779659473442,0.024479236711226537,0.18538851852533478,-0.14957399303505126,0.1740532297462778,0.29342575765574047,0.46009030797896594,0.04249203500000931,0.012663935767701603,0.09484693481501101,0.06624434111610716,0.23405632972119547,0.11480996690860017,0.46009030797896594,0.015159553645649198,0.0021286300467695577
121,asymmetric_crash_mixture,random_tail_calibration,222,2.589065423181171,2.8441807133150383,0.25511529013386713,8.969728573840063,0.25511529013386713,0.18538851852533478,0.020354062387694327,0.2347612277461728,0.29342575765574047,0.46009030797896594,0.06611839999999347,0.012663935767701603,0.09484693481501101,0.06624434111610716,0.23405632972119547,0.11480996690860017,0.46009030797896594,0.015159553645649198,0.0021286300467695577
121,asymmetric_crash_mixture,adaptive_tail_calibration,222,2.5974662394460353,2.8441807133150383,0.24671447386900303,8.674359991051507,0.24671447386900303,0.18538851852533478,0.018182754410472235,0.2285317194585308,0.29342575765574047,0.46009030797896594,0.1692571909999856,0.012663935767701603,0.09484693481501101,0.06624434111610716,0.23405632972119547,0.11480996690860017,0.46009030797896594,0.015159553645649198,0.0021286300467695577
121,asymmetric_crash_mixture,nominal_half_equal,-1,2.432088345597743,2.8266436195808273,0.3945552739830842,13.958437181465209,0.3945552739830842,0.1678514247911238,0.28573056188283674,0.10882471210024747,0.16710643941393513,0.292545153989483,0.0,0.0688319678838508,0.1099234674075055,0.09562217055805358,0.17952816486059775,0.11990498345430009,0.292545153989483,0.0700797768228246,0.06356431502338478
122,asymmetric_crash_mixture,historical_CVaR,1,2.4499133897716154,2.7004062571498446,0.2504928673782292,9.276117869857588,0.2504928673782292,0.0,0.20933937592533525,0.04115349145289393,0.5,0.5,0.0061278779999724975,0.5,0.5,0.0,0.0,0.0,0.0,0.0,0.0
122,asymmetric_crash_mixture,equal_weight,0,2.6327135431373616,2.842052919062697,0.20933937592533525,7.365780366763014,0.20933937592533525,0.14164666191285225,0.20933937592533525,0.0,0.125,0.125,0.0,0.125,0.125,0.125,0.125,0.125,0.125,0.125,0.125
122,asymmetric_crash_mixture,LedoitWolf_Gaussian,164,1.6424921663711018,2.771815824602468,1.129323658231366,40.74309873720895,1.129323658231366,0.07140956745262317,1.1310021772220427,-0.001678518990676725,0.18992263285914282,0.2678656275642626,0.0008160239999597252,0.17716013416152973,0.16428998808975892,0.0021934859117079637,0.2678656275642626,0.07551971003095254,0.2204476554048608,0.0708404370061575,0.021682961830770026
122,asymmetric_crash_mixture,GMM_base,1,1.945208813806653,2.7004062571498446,0.7551974433431916,27.96606774790501,0.7551974433431916,0.0,0.7527157262520614,0.002481717091130209,0.5,0.5,0.04815091399996163,0.5,0.5,0.0,0.0,0.0,0.0,0.0,0.0
122,asymmetric_crash_mixture,GMM_pooled,1,2.5122842173107927,2.7004062571498446,0.18812203983905196,6.9664347481406805,0.18812203983905196,0.0,0.05273851157038312,0.13538352826866884,0.5,0.5,0.04635784599997805,0.5,0.5,0.0,0.0,0.0,0.0,0.0,0.0
122,asymmetric_crash_mixture,random_tail_calibration,1,2.264778848920365,2.7004062571498446,0.43562740822947976,16.131921153569852,0.43562740822947976,0.0,0.24444503839180598,0.19118236983767378,0.5,0.5,0.08384167999997771,0.5,0.5,0.0,0.0,0.0,0.0,0.0,0.0
122,asymmetric_crash_mixture,adaptive_tail_calibration,1,2.3062844679881946,2.7004062571498446,0.39412178916164997,14.594907270642585,0.39412178916164997,0.0,0.23227415955878783,0.16184762960286214,0.5,0.5,0.1756751510000072,0.5,0.5,0.0,0.0,0.0,0.0,0.0,0.0
122,asymmetric_crash_mixture,nominal_half_equal,-1,1.9969513268200267,2.749286905879711,0.7523355790596842,27.364753291143085,0.7523355790596842,0.048880648729866305,0.7527157262520614,-0.0003801471923772226,0.21875,0.3125,0.0,0.3125,0.3125,0.0625,0.0625,0.0625,0.0625,0.0625,0.0625
123,asymmetric_crash_mixture,historical_CVaR,26,2.511686794037493,3.0010379082127328,0.4893511141752396,16.30606240714475,0.4893511141752396,0.08885548889570538,0.25783905156517894,0.23151206261006063,0.5,0.5,0.005702224000003753,0.0,0.0,0.0,0.0,0.0,0.5,0.5,0.0
123,asymmetric_crash_mixture,equal_weight,0,2.7241147376095025,2.9819537891746815,0.25783905156517894,8.646648130537978,0.25783905156517894,0.06977136985765409,0.25783905156517894,0.0,0.125,0.125,0.0,0.125,0.125,0.125,0.125,0.125,0.125,0.125,0.125
123,asymmetric_crash_mixture,LedoitWolf_Gaussian,204,1.7668598799127377,2.926959521003082,1.1600996410903444,39.634973861639644,1.1600996410903444,0.014777101686054728,1.1346594087505433,0.025440232339801083,0.17812817964713967,0.2507593918892148,0.0008799390000149288,0.2156073008797584,0.014290332468469315,0.11524767416318303,0.04959106541497094,0.059652591545532714,0.2507593918892148,0.2012250202632397,0.09362662337563109
123,asymmetric_crash_mixture,GMM_base,26,2.937151176471609,3.0010379082127328,0.0638867317411238,2.128821217695698,0.0638867317411238,0.08885548889570538,-0.25624934961273027,0.3201360813538541,0.5,0.5,0.05561399900000197,0.0,0.0,0.0,0.0,0.0,0.5,0.5,0.0
123,asymmetric_crash_mixture,GMM_pooled,26,2.4259429892390276,3.0010379082127328,0.5750949189737051,19.163200751309493,0.5750949189737051,0.08885548889570538,0.4102004359616154,0.16489448301208975,0.5,0.5,0.06057901700000912,0.0,0.0,0.0,0.0,0.0,0.5,0.5,0.0
123,asymmetric_crash_mixture,random_tail_calibration,139,2.5753753397101304,2.9575249383743643,0.3821495986642338,12.921263780595085,0.3821495986642338,0.04534251905733688,0.23387728364343952,0.1482723150207943,0.16952358208746138,0.24852999159460915,0.08834542099998544,0.1228882754882116,0.18804137957780764,0.16359355043372462,0.00019780632600048916,0.05169994425870241,0.14813369349817113,0.24852999159460915,0.07691535882277287
123,asymmetric_crash_mixture,adaptive_tail_calibration,26,2.540922659594556,3.0010379082127328,0.46011524861817676,15.331870595803245,0.46011524861817676,0.08885548889570538,0.25009655422388777,0.210018694394289,0.5,0.5,0.1633843719999959,0.0,0.0,0.0,0.0,0.0,0.5,0.5,0.0
123,asymmetric_crash_mixture,nominal_half_equal,-1,3.0348228158163453,2.9531280927886563,-0.08169472302768899,-2.766379258223919,0.08169472302768899,0.04094567347162892,-0.25624934961273027,0.17455462658504128,0.21875,0.3125,0.0,0.0625,0.0625,0.0625,0.0625,0.0625,0.3125,0.3125,0.0625
124,asymmetric_crash_mixture,historical_CVaR,41,2.350595859256892,2.758028444940582,0.40743258568369,14.7726027420456,0.40743258568369,0.07159623312597763,0.3397217639423964,0.06771082174129361,0.2556392563074546,0.43611849011217985,0.005607773999997789,0.43611849011217985,0.05064796957794355,0.09555949996789755,0.1949245009906736,0.07795098200873783,0.005979395369565005,0.06927859200694249,0.06954056996606008
124,asymmetric_crash_mixture,equal_weight,0,2.488921525009056,2.8286432889514526,0.3397217639423964,12.010060274101496,0.3397217639423964,0.1422110771368481,0.3397217639423964,0.0,0.125,0.125,0.0,0.125,0.125,0.125,0.125,0.125,0.125,0.125,0.125
124,asymmetric_crash_mixture,LedoitWolf_Gaussian,273,1.5958834170097242,2.7162146476313134,1.1203312306215891,41.2460492251074,1.1203312306215891,0.02978243581670892,1.1381026541868715,-0.017771423565282385,0.19781747762500868,0.3460337725561301,0.0008009119999883296,0.3460337725561301,0.1789087018612919,0.07368994684590768,0.1137133653847929,0.04304107774020979,0.04149682869169183,0.059688078778366946,0.1434282281416089
124,asymmetric_crash_mixture,GMM_base,7,2.468528765205221,2.6886246481576834,0.2200958829524624,8.186188544513936,0.2200958829524624,0.002192436343078974,0.16753544394467035,0.05256043900779206,0.5,0.5,0.046736550999980864,0.5,0.0,0.0,0.0,0.0,0.0,0.0,0.5
124,asymmetric_crash_mixture,GMM_pooled,1,2.6602416401096107,2.6864322118146045,0.026190571704993726,0.9749202525867117,0.026190571704993726,0.0,-0.03514257736562687,0.061333149070620596,0.5,0.5,0.04713750700000219,0.5,0.5,0.0,0.0,0.0,0.0,0.0,0.0
124,asymmetric_crash_mixture,random_tail_calibration,41,2.4898057897126753,2.758028444940582,0.2682226552279068,9.725159133871271,0.2682226552279068,0.07159623312597763,0.23463457289133416,0.03358808233657262,0.2556392563074546,0.43611849011217985,0.0881940759999793,0.43611849011217985,0.05064796957794355,0.09555949996789755,0.1949245009906736,0.07795098200873783,0.005979395369565005,0.06927859200694249,0.06954056996606008
124,asymmetric_crash_mixture,adaptive_tail_calibration,41,2.435266558465873,2.758028444940582,0.32276188647470905,11.702630807408605,0.32276188647470905,0.07159623312597763,0.24793607247339722,0.07482581400131183,0.2556392563074546,0.43611849011217985,0.17539591999997128,0.43611849011217985,0.05064796957794355,0.09555949996789755,0.1949245009906736,0.07795098200873783,0.005979395369565005,0.06927859200694249,0.06954056996606008
124,asymmetric_crash_mixture,nominal_half_equal,-1,2.534122401778533,2.73736181293774,0.20323941115920707,7.424645518127188,0.20323941115920707,0.050929601123135715,0.16753544394467035,0.035703967214536725,0.21875,0.3125,0.0,0.3125,0.0625,0.0625,0.0625,0.0625,0.0625,0.0625,0.3125
125,asymmetric_crash_mixture,historical_CVaR,19,2.7355416897071962,2.6849128302019087,-0.050628859505287505,-1.8856798230384317,0.050628859505287505,0.0,-0.12292882592160836,0.07229996641632086,0.5,0.5,0.005772379000006822,0.0,0.0,0.0,0.5,0.5,0.0,0.0,0.0
125,asymmetric_crash_mixture,equal_weight,0,2.9068885201830006,2.7839596942613922,-0.12292882592160836,-4.41561083571012,0.12292882592160836,0.09904686405948349,-0.12292882592160836,0.0,0.125,0.125,0.0,0.125,0.125,0.125,0.125,0.125,0.125,0.125,0.125
125,asymmetric_crash_mixture,LedoitWolf_Gaussian,78,1.7443250792488119,2.728888396090408,0.9845633168415961,36.079281155365265,0.9845633168415961,0.04397556588849927,1.0014624785361497,-0.01689916169455352,0.21815905660893148,0.31279457204395933,0.0008902050000187955,0.08566107284011676,0.0560341379126576,0.0069836657242680665,0.31279457204395933,0.2516470472794837,0.024979650948582253,0.054968972506491964,0.20693088074444033
125,asymmetric_crash_mixture,GMM_base,19,2.804093972808008,2.6849128302019087,-0.11918114260609913,-4.438920372589399,0.11918114260609913,0.0,-0.3278150748628037,0.20863393225670457,0.5,0.5,0.039181059000043206,0.0,0.0,0.0,0.5,0.5,0.0,0.0,0.0
125,asymmetric_crash_mixture,GMM_pooled,229,2.6228980528644703,2.7604096174096013,0.13751156454513103,4.981563738869067,0.13751156454513103,0.0754967872076926,0.06936345404511757,0.06814811050001346,0.23653507212028357,0.34538796263940413,0.04597733100001733,0.04696436133704384,0.156633306630847,0.1312486839209998,0.2684646199142931,0.34538796263940413,0.030846492666724755,0.014832356452785205,0.00562221643790194
125,asymmetric_crash_mixture,random_tail_calibration,19,2.7261070471785978,2.6849128302019087,-0.04119421697668901,-1.534285080443046,0.04119421697668901,0.0,-0.13544470642830664,0.09425048945161763,0.5,0.5,0.08839024799999606,0.0,0.0,0.0,0.5,0.5,0.0,0.0,0.0
125,asymmetric_crash_mixture,adaptive_tail_calibration,19,2.7274341881237003,2.6849128302019087,-0.04252135792179157,-1.5837146533578117,0.04252135792179157,0.0,-0.15227925929112862,0.10975790136933705,0.5,0.5,0.17358354899999995,0.0,0.0,0.0,0.5,0.5,0.0,0.0,0.0
125,asymmetric_crash_mixture,nominal_half_equal,-1,2.9524970567592907,2.714916003082332,-0.23758105367695892,-8.750954114500244,0.23758105367695892,0.03000317288042309,-0.3278150748628037,0.09023402118584478,0.21875,0.3125,0.0,0.0625,0.0625,0.0625,0.3125,0.3125,0.0625,0.0625,0.0625
126,asymmetric_crash_mixture,historical_CVaR,13,3.0588374945866184,2.7593268886001616,-0.29951060598645673,-10.854480751224148,0.29951060598645673,0.0,-0.5658882695656375,0.2663776635791808,0.5,0.5,0.005986938000035025,0.0,0.5,0.0,0.0,0.0,0.0,0.0,0.5
126,asymmetric_crash_mixture,equal_weight,0,3.5089862892626,2.9430980196969623,-0.5658882695656375,-19.227639235199664,0.5658882695656375,0.18377113109680066,-0.5658882695656375,0.0,0.125,0.125,0.0,0.125,0.125,0.125,0.125,0.125,0.125,0.125,0.125
126,asymmetric_crash_mixture,LedoitWolf_Gaussian,157,2.101778812217145,2.8050433588241317,0.7032645466069867,25.071432296925128,0.7032645466069867,0.045716470223970074,0.7081350797577168,-0.004870533150730161,0.30333840457176525,0.4963021354073676,0.0008767439999814997,0.11710703096856373,0.16669706914162588,0.0028239077998744528,0.0698588988440491,0.013294357007530384,0.09424215350573745,0.03967444732525129,0.4963021354073676
126,asymmetric_crash_mixture,GMM_base,13,3.073556875497868,2.7593268886001616,-0.3142299868977063,-11.387921749898897,0.3142299868977063,0.0,-0.6876550051588173,0.37342501826111096,0.5,0.5,0.043377893000013046,0.0,0.5,0.0,0.0,0.0,0.0,0.0,0.5
126,asymmetric_crash_mixture,GMM_pooled,13,3.077730010659661,2.7593268886001616,-0.3184031220594994,-11.539159183166912,0.3184031220594994,0.0,-0.544185625231119,0.22578250317161963,0.5,0.5,0.04611751999999569,0.0,0.5,0.0,0.0,0.0,0.0,0.0,0.5
126,asymmetric_crash_mixture,random_tail_calibration,13,2.994545986155454,2.7593268886001616,-0.23521909755529258,-8.524510036381443,0.23521909755529258,0.0,-0.5424957826194534,0.30727668506416084,0.5,0.5,0.07467080000003534,0.0,0.5,0.0,0.0,0.0,0.0,0.0,0.5
126,asymmetric_crash_mixture,adaptive_tail_calibration,13,2.9787470396189195,2.7593268886001616,-0.2194201510187579,-7.951944799482321,0.2194201510187579,0.0,-0.5373013553816293,0.3178812043628714,0.5,0.5,0.169211023999992,0.0,0.5,0.0,0.0,0.0,0.0,0.0,0.5
126,asymmetric_crash_mixture,nominal_half_equal,-1,3.3266962036199104,2.823630991026339,-0.5030652125935715,-17.816251988745755,0.5030652125935715,0.06430410242617723,-0.6876550051588173,0.18458979256524577,0.21875,0.3125,0.0,0.0625,0.3125,0.0625,0.0625,0.0625,0.0625,0.0625,0.3125
127,asymmetric_crash_mixture,historical_CVaR,20,2.2718616967948657,2.7071047876336416,0.4352430908387759,16.077807287956315,0.4352430908387759,0.056020120546735885,0.37411430340019214,0.06112878743858374,0.5,0.5,0.0066206310000325175,0.0,0.0,0.0,0.5,0.0,0.5,0.0,0.0
127,asymmetric_crash_mixture,equal_weight,0,2.364604343256728,2.73871864665692,0.37411430340019214,13.66019484538375,0.37411430340019214,0.08763397957001429,0.37411430340019214,0.0,0.125,0.125,0.0,0.125,0.125,0.125,0.125,0.125,0.125,0.125,0.125
127,asymmetric_crash_mixture,LedoitWolf_Gaussian,216,1.4803270425584107,2.667130558829565,1.1868035162711543,44.497391113540665,1.1868035162711543,0.016045891742659357,1.2233307206111745,-0.036527204340020214,0.1803896438624517,0.2588212212882518,0.0008136800000215771,0.24900361753737774,0.09774041584315192,0.2588212212882518,0.144329191303508,0.10414227768305202,0.09299531200454865,0.034157595923924,0.018810368416185826
127,asymmetric_crash_mixture,GMM_base,16,2.368422053797883,2.6711520168399407,0.3027299630420579,11.333310913550973,0.3027299630420579,0.020067349753035035,0.2668601275119009,0.03586983553015699,0.5,0.5,0.04478065000000697,0.0,0.0,0.5,0.0,0.0,0.5,0.0,0.0
127,asymmetric_crash_mixture,GMM_pooled,20,2.3182994645781045,2.7071047876336416,0.38880532305553706,14.362403880028708,0.38880532305553706,0.056020120546735885,0.20672221495027587,0.18208310810526118,0.5,0.5,0.050764444000037656,0.0,0.0,0.0,0.5,0.0,0.5,0.0,0.0
127,asymmetric_crash_mixture,random_tail_calibration,20,2.304300701830815,2.7071047876336416,0.4028040858028268,14.879515844487479,0.4028040858028268,0.056020120546735885,0.3495082862265888,0.05329579957623798,0.5,0.5,0.08611564400001726,0.0,0.0,0.0,0.5,0.0,0.5,0.0,0.0
127,asymmetric_crash_mixture,adaptive_tail_calibration,20,2.288982540763957,2.7071047876336416,0.4181222468696846,15.445366163131693,0.4181222468696846,0.056020120546735885,0.3663967407495785,0.05172550612010607,0.5,0.5,0.17033103999995092,0.0,0.0,0.0,0.5,0.0,0.5,0.0,0.0
127,asymmetric_crash_mixture,nominal_half_equal,-1,2.40280685794123,2.6869119357201163,0.2841050777788863,10.573665403840025,0.2841050777788863,0.03582726863321062,0.2668601275119009,0.01724495026698536,0.21875,0.3125,0.0,0.0625,0.0625,0.3125,0.0625,0.0625,0.3125,0.0625,0.0625
128,asymmetric_crash_mixture,historical_CVaR,60,3.288028777006784,2.8600209334698374,-0.42800784353694654,-14.96519967837013,0.42800784353694654,0.1834682620685153,-0.7774061018558607,0.34939825831891413,0.2298426692606538,0.3659013751746735,0.005717727999979161,0.24835523742961893,0.12352515408514075,0.03783452908502056,0.115947674280591,0.043447612986772445,0.041017947379348225,0.3659013751746735,0.02397046957883448
128,asymmetric_crash_mixture,equal_weight,0,3.594385504363311,2.8169794025074504,-0.7774061018558607,-27.59715250895607,0.7774061018558607,0.14042673110612824,-0.7774061018558607,0.0,0.125,0.125,0.0,0.125,0.125,0.125,0.125,0.125,0.125,0.125,0.125
128,asymmetric_crash_mixture,LedoitWolf_Gaussian,240,2.1038454304253795,2.8078967053057973,0.7040512748804177,25.073973467401544,0.7040512748804177,0.13134403390447513,0.6111327528485098,0.09291852203190798,0.19644103718276187,0.350402246217359,0.0008079220000354326,0.350402246217359,0.020887525415045266,0.07845883100355361,0.17843943702792034,0.09152427690743739,0.07784905707178677,0.11344072451904828,0.08899790183784942
128,asymmetric_crash_mixture,GMM_base,60,3.5358446223948,2.8600209334698374,-0.6758236889249627,-23.63002595596527,0.6758236889249627,0.1834682620685153,-1.3042709213400672,0.6284472324151045,0.2298426692606538,0.3659013751746735,0.04380924499997718,0.24835523742961893,0.12352515408514075,0.03783452908502056,0.115947674280591,0.043447612986772445,0.041017947379348225,0.3659013751746735,0.02397046957883448
128,asymmetric_crash_mixture,GMM_pooled,60,3.3941985090217583,2.8600209334698374,-0.5341775755519209,-18.67740089943487,0.5341775755519209,0.1834682620685153,-0.8670883408850942,0.3329107653331733,0.2298426692606538,0.3659013751746735,0.042577511999979833,0.24835523742961893,0.12352515408514075,0.03783452908502056,0.115947674280591,0.043447612986772445,0.041017947379348225,0.3659013751746735,0.02397046957883448
128,asymmetric_crash_mixture,random_tail_calibration,60,3.3503292273428236,2.8600209334698374,-0.49030829387298613,-17.14352115871172,0.49030829387298613,0.1834682620685153,-0.9084620621425437,0.4181537682695575,0.2298426692606538,0.3659013751746735,0.08149675099997467,0.24835523742961893,0.12352515408514075,0.03783452908502056,0.115947674280591,0.043447612986772445,0.041017947379348225,0.3659013751746735,0.02397046957883448
128,asymmetric_crash_mixture,adaptive_tail_calibration,60,3.378688860978314,2.8600209334698374,-0.5186679275084765,-18.135109482545555,0.5186679275084765,0.1834682620685153,-0.897586869892709,0.3789189423842325,0.2298426692606538,0.3659013751746735,0.17046049300000732,0.24835523742961893,0.12352515408514075,0.03783452908502056,0.115947674280591,0.043447612986772445,0.041017947379348225,0.3659013751746735,0.02397046957883448
128,asymmetric_crash_mixture,nominal_half_equal,-1,3.7925259861751193,2.8104321554227676,-0.9820938307523517,-34.94458419348028,0.9820938307523517,0.13387948402144545,-1.3042709213400672,0.3221770905877155,0.15121066731516347,0.24545068758733676,0.0,0.18667761871480948,0.12426257704257038,0.08141726454251028,0.1204738371402955,0.08422380649338622,0.08300897368967411,0.24545068758733676,0.07448523478941724
129,asymmetric_crash_mixture,historical_CVaR,12,2.5603502249895436,2.711670641107907,0.15132041611836344,5.580339065681608,0.15132041611836344,0.012622060009695346,-0.0052435413456906055,0.15656395746405405,0.5,0.5,0.006148479000046336,0.0,0.5,0.0,0.0,0.0,0.0,0.5,0.0
129,asymmetric_crash_mixture,equal_weight,0,2.7626062415617114,2.757362700216021,-0.0052435413456906055,-0.19016509308985027,0.0052435413456906055,0.05831411911780915,-0.0052435413456906055,0.0,0.125,0.125,0.0,0.125,0.125,0.125,0.125,0.125,0.125,0.125,0.125
129,asymmetric_crash_mixture,LedoitWolf_Gaussian,55,1.7050143684219705,2.7229990297190385,1.017984661297068,37.38468689069289,1.017984661297068,0.023950448620826847,1.0010430996824113,0.016941561614656653,0.2364574303354929,0.4028779720825625,0.001275168000006488,0.07477767168523804,0.2062905598680858,0.12481763126403775,0.06993473232212191,0.05987653797018157,0.03606306246580559,0.4028779720825625,0.025361832341966876
129,asymmetric_crash_mixture,GMM_base,12,3.0395103998327184,2.711670641107907,-0.3278397587248114,-12.089954943453826,0.3278397587248114,0.012622060009695346,-0.5253355411259841,0.19749578240117271,0.5,0.5,0.04999395700002651,0.0,0.5,0.0,0.0,0.0,0.0,0.5,0.0
129,asymmetric_crash_mixture,GMM_pooled,12,2.6627678672386024,2.711670641107907,0.04890277386930464,1.8034186426609846,0.04890277386930464,0.012622060009695346,-0.17021075467392466,0.2191135285432293,0.5,0.5,0.04950400899997476,0.0,0.5,0.0,0.0,0.0,0.0,0.5,0.0
129,asymmetric_crash_mixture,random_tail_calibration,12,2.733493268552272,2.711670641107907,-0.02182262744436514,-0.804766888483517,0.02182262744436514,0.012622060009695346,-0.11292071076150112,0.09109808331713598,0.5,0.5,0.07544293300003346,0.0,0.5,0.0,0.0,0.0,0.0,0.5,0.0
129,asymmetric_crash_mixture,adaptive_tail_calibration,6,2.683049679190493,2.7692523421558297,0.08620266296533652,3.1128496906218657,0.08620266296533652,0.07020376105761805,-0.11335335111106026,0.19955601407639678,0.5,0.5,0.16355255400003443,0.5,0.0,0.0,0.0,0.0,0.0,0.5,0.0
129,asymmetric_crash_mixture,nominal_half_equal,-1,3.136468386895878,2.7152020369171086,-0.4212663499787692,-15.515101427114534,0.4212663499787692,0.016153455818896933,-0.5253355411259841,0.10406919114721491,0.21875,0.3125,0.0,0.0625,0.3125,0.0625,0.0625,0.0625,0.0625,0.3125,0.0625
